match_id,phase_index,frame_start,frame_end,oop,box_area,shot,goal,label,label_fire,n_free,reasons
1874553,17,1408,1615,high_block,2111.75055,False,False,compact_but_broken,1,0,ball_inside_shape
1874553,22,2229,2306,medium_block,1371.0928000000001,False,False,compact_but_broken,1,0,beaten_engagement
1874553,25,2638,2722,medium_block,1290.572625,False,False,compact_but_broken,0,0,tight_only
1874553,26,2722,2752,high_block,2064.8034000000002,False,False,compact_but_broken,0,0,tight_only
1874553,30,2824,2868,high_block,2122.1188500000003,False,False,compact_but_broken,0,0,tight_only
1874553,44,4484,4525,medium_block,1523.719925,False,False,compact_but_broken,1,0,ball_inside_shape
1874553,46,4563,4635,medium_block,1384.5779999999997,False,False,compact_but_broken,0,0,tight_only
1874553,48,4712,4786,medium_block,1403.6820000000002,False,False,compact_but_broken,0,0,tight_only
1874553,51,4936,4961,medium_block,1375.3971000000001,False,False,compact_but_broken,1,0,ball_inside_shape
1874553,58,5572,5702,medium_block,1403.0905999999998,False,False,compact_but_broken,1,0,ball_inside_shape
1874553,62,5832,6071,medium_block,1389.9354750000002,False,False,compact_but_broken,0,0,tight_only
1874553,92,10477,10662,medium_block,1346.457,False,False,compact_but_broken,1,0,ball_inside_shape;beaten_engagement
1874553,108,12200,12261,medium_block,1491.8498,False,False,compact_but_broken,1,0,ball_inside_shape
1874553,113,13188,13316,medium_block,1352.8250500000001,False,False,compact_but_broken,0,0,tight_only
1874553,115,13324,13466,medium_block,1453.2024,False,False,compact_but_broken,0,0,tight_only
1874553,117,13571,13660,medium_block,1340.5888000000002,False,False,compact_but_broken,1,0,ball_inside_shape
1874553,120,13937,14043,high_block,2034.2931749999998,False,False,compact_but_broken,0,0,tight_only
1874553,123,14102,14224,low_block,1135.3930500000001,True,False,compact_but_broken,1,6,6_free_attackers;ball_inside_shape
1874553,128,15254,15352,low_block,822.9551,False,False,compact_but_broken,0,0,tight_only
1874553,131,15587,16042,low_block,965.2540750000002,False,False,compact_but_broken,1,0,ball_inside_shape;beaten_engagement
1874553,133,16145,16723,low_block,998.1251,True,False,compact_but_broken,1,6,6_free_attackers;ball_inside_shape;beaten_engagement
1874553,137,17260,17314,high_block,2100.8443500000003,False,False,compact_but_broken,0,0,tight_only
1874553,139,17430,17464,low_block,1130.3345000000002,False,False,compact_but_broken,1,0,ball_inside_shape
1874553,144,17941,17973,high_block,2165.0384999999997,True,False,compact_but_broken,0,0,tight_only
1874553,148,18534,18748,medium_block,1207.032,False,False,compact_but_broken,1,0,ball_inside_shape
1874553,149,18748,18952,medium_block,1599.1337999999998,False,False,compact_but_broken,1,0,ball_inside_shape
1874553,156,20242,20430,low_block,877.0248750000001,False,False,compact_but_broken,1,0,ball_inside_shape
1874553,158,20505,20633,medium_block,1383.0166500000005,False,False,compact_but_broken,0,0,tight_only
1874553,160,20664,20905,medium_block,1432.70125,False,False,compact_but_broken,1,0,ball_inside_shape
1874553,167,21831,22015,medium_block,1410.4853999999998,False,False,compact_but_broken,1,0,ball_inside_shape
1874553,174,22937,23138,low_block,867.5292000000002,False,False,compact_but_broken,1,0,ball_inside_shape
1874553,181,26371,26475,medium_block,1349.6595000000002,False,False,compact_but_broken,1,0,ball_inside_shape
1874553,187,26676,26898,medium_block,1438.0955000000001,False,False,compact_but_broken,0,0,tight_only
1874553,189,26899,27007,medium_block,1305.0015749999998,False,False,compact_but_broken,1,0,ball_inside_shape
1874553,194,28027,28069,high_block,1585.7784000000001,False,False,compact_but_broken,0,0,tight_only
1874553,197,28352,28396,medium_block,1349.07325,False,False,compact_but_broken,1,0,ball_inside_shape
1874553,199,28463,28559,medium_block,1230.259425,False,False,compact_but_broken,0,0,tight_only
1874553,200,28559,28623,low_block,1106.4672,False,False,compact_but_broken,0,0,tight_only
1874553,201,28623,28690,medium_block,1052.2469999999998,False,False,compact_but_broken,1,0,ball_inside_shape
1874553,204,28777,28850,low_block,666.3552,True,False,compact_but_broken,1,6,6_free_attackers;beaten_engagement
1874553,215,30171,30292,medium_block,1481.50725,False,False,compact_but_broken,1,0,ball_inside_shape
1874553,216,30292,30311,low_block,1163.8,False,False,compact_but_broken,0,0,tight_only
1874553,220,30565,30661,high_block,1955.56365,True,False,compact_but_broken,0,0,tight_only
1874553,222,30724,30941,low_block,1180.92785,True,False,compact_but_broken,1,6,6_free_attackers;ball_inside_shape
1874553,224,31335,31689,low_block,748.8181000000001,False,False,compact_but_broken,1,0,ball_inside_shape;beaten_engagement
1874553,227,31875,31991,high_block,2073.0335999999998,True,False,compact_but_broken,1,0,ball_inside_shape
1874553,232,32443,32652,medium_block,1603.830375,False,False,compact_but_broken,0,0,tight_only
1874553,237,32787,33017,medium_block,1585.8093000000001,False,False,compact_but_broken,1,0,ball_inside_shape
1874553,244,33517,33546,high_block,2076.9252,False,False,compact_but_broken,0,0,tight_only
1874553,254,34286,34298,medium_block,977.04,False,False,compact_but_broken,1,0,ball_inside_shape
1874553,255,34298,34378,low_block,1092.65345,False,False,compact_but_broken,1,0,ball_inside_shape
1874553,256,34378,34430,medium_block,1177.132,False,False,compact_but_broken,0,0,tight_only
1874553,257,34430,34517,low_block,1026.8733750000001,False,False,compact_but_broken,1,0,ball_inside_shape;beaten_engagement
1874553,259,35042,35135,low_block,777.32485,False,False,compact_but_broken,1,0,ball_inside_shape
1874553,260,35222,35313,low_block,862.219175,False,False,compact_but_broken,0,0,tight_only
1874553,261,35313,35328,medium_block,1212.738275,False,False,compact_but_broken,0,0,tight_only
1874553,262,35328,35450,low_block,1067.148675,False,False,compact_but_broken,0,0,tight_only
1874553,266,35675,35876,medium_block,1503.3232500000001,False,False,compact_but_broken,1,0,ball_inside_shape
1874553,267,35876,35949,low_block,842.5874,False,False,compact_but_broken,1,0,beaten_engagement
1874553,269,36352,36470,medium_block,1459.9493000000002,False,False,compact_but_broken,0,0,tight_only
1874553,275,36878,37008,medium_block,1335.72635,False,False,compact_but_broken,1,0,ball_inside_shape
1874553,276,37008,37042,low_block,957.24375,False,False,compact_but_broken,0,0,tight_only
1874553,278,37397,37448,medium_block,1121.4012,True,False,compact_but_broken,1,0,ball_inside_shape
1874553,279,37448,37803,low_block,1001.4107999999998,True,False,compact_but_broken,1,0,ball_inside_shape
1874553,280,37803,37816,medium_block,1181.261,True,False,compact_but_broken,0,0,tight_only
1874553,281,37816,38059,low_block,895.3555,True,False,compact_but_broken,1,6,6_free_attackers;ball_inside_shape
1874553,283,38629,38678,medium_block,1506.4149,False,False,compact_but_broken,1,0,ball_inside_shape
1874553,284,38678,38890,medium_block,1574.3855250000001,True,True,compact_but_broken,1,6,6_free_attackers;ball_inside_shape;beaten_engagement
1874553,295,40341,40412,medium_block,1613.82245,False,False,compact_but_broken,1,0,ball_inside_shape;beaten_engagement
1874553,300,41139,41247,low_block,886.3073249999999,True,False,compact_but_broken,1,6,6_free_attackers
1874553,305,43232,43274,medium_block,1188.03555,False,False,compact_but_broken,1,0,ball_inside_shape
1874553,306,43274,43366,low_block,1210.8749,False,False,compact_but_broken,0,0,tight_only
1874553,311,43772,43939,low_block,1077.96285,False,False,compact_but_broken,1,0,ball_inside_shape
1874553,313,43981,43995,low_block,1189.3825749999999,True,False,compact_but_broken,0,0,tight_only
1874553,314,43995,44035,medium_block,1281.2013750000003,True,False,compact_but_broken,1,5,5_free_attackers;ball_inside_shape
1874553,333,46683,46908,medium_block,1424.864875,False,False,compact_but_broken,1,0,ball_inside_shape
1874553,334,47129,47198,medium_block,1585.8999,False,False,compact_but_broken,0,0,tight_only
1874553,340,47545,47627,low_block,1137.7327500000001,True,False,compact_but_broken,1,6,6_free_attackers;ball_inside_shape
1874553,354,50119,50156,high_block,1965.46105,False,False,compact_but_broken,0,0,tight_only
1874553,372,52728,52846,low_block,893.4119999999998,True,False,compact_but_broken,1,6,6_free_attackers;ball_inside_shape;beaten_engagement
1874553,375,53909,53987,medium_block,1491.5317499999999,False,False,compact_but_broken,0,0,tight_only
1874553,376,53987,54017,high_block,2117.31,False,False,compact_but_broken,0,0,tight_only
1874553,380,54485,54559,medium_block,994.8862,False,False,compact_but_broken,0,0,tight_only
1874553,381,54559,54660,low_block,1209.5421000000001,False,False,compact_but_broken,0,0,tight_only
1874553,387,55295,55481,medium_block,1544.296,False,False,compact_but_broken,1,0,ball_inside_shape
1874553,390,55982,56079,medium_block,1538.4642,False,False,compact_but_broken,1,0,ball_inside_shape
1874553,391,56079,56195,high_block,2004.1608,False,False,compact_but_broken,0,0,tight_only
1874553,395,58046,58059,medium_block,1554.355075,False,False,compact_but_broken,0,0,tight_only
1874553,401,58365,58393,high_block,2124.04215,False,False,compact_but_broken,0,0,tight_only
1874553,404,58487,58529,medium_block,1501.5794999999998,False,False,compact_but_broken,0,0,tight_only
1874553,414,59493,59592,low_block,1204.917,False,False,compact_but_broken,1,0,ball_inside_shape
1886347,0,28,89,medium_block,1600.9704000000002,False,False,compact_but_broken,1,0,ball_inside_shape
1886347,2,189,232,high_block,1772.478525,False,False,compact_but_broken,0,0,tight_only
1886347,9,735,805,medium_block,1545.2784,False,False,compact_but_broken,1,0,ball_inside_shape
1886347,11,1089,1136,low_block,994.6588999999999,True,False,compact_but_broken,1,0,ball_inside_shape
1886347,12,1136,1199,medium_block,1226.6287499999999,True,False,compact_but_broken,0,0,tight_only
1886347,17,1327,1348,high_block,1895.3192500000002,True,False,compact_but_broken,1,0,ball_inside_shape
1886347,18,1348,1426,medium_block,1566.36465,True,False,compact_but_broken,1,5,5_free_attackers;ball_inside_shape;beaten_engagement
1886347,20,1546,1608,high_block,1935.602,False,False,compact_but_broken,1,0,ball_inside_shape
1886347,25,1804,1935,medium_block,1416.2677,False,False,compact_but_broken,0,0,tight_only
1886347,26,1935,2234,high_block,1618.2552750000002,False,False,compact_but_broken,0,0,tight_only
1886347,28,2262,2354,high_block,1929.6837,False,False,compact_but_broken,0,0,tight_only
1886347,33,2880,2928,medium_block,1185.1235000000001,False,False,compact_but_broken,1,0,ball_inside_shape
1886347,34,3052,3098,low_block,1197.2973,False,False,compact_but_broken,1,0,ball_inside_shape
1886347,35,3098,3101,medium_block,1303.8792,False,False,compact_but_broken,0,0,tight_only
1886347,47,4377,4433,high_block,1990.6986000000002,False,False,compact_but_broken,1,0,ball_inside_shape
1886347,51,4649,4666,low_block,1220.0067000000001,False,False,compact_but_broken,1,0,ball_inside_shape
1886347,52,4666,4715,medium_block,1270.7097,False,False,compact_but_broken,1,0,ball_inside_shape
1886347,55,4994,5045,low_block,1105.1030250000001,False,False,compact_but_broken,1,0,ball_inside_shape
1886347,63,5956,5993,low_block,1118.788425,False,False,compact_but_broken,1,0,ball_inside_shape
1886347,64,5993,6088,medium_block,1365.7583250000002,False,False,compact_but_broken,0,0,tight_only
1886347,66,6142,6156,medium_block,1275.6100999999999,False,False,compact_but_broken,0,0,tight_only
1886347,68,6209,6221,medium_block,1488.6858250000002,False,False,compact_but_broken,1,0,ball_inside_shape
1886347,70,6237,6362,medium_block,1413.5833749999997,False,False,compact_but_broken,1,0,ball_inside_shape
1886347,73,6418,6715,high_block,2053.12335,False,False,compact_but_broken,1,0,ball_inside_shape
1886347,77,7229,7421,medium_block,1383.23955,False,False,compact_but_broken,0,0,tight_only
1886347,84,8659,8792,medium_block,1351.7112,False,False,compact_but_broken,0,0,tight_only
1886347,89,8981,9126,high_block,1900.7618249999998,False,False,compact_but_broken,0,0,tight_only
1886347,94,9395,9568,low_block,1079.035475,False,False,compact_but_broken,0,0,tight_only
1886347,95,9568,9594,medium_block,1191.0385500000002,False,False,compact_but_broken,0,0,tight_only
1886347,97,9628,9685,medium_block,1396.1996000000001,False,False,compact_but_broken,1,0,ball_inside_shape
1886347,99,9721,9832,medium_block,1608.2079999999999,False,False,compact_but_broken,1,0,ball_inside_shape
1886347,107,10591,10625,high_block,1990.5745000000002,False,False,compact_but_broken,1,0,ball_inside_shape
1886347,110,10740,10818,high_block,1994.1284999999998,False,False,compact_but_broken,1,0,ball_inside_shape
1886347,114,11619,11644,medium_block,1631.0424,False,False,compact_but_broken,0,0,tight_only
1886347,118,11778,11840,high_block,1970.01645,False,False,compact_but_broken,1,0,ball_inside_shape
1886347,127,12468,12643,high_block,1996.72865,False,False,compact_but_broken,0,0,tight_only
1886347,134,14450,14714,medium_block,1393.8780250000002,False,False,compact_but_broken,0,0,tight_only
1886347,137,14769,14777,medium_block,1450.8012500000002,False,False,compact_but_broken,1,0,ball_inside_shape
1886347,142,15476,15480,medium_block,1575.5871750000001,True,False,compact_but_broken,0,0,tight_only
1886347,143,15480,15572,high_block,1945.49745,True,False,compact_but_broken,0,0,tight_only
1886347,145,15627,15708,high_block,2173.9836000000005,True,False,compact_but_broken,0,0,tight_only
1886347,148,15970,16046,medium_block,1563.2116500000002,True,False,compact_but_broken,0,0,tight_only
1886347,149,16046,16315,low_block,1193.702475,True,False,compact_but_broken,1,4,4_free_attackers;ball_inside_shape
1886347,151,16910,16985,low_block,641.2737,False,False,compact_but_broken,0,0,tight_only
1886347,156,17468,17674,medium_block,1327.3806,False,False,compact_but_broken,1,0,ball_inside_shape
1886347,160,17894,17963,medium_block,1337.80335,False,False,compact_but_broken,1,0,ball_inside_shape
1886347,162,17981,18097,medium_block,1569.81,False,False,compact_but_broken,1,0,ball_inside_shape
1886347,164,18173,18256,medium_block,1183.5,False,False,compact_but_broken,0,0,tight_only
1886347,165,18256,18356,low_block,1022.8958250000001,False,False,compact_but_broken,1,0,ball_inside_shape
1886347,168,18827,18842,medium_block,1519.20975,False,False,compact_but_broken,0,0,tight_only
1886347,169,18842,18974,high_block,1900.85775,False,False,compact_but_broken,1,0,ball_inside_shape
1886347,175,19198,19252,high_block,2141.4397500000005,False,False,compact_but_broken,0,0,tight_only
1886347,180,19447,19480,high_block,2121.1820000000002,False,False,compact_but_broken,0,0,tight_only
1886347,187,20071,20331,low_block,1040.749575,False,False,compact_but_broken,1,0,ball_inside_shape;beaten_engagement
1886347,189,20363,20548,low_block,688.8743,False,False,compact_but_broken,1,0,ball_inside_shape
1886347,193,20637,20826,high_block,1928.4691500000004,False,False,compact_but_broken,0,0,tight_only
1886347,206,23043,23189,low_block,615.7032,False,False,compact_but_broken,1,0,ball_inside_shape
1886347,217,24914,24946,medium_block,1456.3481749999999,False,False,compact_but_broken,1,0,ball_inside_shape
1886347,220,24972,25045,medium_block,1636.4174499999997,False,False,compact_but_broken,1,0,ball_inside_shape
1886347,221,25045,25108,high_block,1971.05535,False,False,compact_but_broken,0,0,tight_only
1886347,223,25317,25375,medium_block,1513.017,False,False,compact_but_broken,1,0,ball_inside_shape
1886347,232,26521,26551,medium_block,1116.1809999999998,False,False,compact_but_broken,0,0,tight_only
1886347,233,26551,26674,low_block,1168.169175,False,False,compact_but_broken,0,0,tight_only
1886347,234,26674,26698,medium_block,1161.294075,False,False,compact_but_broken,0,0,tight_only
1886347,235,26698,26806,low_block,1180.6426499999998,False,False,compact_but_broken,0,0,tight_only
1886347,236,26806,26862,medium_block,1540.5194250000002,False,False,compact_but_broken,1,0,ball_inside_shape
1886347,238,27089,27165,high_block,1559.47935,True,False,compact_but_broken,1,0,ball_inside_shape
1886347,240,27213,27258,high_block,1979.4982499999999,True,False,compact_but_broken,1,3,3_free_attackers
1886347,243,27532,27583,low_block,1074.71575,False,False,compact_but_broken,1,0,ball_inside_shape
1886347,255,28638,28898,medium_block,1356.8153999999997,False,False,compact_but_broken,1,0,ball_inside_shape
1886347,259,29644,29753,medium_block,1378.17795,False,False,compact_but_broken,1,0,ball_inside_shape
1886347,261,29867,29911,medium_block,1437.73,False,False,compact_but_broken,0,0,tight_only
1886347,262,29911,29986,high_block,1984.1159249999998,False,False,compact_but_broken,0,0,tight_only
1886347,283,32563,32653,low_block,1045.854525,False,False,compact_but_broken,1,0,ball_inside_shape
1886347,284,32653,32715,medium_block,1428.85925,False,False,compact_but_broken,1,0,ball_inside_shape
1886347,285,32715,32799,high_block,2001.614875,False,False,compact_but_broken,0,0,tight_only
1886347,293,33609,33811,medium_block,1244.025,False,False,compact_but_broken,1,0,ball_inside_shape
1886347,294,33811,33947,low_block,931.4078999999999,False,False,compact_but_broken,1,0,ball_inside_shape
1886347,296,34010,34078,low_block,545.7445,False,False,compact_but_broken,1,0,ball_inside_shape
1886347,298,34157,34273,low_block,1014.9426000000001,False,False,compact_but_broken,0,0,tight_only
1886347,299,34273,34350,medium_block,1315.895625,False,False,compact_but_broken,1,0,ball_inside_shape
1886347,311,35375,35397,medium_block,1513.33995,False,False,compact_but_broken,0,0,tight_only
1886347,314,35948,35993,medium_block,1616.3747250000001,False,False,compact_but_broken,1,0,ball_inside_shape
1886347,325,37611,37630,medium_block,1268.14765,False,False,compact_but_broken,0,0,tight_only
1886347,327,37651,37707,medium_block,1526.56175,False,False,compact_but_broken,0,0,tight_only
1886347,328,37707,37743,low_block,1212.6108749999999,False,False,compact_but_broken,1,0,beaten_engagement
1886347,330,38475,38600,high_block,2068.7253,False,False,compact_but_broken,1,0,ball_inside_shape
1886347,333,40233,40281,low_block,993.531,False,False,compact_but_broken,1,0,ball_inside_shape
1886347,335,40866,40964,medium_block,1308.2704999999999,False,False,compact_but_broken,0,0,tight_only
1886347,336,40964,41009,high_block,1874.8521,False,False,compact_but_broken,0,0,tight_only
1886347,346,42426,42495,medium_block,1459.277775,False,False,compact_but_broken,1,0,ball_inside_shape;beaten_engagement
1886347,349,42940,43130,high_block,2039.3538750000002,False,False,compact_but_broken,1,0,ball_inside_shape
1886347,369,45256,45433,medium_block,1485.5828000000001,False,False,compact_but_broken,1,0,ball_inside_shape
1886347,375,46666,46681,low_block,690.523925,True,False,compact_but_broken,1,4,4_free_attackers
1886347,378,47431,47726,low_block,864.9845750000001,False,False,compact_but_broken,1,0,ball_inside_shape;beaten_engagement
1886347,379,47726,47772,high_block,1844.9284,False,False,compact_but_broken,1,0,ball_inside_shape
1886347,380,47772,47918,medium_block,1575.4068,False,False,compact_but_broken,1,0,ball_inside_shape
1886347,383,48228,48306,medium_block,1606.4943999999998,False,False,compact_but_broken,0,0,tight_only
1886347,384,48424,48523,medium_block,1373.466225,False,False,compact_but_broken,1,0,ball_inside_shape
1886347,386,48705,48799,medium_block,1465.882925,False,False,compact_but_broken,1,0,ball_inside_shape
1886347,388,48877,48985,medium_block,1417.0125,False,False,compact_but_broken,1,0,ball_inside_shape
1886347,392,49217,49241,medium_block,1216.3659,False,False,compact_but_broken,0,0,tight_only
1886347,401,49849,49910,medium_block,1245.3239500000002,False,False,compact_but_broken,1,0,ball_inside_shape
1886347,403,49919,49937,medium_block,1389.893175,False,False,compact_but_broken,1,0,ball_inside_shape
1886347,405,49942,49964,medium_block,1397.5919999999996,False,False,compact_but_broken,1,0,ball_inside_shape
1886347,407,50028,50119,medium_block,1475.3080499999999,False,False,compact_but_broken,0,0,tight_only
1886347,411,50382,50495,medium_block,1598.95,False,False,compact_but_broken,1,0,ball_inside_shape
1886347,413,52205,52453,medium_block,1480.6657750000002,False,False,compact_but_broken,1,0,ball_inside_shape
1886347,415,52578,52762,medium_block,1259.744375,False,False,compact_but_broken,1,0,ball_inside_shape
1886347,416,52762,52816,low_block,1215.14715,False,False,compact_but_broken,0,0,tight_only
1886347,426,56620,56768,medium_block,1449.646325,False,False,compact_but_broken,1,0,ball_inside_shape
1886347,429,56891,56997,low_block,1166.104575,False,False,compact_but_broken,1,0,beaten_engagement
1886347,430,56997,57064,high_block,1723.5712,False,False,compact_but_broken,1,0,ball_inside_shape
1886347,431,57064,57070,medium_block,1321.612875,False,False,compact_but_broken,1,0,ball_inside_shape
1886347,435,57172,57287,medium_block,1542.2190000000003,False,False,compact_but_broken,1,0,ball_inside_shape
1886347,437,57321,57356,medium_block,1626.6229999999998,False,False,compact_but_broken,0,0,tight_only
1886347,438,57356,57448,high_block,2050.750625,False,False,compact_but_broken,0,0,tight_only
1886347,442,57947,58033,low_block,1175.71065,False,False,compact_but_broken,1,0,ball_inside_shape
1886347,445,58306,58414,medium_block,1466.6870000000001,False,False,compact_but_broken,1,0,ball_inside_shape
1886347,447,58698,58775,low_block,964.003425,True,False,compact_but_broken,1,5,5_free_attackers
1899585,4,995,1000,medium_block,1084.57915,False,False,compact_but_broken,0,0,tight_only
1899585,5,1000,1018,low_block,1204.937625,False,False,compact_but_broken,0,0,tight_only
1899585,7,1066,1127,high_block,1850.3918499999997,False,False,compact_but_broken,0,0,tight_only
1899585,10,1280,1301,medium_block,881.1417000000002,False,False,compact_but_broken,0,0,tight_only
1899585,11,1301,1417,low_block,1126.2037749999997,False,False,compact_but_broken,0,0,tight_only
1899585,12,1463,1541,low_block,1171.996875,False,False,compact_but_broken,1,0,ball_inside_shape
1899585,14,1592,1678,medium_block,1308.7499000000003,False,False,compact_but_broken,0,0,tight_only
1899585,18,2379,2481,low_block,400.3785,False,False,compact_but_broken,1,0,ball_inside_shape
1899585,19,2774,2982,medium_block,1639.83365,False,False,compact_but_broken,1,0,ball_inside_shape
1899585,20,3142,3170,medium_block,1422.116625,False,False,compact_but_broken,1,0,ball_inside_shape
1899585,25,3368,3492,medium_block,1501.9724999999999,False,False,compact_but_broken,0,0,tight_only
1899585,34,3891,4065,medium_block,1565.9999999999998,False,False,compact_but_broken,0,0,tight_only
1899585,40,4498,4708,low_block,1010.8228,False,False,compact_but_broken,1,0,ball_inside_shape
1899585,41,4708,4855,medium_block,1444.4325500000002,False,False,compact_but_broken,1,0,ball_inside_shape
1899585,42,4855,5039,low_block,994.42915,False,False,compact_but_broken,1,0,ball_inside_shape
1899585,46,5398,5499,high_block,2157.4788000000003,False,False,compact_but_broken,1,0,ball_inside_shape
1899585,49,5985,5990,medium_block,1620.906175,False,False,compact_but_broken,0,0,tight_only
1899585,50,5990,6074,high_block,2008.0721999999998,False,False,compact_but_broken,0,0,tight_only
1899585,70,7583,7848,medium_block,1634.5719,False,False,compact_but_broken,1,0,ball_inside_shape
1899585,73,8052,8056,medium_block,1397.6378,False,False,compact_but_broken,0,0,tight_only
1899585,76,8376,8736,low_block,765.568875,False,False,compact_but_broken,1,0,ball_inside_shape
1899585,83,9307,9499,low_block,1055.2502499999998,False,False,compact_but_broken,1,0,ball_inside_shape
1899585,85,9549,9701,low_block,887.453,False,False,compact_but_broken,1,0,ball_inside_shape
1899585,94,11255,11318,medium_block,1526.0719500000002,False,False,compact_but_broken,1,0,ball_inside_shape
1899585,95,11318,11440,low_block,1052.896875,False,False,compact_but_broken,1,0,ball_inside_shape
1899585,97,11542,11599,low_block,977.5863499999999,False,False,compact_but_broken,1,0,ball_inside_shape
1899585,105,13309,13374,medium_block,928.948625,False,False,compact_but_broken,0,0,tight_only
1899585,109,13624,13726,medium_block,1413.9775499999998,False,False,compact_but_broken,0,0,tight_only
1899585,111,13730,13767,medium_block,1634.2549999999997,False,False,compact_but_broken,0,0,tight_only
1899585,121,15535,15556,medium_block,1253.2061749999998,False,False,compact_but_broken,1,0,ball_inside_shape
1899585,122,15556,15616,low_block,1015.861525,False,False,compact_but_broken,1,0,ball_inside_shape
1899585,126,17028,17100,medium_block,1601.4690999999998,False,False,compact_but_broken,1,0,ball_inside_shape
1899585,136,19438,19487,medium_block,1521.124,False,False,compact_but_broken,0,0,tight_only
1899585,146,19760,19803,medium_block,1500.5265000000002,False,False,compact_but_broken,1,0,ball_inside_shape
1899585,150,20247,20289,high_block,2087.072,False,False,compact_but_broken,0,0,tight_only
1899585,159,20718,20798,medium_block,1642.194925,False,False,compact_but_broken,1,0,ball_inside_shape
1899585,165,21700,21732,high_block,2009.9581249999999,False,False,compact_but_broken,0,0,tight_only
1899585,168,21834,21842,medium_block,1587.1261,False,False,compact_but_broken,0,0,tight_only
1899585,182,22725,22797,medium_block,1380.9930000000002,False,False,compact_but_broken,1,0,ball_inside_shape
1899585,191,23930,23995,medium_block,1626.2636249999998,False,False,compact_but_broken,1,0,ball_inside_shape
1899585,208,26517,26547,low_block,768.3038999999999,False,False,compact_but_broken,0,0,tight_only
1899585,209,26547,26606,high_block,1516.0405,False,False,compact_but_broken,1,0,ball_inside_shape
1899585,212,27061,27187,medium_block,1578.8485999999998,True,False,compact_but_broken,1,0,ball_inside_shape
1899585,213,27187,27310,low_block,944.0708,True,False,compact_but_broken,1,5,5_free_attackers;ball_inside_shape;beaten_engagement
1899585,239,30730,30809,high_block,1876.6185999999998,False,False,compact_but_broken,0,0,tight_only
1899585,241,30836,30889,high_block,1851.2302500000003,False,False,compact_but_broken,0,0,tight_only
1899585,250,31798,31851,low_block,1094.45515,False,False,compact_but_broken,1,0,ball_inside_shape;beaten_engagement
1899585,269,36048,36095,high_block,1533.0145000000002,False,False,compact_but_broken,1,0,ball_inside_shape
1899585,276,36724,36772,high_block,1974.5040000000001,False,False,compact_but_broken,0,0,tight_only
1899585,280,36947,37035,high_block,2158.8293999999996,False,False,compact_but_broken,1,0,ball_inside_shape
1899585,283,37056,37081,medium_block,1372.7987999999998,True,False,compact_but_broken,0,0,tight_only
1899585,284,37081,37228,low_block,951.5116249999999,True,False,compact_but_broken,1,5,5_free_attackers;ball_inside_shape
1899585,295,39272,39401,high_block,2148.5002999999997,False,False,compact_but_broken,0,0,tight_only
1899585,308,41207,41294,medium_block,1570.4347500000001,False,False,compact_but_broken,0,0,tight_only
1899585,311,41395,41420,high_block,1923.1218000000001,False,False,compact_but_broken,0,0,tight_only
1899585,313,41446,41541,high_block,1804.65,False,False,compact_but_broken,0,0,tight_only
1899585,321,41835,41960,medium_block,1612.1487,False,False,compact_but_broken,0,0,tight_only
1899585,325,42181,42216,low_block,824.16075,False,False,compact_but_broken,0,0,tight_only
1899585,326,42216,42243,medium_block,1012.3008,False,False,compact_but_broken,0,0,tight_only
1899585,327,42243,42253,low_block,1109.203425,False,False,compact_but_broken,0,0,tight_only
1899585,333,42793,42855,medium_block,1566.4188749999998,False,False,compact_but_broken,1,0,ball_inside_shape
1899585,334,42855,42980,low_block,1107.5163,False,False,compact_but_broken,1,0,ball_inside_shape
1899585,353,46138,46218,low_block,974.267275,False,False,compact_but_broken,1,0,ball_inside_shape
1899585,355,46278,46518,low_block,871.3878,True,False,compact_but_broken,1,4,4_free_attackers;ball_inside_shape;beaten_engagement
1899585,362,47915,48089,medium_block,1375.689975,False,False,compact_but_broken,1,0,ball_inside_shape
1899585,404,55274,55352,medium_block,1311.6302,False,False,compact_but_broken,1,0,ball_inside_shape
1899585,406,55451,55730,medium_block,1457.3944,False,False,compact_but_broken,1,0,ball_inside_shape
1899585,413,56236,56265,medium_block,1379.2669999999998,False,False,compact_but_broken,1,0,ball_inside_shape
1899585,415,56309,56438,medium_block,1594.11075,False,False,compact_but_broken,0,0,tight_only
1899585,419,57039,57208,medium_block,1548.3083000000001,False,False,compact_but_broken,1,0,ball_inside_shape
1899585,421,57380,57383,medium_block,1365.9747499999999,False,False,compact_but_broken,0,0,tight_only
1899585,422,57383,57636,low_block,1065.1088,False,False,compact_but_broken,1,0,ball_inside_shape
1899585,430,58637,58743,medium_block,1359.5243,False,False,compact_but_broken,0,0,tight_only
1899585,431,59102,59162,medium_block,1145.5944,False,False,compact_but_broken,1,0,ball_inside_shape
1899585,432,59162,59271,medium_block,1379.7033,False,False,compact_but_broken,1,0,ball_inside_shape
1899585,433,59271,59291,low_block,1164.4535250000001,False,False,compact_but_broken,0,0,tight_only
1925299,0,39,57,medium_block,1425.1080999999997,False,False,compact_but_broken,0,0,tight_only
1925299,3,173,281,medium_block,1141.7948999999999,False,False,compact_but_broken,1,0,ball_inside_shape
1925299,5,435,576,low_block,660.7656000000001,False,False,compact_but_broken,1,0,ball_inside_shape;beaten_engagement
1925299,10,1224,1345,high_block,1905.4332500000003,False,False,compact_but_broken,1,0,ball_inside_shape
1925299,13,1618,1695,medium_block,1435.084,False,False,compact_but_broken,0,0,tight_only
1925299,19,2169,2287,low_block,737.98835,False,False,compact_but_broken,0,0,tight_only
1925299,20,2287,2387,high_block,1991.4236999999998,False,False,compact_but_broken,0,0,tight_only
1925299,23,2517,2523,medium_block,1513.6474999999998,False,False,compact_but_broken,0,0,tight_only
1925299,24,2523,2570,high_block,1999.2019,False,False,compact_but_broken,0,0,tight_only
1925299,26,2631,2817,medium_block,1608.6310250000001,False,False,compact_but_broken,1,0,ball_inside_shape
1925299,27,2817,2845,high_block,1953.285775,False,False,compact_but_broken,0,0,tight_only
1925299,28,2845,2962,medium_block,1616.8815,False,False,compact_but_broken,1,0,ball_inside_shape
1925299,29,2962,3136,low_block,916.8983999999999,False,False,compact_but_broken,1,0,ball_inside_shape
1925299,31,3574,3660,high_block,2022.7008,False,False,compact_but_broken,1,0,ball_inside_shape
1925299,36,4101,4209,medium_block,1561.2871,False,False,compact_but_broken,0,0,tight_only
1925299,39,4398,4546,low_block,860.92665,False,False,compact_but_broken,1,0,ball_inside_shape
1925299,40,4635,4693,low_block,743.9705,False,False,compact_but_broken,0,0,tight_only
1925299,41,4693,4715,medium_block,1101.1059000000002,False,False,compact_but_broken,0,0,tight_only
1925299,43,4748,4766,medium_block,1359.1288499999998,False,False,compact_but_broken,0,0,tight_only
1925299,47,5109,5181,high_block,2003.39325,False,False,compact_but_broken,0,0,tight_only
1925299,52,5589,5660,low_block,1024.3337,True,False,compact_but_broken,1,5,5_free_attackers;ball_inside_shape
1925299,54,5705,5826,medium_block,1194.3989500000002,False,False,compact_but_broken,0,0,tight_only
1925299,59,6415,6438,low_block,912.568,False,False,compact_but_broken,0,0,tight_only
1925299,60,6438,6513,medium_block,1365.69585,False,False,compact_but_broken,0,0,tight_only
1925299,62,6543,6603,medium_block,1312.9983000000002,False,False,compact_but_broken,0,0,tight_only
1925299,64,6611,6641,medium_block,1588.0438000000001,False,False,compact_but_broken,0,0,tight_only
1925299,65,6641,6686,high_block,2151.8757,False,False,compact_but_broken,0,0,tight_only
1925299,68,6914,6955,low_block,839.7578,False,False,compact_but_broken,1,0,ball_inside_shape
1925299,70,7019,7104,low_block,1026.1218999999999,False,False,compact_but_broken,1,0,ball_inside_shape;beaten_engagement
1925299,72,7146,7313,medium_block,1236.77295,False,False,compact_but_broken,0,0,tight_only
1925299,88,8895,9101,low_block,813.5115000000002,False,False,compact_but_broken,1,0,ball_inside_shape
1925299,91,9236,9345,high_block,1882.50285,False,False,compact_but_broken,0,0,tight_only
1925299,116,12249,12341,medium_block,1484.805075,False,False,compact_but_broken,1,0,ball_inside_shape
1925299,118,12392,12555,medium_block,1556.69745,False,False,compact_but_broken,1,0,ball_inside_shape
1925299,123,13053,13060,medium_block,1507.9872499999997,False,False,compact_but_broken,0,0,tight_only
1925299,124,13060,13138,high_block,1736.602875,False,False,compact_but_broken,0,0,tight_only
1925299,130,13994,14011,high_block,2158.8017,False,False,compact_but_broken,1,0,ball_inside_shape
1925299,136,14415,14433,medium_block,1189.2442,True,False,compact_but_broken,1,0,ball_inside_shape
1925299,137,14433,14855,low_block,957.1588,True,False,compact_but_broken,1,6,6_free_attackers;ball_inside_shape
1925299,138,14855,14874,medium_block,972.3986249999999,False,False,compact_but_broken,0,0,tight_only
1925299,139,14874,15041,low_block,938.7216,False,False,compact_but_broken,1,0,ball_inside_shape;beaten_engagement
1925299,145,15759,15832,low_block,993.2567999999998,True,False,compact_but_broken,1,5,5_free_attackers;ball_inside_shape
1925299,148,16742,17017,medium_block,1301.28525,False,False,compact_but_broken,1,0,ball_inside_shape
1925299,150,17183,17227,low_block,1150.3888,False,False,compact_but_broken,0,0,tight_only
1925299,152,17274,17279,medium_block,1641.40905,True,False,compact_but_broken,0,0,tight_only
1925299,153,17279,17420,high_block,2048.6736,True,False,compact_but_broken,0,0,tight_only
1925299,158,17583,17981,low_block,861.6870499999999,True,False,compact_but_broken,1,6,6_free_attackers;ball_inside_shape;beaten_engagement
1925299,160,18476,18519,medium_block,1190.9562,False,False,compact_but_broken,1,0,ball_inside_shape
1925299,163,20185,20312,high_block,2128.8253,False,False,compact_but_broken,0,0,tight_only
1925299,166,20343,20398,high_block,2070.8995999999997,False,False,compact_but_broken,0,0,tight_only
1925299,174,20917,21000,low_block,1116.6596000000002,True,False,compact_but_broken,1,5,5_free_attackers;ball_inside_shape
1925299,176,21404,21508,medium_block,1444.5567,False,False,compact_but_broken,1,0,ball_inside_shape
1925299,178,21537,21541,medium_block,1404.017625,False,False,compact_but_broken,1,0,ball_inside_shape
1925299,181,21937,21970,high_block,2129.348925,False,False,compact_but_broken,1,0,ball_inside_shape
1925299,183,22058,22335,medium_block,1464.9778000000001,False,False,compact_but_broken,1,0,ball_inside_shape
1925299,185,22416,22452,low_block,1119.2947499999998,False,False,compact_but_broken,0,0,tight_only
1925299,187,22904,23022,medium_block,1384.30155,False,False,compact_but_broken,0,0,tight_only
1925299,197,23979,23987,medium_block,752.7035999999999,False,False,compact_but_broken,0,0,tight_only
1925299,198,23987,24046,low_block,891.9320000000001,False,False,compact_but_broken,0,0,tight_only
1925299,199,24046,24086,medium_block,1113.642,False,False,compact_but_broken,0,0,tight_only
1925299,201,24147,24267,medium_block,1371.3997499999998,False,False,compact_but_broken,1,0,ball_inside_shape
1925299,203,24454,24638,low_block,734.2997,False,False,compact_but_broken,1,0,ball_inside_shape
1925299,210,24852,25113,medium_block,1537.4349999999997,False,False,compact_but_broken,1,0,ball_inside_shape
1925299,214,25548,25739,medium_block,1523.70855,False,False,compact_but_broken,0,0,tight_only
1925299,215,25739,25819,high_block,2149.97925,False,False,compact_but_broken,0,0,tight_only
1925299,217,25886,26022,low_block,1155.7473,False,False,compact_but_broken,1,0,ball_inside_shape
1925299,220,26803,26809,medium_block,1356.291,False,False,compact_but_broken,0,0,tight_only
1925299,221,26809,26837,high_block,1548.5173249999998,False,False,compact_but_broken,0,0,tight_only
1925299,223,26864,26910,medium_block,1593.5285250000002,False,False,compact_but_broken,1,0,ball_inside_shape
1925299,225,26990,27217,low_block,956.0106000000001,False,False,compact_but_broken,1,0,ball_inside_shape
1925299,228,27985,28027,high_block,2157.9975999999997,True,False,compact_but_broken,0,0,tight_only
1925299,234,28834,28842,medium_block,1405.427625,False,False,compact_but_broken,0,0,tight_only
1925299,235,28842,28916,high_block,1814.4778749999998,False,False,compact_but_broken,0,0,tight_only
1925299,238,29120,29177,high_block,1803.371625,False,False,compact_but_broken,0,0,tight_only
1925299,240,29224,29504,high_block,1507.16475,False,False,compact_but_broken,0,0,tight_only
1925299,249,29958,30046,medium_block,1471.3029999999999,True,False,compact_but_broken,1,6,6_free_attackers
1925299,250,30046,30135,low_block,942.7968,True,False,compact_but_broken,1,6,6_free_attackers;ball_inside_shape
1925299,258,30806,30842,low_block,1075.9212,False,False,compact_but_broken,1,0,ball_inside_shape
1925299,259,30842,30887,medium_block,1260.2934500000001,False,False,compact_but_broken,0,0,tight_only
1925299,268,31471,31586,medium_block,1635.8959500000003,False,False,compact_but_broken,0,0,tight_only
1925299,273,32008,32077,low_block,855.52995,False,False,compact_but_broken,0,0,tight_only
1925299,274,32077,32122,medium_block,1159.79425,False,False,compact_but_broken,0,0,tight_only
1925299,277,32202,32242,high_block,2091.2006,False,False,compact_but_broken,0,0,tight_only
1925299,282,32830,32857,medium_block,1168.2842,True,False,compact_but_broken,0,0,tight_only
1925299,284,32898,32965,medium_block,1429.9544250000001,True,False,compact_but_broken,1,6,6_free_attackers
1925299,285,32965,33075,low_block,1105.7953499999999,True,False,compact_but_broken,1,6,6_free_attackers;ball_inside_shape
1925299,292,34033,34152,medium_block,1382.91375,False,False,compact_but_broken,1,0,ball_inside_shape
1925299,293,34152,34278,low_block,1166.9218749999998,False,False,compact_but_broken,0,0,tight_only
1925299,295,34311,34333,low_block,1076.996,True,False,compact_but_broken,0,0,tight_only
1925299,296,34333,34402,medium_block,1296.05175,True,False,compact_but_broken,1,5,5_free_attackers;ball_inside_shape
1925299,297,34402,34523,low_block,1045.256875,True,False,compact_but_broken,1,5,5_free_attackers;ball_inside_shape
1925299,300,34868,34892,medium_block,1388.2064,False,False,compact_but_broken,0,0,tight_only
1925299,301,34892,34936,high_block,1660.014675,False,False,compact_but_broken,0,0,tight_only
1925299,304,35556,35627,medium_block,1213.4372,False,False,compact_but_broken,1,0,ball_inside_shape
1925299,305,35627,35716,low_block,1125.5565000000001,False,False,compact_but_broken,1,0,ball_inside_shape
1925299,316,36783,36901,medium_block,1436.0864,False,False,compact_but_broken,1,0,ball_inside_shape
1925299,319,37339,37538,low_block,946.0692,True,False,compact_but_broken,1,6,6_free_attackers;ball_inside_shape
1925299,320,37946,37956,medium_block,1211.826,False,False,compact_but_broken,0,0,tight_only
1925299,321,38042,38131,medium_block,1636.020375,True,False,compact_but_broken,0,0,tight_only
1925299,322,38131,38224,high_block,2103.401,True,False,compact_but_broken,0,0,tight_only
1925299,326,38853,38955,low_block,922.418175,True,False,compact_but_broken,1,5,5_free_attackers;ball_inside_shape
1925299,330,39278,39318,high_block,2011.5504499999995,False,False,compact_but_broken,0,0,tight_only
1925299,333,39656,39676,medium_block,1302.6891,False,False,compact_but_broken,0,0,tight_only
1925299,334,39676,39719,low_block,1185.3594,False,False,compact_but_broken,1,0,ball_inside_shape
1925299,336,39790,39869,medium_block,1087.2127,False,False,compact_but_broken,1,0,ball_inside_shape
1925299,337,39869,39985,low_block,951.3573,False,False,compact_but_broken,1,0,ball_inside_shape
1925299,338,39985,40033,medium_block,1256.9183999999998,False,False,compact_but_broken,0,0,tight_only
1925299,340,40074,40238,medium_block,1613.36565,False,False,compact_but_broken,1,0,ball_inside_shape
1925299,341,40238,40391,low_block,1085.7357000000002,False,False,compact_but_broken,1,0,ball_inside_shape
1925299,343,41167,41171,medium_block,1534.704475,False,False,compact_but_broken,0,0,tight_only
1925299,344,41171,41238,high_block,2019.59245,False,False,compact_but_broken,0,0,tight_only
1925299,347,41432,41584,medium_block,1404.8136499999998,False,False,compact_but_broken,0,0,tight_only
1925299,348,41584,41707,high_block,2036.45325,False,False,compact_but_broken,0,0,tight_only
1925299,353,42265,42338,medium_block,954.7020000000002,False,False,compact_but_broken,0,0,tight_only
1925299,354,42338,42464,low_block,1213.1957999999997,False,False,compact_but_broken,0,0,tight_only
1925299,357,43553,43601,low_block,987.8774999999999,False,False,compact_but_broken,1,0,ball_inside_shape
1925299,358,43601,43661,medium_block,1400.0094749999998,False,False,compact_but_broken,0,0,tight_only
1925299,366,45931,45996,medium_block,1598.4648,False,False,compact_but_broken,0,0,tight_only
1925299,368,46113,46140,medium_block,924.8321249999999,False,False,compact_but_broken,0,0,tight_only
1925299,369,46140,46224,low_block,1095.6873,False,False,compact_but_broken,0,0,tight_only
1925299,370,46288,46344,low_block,892.7628,False,False,compact_but_broken,0,0,tight_only
1925299,371,46344,46395,medium_block,1294.3590000000002,False,False,compact_but_broken,0,0,tight_only
1925299,373,46583,46712,medium_block,1446.4907999999998,False,False,compact_but_broken,1,0,ball_inside_shape
1925299,374,46712,46941,medium_block,1556.3739750000002,False,False,compact_but_broken,1,0,ball_inside_shape
1925299,376,47298,47370,medium_block,1640.5085249999997,False,False,compact_but_broken,0,0,tight_only
1925299,377,47370,47401,high_block,1935.8131,False,False,compact_but_broken,0,0,tight_only
1925299,387,48198,48437,low_block,1082.5689,False,False,compact_but_broken,1,0,ball_inside_shape
1925299,390,49363,49465,medium_block,1397.2454750000002,False,False,compact_but_broken,1,0,ball_inside_shape
1925299,392,49514,49624,medium_block,1516.012875,False,False,compact_but_broken,0,0,tight_only
1925299,402,50285,50345,medium_block,1573.6444749999998,False,False,compact_but_broken,1,0,ball_inside_shape
1925299,404,50594,50633,low_block,481.8847,True,False,compact_but_broken,1,6,6_free_attackers
1925299,406,51760,51769,low_block,1047.6934999999999,False,False,compact_but_broken,0,0,tight_only
1925299,407,51769,51806,medium_block,1227.4512000000002,False,False,compact_but_broken,0,0,tight_only
1925299,408,51806,51821,high_block,1580.5692,False,False,compact_but_broken,0,0,tight_only
1925299,409,51821,51866,medium_block,1637.5604,False,False,compact_but_broken,0,0,tight_only
1925299,415,52155,52279,high_block,2000.04805,False,False,compact_but_broken,0,0,tight_only
1925299,417,52296,52341,high_block,2126.6587,False,False,compact_but_broken,0,0,tight_only
1925299,419,52416,52493,high_block,1956.850525,False,False,compact_but_broken,0,0,tight_only
1925299,421,52661,52797,low_block,1053.3368249999999,False,False,compact_but_broken,1,0,ball_inside_shape
1925299,425,53531,53594,medium_block,1526.6956500000001,False,False,compact_but_broken,0,0,tight_only
1925299,427,53930,53985,high_block,1958.3464999999999,False,False,compact_but_broken,1,0,ball_inside_shape
1925299,434,54500,54558,medium_block,1430.6193,False,False,compact_but_broken,0,0,tight_only
1925299,435,54558,54632,low_block,1140.6915,False,False,compact_but_broken,1,0,ball_inside_shape
1925299,440,55538,55620,medium_block,1467.3408,True,False,compact_but_broken,0,0,tight_only
1925299,441,55620,55992,low_block,984.9653999999999,True,False,compact_but_broken,1,5,5_free_attackers;ball_inside_shape;beaten_engagement
1925299,442,55992,56099,high_block,2165.8227500000003,False,False,compact_but_broken,0,0,tight_only
1925299,452,57109,57178,high_block,2136.70575,False,False,compact_but_broken,1,0,ball_inside_shape
1925299,453,57178,57246,medium_block,1565.025,False,False,compact_but_broken,1,0,ball_inside_shape
1925299,456,57438,57623,low_block,616.5015999999999,False,False,compact_but_broken,0,0,tight_only
1925299,459,57868,58180,high_block,1621.602125,False,False,compact_but_broken,1,0,ball_inside_shape
1925299,464,58433,58494,medium_block,1342.422,True,False,compact_but_broken,1,0,ball_inside_shape
1925299,465,58494,58698,low_block,824.66675,True,False,compact_but_broken,1,5,5_free_attackers;ball_inside_shape
1925299,467,59597,59682,medium_block,1288.826,False,False,compact_but_broken,0,0,tight_only
1925299,471,59840,59884,low_block,964.0989000000001,False,False,compact_but_broken,1,0,ball_inside_shape
1925299,472,59884,59927,medium_block,1197.7071749999998,False,False,compact_but_broken,0,0,tight_only
1925299,473,59927,60219,low_block,969.270575,False,False,compact_but_broken,1,0,ball_inside_shape
1925299,475,60293,60335,low_block,1131.7554249999998,False,False,compact_but_broken,0,0,tight_only
1925299,476,60335,60363,medium_block,1112.07285,False,False,compact_but_broken,0,0,tight_only
1925299,477,60363,60827,low_block,817.30845,False,False,compact_but_broken,0,0,tight_only
1925299,478,60909,61011,low_block,817.6574999999999,False,False,compact_but_broken,1,0,ball_inside_shape
1927964,2,90,102,high_block,1726.538925,False,False,compact_but_broken,0,0,tight_only
1927964,8,1203,1224,high_block,1965.4634999999996,False,False,compact_but_broken,0,0,tight_only
1927964,14,1965,1970,medium_block,1497.4023,False,False,compact_but_broken,0,0,tight_only
1927964,15,1970,2068,high_block,1777.0688999999998,False,False,compact_but_broken,0,0,tight_only
1927964,17,2102,2219,high_block,1666.4788,False,False,compact_but_broken,0,0,tight_only
1927964,22,2666,3033,medium_block,1364.958,False,False,compact_but_broken,1,0,ball_inside_shape
1927964,23,3033,3060,low_block,1189.67885,False,False,compact_but_broken,1,0,ball_inside_shape
1927964,39,4125,4431,medium_block,1467.0208,False,False,compact_but_broken,1,0,ball_inside_shape
1927964,41,4462,4486,medium_block,1452.22,True,False,compact_but_broken,0,0,tight_only
1927964,42,4486,4723,low_block,1042.3324,True,False,compact_but_broken,1,5,5_free_attackers;beaten_engagement
1927964,57,7283,7489,high_block,2111.1168000000002,False,False,compact_but_broken,0,0,tight_only
1927964,60,8121,8313,medium_block,1534.0724,False,False,compact_but_broken,0,0,tight_only
1927964,62,8338,8443,medium_block,1421.9850000000001,False,False,compact_but_broken,0,0,tight_only
1927964,63,8443,8554,low_block,1031.7016250000001,False,False,compact_but_broken,1,0,beaten_engagement
1927964,72,9347,9378,medium_block,1269.31025,False,False,compact_but_broken,0,0,tight_only
1927964,73,9378,9407,low_block,1202.333125,False,False,compact_but_broken,0,0,tight_only
1927964,111,16024,16068,medium_block,1364.923025,False,False,compact_but_broken,0,0,tight_only
1927964,113,16099,16132,medium_block,1520.7599,False,False,compact_but_broken,0,0,tight_only
1927964,114,16132,16281,low_block,1049.3700000000001,False,False,compact_but_broken,1,0,ball_inside_shape
1927964,117,16832,16876,high_block,2150.8609500000002,False,False,compact_but_broken,1,0,ball_inside_shape
1927964,120,17113,17193,medium_block,1273.6247999999998,False,False,compact_but_broken,0,0,tight_only
1927964,121,17193,17329,low_block,1079.3279,False,False,compact_but_broken,0,0,tight_only
1927964,124,18612,18758,medium_block,1437.3912000000003,False,False,compact_but_broken,0,0,tight_only
1927964,126,18842,18885,medium_block,1364.279625,False,False,compact_but_broken,0,0,tight_only
1927964,130,19206,19270,medium_block,1600.0094999999997,False,False,compact_but_broken,0,0,tight_only
1927964,132,19287,19367,medium_block,1496.5055,False,False,compact_but_broken,1,0,ball_inside_shape
1927964,133,19367,19408,low_block,1176.3336000000002,False,False,compact_but_broken,1,0,ball_inside_shape
1927964,139,19702,19766,medium_block,1461.66085,True,False,compact_but_broken,1,5,5_free_attackers
1927964,146,20499,20596,medium_block,1488.781925,False,False,compact_but_broken,0,0,tight_only
1927964,150,20715,20742,high_block,1774.6624000000002,False,False,compact_but_broken,0,0,tight_only
1927964,153,21139,21195,medium_block,1620.3462000000002,False,False,compact_but_broken,0,0,tight_only
1927964,155,21221,21435,medium_block,1578.2381,False,False,compact_but_broken,1,0,ball_inside_shape
1927964,157,21571,21749,low_block,1094.4792,False,False,compact_but_broken,0,0,tight_only
1927964,158,21749,21778,medium_block,1251.7199999999998,False,False,compact_but_broken,0,0,tight_only
1927964,160,21838,21919,medium_block,1444.4041500000003,False,False,compact_but_broken,0,0,tight_only
1927964,161,21919,22114,low_block,1216.62375,False,False,compact_but_broken,1,0,ball_inside_shape
1927964,162,22114,22129,medium_block,1051.46595,False,False,compact_but_broken,0,0,tight_only
1927964,164,22192,22272,medium_block,1596.6470250000002,False,False,compact_but_broken,1,0,ball_inside_shape
1927964,166,22499,22537,medium_block,1225.283025,False,False,compact_but_broken,0,0,tight_only
1927964,167,22537,22574,low_block,1153.602975,False,False,compact_but_broken,1,0,ball_inside_shape
1927964,177,23730,23854,low_block,1204.66875,False,False,compact_but_broken,1,0,ball_inside_shape
1927964,178,23854,23878,medium_block,929.871775,False,False,compact_but_broken,0,0,tight_only
1927964,179,23878,23964,low_block,1110.2965,False,False,compact_but_broken,0,0,tight_only
1927964,180,23964,23986,medium_block,1194.4316999999999,False,False,compact_but_broken,0,0,tight_only
1927964,181,23986,24021,low_block,1217.2637,False,False,compact_but_broken,0,0,tight_only
1927964,190,25344,25390,medium_block,1356.34935,False,False,compact_but_broken,0,0,tight_only
1927964,197,26307,26420,low_block,965.2532249999999,False,False,compact_but_broken,1,0,ball_inside_shape
1927964,199,26652,26701,high_block,2075.6697,False,False,compact_but_broken,0,0,tight_only
1927964,208,27398,27518,medium_block,1403.465175,True,False,compact_but_broken,0,0,tight_only
1927964,210,27534,27594,medium_block,1316.266425,True,False,compact_but_broken,0,0,tight_only
1927964,212,27600,27627,medium_block,1485.48075,True,False,compact_but_broken,1,0,ball_inside_shape
1927964,214,27649,27657,medium_block,1440.9087,True,False,compact_but_broken,0,0,tight_only
1927964,216,27749,27801,medium_block,1255.2635499999997,True,False,compact_but_broken,1,3,3_free_attackers
1927964,217,27801,27850,low_block,1023.5550000000002,True,False,compact_but_broken,1,3,3_free_attackers;ball_inside_shape
1927964,223,28457,28510,medium_block,1052.1105,False,False,compact_but_broken,1,0,ball_inside_shape
1927964,237,30459,30474,medium_block,1447.2736,False,False,compact_but_broken,0,0,tight_only
1927964,239,30519,30613,medium_block,1577.1117250000002,False,False,compact_but_broken,1,0,ball_inside_shape
1927964,246,31471,31585,high_block,2021.04945,False,False,compact_but_broken,1,0,ball_inside_shape
1927964,255,32354,32402,medium_block,1404.84435,False,False,compact_but_broken,0,0,tight_only
1927964,259,32552,32692,high_block,2056.3740000000003,False,False,compact_but_broken,0,0,tight_only
1927964,263,32922,33096,low_block,856.253,True,False,compact_but_broken,1,5,5_free_attackers;ball_inside_shape
1927964,274,34121,34411,low_block,1026.7796,False,False,compact_but_broken,1,0,ball_inside_shape
1927964,278,34934,35110,low_block,1190.70765,True,False,compact_but_broken,1,5,5_free_attackers;ball_inside_shape
1927964,289,37371,37451,high_block,1965.9508,False,False,compact_but_broken,0,0,tight_only
1927964,291,37608,37681,high_block,2178.35415,False,False,compact_but_broken,0,0,tight_only
1927964,308,40281,40326,medium_block,1423.5834,False,False,compact_but_broken,1,0,ball_inside_shape
1927964,311,40617,40804,low_block,928.3985,True,True,compact_but_broken,1,5,5_free_attackers;ball_inside_shape;beaten_engagement
1927964,333,44809,44858,medium_block,802.4676999999999,True,False,compact_but_broken,1,4,4_free_attackers
1927964,334,44858,44962,low_block,939.25525,True,False,compact_but_broken,1,4,4_free_attackers;ball_inside_shape
1927964,335,44962,45179,high_block,1937.843175,True,False,compact_but_broken,0,0,tight_only
1927964,349,47875,47983,medium_block,1306.9037249999997,False,False,compact_but_broken,0,0,tight_only
1927964,351,48013,48088,medium_block,1433.295,False,False,compact_but_broken,0,0,tight_only
1927964,353,48185,48200,medium_block,1109.1941250000002,False,False,compact_but_broken,0,0,tight_only
1927964,354,48200,48321,low_block,1028.0702249999997,False,False,compact_but_broken,1,0,beaten_engagement
1927964,363,49303,49337,medium_block,1574.79975,False,False,compact_but_broken,1,0,ball_inside_shape
1927964,365,49373,49417,medium_block,1564.7962499999999,False,False,compact_but_broken,1,0,ball_inside_shape
1927964,368,49654,49803,low_block,1057.09615,True,False,compact_but_broken,1,5,5_free_attackers;ball_inside_shape
1927964,373,51029,51196,high_block,1987.839,False,False,compact_but_broken,1,0,ball_inside_shape
1927964,393,53838,53875,low_block,1136.7216,False,False,compact_but_broken,0,0,tight_only
1927964,394,53875,53954,medium_block,1545.450225,False,False,compact_but_broken,1,0,ball_inside_shape;beaten_engagement
1927964,400,54817,54842,medium_block,1404.3293999999999,False,False,compact_but_broken,0,0,tight_only
1927964,408,55483,55599,low_block,1013.27545,False,False,compact_but_broken,1,0,ball_inside_shape;beaten_engagement
1927964,410,55791,56028,medium_block,1429.0161750000002,False,False,compact_but_broken,0,0,tight_only
1927964,425,57098,57243,low_block,690.9256000000001,True,True,compact_but_broken,1,5,5_free_attackers;ball_inside_shape;beaten_engagement
1953632,25,3833,3870,low_block,844.5091249999999,False,False,compact_but_broken,0,0,tight_only
1953632,26,3870,3908,medium_block,1285.2209999999998,False,False,compact_but_broken,0,0,tight_only
1953632,28,3949,4018,medium_block,1488.6874500000001,False,False,compact_but_broken,0,0,tight_only
1953632,33,4409,4450,low_block,882.74505,False,False,compact_but_broken,0,0,tight_only
1953632,34,4450,4491,medium_block,1248.1298750000003,False,False,compact_but_broken,0,0,tight_only
1953632,36,4539,4584,medium_block,1349.874675,False,False,compact_but_broken,0,0,tight_only
1953632,43,5579,5759,medium_block,1566.9061999999997,False,False,compact_but_broken,0,0,tight_only
1953632,46,5981,6080,low_block,989.9703000000001,False,False,compact_but_broken,1,0,ball_inside_shape
1953632,50,6971,7009,high_block,2176.4862,False,False,compact_but_broken,0,0,tight_only
1953632,54,7332,7457,high_block,2035.511225,False,False,compact_but_broken,0,0,tight_only
1953632,60,8520,8521,medium_block,1535.2722,False,False,compact_but_broken,0,0,tight_only
1953632,61,8521,8636,high_block,2146.84365,False,False,compact_but_broken,0,0,tight_only
1953632,62,8756,8848,high_block,1819.11075,False,False,compact_but_broken,1,0,ball_inside_shape
1953632,63,8930,9215,medium_block,1640.639,False,False,compact_but_broken,1,0,ball_inside_shape
1953632,67,9818,9927,high_block,2171.1846,False,False,compact_but_broken,1,0,ball_inside_shape
1953632,78,11106,11148,medium_block,1256.19595,False,False,compact_but_broken,0,0,tight_only
1953632,80,11160,11279,medium_block,1629.3240250000001,False,False,compact_but_broken,0,0,tight_only
1953632,84,11430,11447,medium_block,1547.9050499999998,False,False,compact_but_broken,1,0,ball_inside_shape
1953632,86,11515,11606,medium_block,1554.683625,False,False,compact_but_broken,0,0,tight_only
1953632,88,11647,11648,medium_block,1220.5886999999998,False,False,compact_but_broken,1,0,ball_inside_shape
1953632,94,12041,12332,low_block,964.7819999999999,False,False,compact_but_broken,1,0,ball_inside_shape
1953632,102,13260,13554,medium_block,1456.9522500000003,False,False,compact_but_broken,1,0,ball_inside_shape
1953632,103,13554,13672,high_block,2095.627875,False,False,compact_but_broken,0,0,tight_only
1953632,108,14131,14189,high_block,2166.29345,False,False,compact_but_broken,0,0,tight_only
1953632,114,14733,14769,high_block,2177.2630499999996,False,False,compact_but_broken,0,0,tight_only
1953632,126,16961,17000,low_block,994.5189,True,False,compact_but_broken,0,0,tight_only
1953632,127,17000,17215,medium_block,1536.4261749999998,True,False,compact_but_broken,1,5,5_free_attackers;ball_inside_shape
1953632,166,24619,24647,high_block,2060.7889499999997,False,False,compact_but_broken,1,0,ball_inside_shape
1953632,169,24853,24881,high_block,2178.5368499999995,False,False,compact_but_broken,0,0,tight_only
1953632,173,25072,25195,low_block,1183.4550000000002,False,False,compact_but_broken,1,0,ball_inside_shape
1953632,194,27874,27956,low_block,882.8933249999999,False,False,compact_but_broken,0,0,tight_only
1953632,195,27956,27964,medium_block,1203.5952499999999,False,False,compact_but_broken,0,0,tight_only
1953632,208,29420,29448,high_block,1679.33565,False,False,compact_but_broken,1,0,ball_inside_shape
1953632,216,30307,30398,medium_block,1411.9437500000001,False,False,compact_but_broken,0,0,tight_only
1953632,218,30684,30693,low_block,957.4191,False,False,compact_but_broken,0,0,tight_only
1953632,219,30693,30793,medium_block,1590.1514999999997,False,False,compact_but_broken,1,0,ball_inside_shape
1953632,228,31672,31677,medium_block,1603.6222500000001,False,False,compact_but_broken,0,0,tight_only
1953632,230,31688,31795,medium_block,1560.999825,False,False,compact_but_broken,0,0,tight_only
1953632,236,32260,32425,medium_block,1527.8804000000002,False,False,compact_but_broken,1,0,ball_inside_shape
1953632,237,32425,32501,high_block,2146.8685000000005,False,False,compact_but_broken,0,0,tight_only
1953632,250,35077,35518,medium_block,1456.71965,False,False,compact_but_broken,0,0,tight_only
1953632,253,36384,36481,medium_block,1635.3744,False,False,compact_but_broken,0,0,tight_only
1953632,259,36903,36992,high_block,1981.1424999999997,False,False,compact_but_broken,0,0,tight_only
1953632,269,38315,38390,high_block,2159.8416,False,False,compact_but_broken,0,0,tight_only
1953632,273,38653,38729,low_block,903.5488,True,False,compact_but_broken,1,4,4_free_attackers;ball_inside_shape
1953632,282,39816,39927,medium_block,1496.51505,False,False,compact_but_broken,0,0,tight_only
1953632,289,40371,40404,high_block,2025.3007499999999,False,False,compact_but_broken,1,0,beaten_engagement
1953632,291,40465,40507,low_block,1089.0576999999998,False,False,compact_but_broken,0,0,tight_only
1953632,297,41370,41414,low_block,958.7157000000001,False,False,compact_but_broken,1,0,ball_inside_shape
1953632,312,43721,43738,medium_block,1609.6571000000001,True,False,compact_but_broken,1,4,4_free_attackers;beaten_engagement
1953632,315,44255,44345,medium_block,1451.822925,False,False,compact_but_broken,0,0,tight_only
1953632,322,44824,45048,low_block,935.7826499999999,False,False,compact_but_broken,1,0,ball_inside_shape
1953632,362,51305,51385,low_block,1023.1237499999999,False,False,compact_but_broken,1,0,ball_inside_shape
1953632,368,51984,52046,high_block,2082.2745999999997,False,False,compact_but_broken,0,0,tight_only
1953632,370,52426,52432,medium_block,1588.20355,False,False,compact_but_broken,0,0,tight_only
1953632,372,52441,52535,medium_block,1622.0231249999997,False,False,compact_but_broken,1,0,ball_inside_shape
1953632,385,54254,54467,low_block,792.27435,False,False,compact_but_broken,1,0,ball_inside_shape
1953632,393,55576,55597,high_block,2098.859,False,False,compact_but_broken,0,0,tight_only
1953632,396,55717,56290,low_block,1181.0494999999999,False,False,compact_but_broken,1,0,ball_inside_shape;beaten_engagement
1953632,397,56353,56432,low_block,1130.1157500000002,False,False,compact_but_broken,0,0,tight_only
1953632,398,56432,56507,medium_block,1621.1399999999999,False,False,compact_but_broken,0,0,tight_only
1953632,403,56967,56997,medium_block,1424.9560000000004,False,False,compact_but_broken,0,0,tight_only
1959846,0,0,16,medium_block,1534.36305,True,False,compact_but_broken,1,3,3_free_attackers
1959846,20,1827,1853,medium_block,1151.3073,False,False,compact_but_broken,1,0,ball_inside_shape
1959846,23,2069,2070,medium_block,1297.3036,False,False,compact_but_broken,0,0,tight_only
1959846,24,2076,2182,medium_block,1415.209425,False,False,compact_but_broken,1,0,ball_inside_shape
1959846,26,2241,2271,medium_block,1608.305825,False,False,compact_but_broken,1,0,ball_inside_shape
1959846,31,2647,2753,medium_block,1560.664,False,False,compact_but_broken,1,0,ball_inside_shape
1959846,35,3014,3041,medium_block,1330.6405,False,False,compact_but_broken,0,0,tight_only
1959846,37,3095,3146,medium_block,1339.8987999999997,False,False,compact_but_broken,1,0,ball_inside_shape
1959846,40,3237,3238,low_block,1213.2428000000002,False,False,compact_but_broken,0,0,tight_only
1959846,41,3238,3385,medium_block,1384.9143,False,False,compact_but_broken,0,0,tight_only
1959846,49,3923,4037,low_block,569.562,True,True,compact_but_broken,1,5,5_free_attackers;ball_inside_shape;beaten_engagement
1959846,50,4689,4795,medium_block,1442.23905,False,False,compact_but_broken,1,0,ball_inside_shape
1959846,54,5206,5282,medium_block,1583.31165,True,False,compact_but_broken,1,5,5_free_attackers
1959846,56,5560,5671,high_block,2078.362,False,False,compact_but_broken,0,0,tight_only
1959846,74,7126,7154,high_block,1997.08245,False,False,compact_but_broken,0,0,tight_only
1959846,76,7255,7293,high_block,2174.7045000000003,False,False,compact_but_broken,1,0,ball_inside_shape
1959846,83,7972,8021,high_block,1974.740625,False,False,compact_but_broken,1,0,ball_inside_shape
1959846,88,8235,8298,low_block,1216.8345,True,False,compact_but_broken,1,5,5_free_attackers;ball_inside_shape;beaten_engagement
1959846,90,8686,8742,low_block,495.9806250000001,False,False,compact_but_broken,0,0,tight_only
1959846,92,8995,9125,low_block,582.4979999999999,True,True,compact_but_broken,1,5,5_free_attackers;ball_inside_shape
1959846,95,9936,9992,high_block,1903.996875,False,False,compact_but_broken,0,0,tight_only
1959846,97,10137,10185,high_block,2111.7386,False,False,compact_but_broken,0,0,tight_only
1959846,99,10271,10335,high_block,2148.51045,False,False,compact_but_broken,0,0,tight_only
1959846,107,10945,10973,medium_block,1367.35895,True,False,compact_but_broken,0,0,tight_only
1959846,112,11607,11652,low_block,1007.897175,False,False,compact_but_broken,0,0,tight_only
1959846,113,11652,11678,medium_block,1185.2522500000002,False,False,compact_but_broken,0,0,tight_only
1959846,114,11678,11721,low_block,1182.5840000000003,False,False,compact_but_broken,0,0,tight_only
1959846,115,11721,12007,medium_block,1419.3466250000001,False,False,compact_but_broken,0,0,tight_only
1959846,125,12958,12989,low_block,1073.18115,False,False,compact_but_broken,0,0,tight_only
1959846,126,12989,13243,medium_block,1321.3774500000002,False,False,compact_but_broken,1,0,ball_inside_shape
1959846,128,13836,13885,low_block,1224.9072,False,False,compact_but_broken,1,0,ball_inside_shape
1959846,130,13969,14118,high_block,2037.294,False,False,compact_but_broken,0,0,tight_only
1959846,132,14238,14433,high_block,1938.939875,False,False,compact_but_broken,0,0,tight_only
1959846,137,15021,15031,medium_block,1494.257125,False,False,compact_but_broken,0,0,tight_only
1959846,144,15468,15478,medium_block,1457.378325,False,False,compact_but_broken,0,0,tight_only
1959846,145,15482,15523,medium_block,1613.2818999999997,False,False,compact_but_broken,0,0,tight_only
1959846,151,16480,16536,low_block,407.49502500000006,False,False,compact_but_broken,0,0,tight_only
1959846,153,16848,16981,low_block,298.11195,False,False,compact_but_broken,1,0,ball_inside_shape
1959846,154,17081,17121,low_block,995.995,False,False,compact_but_broken,0,0,tight_only
1959846,155,17121,17165,medium_block,1610.7033999999999,False,False,compact_but_broken,0,0,tight_only
1959846,190,20600,20644,medium_block,1353.2697749999998,True,False,compact_but_broken,0,0,tight_only
1959846,195,21121,21217,high_block,2024.746875,False,False,compact_but_broken,0,0,tight_only
1959846,204,21684,21734,low_block,1149.9614,False,False,compact_but_broken,0,0,tight_only
1959846,206,22042,22066,high_block,2106.4245499999997,True,True,compact_but_broken,1,0,ball_inside_shape
1959846,211,23650,23727,medium_block,1367.3972999999999,False,False,compact_but_broken,0,0,tight_only
1959846,223,25223,25310,high_block,1973.8627000000004,False,False,compact_but_broken,0,0,tight_only
1959846,228,25532,25718,medium_block,1417.17515,False,False,compact_but_broken,0,0,tight_only
1959846,230,25741,25847,medium_block,1575.3169999999998,False,False,compact_but_broken,0,0,tight_only
1959846,234,26251,26317,medium_block,1499.9194,False,False,compact_but_broken,0,0,tight_only
1959846,244,27280,27518,low_block,938.65495,False,False,compact_but_broken,1,0,ball_inside_shape
1959846,245,27518,27561,medium_block,1410.463575,False,False,compact_but_broken,0,0,tight_only
1959846,247,27598,27618,medium_block,1613.0522500000002,False,False,compact_but_broken,0,0,tight_only
1959846,257,28373,28434,high_block,2107.36375,False,False,compact_but_broken,0,0,tight_only
1959846,261,28661,28725,medium_block,1524.4632000000001,False,False,compact_but_broken,1,0,ball_inside_shape
1959846,264,29328,29361,low_block,678.86455,True,False,compact_but_broken,1,5,5_free_attackers;beaten_engagement
1959846,271,30044,30253,low_block,1168.71625,True,False,compact_but_broken,1,5,5_free_attackers;ball_inside_shape;beaten_engagement
1959846,277,31109,31171,low_block,1149.97025,False,False,compact_but_broken,1,0,ball_inside_shape
1959846,279,31249,31310,high_block,2154.55955,False,False,compact_but_broken,1,0,ball_inside_shape
1959846,280,31310,31360,low_block,1223.2829,True,False,compact_but_broken,1,5,5_free_attackers;ball_inside_shape;beaten_engagement
1959846,285,31883,32060,high_block,1911.23415,False,False,compact_but_broken,1,0,ball_inside_shape
1959846,287,32086,32194,high_block,2111.10945,False,False,compact_but_broken,0,0,tight_only
1959846,291,33156,33327,low_block,505.5675499999999,False,False,compact_but_broken,0,0,tight_only
1959846,292,33327,33413,high_block,2118.071175,False,False,compact_but_broken,1,0,ball_inside_shape
1959846,310,35916,35974,medium_block,1314.7062500000002,False,False,compact_but_broken,0,0,tight_only
1959846,311,35974,36085,low_block,1143.0086,False,False,compact_but_broken,1,0,ball_inside_shape
1959846,317,36996,37099,low_block,784.6662749999999,False,False,compact_but_broken,1,0,ball_inside_shape
1959846,322,37846,37856,low_block,240.66900000000007,True,False,compact_but_broken,1,4,4_free_attackers;ball_inside_shape
1959846,324,38321,38327,medium_block,1392.076,False,False,compact_but_broken,1,0,ball_inside_shape
1959846,331,38674,38696,high_block,1883.306425,True,False,compact_but_broken,0,0,tight_only
1959846,336,39063,39081,medium_block,1404.9090250000002,False,False,compact_but_broken,1,0,ball_inside_shape
1959846,337,39081,39132,low_block,1215.8915,False,False,compact_but_broken,1,0,ball_inside_shape
1959846,345,39901,39946,medium_block,1305.0499,True,False,compact_but_broken,1,5,5_free_attackers
1959846,349,40520,40565,high_block,1990.9812,False,False,compact_but_broken,1,0,ball_inside_shape
1959846,366,43470,43538,low_block,1018.8977999999998,False,False,compact_but_broken,1,0,ball_inside_shape
1959846,367,43659,43778,low_block,974.51605,False,False,compact_but_broken,1,0,ball_inside_shape
1959846,369,44073,44189,low_block,720.9852,False,False,compact_but_broken,1,0,ball_inside_shape
1959846,387,46675,46715,high_block,1745.9299,False,False,compact_but_broken,0,0,tight_only
1959846,395,47964,48059,medium_block,1577.7206999999999,False,False,compact_but_broken,1,0,ball_inside_shape
1959846,397,48315,48364,low_block,1115.926,True,True,compact_but_broken,1,5,5_free_attackers;ball_inside_shape;beaten_engagement
1959846,398,49084,49193,medium_block,1470.021025,True,False,compact_but_broken,1,0,ball_inside_shape
1959846,400,49233,49288,medium_block,1413.8650249999998,True,False,compact_but_broken,0,0,tight_only
1959846,402,49337,49433,medium_block,1374.6723749999999,True,False,compact_but_broken,1,5,5_free_attackers;ball_inside_shape
1959846,404,49447,49456,medium_block,1266.1379499999998,True,False,compact_but_broken,1,5,5_free_attackers;ball_inside_shape
1959846,407,49659,49682,high_block,1987.5105,False,False,compact_but_broken,1,0,ball_inside_shape
1959846,414,50452,50500,low_block,214.33175,True,False,compact_but_broken,1,5,5_free_attackers
1959846,417,51024,51073,high_block,1850.7734500000001,False,False,compact_but_broken,0,0,tight_only
1959846,418,51073,51157,medium_block,1609.9064999999998,False,False,compact_but_broken,1,0,ball_inside_shape
1959846,419,51157,51333,low_block,1185.7637,False,False,compact_but_broken,1,0,ball_inside_shape
1959846,422,51418,51471,high_block,2178.4224000000004,False,False,compact_but_broken,1,0,ball_inside_shape
1959846,424,51752,51797,medium_block,1147.7718,False,False,compact_but_broken,1,0,ball_inside_shape
1959846,430,52785,52922,low_block,1125.6693000000002,False,False,compact_but_broken,0,0,tight_only
1959846,431,52922,53124,medium_block,1613.1204,False,False,compact_but_broken,1,0,ball_inside_shape
1959846,441,54244,54254,low_block,1167.0354499999996,False,False,compact_but_broken,0,0,tight_only
1959846,445,54592,54626,low_block,1019.9159999999999,True,False,compact_but_broken,1,0,ball_inside_shape
1959846,446,54626,54649,medium_block,953.4384,True,False,compact_but_broken,0,0,tight_only
1959846,447,54649,54802,low_block,860.214375,True,False,compact_but_broken,1,5,5_free_attackers;ball_inside_shape
1959846,448,54884,55072,low_block,1004.6641500000001,False,False,compact_but_broken,0,0,tight_only
1959846,450,55427,55438,low_block,109.64800000000001,True,True,compact_but_broken,1,5,5_free_attackers;ball_inside_shape
1959846,456,56691,56712,low_block,994.92475,False,False,compact_but_broken,0,0,tight_only
1959846,457,56712,56784,medium_block,1349.90445,False,False,compact_but_broken,0,0,tight_only
1959846,459,56795,56847,medium_block,1327.8609999999999,False,False,compact_but_broken,0,0,tight_only
1959846,464,57277,57399,low_block,748.4717499999999,True,True,compact_but_broken,1,5,5_free_attackers;ball_inside_shape;beaten_engagement
1959846,465,58096,58160,medium_block,1527.1962749999998,True,False,compact_but_broken,1,0,ball_inside_shape
1959846,466,58160,58355,low_block,892.3139000000001,True,False,compact_but_broken,1,5,5_free_attackers;ball_inside_shape
1986691,2,178,295,medium_block,1451.1735,False,False,compact_but_broken,1,0,ball_inside_shape
1986691,5,525,580,medium_block,1629.8588249999998,False,False,compact_but_broken,0,0,tight_only
1986691,7,591,697,low_block,884.7271999999999,True,False,compact_but_broken,1,5,5_free_attackers;ball_inside_shape;beaten_engagement
1986691,11,1059,1114,high_block,1926.923,False,False,compact_but_broken,0,0,tight_only
1986691,16,1739,2136,medium_block,1436.9427500000002,False,False,compact_but_broken,0,0,tight_only
1986691,17,2136,2222,high_block,1907.8873,False,False,compact_but_broken,0,0,tight_only
1986691,19,2224,2329,high_block,1984.3432500000001,False,False,compact_but_broken,0,0,tight_only
1986691,23,2731,2770,medium_block,1186.0275000000001,False,False,compact_but_broken,0,0,tight_only
1986691,25,2816,2840,medium_block,1521.9204000000004,False,False,compact_but_broken,0,0,tight_only
1986691,35,5075,5107,medium_block,1587.6915999999999,False,False,compact_but_broken,0,0,tight_only
1986691,36,5107,5199,high_block,1720.9276999999997,False,False,compact_but_broken,0,0,tight_only
1986691,38,5223,5373,high_block,1963.8992750000002,False,False,compact_but_broken,0,0,tight_only
1986691,42,5692,5796,medium_block,1342.9562500000002,False,False,compact_but_broken,0,0,tight_only
1986691,44,5822,5858,medium_block,1257.3617499999998,False,False,compact_but_broken,0,0,tight_only
1986691,58,8052,8086,medium_block,1495.605675,False,False,compact_but_broken,0,0,tight_only
1986691,59,8086,8119,high_block,1414.4775,False,False,compact_but_broken,0,0,tight_only
1986691,60,8119,8125,medium_block,1478.290125,False,False,compact_but_broken,0,0,tight_only
1986691,61,8125,8196,high_block,1895.095,False,False,compact_but_broken,0,0,tight_only
1986691,65,8309,8340,medium_block,1642.1508,False,False,compact_but_broken,0,0,tight_only
1986691,73,9024,9070,medium_block,1396.2353250000003,False,False,compact_but_broken,1,0,ball_inside_shape
1986691,84,10480,10619,medium_block,1311.034875,True,False,compact_but_broken,0,0,tight_only
1986691,86,10640,10720,medium_block,1289.871,True,False,compact_but_broken,0,0,tight_only
1986691,88,10758,10818,medium_block,1336.77685,True,False,compact_but_broken,0,0,tight_only
1986691,89,10818,10984,low_block,928.918375,True,False,compact_but_broken,1,5,5_free_attackers;ball_inside_shape;beaten_engagement
1986691,95,11730,11848,high_block,2038.2053999999998,False,False,compact_but_broken,1,0,ball_inside_shape
1986691,97,12137,12182,high_block,1887.373125,False,False,compact_but_broken,0,0,tight_only
1986691,99,12608,12716,medium_block,1353.8064,False,False,compact_but_broken,0,0,tight_only
1986691,101,12860,12976,high_block,1940.2523999999999,False,False,compact_but_broken,0,0,tight_only
1986691,108,14034,14134,low_block,1025.0625,False,False,compact_but_broken,1,0,ball_inside_shape
1986691,114,14426,14479,high_block,2141.864175,False,False,compact_but_broken,0,0,tight_only
1986691,135,17398,17464,medium_block,1330.9705999999999,False,False,compact_but_broken,0,0,tight_only
1986691,136,17464,17497,high_block,1907.5637,False,False,compact_but_broken,0,0,tight_only
1986691,151,18436,18524,medium_block,1491.0839999999998,False,False,compact_but_broken,0,0,tight_only
1986691,163,19861,19983,low_block,598.4712000000002,False,False,compact_but_broken,0,0,tight_only
1986691,167,20352,20427,medium_block,1428.65385,False,False,compact_but_broken,0,0,tight_only
1986691,170,20715,20780,high_block,2033.8062499999999,False,False,compact_but_broken,0,0,tight_only
1986691,172,20931,21013,high_block,2012.844975,False,False,compact_but_broken,0,0,tight_only
1986691,174,21026,21069,high_block,1931.408325,False,False,compact_but_broken,0,0,tight_only
1986691,176,21602,21679,medium_block,984.405,False,False,compact_but_broken,1,0,ball_inside_shape
1986691,177,21679,21722,low_block,848.1224500000002,False,False,compact_but_broken,1,0,ball_inside_shape
1986691,183,22906,23003,low_block,987.8584000000001,False,False,compact_but_broken,1,0,ball_inside_shape;beaten_engagement
1986691,193,25602,25695,high_block,2105.8296,False,False,compact_but_broken,1,0,ball_inside_shape
1986691,197,26161,26346,medium_block,1356.124,False,False,compact_but_broken,0,0,tight_only
1986691,199,26471,26806,medium_block,1253.4305250000002,False,False,compact_but_broken,1,0,ball_inside_shape
1986691,201,26913,26985,medium_block,1324.4412000000002,False,False,compact_but_broken,0,0,tight_only
1986691,203,27006,27186,medium_block,1568.7419999999997,False,False,compact_but_broken,1,0,ball_inside_shape
1986691,204,27639,27648,medium_block,1622.7207500000002,False,False,compact_but_broken,0,0,tight_only
1986691,205,27648,27717,high_block,1683.0070499999997,False,False,compact_but_broken,0,0,tight_only
1986691,211,28205,28268,medium_block,1409.8825000000002,False,False,compact_but_broken,1,0,ball_inside_shape
1986691,213,28450,28505,low_block,1042.6082999999999,True,False,compact_but_broken,1,5,5_free_attackers;ball_inside_shape;beaten_engagement
1986691,224,29782,29926,medium_block,1519.40315,False,False,compact_but_broken,0,0,tight_only
1986691,232,30465,30602,low_block,1166.9799999999998,True,False,compact_but_broken,1,5,5_free_attackers;ball_inside_shape
1986691,235,30992,31124,medium_block,1258.6423499999999,False,False,compact_but_broken,1,0,ball_inside_shape
1986691,236,31124,31189,low_block,1068.5115750000002,False,False,compact_but_broken,0,0,tight_only
1986691,242,33114,33149,medium_block,1248.5406,False,False,compact_but_broken,0,0,tight_only
1986691,245,33429,33497,low_block,1194.6285,True,False,compact_but_broken,0,0,tight_only
1986691,246,33497,33504,medium_block,1198.7044999999998,True,False,compact_but_broken,0,0,tight_only
1986691,248,33859,33901,medium_block,1453.868875,True,False,compact_but_broken,1,5,5_free_attackers
1986691,254,34711,35041,low_block,1207.7939999999999,True,False,compact_but_broken,1,5,5_free_attackers;ball_inside_shape;beaten_engagement
1986691,255,35313,35319,medium_block,1622.7484,False,False,compact_but_broken,0,0,tight_only
1986691,256,35319,35351,high_block,1782.8948,False,False,compact_but_broken,0,0,tight_only
1986691,262,35705,35816,high_block,1886.8118750000003,True,False,compact_but_broken,1,2,2_free_attackers
1986691,265,36371,36404,medium_block,1155.0130499999998,False,False,compact_but_broken,1,0,ball_inside_shape
1986691,273,37455,37546,high_block,2176.7270000000003,False,False,compact_but_broken,0,0,tight_only
1986691,278,37779,37852,medium_block,1604.139,False,False,compact_but_broken,1,0,ball_inside_shape
1986691,289,38678,38719,medium_block,1367.7425999999998,False,False,compact_but_broken,0,0,tight_only
1986691,291,38720,38815,medium_block,1394.2817499999999,False,False,compact_but_broken,0,0,tight_only
1986691,293,38837,38997,medium_block,1315.65995,False,False,compact_but_broken,0,0,tight_only
1986691,294,38997,39081,low_block,1206.5856,False,False,compact_but_broken,1,0,ball_inside_shape
1986691,295,39081,39129,medium_block,1173.9568,False,False,compact_but_broken,0,0,tight_only
1986691,297,39169,39283,medium_block,1624.5642000000005,False,False,compact_but_broken,0,0,tight_only
1986691,300,39404,39572,low_block,1155.1976000000002,True,False,compact_but_broken,1,5,5_free_attackers;ball_inside_shape
1986691,304,40133,40198,medium_block,874.3264750000001,False,False,compact_but_broken,0,0,tight_only
1986691,308,40320,40485,low_block,956.745,False,False,compact_but_broken,1,0,ball_inside_shape;beaten_engagement
1986691,313,41940,42334,medium_block,1540.0308,False,False,compact_but_broken,1,0,ball_inside_shape
1986691,323,43039,43161,low_block,1136.2972499999998,False,False,compact_but_broken,0,0,tight_only
1986691,331,44273,44320,low_block,1226.41095,False,False,compact_but_broken,1,0,ball_inside_shape
1986691,333,44362,44547,low_block,800.49095,True,False,compact_but_broken,1,5,5_free_attackers;ball_inside_shape;beaten_engagement
1986691,356,49246,49339,low_block,981.2340999999999,False,False,compact_but_broken,1,0,ball_inside_shape;beaten_engagement
1986691,364,50484,50549,low_block,1200.6860000000001,True,False,compact_but_broken,1,5,5_free_attackers;ball_inside_shape
1986691,373,52878,53049,medium_block,1384.308675,False,False,compact_but_broken,1,0,ball_inside_shape
1986691,388,54083,54117,medium_block,1331.4113,False,False,compact_but_broken,0,0,tight_only
1986691,401,56714,56830,high_block,1739.75025,False,False,compact_but_broken,0,0,tight_only
1986691,404,56943,56966,medium_block,1062.698675,False,False,compact_but_broken,1,0,ball_inside_shape
1986691,413,57464,57537,low_block,1049.714025,True,True,compact_but_broken,1,5,5_free_attackers;ball_inside_shape;beaten_engagement
1986691,419,58776,58944,low_block,1215.6026000000002,False,False,compact_but_broken,1,0,ball_inside_shape
1996435,0,95,109,medium_block,1473.2965,False,False,compact_but_broken,0,0,tight_only
1996435,1,109,137,high_block,1535.7224999999999,False,False,compact_but_broken,0,0,tight_only
1996435,9,374,462,high_block,2096.7761,False,False,compact_but_broken,0,0,tight_only
1996435,14,691,799,high_block,1790.899775,False,False,compact_but_broken,1,0,ball_inside_shape
1996435,17,936,1532,low_block,926.7943999999999,False,False,compact_but_broken,1,0,ball_inside_shape
1996435,23,1842,1923,medium_block,1548.1220500000002,False,False,compact_but_broken,1,0,ball_inside_shape
1996435,25,2138,2179,medium_block,1368.7566749999999,False,False,compact_but_broken,0,0,tight_only
1996435,28,2468,2508,high_block,1910.46425,False,False,compact_but_broken,0,0,tight_only
1996435,30,2511,2598,high_block,2016.5304,False,False,compact_but_broken,0,0,tight_only
1996435,34,3631,3692,medium_block,1481.854325,False,False,compact_but_broken,0,0,tight_only
1996435,41,3932,4052,medium_block,1408.1369,False,False,compact_but_broken,1,0,ball_inside_shape
1996435,43,4488,4548,medium_block,1269.814625,False,False,compact_but_broken,1,0,ball_inside_shape
1996435,50,4764,4958,medium_block,1565.8269,False,False,compact_but_broken,1,0,ball_inside_shape
1996435,51,4958,5020,high_block,1738.425625,False,False,compact_but_broken,0,0,tight_only
1996435,55,5889,5908,medium_block,997.5612499999999,False,False,compact_but_broken,0,0,tight_only
1996435,56,5908,5948,high_block,1626.41875,False,False,compact_but_broken,0,0,tight_only
1996435,58,5987,6016,high_block,2145.8125,False,False,compact_but_broken,0,0,tight_only
1996435,60,6091,6114,medium_block,1326.5615999999998,False,False,compact_but_broken,0,0,tight_only
1996435,61,6114,6170,high_block,1906.2057750000001,False,False,compact_but_broken,0,0,tight_only
1996435,67,6551,6638,medium_block,1482.2392,False,False,compact_but_broken,1,0,ball_inside_shape
1996435,69,6766,6795,high_block,1820.4111250000003,False,False,compact_but_broken,0,0,tight_only
1996435,71,6814,6856,high_block,2017.9167749999997,False,False,compact_but_broken,1,0,ball_inside_shape
1996435,93,7974,8058,medium_block,1547.8,False,False,compact_but_broken,1,0,ball_inside_shape
1996435,95,8268,8510,low_block,1127.01925,False,False,compact_but_broken,1,0,ball_inside_shape;beaten_engagement
1996435,97,8552,8654,low_block,1065.0432,False,False,compact_but_broken,1,0,ball_inside_shape
1996435,98,8654,8723,medium_block,1471.84785,False,False,compact_but_broken,1,0,ball_inside_shape
1996435,109,9641,9741,high_block,2042.214375,False,False,compact_but_broken,0,0,tight_only
1996435,115,9991,9993,medium_block,1073.58,True,False,compact_but_broken,0,0,tight_only
1996435,116,9993,10074,low_block,1156.6536749999998,True,False,compact_but_broken,1,6,6_free_attackers;ball_inside_shape
1996435,118,10210,10335,medium_block,1501.14705,False,False,compact_but_broken,1,0,ball_inside_shape
1996435,122,11104,11170,low_block,578.0305999999999,False,False,compact_but_broken,0,0,tight_only
1996435,127,11768,11814,medium_block,1504.4784,False,False,compact_but_broken,1,0,ball_inside_shape
1996435,128,11814,11949,high_block,1970.3076000000003,False,False,compact_but_broken,1,0,ball_inside_shape
1996435,133,12140,12169,medium_block,1215.90975,False,False,compact_but_broken,0,0,tight_only
1996435,135,12178,12243,medium_block,1314.1947,False,False,compact_but_broken,1,0,ball_inside_shape
1996435,137,12432,12593,medium_block,1472.9034750000003,False,False,compact_but_broken,0,0,tight_only
1996435,147,13965,14071,high_block,1948.6546999999998,True,False,compact_but_broken,0,0,tight_only
1996435,179,19487,19618,high_block,1543.26,False,False,compact_but_broken,1,0,ball_inside_shape
1996435,185,20242,20306,medium_block,1489.353425,False,False,compact_but_broken,1,0,ball_inside_shape
1996435,186,20306,20486,low_block,936.969975,False,False,compact_but_broken,1,0,ball_inside_shape;beaten_engagement
1996435,187,20486,20608,medium_block,1026.8414999999998,False,False,compact_but_broken,0,0,tight_only
1996435,189,20638,20645,medium_block,1126.5495999999998,False,False,compact_but_broken,0,0,tight_only
1996435,192,20719,20850,low_block,1217.56355,True,False,compact_but_broken,1,0,ball_inside_shape
1996435,193,20850,20961,medium_block,1303.0210999999997,True,False,compact_but_broken,1,6,6_free_attackers;ball_inside_shape
1996435,199,22043,22106,medium_block,1566.432675,False,False,compact_but_broken,0,0,tight_only
1996435,200,22106,22124,high_block,2035.1837499999997,False,False,compact_but_broken,0,0,tight_only
1996435,220,25229,25268,medium_block,925.103575,True,False,compact_but_broken,1,3,3_free_attackers
1996435,229,26194,26302,low_block,1096.153075,False,False,compact_but_broken,1,0,ball_inside_shape
1996435,230,26302,26363,medium_block,1073.452975,False,False,compact_but_broken,1,0,ball_inside_shape
1996435,231,26363,26395,low_block,1025.1391500000002,False,False,compact_but_broken,1,0,ball_inside_shape
1996435,232,26395,26506,medium_block,1385.12925,False,False,compact_but_broken,1,0,ball_inside_shape
1996435,241,28019,28093,medium_block,1448.70835,True,True,compact_but_broken,1,0,ball_inside_shape
1996435,243,28118,28212,high_block,1429.3712,True,True,compact_but_broken,1,6,6_free_attackers;ball_inside_shape;beaten_engagement
1996435,244,29052,29065,medium_block,1438.7417,False,False,compact_but_broken,1,0,ball_inside_shape
1996435,245,29065,29095,high_block,1584.9861250000004,False,False,compact_but_broken,0,0,tight_only
1996435,262,32204,32257,high_block,2123.0726,False,False,compact_but_broken,0,0,tight_only
1996435,265,32328,32424,high_block,2077.8060000000005,False,False,compact_but_broken,0,0,tight_only
1996435,270,33073,33198,low_block,1027.9342749999998,False,False,compact_but_broken,1,0,ball_inside_shape
1996435,274,34020,34057,medium_block,1358.39025,False,False,compact_but_broken,0,0,tight_only
1996435,289,35491,35523,medium_block,1593.4784999999997,False,False,compact_but_broken,1,0,ball_inside_shape
1996435,293,35772,35805,medium_block,1059.3465999999999,False,False,compact_but_broken,0,0,tight_only
1996435,294,35805,35966,low_block,1001.4434249999999,False,False,compact_but_broken,1,0,ball_inside_shape
1996435,308,38504,38702,medium_block,1529.1045,False,False,compact_but_broken,1,0,ball_inside_shape
1996435,312,38826,38875,medium_block,1315.452875,False,False,compact_but_broken,0,0,tight_only
1996435,314,38902,38956,medium_block,1518.7039250000003,False,False,compact_but_broken,1,0,ball_inside_shape
1996435,317,39528,39814,medium_block,1316.191,False,False,compact_but_broken,1,0,ball_inside_shape
1996435,319,39929,40114,low_block,1132.2867,False,False,compact_but_broken,1,0,ball_inside_shape
1996435,321,40730,40784,high_block,2082.2535,False,False,compact_but_broken,0,0,tight_only
1996435,327,41197,41342,medium_block,1553.0787500000001,True,False,compact_but_broken,1,6,6_free_attackers
1996435,334,42736,42837,high_block,1726.0519499999998,False,False,compact_but_broken,0,0,tight_only
1996435,344,43781,43952,medium_block,1383.8893000000003,False,False,compact_but_broken,1,0,ball_inside_shape
1996435,348,44040,44099,medium_block,1317.39055,False,False,compact_but_broken,0,0,tight_only
1996435,349,44099,44191,high_block,1833.4081999999999,False,False,compact_but_broken,0,0,tight_only
1996435,355,45054,45078,medium_block,1458.5120000000002,False,False,compact_but_broken,0,0,tight_only
1996435,363,46578,46707,medium_block,1639.090575,False,False,compact_but_broken,1,0,ball_inside_shape
1996435,375,48258,48414,medium_block,1593.8328500000002,False,False,compact_but_broken,1,0,ball_inside_shape
1996435,381,48655,48685,medium_block,1547.4502499999999,True,False,compact_but_broken,1,6,6_free_attackers;ball_inside_shape
1996435,385,48999,49033,high_block,2150.8749,False,False,compact_but_broken,0,0,tight_only
1996435,388,49238,49252,medium_block,1172.23605,False,False,compact_but_broken,0,0,tight_only
1996435,389,49252,49304,low_block,1122.18575,False,False,compact_but_broken,0,0,tight_only
1996435,390,49304,49330,medium_block,1128.1644000000001,False,False,compact_but_broken,0,0,tight_only
1996435,391,49330,49472,low_block,903.4528999999999,False,False,compact_but_broken,1,0,ball_inside_shape
1996435,394,49861,49905,high_block,1841.1935,False,False,compact_but_broken,1,0,ball_inside_shape
1996435,405,52806,52873,medium_block,1267.19125,False,False,compact_but_broken,1,0,ball_inside_shape
1996435,409,53068,53150,medium_block,1540.1162,False,False,compact_but_broken,1,0,ball_inside_shape
1996435,410,53289,53420,low_block,1214.352625,False,False,compact_but_broken,1,0,ball_inside_shape
1996435,412,53530,53593,low_block,976.3028999999999,False,False,compact_but_broken,1,0,beaten_engagement
1996435,413,53739,53773,low_block,952.5685499999998,False,False,compact_but_broken,0,0,tight_only
1996435,414,53773,53791,medium_block,1126.4046749999998,False,False,compact_but_broken,0,0,tight_only
1996435,415,53791,53796,low_block,1162.0786500000002,False,False,compact_but_broken,0,0,tight_only
1996435,416,53796,53798,medium_block,1173.0354999999997,False,False,compact_but_broken,0,0,tight_only
1996435,417,53798,53920,low_block,1082.6408999999999,False,False,compact_but_broken,1,0,ball_inside_shape
1996435,422,54721,54763,medium_block,1351.2576,False,False,compact_but_broken,1,0,ball_inside_shape
1996435,423,54763,54853,medium_block,1521.6783750000002,False,False,compact_but_broken,1,0,ball_inside_shape;beaten_engagement
1996435,428,55690,55770,medium_block,1496.3234999999997,False,False,compact_but_broken,1,0,ball_inside_shape
1996435,430,56056,56091,high_block,1711.171,False,False,compact_but_broken,0,0,tight_only
1996435,435,56507,56575,low_block,1079.742625,True,False,compact_but_broken,1,6,6_free_attackers;ball_inside_shape
1996436,0,35,93,medium_block,1396.1825999999999,False,False,compact_but_broken,1,0,ball_inside_shape
1996436,10,1297,1377,low_block,1088.54775,False,False,compact_but_broken,0,0,tight_only
1996436,14,1699,1718,medium_block,1422.5969,False,False,compact_but_broken,0,0,tight_only
1996436,17,2134,2202,high_block,1962.5261,False,False,compact_but_broken,0,0,tight_only
1996436,21,2344,2415,low_block,1225.071,False,False,compact_but_broken,1,0,ball_inside_shape
1996436,22,2415,2429,medium_block,1151.1710999999998,False,False,compact_but_broken,1,0,ball_inside_shape
1996436,31,2995,3011,medium_block,1426.371525,False,False,compact_but_broken,0,0,tight_only
1996436,40,6190,6248,medium_block,1553.6106750000001,False,False,compact_but_broken,1,0,ball_inside_shape
1996436,41,6248,6277,high_block,2135.2670999999996,False,False,compact_but_broken,0,0,tight_only
1996436,70,9260,9443,high_block,2044.69395,False,False,compact_but_broken,0,0,tight_only
1996436,84,11871,11943,high_block,2178.6908,False,False,compact_but_broken,0,0,tight_only
1996436,95,13029,13085,high_block,1919.0020000000002,False,False,compact_but_broken,1,0,ball_inside_shape
1996436,97,13608,13741,medium_block,1562.9525999999998,False,False,compact_but_broken,0,0,tight_only
1996436,99,13900,13918,high_block,1958.871875,False,False,compact_but_broken,1,0,ball_inside_shape
1996436,106,14714,14762,medium_block,1592.4815999999998,False,False,compact_but_broken,1,0,ball_inside_shape
1996436,118,17180,17380,medium_block,1424.6771000000003,False,False,compact_but_broken,0,0,tight_only
1996436,123,17561,17591,medium_block,1430.8874999999998,True,False,compact_but_broken,1,5,5_free_attackers;ball_inside_shape;beaten_engagement
1996436,129,18309,18331,medium_block,1323.594,False,False,compact_but_broken,1,0,ball_inside_shape
1996436,132,18421,18448,high_block,1971.692325,False,False,compact_but_broken,1,0,ball_inside_shape
1996436,137,19274,19436,medium_block,1359.8815,False,False,compact_but_broken,1,0,ball_inside_shape
1996436,147,20591,20614,medium_block,1587.9102750000002,True,False,compact_but_broken,0,0,tight_only
1996436,161,23085,23153,medium_block,1520.826,False,False,compact_but_broken,0,0,tight_only
1996436,165,23526,23551,medium_block,1438.1705000000002,False,False,compact_but_broken,0,0,tight_only
1996436,166,23551,23597,high_block,1616.1748750000002,False,False,compact_but_broken,0,0,tight_only
1996436,177,24609,24676,medium_block,1489.6233,False,False,compact_but_broken,1,0,ball_inside_shape
1996436,181,25514,25580,low_block,700.3886249999999,False,False,compact_but_broken,0,0,tight_only
1996436,184,26012,26208,low_block,1102.5254249999998,True,False,compact_but_broken,1,5,5_free_attackers;beaten_engagement
1996436,188,27425,27466,high_block,1787.4330499999999,False,False,compact_but_broken,1,0,ball_inside_shape
1996436,195,28146,28177,medium_block,1587.62245,False,False,compact_but_broken,0,0,tight_only
1996436,198,28361,28467,medium_block,1449.5076250000002,True,False,compact_but_broken,1,6,6_free_attackers;ball_inside_shape;beaten_engagement
1996436,200,28670,28730,medium_block,1245.74745,False,False,compact_but_broken,0,0,tight_only
1996436,202,28747,28837,medium_block,1497.4963500000001,False,False,compact_but_broken,0,0,tight_only
1996436,207,29168,29218,low_block,1140.0551249999999,True,False,compact_but_broken,1,6,6_free_attackers;ball_inside_shape
1996436,215,30177,30289,medium_block,1589.41075,False,False,compact_but_broken,0,0,tight_only
1996436,217,30343,30347,medium_block,1163.63075,False,False,compact_but_broken,0,0,tight_only
1996436,219,30417,30674,medium_block,1371.58805,False,False,compact_but_broken,0,0,tight_only
1996436,225,31118,31196,medium_block,1542.2519,False,False,compact_but_broken,0,0,tight_only
1996436,238,35521,35583,low_block,1047.916125,False,False,compact_but_broken,0,0,tight_only
1996436,239,35870,36052,medium_block,1255.0101,True,False,compact_but_broken,1,5,5_free_attackers;ball_inside_shape
1996436,240,36052,36116,low_block,1224.1881,True,False,compact_but_broken,1,5,5_free_attackers;ball_inside_shape;beaten_engagement
1996436,245,37125,37194,medium_block,1533.79485,False,False,compact_but_broken,0,0,tight_only
1996436,247,37217,37290,medium_block,1580.6999999999998,True,False,compact_but_broken,1,6,6_free_attackers;ball_inside_shape
1996436,250,37933,38021,high_block,1719.7761,False,False,compact_but_broken,1,0,ball_inside_shape
1996436,258,39092,39134,low_block,1052.9409,True,False,compact_but_broken,1,5,5_free_attackers;ball_inside_shape
1996436,260,39542,39606,medium_block,1612.274875,False,False,compact_but_broken,1,0,ball_inside_shape
1996436,264,39708,39765,low_block,1148.9972,True,False,compact_but_broken,1,5,5_free_attackers
1996436,267,40347,40412,medium_block,1405.114775,True,False,compact_but_broken,0,0,tight_only
1996436,268,40412,40468,high_block,1953.825325,True,False,compact_but_broken,0,0,tight_only
1996436,270,40794,40931,low_block,1226.580375,True,False,compact_but_broken,1,6,6_free_attackers;ball_inside_shape;beaten_engagement
1996436,277,41906,42052,medium_block,1547.5768000000003,False,False,compact_but_broken,1,0,ball_inside_shape
1996436,278,42052,42151,low_block,1199.1573,False,False,compact_but_broken,1,0,ball_inside_shape
1996436,280,42632,42751,medium_block,1517.91575,False,False,compact_but_broken,0,0,tight_only
1996436,283,43520,43730,medium_block,1527.61205,False,False,compact_but_broken,1,0,ball_inside_shape
1996436,290,44875,45122,low_block,1129.06195,False,False,compact_but_broken,1,0,ball_inside_shape;beaten_engagement
1996436,292,45534,45545,medium_block,1113.954975,False,False,compact_but_broken,0,0,tight_only
1996436,296,46350,46381,high_block,1737.2896,False,False,compact_but_broken,0,0,tight_only
1996436,307,47304,47337,low_block,1159.57285,False,False,compact_but_broken,1,0,ball_inside_shape
1996436,314,49044,49086,low_block,832.6023,False,False,compact_but_broken,1,0,ball_inside_shape
1996436,326,51859,52089,medium_block,1577.8801999999996,False,False,compact_but_broken,1,0,ball_inside_shape
1996436,327,52089,52193,low_block,1093.7331,False,False,compact_but_broken,1,0,ball_inside_shape
1996436,328,52261,52391,medium_block,1232.17955,False,False,compact_but_broken,0,0,tight_only
1996436,329,52391,52412,low_block,1198.1298,False,False,compact_but_broken,1,0,ball_inside_shape
1996436,334,53015,53086,low_block,1214.48405,True,False,compact_but_broken,1,4,4_free_attackers;ball_inside_shape
1996436,338,53785,53838,high_block,1836.7601999999997,False,False,compact_but_broken,0,0,tight_only
1996436,343,54004,54061,high_block,2103.2804499999997,True,False,compact_but_broken,1,3,3_free_attackers
1996436,351,55034,55044,medium_block,1521.34605,False,False,compact_but_broken,0,0,tight_only
1996436,353,55285,55383,low_block,1094.99895,True,False,compact_but_broken,1,4,4_free_attackers;ball_inside_shape
1996436,357,56103,56124,medium_block,1408.7193750000001,False,False,compact_but_broken,0,0,tight_only
1996436,358,56124,56156,high_block,2150.333175,False,False,compact_but_broken,0,0,tight_only
1996436,362,56397,56452,medium_block,1433.6744749999996,False,False,compact_but_broken,0,0,tight_only
1996436,369,57460,57536,medium_block,1328.5856999999999,False,False,compact_but_broken,1,0,ball_inside_shape;beaten_engagement
1996436,371,57791,57843,medium_block,1485.328625,False,False,compact_but_broken,0,0,tight_only
1996436,375,58714,58723,low_block,1153.24245,False,False,compact_but_broken,0,0,tight_only
1996436,381,59997,60036,medium_block,1510.3182750000003,False,False,compact_but_broken,1,0,ball_inside_shape
2006229,23,2831,2908,medium_block,1426.2732250000001,False,False,compact_but_broken,0,0,tight_only
2006229,30,3248,3288,medium_block,1550.75525,False,False,compact_but_broken,0,0,tight_only
2006229,35,3482,3885,medium_block,1630.4075999999998,False,False,compact_but_broken,0,0,tight_only
2006229,37,4003,4147,high_block,2127.57325,False,False,compact_but_broken,1,0,ball_inside_shape
2006229,38,4147,4261,medium_block,1454.5878749999997,False,False,compact_but_broken,0,0,tight_only
2006229,40,4358,4579,medium_block,1418.2074999999998,False,False,compact_but_broken,1,0,ball_inside_shape
2006229,44,5145,5202,medium_block,1528.3242,False,False,compact_but_broken,0,0,tight_only
2006229,46,5291,5328,low_block,1095.4689999999998,False,False,compact_but_broken,0,0,tight_only
2006229,47,5328,5445,medium_block,1341.312225,False,False,compact_but_broken,1,0,ball_inside_shape
2006229,52,6982,7012,high_block,1989.61675,False,False,compact_but_broken,0,0,tight_only
2006229,60,7538,7650,low_block,1220.8845,False,False,compact_but_broken,1,0,ball_inside_shape
2006229,61,7650,7678,medium_block,1285.87305,False,False,compact_but_broken,0,0,tight_only
2006229,63,7828,7914,high_block,2061.122,False,False,compact_but_broken,1,0,ball_inside_shape
2006229,65,8128,8309,low_block,1020.396,False,False,compact_but_broken,0,0,tight_only
2006229,69,9614,9661,low_block,942.5567500000001,False,False,compact_but_broken,0,0,tight_only
2006229,70,9661,9680,medium_block,1123.9245,False,False,compact_but_broken,0,0,tight_only
2006229,71,9680,10079,low_block,1209.635775,False,False,compact_but_broken,1,0,ball_inside_shape;beaten_engagement
2006229,73,11081,11287,medium_block,1463.49035,False,False,compact_but_broken,0,0,tight_only
2006229,82,12454,12484,medium_block,1637.6894000000002,False,False,compact_but_broken,0,0,tight_only
2006229,83,12484,12607,high_block,2042.8380000000004,False,False,compact_but_broken,1,0,ball_inside_shape
2006229,101,14327,14346,low_block,1094.2365000000002,False,False,compact_but_broken,0,0,tight_only
2006229,102,14346,14466,medium_block,1560.5408,False,False,compact_but_broken,1,0,ball_inside_shape
2006229,107,14745,14812,low_block,1187.6684999999998,False,False,compact_but_broken,1,0,ball_inside_shape
2006229,130,17719,17754,medium_block,1514.6852,False,False,compact_but_broken,0,0,tight_only
2006229,132,17768,17880,medium_block,1633.5722249999997,False,False,compact_but_broken,0,0,tight_only
2006229,142,18864,18982,high_block,1884.012,False,False,compact_but_broken,0,0,tight_only
2006229,144,19073,19081,medium_block,1643.94495,False,False,compact_but_broken,0,0,tight_only
2006229,145,19081,19162,high_block,2065.98075,False,False,compact_but_broken,0,0,tight_only
2006229,159,21136,21210,high_block,2172.4222,False,False,compact_but_broken,0,0,tight_only
2006229,160,21288,21396,medium_block,1639.2443999999998,False,False,compact_but_broken,1,0,ball_inside_shape
2006229,164,21638,21677,medium_block,1481.545625,False,False,compact_but_broken,1,0,ball_inside_shape
2006229,165,21677,21684,low_block,1192.554375,False,False,compact_but_broken,1,0,ball_inside_shape
2006229,177,22992,23028,medium_block,1488.6953999999998,False,False,compact_but_broken,0,0,tight_only
2006229,180,23153,23223,medium_block,1371.08,False,False,compact_but_broken,0,0,tight_only
2006229,194,24856,24925,high_block,2142.1463999999996,False,False,compact_but_broken,1,0,ball_inside_shape
2006229,197,25328,25601,medium_block,1618.2276000000002,False,False,compact_but_broken,1,0,ball_inside_shape
2006229,249,31314,31365,low_block,745.1074,False,False,compact_but_broken,0,0,tight_only
2006229,252,31611,31633,low_block,1160.7003249999998,False,False,compact_but_broken,0,0,tight_only
2006229,253,31633,31834,medium_block,1528.0240000000001,False,False,compact_but_broken,1,0,ball_inside_shape
2006229,256,32221,32272,low_block,600.667425,False,False,compact_but_broken,1,0,ball_inside_shape
2006229,258,32668,32791,medium_block,1316.1471500000002,False,False,compact_but_broken,1,0,ball_inside_shape
2006229,259,32791,32796,low_block,1168.0095,False,False,compact_but_broken,1,0,ball_inside_shape
2006229,263,32903,33009,low_block,1025.6110999999999,True,False,compact_but_broken,1,3,3_free_attackers;ball_inside_shape
2006229,277,35254,35269,medium_block,1527.6219,False,False,compact_but_broken,0,0,tight_only
2006229,285,36297,36300,medium_block,992.1658499999999,False,False,compact_but_broken,0,0,tight_only
2006229,286,36300,36343,low_block,1151.6774249999999,False,False,compact_but_broken,0,0,tight_only
2006229,287,36343,36444,medium_block,1534.9125000000001,False,False,compact_but_broken,1,0,ball_inside_shape
2006229,297,37178,37230,medium_block,1239.9527249999999,False,False,compact_but_broken,1,0,ball_inside_shape
2006229,310,40071,40157,medium_block,1333.5075,False,False,compact_but_broken,1,0,ball_inside_shape
2006229,315,40601,40610,low_block,1183.4247,False,False,compact_but_broken,0,0,tight_only
2006229,316,40610,40705,medium_block,1330.027725,False,False,compact_but_broken,0,0,tight_only
2006229,324,41468,41536,high_block,1801.7773,False,False,compact_but_broken,0,0,tight_only
2006229,325,41536,41651,medium_block,1621.7417000000003,False,False,compact_but_broken,0,0,tight_only
2006229,327,41736,41739,medium_block,1252.834,False,False,compact_but_broken,0,0,tight_only
2006229,329,41751,41888,medium_block,1468.5113249999997,False,False,compact_but_broken,1,0,ball_inside_shape
2006229,334,42134,42252,medium_block,1391.875625,False,False,compact_but_broken,0,0,tight_only
2006229,349,46562,46637,medium_block,1382.8319999999999,False,False,compact_but_broken,1,0,ball_inside_shape
2006229,351,46889,46911,medium_block,1435.317625,False,False,compact_but_broken,0,0,tight_only
2006229,352,46911,46971,high_block,2031.6219,False,False,compact_but_broken,0,0,tight_only
2006229,362,48399,48461,high_block,1655.9177250000002,False,False,compact_but_broken,0,0,tight_only
2006229,365,48803,48822,medium_block,1525.5400000000002,False,False,compact_but_broken,0,0,tight_only
2006229,366,48822,48937,high_block,1997.1766,False,False,compact_but_broken,0,0,tight_only
2006229,373,49450,49521,high_block,2095.2906000000003,False,False,compact_but_broken,0,0,tight_only
2006229,388,51444,51506,medium_block,1594.6466249999999,False,False,compact_but_broken,1,0,ball_inside_shape
2006229,401,54029,54121,high_block,2052.604125,False,False,compact_but_broken,1,0,ball_inside_shape
2006229,404,54161,54250,medium_block,1369.57825,False,False,compact_but_broken,1,0,ball_inside_shape
2006229,413,54786,54915,high_block,2040.0891000000001,False,False,compact_but_broken,1,0,ball_inside_shape
2006229,417,55482,55491,medium_block,1423.899075,False,False,compact_but_broken,0,0,tight_only
2006229,418,55491,55632,high_block,1912.2223750000003,False,False,compact_but_broken,1,0,ball_inside_shape
2006229,428,56018,56197,high_block,1760.4766500000003,False,False,compact_but_broken,1,0,ball_inside_shape
2006229,430,56382,56453,low_block,911.0582749999999,False,False,compact_but_broken,1,0,beaten_engagement
2006229,431,56504,56580,medium_block,1291.9560000000001,True,False,compact_but_broken,1,3,3_free_attackers
2006229,432,56580,56664,low_block,1223.9577,True,False,compact_but_broken,1,3,3_free_attackers;ball_inside_shape
2006229,441,58684,58967,low_block,1087.6296,False,False,compact_but_broken,1,0,ball_inside_shape
2006363,3,153,205,medium_block,1233.6184,False,False,compact_but_broken,0,0,tight_only
2006363,5,373,428,high_block,2144.0417749999997,False,False,compact_but_broken,0,0,tight_only
2006363,15,1139,1280,low_block,1139.8074749999998,False,False,compact_but_broken,1,0,ball_inside_shape
2006363,16,1280,1361,medium_block,1298.8319250000002,False,False,compact_but_broken,0,0,tight_only
2006363,26,2210,2407,medium_block,1289.8583750000003,False,False,compact_but_broken,1,0,ball_inside_shape
2006363,27,2407,2461,low_block,1146.9392750000002,False,False,compact_but_broken,0,0,tight_only
2006363,28,2461,2471,medium_block,958.1948,False,False,compact_but_broken,0,0,tight_only
2006363,29,2471,2528,low_block,1212.8629999999998,False,False,compact_but_broken,0,0,tight_only
2006363,30,2528,2579,medium_block,1504.7637749999997,False,False,compact_but_broken,0,0,tight_only
2006363,42,3684,3705,low_block,1140.70285,False,False,compact_but_broken,0,0,tight_only
2006363,43,3705,3720,medium_block,1220.3229,False,False,compact_but_broken,0,0,tight_only
2006363,45,3746,3805,medium_block,1487.568,False,False,compact_but_broken,1,0,ball_inside_shape
2006363,47,3887,3905,medium_block,1033.3274000000001,False,False,compact_but_broken,0,0,tight_only
2006363,48,3905,3915,low_block,1024.0558250000001,False,False,compact_but_broken,1,0,ball_inside_shape
2006363,49,3915,3952,medium_block,1112.6815000000001,False,False,compact_but_broken,1,0,ball_inside_shape
2006363,50,3952,4100,low_block,1052.051375,False,False,compact_but_broken,1,0,ball_inside_shape
2006363,51,4100,4116,medium_block,967.731975,False,False,compact_but_broken,0,0,tight_only
2006363,52,4116,4385,low_block,1030.0747500000002,False,False,compact_but_broken,1,0,ball_inside_shape
2006363,53,4772,4871,high_block,1918.9065,True,False,compact_but_broken,1,6,6_free_attackers;ball_inside_shape
2006363,56,5648,5734,high_block,2165.5532,False,False,compact_but_broken,0,0,tight_only
2006363,62,6227,6330,low_block,1108.832725,False,False,compact_but_broken,0,0,tight_only
2006363,63,6330,6407,medium_block,1465.1648,False,False,compact_but_broken,0,0,tight_only
2006363,69,6716,6790,low_block,1229.8223999999998,False,False,compact_but_broken,1,0,ball_inside_shape;beaten_engagement
2006363,71,7309,7473,low_block,1118.653125,False,False,compact_but_broken,0,0,tight_only
2006363,72,7473,7479,medium_block,1278.2405999999999,False,False,compact_but_broken,0,0,tight_only
2006363,75,7538,7619,high_block,2177.565975,False,False,compact_but_broken,1,0,ball_inside_shape
2006363,88,8742,8770,medium_block,1343.422,False,False,compact_but_broken,0,0,tight_only
2006363,89,8770,8875,high_block,1925.7828000000002,False,False,compact_but_broken,0,0,tight_only
2006363,92,9023,9061,high_block,2165.8244999999997,False,False,compact_but_broken,0,0,tight_only
2006363,95,9273,9565,medium_block,1607.3621249999999,False,False,compact_but_broken,1,0,ball_inside_shape
2006363,100,11390,11513,medium_block,1339.5915,False,False,compact_but_broken,0,0,tight_only
2006363,104,11777,11785,low_block,1154.7624,False,False,compact_but_broken,0,0,tight_only
2006363,105,11785,11940,medium_block,1617.41415,False,False,compact_but_broken,0,0,tight_only
2006363,113,12367,12492,low_block,1208.1961000000001,False,False,compact_but_broken,1,0,ball_inside_shape;beaten_engagement
2006363,118,12990,13026,low_block,734.022,False,False,compact_but_broken,0,0,tight_only
2006363,119,13026,13142,medium_block,1074.15695,False,False,compact_but_broken,0,0,tight_only
2006363,122,13661,13715,high_block,1954.6897500000005,False,False,compact_but_broken,0,0,tight_only
2006363,133,14766,14940,low_block,1061.633,False,False,compact_but_broken,0,0,tight_only
2006363,134,14940,15012,medium_block,1552.3844500000002,False,False,compact_but_broken,0,0,tight_only
2006363,136,15088,15121,medium_block,1317.6597,False,False,compact_but_broken,0,0,tight_only
2006363,137,15121,15320,low_block,931.053375,False,False,compact_but_broken,1,0,ball_inside_shape
2006363,138,15320,15416,high_block,2027.33255,False,False,compact_but_broken,0,0,tight_only
2006363,152,16888,17171,low_block,954.109375,False,False,compact_but_broken,1,0,ball_inside_shape
2006363,153,17171,17193,medium_block,1090.8561,False,False,compact_but_broken,0,0,tight_only
2006363,156,17662,17798,high_block,1913.6061000000002,False,False,compact_but_broken,0,0,tight_only
2006363,160,18095,18202,medium_block,1479.7974749999998,False,False,compact_but_broken,1,0,ball_inside_shape;beaten_engagement
2006363,163,18347,18353,medium_block,1339.6566249999998,False,False,compact_but_broken,0,0,tight_only
2006363,164,18353,18517,low_block,1215.775625,False,False,compact_but_broken,1,0,ball_inside_shape
2006363,165,18517,18542,medium_block,1285.0851,False,False,compact_but_broken,0,0,tight_only
2006363,167,18593,18611,medium_block,1318.7937,False,False,compact_but_broken,1,0,ball_inside_shape
2006363,174,19372,19558,medium_block,1605.4544999999998,True,False,compact_but_broken,1,5,5_free_attackers;ball_inside_shape
2006363,177,20243,20281,low_block,728.373,False,False,compact_but_broken,0,0,tight_only
2006363,178,20281,20318,medium_block,949.2288750000001,False,False,compact_but_broken,0,0,tight_only
2006363,179,20318,20341,low_block,1096.0946250000002,False,False,compact_but_broken,1,0,ball_inside_shape
2006363,180,20341,20499,medium_block,1193.8636,False,False,compact_but_broken,1,0,ball_inside_shape
2006363,181,20499,20628,low_block,945.879625,False,False,compact_but_broken,1,0,ball_inside_shape
2006363,185,21206,21259,low_block,911.1731999999998,True,False,compact_but_broken,1,0,ball_inside_shape
2006363,186,21259,21316,medium_block,1202.5111000000002,True,False,compact_but_broken,0,0,tight_only
2006363,190,21801,21955,low_block,722.7506,False,False,compact_but_broken,1,0,ball_inside_shape
2006363,198,24950,24964,medium_block,1615.3997499999998,False,False,compact_but_broken,1,0,ball_inside_shape
2006363,199,24964,24994,high_block,1866.30375,False,False,compact_but_broken,0,0,tight_only
2006363,206,25505,25792,medium_block,1582.7090249999999,False,False,compact_but_broken,1,0,ball_inside_shape
2006363,212,26467,26492,high_block,1385.517,False,False,compact_but_broken,0,0,tight_only
2006363,217,27130,27318,medium_block,1536.7743749999997,False,False,compact_but_broken,0,0,tight_only
2006363,228,28594,28612,low_block,924.663,False,False,compact_but_broken,0,0,tight_only
2006363,229,28612,28692,medium_block,1551.120625,False,False,compact_but_broken,0,0,tight_only
2006363,231,28949,29145,medium_block,938.2504,False,False,compact_but_broken,1,0,ball_inside_shape
2006363,238,29927,29976,low_block,1169.24835,True,False,compact_but_broken,1,5,5_free_attackers;ball_inside_shape;beaten_engagement
2006363,241,30535,30565,low_block,1206.4288499999996,False,False,compact_but_broken,0,0,tight_only
2006363,242,30565,30650,medium_block,1544.368275,False,False,compact_but_broken,0,0,tight_only
2006363,245,30786,30899,low_block,1072.76625,False,False,compact_but_broken,0,0,tight_only
2006363,246,30899,30957,medium_block,1316.6746749999998,False,False,compact_but_broken,1,0,ball_inside_shape
2006363,247,30957,31033,low_block,1211.6832000000002,False,False,compact_but_broken,1,0,ball_inside_shape
2006363,248,31033,31089,high_block,1939.9553250000001,False,False,compact_but_broken,1,0,ball_inside_shape
2006363,251,31410,31460,low_block,1062.1044000000002,False,False,compact_but_broken,0,0,tight_only
2006363,252,31460,31480,medium_block,1343.260025,False,False,compact_but_broken,0,0,tight_only
2006363,255,31704,31730,low_block,1173.0345,False,False,compact_but_broken,0,0,tight_only
2006363,256,31730,31876,medium_block,1341.18315,False,False,compact_but_broken,1,0,ball_inside_shape
2006363,260,32085,32111,medium_block,1313.315,False,False,compact_but_broken,1,0,ball_inside_shape
2006363,261,32111,32148,low_block,1095.2018,False,False,compact_but_broken,1,0,ball_inside_shape;beaten_engagement
2006363,263,32690,32795,low_block,923.1260000000001,False,False,compact_but_broken,1,0,ball_inside_shape
2006363,264,32795,32848,medium_block,1142.03635,False,False,compact_but_broken,0,0,tight_only
2006363,265,32848,33000,low_block,1129.2501499999998,False,False,compact_but_broken,1,0,ball_inside_shape
2006363,273,33786,33927,low_block,1123.7608500000001,False,False,compact_but_broken,1,0,ball_inside_shape;beaten_engagement
2006363,276,35997,36033,medium_block,1051.71965,False,False,compact_but_broken,0,0,tight_only
2006363,277,36033,36055,high_block,2025.10625,False,False,compact_but_broken,0,0,tight_only
2006363,299,39312,39607,low_block,983.8240999999999,False,False,compact_but_broken,1,0,ball_inside_shape
2006363,302,41244,41434,low_block,944.1935999999998,False,False,compact_but_broken,1,0,ball_inside_shape
2006363,304,41480,41550,low_block,1087.9302000000002,True,False,compact_but_broken,0,0,tight_only
2006363,305,41550,41715,medium_block,1442.654325,True,False,compact_but_broken,0,0,tight_only
2006363,320,42716,42761,medium_block,1317.6607499999998,False,False,compact_but_broken,0,0,tight_only
2006363,321,42761,42853,low_block,1183.6048,False,False,compact_but_broken,1,0,ball_inside_shape
2006363,323,43257,43449,low_block,632.9115,False,False,compact_but_broken,1,0,ball_inside_shape
2006363,326,43628,43744,medium_block,1527.9208,False,False,compact_but_broken,0,0,tight_only
2006363,341,44714,44744,high_block,2112.278875,False,False,compact_but_broken,1,0,ball_inside_shape
2006363,344,44907,44995,medium_block,1540.35945,False,False,compact_but_broken,0,0,tight_only
2006363,348,45663,45711,low_block,687.6392,False,False,compact_but_broken,1,0,ball_inside_shape
2006363,349,45711,45773,high_block,1889.8870000000002,False,False,compact_but_broken,0,0,tight_only
2006363,359,47131,47178,medium_block,1466.6538500000001,False,False,compact_but_broken,0,0,tight_only
2006363,371,48134,48204,medium_block,1343.2938750000003,False,False,compact_but_broken,1,0,ball_inside_shape
2006363,373,48328,48334,medium_block,1226.438275,True,False,compact_but_broken,0,0,tight_only
2006363,375,48466,48661,medium_block,1469.1988999999999,True,False,compact_but_broken,1,5,5_free_attackers;ball_inside_shape
2006363,381,49505,49562,low_block,720.68745,True,False,compact_but_broken,1,5,5_free_attackers;ball_inside_shape
2006363,386,50006,50156,low_block,1090.0195999999999,False,False,compact_but_broken,1,0,ball_inside_shape
2006363,394,51525,51647,medium_block,1439.0716750000001,False,False,compact_but_broken,0,0,tight_only
2006363,397,51907,51967,medium_block,1613.627775,False,False,compact_but_broken,0,0,tight_only
2006363,402,53306,53427,medium_block,1389.463,False,False,compact_but_broken,1,0,ball_inside_shape
2006363,408,54236,54350,medium_block,1403.3259,False,False,compact_but_broken,1,0,ball_inside_shape
2006363,421,56397,56582,low_block,1075.9502499999999,True,True,compact_but_broken,1,5,5_free_attackers;ball_inside_shape
2006363,422,57284,57359,medium_block,1416.1530999999998,False,False,compact_but_broken,1,0,ball_inside_shape
2006363,426,57622,57684,high_block,2084.53895,False,False,compact_but_broken,0,0,tight_only
2007448,0,10,57,medium_block,1552.423225,False,False,compact_but_broken,0,0,tight_only
2007448,2,88,179,low_block,1013.2035,False,False,compact_but_broken,1,0,ball_inside_shape
2007448,3,282,302,low_block,962.6007999999999,False,False,compact_but_broken,0,0,tight_only
2007448,4,302,384,medium_block,1453.424,False,False,compact_but_broken,0,0,tight_only
2007448,14,1283,1492,medium_block,1402.19145,False,False,compact_but_broken,1,0,ball_inside_shape
2007448,15,1575,1610,medium_block,1414.3887499999998,False,False,compact_but_broken,0,0,tight_only
2007448,16,1610,1791,high_block,2077.2677750000003,False,False,compact_but_broken,0,0,tight_only
2007448,18,1813,1876,medium_block,1604.366575,False,False,compact_but_broken,1,0,ball_inside_shape
2007448,19,1876,1992,low_block,1057.96745,False,False,compact_but_broken,0,0,tight_only
2007448,20,1992,2058,medium_block,1456.4653750000002,False,False,compact_but_broken,0,0,tight_only
2007448,31,3393,3432,medium_block,1301.5612500000002,False,False,compact_but_broken,1,0,ball_inside_shape
2007448,32,3432,3596,low_block,1182.9787999999999,False,False,compact_but_broken,1,0,ball_inside_shape
2007448,36,4079,4147,low_block,1160.65615,True,True,compact_but_broken,1,5,5_free_attackers;ball_inside_shape
2007448,42,5656,5926,medium_block,955.36225,False,False,compact_but_broken,0,0,tight_only
2007448,44,5980,6004,high_block,1792.5622,False,False,compact_but_broken,0,0,tight_only
2007448,46,6037,6204,high_block,2140.1118,False,False,compact_but_broken,1,0,ball_inside_shape
2007448,50,7120,7218,low_block,906.7015,False,False,compact_but_broken,0,0,tight_only
2007448,51,7218,7258,medium_block,1208.68685,False,False,compact_but_broken,0,0,tight_only
2007448,53,7285,7431,medium_block,1527.4256750000002,False,False,compact_but_broken,1,0,ball_inside_shape
2007448,54,7431,7593,low_block,983.04885,False,False,compact_but_broken,1,0,ball_inside_shape
2007448,60,7870,7928,high_block,2054.3962250000004,False,False,compact_but_broken,0,0,tight_only
2007448,67,8792,8853,low_block,1051.4035999999999,False,False,compact_but_broken,1,0,ball_inside_shape
2007448,68,8853,8903,high_block,2145.36345,False,False,compact_but_broken,1,0,ball_inside_shape
2007448,83,11011,11158,medium_block,1630.3938249999999,False,False,compact_but_broken,1,0,ball_inside_shape
2007448,92,11819,11897,medium_block,1225.787475,True,False,compact_but_broken,1,0,ball_inside_shape
2007448,93,11897,12145,low_block,915.1657500000001,True,False,compact_but_broken,1,5,5_free_attackers;ball_inside_shape;beaten_engagement
2007448,95,12544,12626,medium_block,1410.5911,False,False,compact_but_broken,1,0,ball_inside_shape
2007448,115,15294,15363,low_block,984.742275,False,False,compact_but_broken,1,0,ball_inside_shape
2007448,119,15877,15929,high_block,2077.266,False,False,compact_but_broken,0,0,tight_only
2007448,123,16078,16180,low_block,1053.5052999999998,False,False,compact_but_broken,0,0,tight_only
2007448,125,17047,17145,low_block,1001.5647249999998,False,False,compact_but_broken,0,0,tight_only
2007448,126,17145,17192,medium_block,1531.7705000000003,False,False,compact_but_broken,0,0,tight_only
2007448,130,17651,17675,low_block,863.4436000000001,False,False,compact_but_broken,0,0,tight_only
2007448,131,17675,17760,medium_block,1256.0841,False,False,compact_but_broken,1,0,ball_inside_shape
2007448,134,17918,18407,medium_block,1640.6188000000002,False,False,compact_but_broken,1,0,ball_inside_shape
2007448,135,18407,18446,low_block,1202.6103749999997,False,False,compact_but_broken,0,0,tight_only
2007448,139,19596,19616,low_block,939.3399999999998,False,False,compact_but_broken,0,0,tight_only
2007448,140,19616,19713,medium_block,1481.40265,False,False,compact_but_broken,1,0,ball_inside_shape
2007448,141,19713,19830,high_block,1994.9211500000001,False,False,compact_but_broken,1,0,ball_inside_shape
2007448,156,21076,21129,high_block,1998.2098,False,False,compact_but_broken,0,0,tight_only
2007448,163,22565,22629,high_block,2133.8286749999997,False,False,compact_but_broken,0,0,tight_only
2007448,173,23597,23612,medium_block,1408.0492000000002,False,False,compact_but_broken,0,0,tight_only
2007448,175,23625,23887,low_block,1140.9870500000002,True,False,compact_but_broken,1,5,5_free_attackers;ball_inside_shape
2007448,176,23887,24043,medium_block,1479.57405,False,False,compact_but_broken,1,0,ball_inside_shape
2007448,177,24135,24229,medium_block,1545.2575,False,False,compact_but_broken,1,0,ball_inside_shape
2007448,179,24394,24456,medium_block,1404.1544999999999,False,False,compact_but_broken,0,0,tight_only
2007448,181,24476,24541,medium_block,1547.91005,False,False,compact_but_broken,1,0,ball_inside_shape
2007448,184,24884,24921,high_block,2043.4424999999999,False,False,compact_but_broken,0,0,tight_only
2007448,189,26218,26350,medium_block,1190.7,False,False,compact_but_broken,1,0,ball_inside_shape
2007448,198,28820,28912,medium_block,1633.741125,False,False,compact_but_broken,0,0,tight_only
2007448,201,29298,29304,medium_block,1414.336,False,False,compact_but_broken,0,0,tight_only
2007448,202,29304,29350,high_block,1418.4672,False,False,compact_but_broken,0,0,tight_only
2007448,206,29550,29577,high_block,1878.510225,False,False,compact_but_broken,0,0,tight_only
2007448,208,29579,29714,high_block,2110.7093999999997,False,False,compact_but_broken,0,0,tight_only
2007448,211,29828,29906,low_block,1203.4855,True,False,compact_but_broken,1,5,5_free_attackers;ball_inside_shape
2007448,213,30178,30207,medium_block,1642.3459,False,False,compact_but_broken,0,0,tight_only
2007448,214,30207,30286,high_block,1892.1798000000001,False,False,compact_but_broken,0,0,tight_only
2007448,220,30613,30645,medium_block,1426.9879,False,False,compact_but_broken,0,0,tight_only
2007448,235,32747,32851,medium_block,1606.058425,False,False,compact_but_broken,0,0,tight_only
2007448,236,32851,32891,high_block,1925.43615,False,False,compact_but_broken,0,0,tight_only
2007448,245,33533,33593,high_block,2123.380725,False,False,compact_but_broken,0,0,tight_only
2007448,251,33952,34085,medium_block,1603.1953250000001,False,False,compact_but_broken,1,0,ball_inside_shape
2007448,261,36268,36389,low_block,1224.2223,False,False,compact_but_broken,1,0,ball_inside_shape
2007448,262,37005,37037,low_block,1082.7624250000001,True,False,compact_but_broken,0,0,tight_only
2007448,263,37037,37069,medium_block,1195.35535,True,False,compact_but_broken,0,0,tight_only
2007448,265,37123,37161,medium_block,1373.1840499999998,True,False,compact_but_broken,0,0,tight_only
2007448,267,37448,37542,medium_block,1523.0832000000003,False,False,compact_but_broken,0,0,tight_only
2007448,271,37709,37749,low_block,1000.6141249999998,False,False,compact_but_broken,0,0,tight_only
2007448,272,37749,37770,medium_block,1132.5467999999998,False,False,compact_but_broken,0,0,tight_only
2007448,274,37799,37853,medium_block,1614.4133250000002,False,False,compact_but_broken,1,0,ball_inside_shape
2007448,278,38315,38350,medium_block,1516.8187749999997,False,False,compact_but_broken,0,0,tight_only
2007448,279,38350,38414,high_block,1887.883875,False,False,compact_but_broken,0,0,tight_only
2007448,287,38643,38732,medium_block,1578.62,False,False,compact_but_broken,0,0,tight_only
2007448,298,40613,40656,low_block,1024.00665,False,False,compact_but_broken,0,0,tight_only
2007448,303,41118,41168,medium_block,1203.675725,True,False,compact_but_broken,1,5,5_free_attackers;ball_inside_shape
2007448,306,41377,41490,high_block,2150.5363500000003,False,False,compact_but_broken,0,0,tight_only
2007448,316,42804,42892,medium_block,1567.3019250000002,False,False,compact_but_broken,0,0,tight_only
2007448,320,43043,43321,medium_block,1354.30405,False,False,compact_but_broken,1,0,ball_inside_shape
2007448,329,45144,45172,low_block,940.127525,False,False,compact_but_broken,0,0,tight_only
2007448,330,45172,45334,medium_block,1211.9368749999999,False,False,compact_but_broken,1,0,ball_inside_shape
2007448,333,45443,45574,low_block,1112.4703,False,False,compact_but_broken,1,0,ball_inside_shape;beaten_engagement
2007448,337,45777,45850,high_block,1827.328125,False,False,compact_but_broken,1,0,ball_inside_shape
2007448,348,47404,47471,low_block,1119.430125,False,False,compact_but_broken,0,0,tight_only
2007448,349,47550,47665,low_block,804.6423,False,False,compact_but_broken,0,0,tight_only
2007448,350,47665,47777,medium_block,1407.4967500000002,False,False,compact_but_broken,1,0,ball_inside_shape
2007448,355,48709,48742,low_block,974.7729499999999,False,False,compact_but_broken,0,0,tight_only
2007448,356,48742,48798,medium_block,1193.0912,False,False,compact_but_broken,0,0,tight_only
2007448,368,50100,50106,medium_block,1491.672975,False,False,compact_but_broken,0,0,tight_only
2007448,369,50106,50174,high_block,1753.9104,False,False,compact_but_broken,0,0,tight_only
2007448,373,50427,50652,low_block,1174.1288,False,False,compact_but_broken,1,0,ball_inside_shape
2007448,375,50696,50722,low_block,683.19825,True,False,compact_but_broken,1,4,4_free_attackers;ball_inside_shape;beaten_engagement
2007448,379,51566,51567,medium_block,1539.4553,False,False,compact_but_broken,0,0,tight_only
2007448,380,51567,51631,high_block,2127.0978,False,False,compact_but_broken,0,0,tight_only
2007448,385,52243,52285,low_block,964.853875,False,False,compact_but_broken,1,0,ball_inside_shape
2007448,391,52705,52791,medium_block,1543.270125,False,False,compact_but_broken,0,0,tight_only
2007448,393,52811,52936,medium_block,1579.5681,False,False,compact_but_broken,0,0,tight_only
2007448,395,53012,53054,medium_block,1449.0206500000002,False,False,compact_but_broken,1,0,ball_inside_shape
2007448,399,54238,54258,low_block,1218.4185750000001,False,False,compact_but_broken,0,0,tight_only
2007448,401,54469,54783,low_block,872.3871,True,True,compact_but_broken,1,4,4_free_attackers;ball_inside_shape
2007448,404,55854,55918,low_block,1176.3988499999998,False,False,compact_but_broken,0,0,tight_only
2007448,405,56119,56142,low_block,1214.8034249999998,False,False,compact_but_broken,0,0,tight_only
2007448,411,57250,57263,medium_block,1081.4455749999997,True,False,compact_but_broken,1,4,4_free_attackers
2007448,412,57263,57328,low_block,1082.8444,True,False,compact_but_broken,1,3,3_free_attackers;ball_inside_shape;beaten_engagement
2007721,3,293,328,high_block,2145.7740000000003,False,False,compact_but_broken,0,0,tight_only
2007721,7,762,838,medium_block,1633.2800000000002,False,False,compact_but_broken,1,0,ball_inside_shape
2007721,10,1383,1429,medium_block,1332.281575,True,False,compact_but_broken,0,0,tight_only
2007721,12,1529,1574,medium_block,1181.984375,True,False,compact_but_broken,1,5,5_free_attackers
2007721,13,1574,1645,low_block,979.0743000000001,True,False,compact_but_broken,1,5,5_free_attackers;ball_inside_shape;beaten_engagement
2007721,18,2678,2767,medium_block,1634.7501750000001,False,False,compact_but_broken,0,0,tight_only
2007721,20,2784,2933,medium_block,1534.088325,False,False,compact_but_broken,0,0,tight_only
2007721,23,3371,3407,medium_block,1061.48085,False,False,compact_but_broken,0,0,tight_only
2007721,27,3474,3492,medium_block,1602.372375,False,False,compact_but_broken,1,0,ball_inside_shape
2007721,28,3492,3508,high_block,1869.66,False,False,compact_but_broken,0,0,tight_only
2007721,38,4280,4439,medium_block,1633.5465,False,False,compact_but_broken,1,0,ball_inside_shape
2007721,44,4720,4756,low_block,737.6313,False,False,compact_but_broken,0,0,tight_only
2007721,47,5055,5413,low_block,521.7352,True,True,compact_but_broken,1,5,5_free_attackers;ball_inside_shape
2007721,48,6097,6109,medium_block,1579.084325,False,False,compact_but_broken,1,0,ball_inside_shape
2007721,49,6109,6135,high_block,1861.2479999999998,False,False,compact_but_broken,0,0,tight_only
2007721,61,8042,8385,medium_block,1613.7257499999996,False,False,compact_but_broken,1,0,ball_inside_shape
2007721,65,8834,9022,low_block,691.2591,False,False,compact_but_broken,1,0,ball_inside_shape
2007721,66,9022,9071,high_block,1820.8540000000003,False,False,compact_but_broken,1,0,ball_inside_shape
2007721,67,9071,9477,medium_block,1466.4221250000003,False,False,compact_but_broken,0,0,tight_only
2007721,72,10207,10292,high_block,2104.6592,False,False,compact_but_broken,0,0,tight_only
2007721,78,10474,10544,medium_block,1300.4292,False,False,compact_but_broken,1,0,ball_inside_shape
2007721,81,10662,10673,medium_block,1566.2690000000002,False,False,compact_but_broken,0,0,tight_only
2007721,82,10673,10730,high_block,1970.4728499999999,False,False,compact_but_broken,0,0,tight_only
2007721,85,10933,11186,medium_block,1469.5505500000002,False,False,compact_but_broken,0,0,tight_only
2007721,88,11430,11563,medium_block,1529.4594,False,False,compact_but_broken,0,0,tight_only
2007721,91,12088,12162,medium_block,1306.2552999999998,False,False,compact_but_broken,0,0,tight_only
2007721,95,12400,12543,medium_block,1478.1000000000001,True,False,compact_but_broken,0,0,tight_only
2007721,96,12543,12670,high_block,2095.4813,True,False,compact_but_broken,1,0,ball_inside_shape
2007721,98,12889,13144,low_block,990.2034,True,False,compact_but_broken,1,5,5_free_attackers;ball_inside_shape;beaten_engagement
2007721,105,14193,14427,medium_block,1483.001475,False,False,compact_but_broken,1,0,ball_inside_shape
2007721,106,14427,14446,low_block,1210.19795,False,False,compact_but_broken,1,0,ball_inside_shape
2007721,113,15009,15109,medium_block,1491.9940000000001,False,False,compact_but_broken,0,0,tight_only
2007721,119,15589,15637,medium_block,1426.52625,True,False,compact_but_broken,1,5,5_free_attackers;ball_inside_shape
2007721,126,16406,16607,medium_block,1600.271825,False,False,compact_but_broken,1,0,ball_inside_shape
2007721,135,17267,17323,high_block,2126.76975,True,False,compact_but_broken,0,0,tight_only
2007721,136,17323,17443,medium_block,1564.1225000000002,True,False,compact_but_broken,1,0,ball_inside_shape
2007721,137,17443,17852,low_block,996.907,True,False,compact_but_broken,1,5,5_free_attackers;ball_inside_shape
2007721,138,18140,18417,medium_block,1364.0925,False,False,compact_but_broken,1,0,ball_inside_shape
2007721,139,18417,18626,low_block,1156.0877249999999,False,False,compact_but_broken,1,0,ball_inside_shape
2007721,140,18626,18649,medium_block,1056.212625,False,False,compact_but_broken,0,0,tight_only
2007721,141,18649,18750,low_block,1157.614,False,False,compact_but_broken,1,0,ball_inside_shape
2007721,152,20161,20217,low_block,1150.485825,False,False,compact_but_broken,0,0,tight_only
2007721,159,20963,21133,medium_block,1516.7220000000002,False,False,compact_but_broken,0,0,tight_only
2007721,161,21284,21340,low_block,898.190975,True,False,compact_but_broken,1,0,ball_inside_shape
2007721,162,21340,21438,medium_block,1307.7351,True,False,compact_but_broken,0,0,tight_only
2007721,164,21719,21753,medium_block,1245.83705,True,False,compact_but_broken,0,0,tight_only
2007721,165,21753,21867,low_block,1083.3301500000002,True,False,compact_but_broken,1,5,5_free_attackers;ball_inside_shape;beaten_engagement
2007721,168,22700,22745,medium_block,1015.0748500000002,False,False,compact_but_broken,1,0,ball_inside_shape
2007721,174,23346,23584,medium_block,1366.9038,False,False,compact_but_broken,1,0,ball_inside_shape
2007721,175,23584,23658,low_block,1118.1302,False,False,compact_but_broken,1,0,ball_inside_shape
2007721,176,23733,23833,low_block,1170.20925,False,False,compact_but_broken,1,0,ball_inside_shape
2007721,177,23833,23843,medium_block,1262.0369,False,False,compact_but_broken,0,0,tight_only
2007721,181,24050,24094,high_block,2070.39885,False,False,compact_but_broken,0,0,tight_only
2007721,186,24454,24481,low_block,1088.0910999999999,False,False,compact_but_broken,0,0,tight_only
2007721,187,24481,24554,medium_block,1294.1990250000001,False,False,compact_but_broken,0,0,tight_only
2007721,189,24595,24635,medium_block,1435.38525,False,False,compact_but_broken,0,0,tight_only
2007721,190,25061,25120,medium_block,921.9694499999999,False,False,compact_but_broken,0,0,tight_only
2007721,196,25517,25632,low_block,1194.92055,True,False,compact_but_broken,1,5,5_free_attackers;ball_inside_shape;beaten_engagement
2007721,199,26053,26196,medium_block,1499.557625,False,False,compact_but_broken,1,0,ball_inside_shape
2007721,200,26196,26266,low_block,1191.7216999999998,False,False,compact_but_broken,1,0,ball_inside_shape
2007721,203,26406,26460,medium_block,1267.31875,False,False,compact_but_broken,0,0,tight_only
2007721,205,26546,26567,medium_block,1248.2802,False,False,compact_but_broken,0,0,tight_only
2007721,207,26596,26667,medium_block,1593.96895,False,False,compact_but_broken,0,0,tight_only
2007721,211,26761,26887,low_block,880.6392,True,False,compact_but_broken,1,5,5_free_attackers;ball_inside_shape
2007721,213,27709,27770,high_block,1591.027125,False,False,compact_but_broken,1,0,ball_inside_shape
2007721,216,27843,27914,medium_block,1301.20695,False,False,compact_but_broken,0,0,tight_only
2007721,218,28205,28317,medium_block,1510.4421,False,False,compact_but_broken,1,0,ball_inside_shape
2007721,221,28524,28568,high_block,2036.4772500000001,False,False,compact_but_broken,0,0,tight_only
2007721,225,28959,29031,high_block,2094.84355,False,False,compact_but_broken,1,0,ball_inside_shape
2007721,234,30328,30445,medium_block,1384.23555,False,False,compact_but_broken,0,0,tight_only
2007721,238,30785,30860,low_block,1184.6191500000002,False,False,compact_but_broken,1,0,ball_inside_shape
2007721,243,31134,31465,medium_block,1282.309675,False,False,compact_but_broken,1,0,ball_inside_shape
2007721,244,31465,31500,low_block,1044.28625,False,False,compact_but_broken,0,0,tight_only
2007721,246,31844,31869,medium_block,1605.3491999999999,False,False,compact_but_broken,0,0,tight_only
2007721,250,31980,32036,medium_block,1580.2684,False,False,compact_but_broken,0,0,tight_only
2007721,251,32036,32077,low_block,1199.7796,False,False,compact_but_broken,1,0,beaten_engagement
2007721,253,32419,32505,low_block,1062.677,False,False,compact_but_broken,1,0,ball_inside_shape
2007721,254,32505,32523,medium_block,1254.8961749999999,False,False,compact_but_broken,0,0,tight_only
2007721,256,32531,32538,medium_block,1436.5620000000004,False,False,compact_but_broken,1,0,ball_inside_shape
2007721,257,32538,32748,low_block,912.6215749999999,False,False,compact_but_broken,1,0,ball_inside_shape
2007721,264,33445,33471,low_block,1190.438025,True,False,compact_but_broken,1,5,5_free_attackers;ball_inside_shape
2007721,267,33844,33912,high_block,1834.8381499999998,False,False,compact_but_broken,1,0,ball_inside_shape
2007721,270,34034,34110,medium_block,1372.057675,False,False,compact_but_broken,1,0,ball_inside_shape
2007721,277,34924,34964,high_block,1969.3913,False,False,compact_but_broken,1,0,ball_inside_shape
2007721,281,35050,35183,medium_block,1261.32335,False,False,compact_but_broken,1,0,ball_inside_shape
2007721,282,35183,35249,low_block,996.1885500000001,False,False,compact_but_broken,1,0,ball_inside_shape
2007721,286,35381,35488,medium_block,1461.20665,False,False,compact_but_broken,1,0,ball_inside_shape
2007721,288,35497,35553,medium_block,1486.79565,False,False,compact_but_broken,1,0,ball_inside_shape
2007721,289,35553,35629,low_block,1170.7258,False,False,compact_but_broken,1,0,ball_inside_shape;beaten_engagement
2007721,291,35735,35783,medium_block,1512.3909750000003,False,False,compact_but_broken,0,0,tight_only
2007721,293,35911,35926,medium_block,1122.519175,False,False,compact_but_broken,0,0,tight_only
2007721,295,36020,36117,medium_block,1566.686,False,False,compact_but_broken,0,0,tight_only
2007721,301,36768,36961,low_block,1018.02225,False,False,compact_but_broken,1,0,ball_inside_shape;beaten_engagement
2007721,302,37482,37661,low_block,1165.02425,False,False,compact_but_broken,1,0,ball_inside_shape
2007721,303,37661,37719,medium_block,1491.1038250000001,False,False,compact_but_broken,0,0,tight_only
2007721,309,38437,38537,medium_block,1541.1856500000001,True,False,compact_but_broken,1,5,5_free_attackers;ball_inside_shape;beaten_engagement
2007721,310,38537,38561,low_block,968.8341749999998,True,False,compact_but_broken,1,5,5_free_attackers;beaten_engagement
2007721,318,39842,39959,low_block,1204.7173500000001,False,False,compact_but_broken,0,0,tight_only
2007721,349,44480,44558,medium_block,1595.9424,False,False,compact_but_broken,0,0,tight_only
2007721,353,46018,46164,high_block,1742.08125,False,False,compact_but_broken,1,0,ball_inside_shape
2007721,359,47969,48072,medium_block,1326.0511999999999,False,False,compact_but_broken,0,0,tight_only
2007721,361,48107,48304,medium_block,1396.5368250000004,False,False,compact_but_broken,1,0,ball_inside_shape
2007721,363,48351,48354,medium_block,1537.2867999999999,False,False,compact_but_broken,0,0,tight_only
2007721,379,51400,51465,low_block,966.6673999999999,False,False,compact_but_broken,0,0,tight_only
2007721,399,53597,53626,medium_block,1366.8397750000001,False,False,compact_but_broken,0,0,tight_only
2007721,419,56283,56441,high_block,1831.0825,False,False,compact_but_broken,1,0,ball_inside_shape
2007721,428,57394,57436,low_block,1025.2878750000002,False,False,compact_but_broken,1,0,ball_inside_shape
2010085,5,449,530,medium_block,1274.8049999999998,False,False,compact_but_broken,0,0,tight_only
2010085,11,1278,1333,medium_block,1205.117925,False,False,compact_but_broken,1,0,ball_inside_shape
2010085,20,1789,1799,medium_block,1564.2078750000003,False,False,compact_but_broken,0,0,tight_only
2010085,21,1799,1879,high_block,1990.9716000000003,False,False,compact_but_broken,0,0,tight_only
2010085,23,1956,2113,medium_block,1621.4417999999998,False,False,compact_but_broken,0,0,tight_only
2010085,25,2177,2196,medium_block,1145.1307,False,False,compact_but_broken,0,0,tight_only
2010085,26,2196,2502,low_block,1064.0191,False,False,compact_but_broken,1,0,ball_inside_shape
2010085,45,7062,7240,medium_block,1614.0603000000003,False,False,compact_but_broken,1,0,ball_inside_shape
2010085,48,7544,7660,high_block,2101.71045,False,False,compact_but_broken,0,0,tight_only
2010085,53,7960,7974,medium_block,1364.5899249999998,False,False,compact_but_broken,0,0,tight_only
2010085,57,8296,8355,medium_block,1358.7209999999998,False,False,compact_but_broken,0,0,tight_only
2010085,62,9123,9432,medium_block,1437.9156,False,False,compact_but_broken,0,0,tight_only
2010085,82,11618,11899,low_block,1154.5279999999998,True,False,compact_but_broken,1,5,5_free_attackers;ball_inside_shape;beaten_engagement
2010085,89,13182,13407,low_block,957.66,False,False,compact_but_broken,0,0,tight_only
2010085,90,13541,13865,low_block,664.311725,True,False,compact_but_broken,1,5,5_free_attackers;ball_inside_shape
2010085,100,14952,15426,low_block,1195.2425250000001,False,False,compact_but_broken,1,0,ball_inside_shape
2010085,101,15426,15613,medium_block,1330.615,False,False,compact_but_broken,1,0,ball_inside_shape
2010085,102,15613,16019,low_block,1090.1802500000001,False,False,compact_but_broken,1,0,ball_inside_shape
2010085,104,16079,16163,low_block,1041.08435,False,False,compact_but_broken,0,0,tight_only
2010085,106,16420,16505,low_block,987.6959999999998,False,False,compact_but_broken,1,0,ball_inside_shape
2010085,110,17896,17924,high_block,1958.00625,False,False,compact_but_broken,0,0,tight_only
2010085,114,18368,18425,medium_block,1323.501025,False,False,compact_but_broken,0,0,tight_only
2010085,118,18556,18630,high_block,2000.1563999999998,False,False,compact_but_broken,0,0,tight_only
2010085,123,19516,19708,medium_block,1490.78655,False,False,compact_but_broken,1,0,ball_inside_shape
2010085,128,20222,20249,low_block,1075.9056,False,False,compact_but_broken,0,0,tight_only
2010085,129,20249,20299,medium_block,1356.970925,False,False,compact_but_broken,1,0,ball_inside_shape
2010085,132,20534,20772,low_block,686.8863749999999,False,False,compact_but_broken,1,0,ball_inside_shape
2010085,133,21465,21505,low_block,898.61235,False,False,compact_but_broken,0,0,tight_only
2010085,134,21505,21623,medium_block,1508.1109000000004,False,False,compact_but_broken,0,0,tight_only
2010085,135,21623,21719,high_block,2062.5319999999997,False,False,compact_but_broken,0,0,tight_only
2010085,141,22190,22290,medium_block,1440.5459999999998,False,False,compact_but_broken,1,0,ball_inside_shape
2010085,148,22767,22790,medium_block,1234.470375,False,False,compact_but_broken,0,0,tight_only
2010085,160,23817,23842,high_block,2064.3257249999997,True,False,compact_but_broken,0,0,tight_only
2010085,161,23842,23892,medium_block,1637.1565,True,False,compact_but_broken,1,0,ball_inside_shape
2010085,162,23892,23954,high_block,1821.3996,True,False,compact_but_broken,1,0,ball_inside_shape
2010085,166,24454,24509,medium_block,1455.8427,False,False,compact_but_broken,1,0,ball_inside_shape
2010085,170,24815,24911,medium_block,1463.2133999999999,False,False,compact_but_broken,0,0,tight_only
2010085,171,24911,24966,high_block,2105.489,False,False,compact_but_broken,0,0,tight_only
2010085,176,25296,25352,high_block,2170.9026,False,False,compact_but_broken,0,0,tight_only
2010085,187,26905,26999,high_block,2148.0843999999997,False,False,compact_but_broken,0,0,tight_only
2010085,196,29139,29171,medium_block,1518.7916,False,False,compact_but_broken,1,0,ball_inside_shape
2010085,198,29378,29404,medium_block,1567.187475,False,False,compact_but_broken,0,0,tight_only
2010085,202,29733,29857,medium_block,1611.5877249999999,False,False,compact_but_broken,0,0,tight_only
2010085,208,30344,30366,medium_block,1188.348525,False,False,compact_but_broken,0,0,tight_only
2010085,209,30366,30473,high_block,2025.1488250000002,False,False,compact_but_broken,0,0,tight_only
2010085,216,31349,31430,low_block,969.3075499999999,False,False,compact_but_broken,1,0,ball_inside_shape
2010085,231,33197,33219,low_block,557.7189999999999,True,False,compact_but_broken,1,5,5_free_attackers
2010085,232,33219,33419,high_block,2092.4509500000004,False,False,compact_but_broken,0,0,tight_only
2010085,243,35008,35114,medium_block,1038.8985750000002,False,False,compact_but_broken,1,0,ball_inside_shape
2010085,246,35349,35438,medium_block,1525.35435,False,False,compact_but_broken,0,0,tight_only
2010085,249,35855,35954,low_block,1164.4269,True,False,compact_but_broken,1,5,5_free_attackers;ball_inside_shape;beaten_engagement
2010085,251,36050,36505,low_block,928.8757,False,False,compact_but_broken,1,0,ball_inside_shape
2010085,252,36580,36845,low_block,1160.8914500000003,True,False,compact_but_broken,0,0,tight_only
2010085,257,37442,37504,high_block,1984.1981250000001,False,False,compact_but_broken,1,0,ball_inside_shape
2010085,265,37806,37881,medium_block,1590.94065,False,False,compact_but_broken,0,0,tight_only
2010085,267,37905,37952,medium_block,1467.79275,False,False,compact_but_broken,0,0,tight_only
2010085,268,37952,38102,low_block,950.4054,False,False,compact_but_broken,1,0,ball_inside_shape;beaten_engagement
2010085,285,39702,39841,high_block,2156.583625,False,False,compact_but_broken,0,0,tight_only
2010085,293,40737,40798,low_block,774.7782,False,False,compact_but_broken,1,0,ball_inside_shape
2010085,295,40916,41047,high_block,2134.259925,False,False,compact_but_broken,1,0,ball_inside_shape
2010085,298,41172,41350,low_block,1225.03185,False,False,compact_but_broken,1,0,ball_inside_shape
2010085,299,41350,41417,medium_block,1586.6986499999998,False,False,compact_but_broken,1,0,ball_inside_shape
2010085,315,43751,43861,high_block,2175.1747499999997,False,False,compact_but_broken,1,0,ball_inside_shape
2010085,319,44071,44094,medium_block,1539.57615,False,False,compact_but_broken,0,0,tight_only
2010085,321,44151,44252,medium_block,1601.7749999999999,False,False,compact_but_broken,1,0,ball_inside_shape
2010085,340,47880,47913,medium_block,1421.16675,False,False,compact_but_broken,1,0,ball_inside_shape
2010085,344,48548,48726,medium_block,1359.20355,False,False,compact_but_broken,1,0,ball_inside_shape
2010085,359,50064,50138,low_block,1051.2952000000002,False,False,compact_but_broken,1,0,ball_inside_shape
2010085,360,50138,50211,medium_block,1171.5240000000001,False,False,compact_but_broken,0,0,tight_only
2010085,365,50730,50800,medium_block,1298.723625,False,False,compact_but_broken,0,0,tight_only
2010085,367,50837,50937,medium_block,1512.9957750000003,False,False,compact_but_broken,1,0,ball_inside_shape
2010085,369,50992,51078,medium_block,1393.10325,False,False,compact_but_broken,0,0,tight_only
2010085,373,51401,51559,medium_block,1460.269125,False,False,compact_but_broken,0,0,tight_only
2010085,374,51559,51785,low_block,1155.0124000000003,False,False,compact_but_broken,1,0,ball_inside_shape
2010085,381,52950,52994,high_block,2143.9638,False,False,compact_but_broken,0,0,tight_only
2010085,385,54288,54317,medium_block,1494.42975,False,False,compact_but_broken,1,0,ball_inside_shape
2010085,388,54743,54785,medium_block,1130.1875999999997,False,False,compact_but_broken,1,0,ball_inside_shape
2010085,391,55031,55079,medium_block,1124.5653,False,False,compact_but_broken,1,0,ball_inside_shape
2010085,395,55286,55336,high_block,1861.5169500000002,False,False,compact_but_broken,0,0,tight_only
2010085,401,56663,56740,high_block,1909.31625,False,False,compact_but_broken,0,0,tight_only
2010085,404,56996,57033,medium_block,1292.8851750000001,False,False,compact_but_broken,0,0,tight_only
2010085,405,57033,57069,high_block,1808.1712,False,False,compact_but_broken,0,0,tight_only
2010085,418,58289,58426,medium_block,1609.5185999999999,False,False,compact_but_broken,0,0,tight_only
2010085,419,58426,58519,high_block,2137.5389250000003,False,False,compact_but_broken,0,0,tight_only
2010085,422,58669,58861,low_block,1038.6898999999999,True,False,compact_but_broken,1,5,5_free_attackers;ball_inside_shape;beaten_engagement
2011166,4,2623,2724,low_block,1155.941775,True,False,compact_but_broken,1,6,6_free_attackers;ball_inside_shape
2011166,6,3089,3312,medium_block,1479.3118000000002,False,False,compact_but_broken,0,0,tight_only
2011166,9,3399,3493,high_block,2142.3498250000002,False,False,compact_but_broken,0,0,tight_only
2011166,11,3533,3576,medium_block,1332.2433749999998,False,False,compact_but_broken,1,0,ball_inside_shape
2011166,13,3712,3817,medium_block,1566.7344,False,False,compact_but_broken,1,0,ball_inside_shape
2011166,14,3817,3856,high_block,2153.7589,False,False,compact_but_broken,0,0,tight_only
2011166,17,4113,4166,low_block,741.0725,True,True,compact_but_broken,1,6,6_free_attackers;ball_inside_shape;beaten_engagement
2011166,18,4790,4890,medium_block,1472.2470250000001,False,False,compact_but_broken,0,0,tight_only
2011166,24,5146,5156,low_block,935.3025499999999,True,False,compact_but_broken,1,3,3_free_attackers;ball_inside_shape
2011166,26,5286,5439,low_block,963.2565,False,False,compact_but_broken,0,0,tight_only
2011166,30,6214,6302,high_block,2084.696275,False,False,compact_but_broken,1,0,ball_inside_shape
2011166,32,6307,6452,high_block,1849.8202249999997,False,False,compact_but_broken,1,0,ball_inside_shape
2011166,40,7084,7096,low_block,911.580925,False,False,compact_but_broken,0,0,tight_only
2011166,41,7096,7222,medium_block,1275.85,False,False,compact_but_broken,0,0,tight_only
2011166,43,7255,7329,medium_block,1631.1488000000002,False,False,compact_but_broken,0,0,tight_only
2011166,45,7383,7464,medium_block,1559.0322,False,False,compact_but_broken,1,0,ball_inside_shape
2011166,47,7624,7635,medium_block,1270.6246500000002,False,False,compact_but_broken,0,0,tight_only
2011166,51,7940,8135,high_block,2092.140625,True,True,compact_but_broken,1,2,2_free_attackers;ball_inside_shape
2011166,61,9784,9807,medium_block,1639.2948,False,False,compact_but_broken,1,0,ball_inside_shape
2011166,65,10234,10309,high_block,2076.2703,True,False,compact_but_broken,0,0,tight_only
2011166,67,10406,10552,low_block,1159.6929,True,False,compact_but_broken,1,6,6_free_attackers;ball_inside_shape;beaten_engagement
2011166,69,10583,10606,medium_block,1623.803625,False,False,compact_but_broken,1,0,ball_inside_shape
2011166,70,10606,10690,high_block,2008.396,False,False,compact_but_broken,0,0,tight_only
2011166,73,11275,11338,high_block,1884.6879999999999,False,False,compact_but_broken,1,0,ball_inside_shape
2011166,79,11681,11776,low_block,972.9601499999999,False,False,compact_but_broken,0,0,tight_only
2011166,85,12359,12391,medium_block,1516.7715,False,False,compact_but_broken,1,0,ball_inside_shape
2011166,86,12391,12449,low_block,1091.217625,False,False,compact_but_broken,1,0,ball_inside_shape
2011166,90,12561,12593,low_block,1059.28275,False,False,compact_but_broken,0,0,tight_only
2011166,91,12593,12629,medium_block,1456.921775,False,False,compact_but_broken,0,0,tight_only
2011166,98,13219,13318,medium_block,1343.6807999999996,False,False,compact_but_broken,0,0,tight_only
2011166,99,13318,13364,low_block,1212.755775,False,False,compact_but_broken,1,0,ball_inside_shape
2011166,101,13766,13835,high_block,2025.61615,False,False,compact_but_broken,0,0,tight_only
2011166,110,14603,14692,medium_block,1515.8064499999998,False,False,compact_but_broken,0,0,tight_only
2011166,112,14710,14756,medium_block,1202.961,False,False,compact_but_broken,0,0,tight_only
2011166,113,14756,14912,low_block,1066.8528,False,False,compact_but_broken,1,0,ball_inside_shape
2011166,116,15433,15457,low_block,761.32685,False,False,compact_but_broken,1,0,ball_inside_shape;beaten_engagement
2011166,128,17796,17819,high_block,1702.3152,False,False,compact_but_broken,0,0,tight_only
2011166,131,17878,17923,medium_block,1593.5456,False,False,compact_but_broken,0,0,tight_only
2011166,136,18657,18725,high_block,2063.5048,False,False,compact_but_broken,1,0,ball_inside_shape
2011166,148,19727,19755,medium_block,1172.3625,False,False,compact_but_broken,0,0,tight_only
2011166,149,19755,19885,low_block,1093.273025,False,False,compact_but_broken,0,0,tight_only
2011166,150,19885,19909,medium_block,1272.9796,False,False,compact_but_broken,0,0,tight_only
2011166,151,19909,20021,low_block,1206.0078749999998,False,False,compact_but_broken,1,0,ball_inside_shape
2011166,165,22641,22827,low_block,917.1399,False,False,compact_but_broken,1,0,ball_inside_shape
2011166,168,23204,23259,medium_block,1151.17875,False,False,compact_but_broken,1,0,ball_inside_shape
2011166,175,24006,24219,low_block,651.01335,True,False,compact_but_broken,1,6,6_free_attackers;ball_inside_shape
2011166,176,24560,24613,medium_block,1104.43305,False,False,compact_but_broken,0,0,tight_only
2011166,178,24619,24656,medium_block,1282.72545,False,False,compact_but_broken,1,0,ball_inside_shape;beaten_engagement
2011166,179,24656,24741,low_block,1145.7143999999998,False,False,compact_but_broken,1,0,ball_inside_shape;beaten_engagement
2011166,198,28946,28979,high_block,2039.09475,False,False,compact_but_broken,0,0,tight_only
2011166,203,29851,29862,low_block,230.056,True,True,compact_but_broken,1,3,3_free_attackers;ball_inside_shape
2011166,207,30709,30788,low_block,1160.2284750000001,False,False,compact_but_broken,1,0,ball_inside_shape
2011166,214,41823,41883,medium_block,1636.4900000000002,True,False,compact_but_broken,1,6,6_free_attackers;beaten_engagement
2011166,223,42473,42588,medium_block,1501.3762499999998,False,False,compact_but_broken,1,0,ball_inside_shape
2011166,226,42842,42908,low_block,1118.5478,False,False,compact_but_broken,0,0,tight_only
2011166,229,43076,43240,medium_block,1474.7151500000002,False,False,compact_but_broken,1,0,ball_inside_shape
2011166,234,43628,43725,low_block,811.7183,True,False,compact_but_broken,1,0,ball_inside_shape
2011166,236,44511,44574,medium_block,1530.6637499999997,False,False,compact_but_broken,0,0,tight_only
2011166,237,44574,44606,high_block,1892.9155500000002,False,False,compact_but_broken,0,0,tight_only
2011166,242,45005,45008,medium_block,1270.8120749999998,False,False,compact_but_broken,1,0,ball_inside_shape
2011166,246,45272,45285,low_block,1131.5679499999999,True,False,compact_but_broken,0,0,tight_only
2011166,247,45285,45372,medium_block,1345.8441,True,False,compact_but_broken,0,0,tight_only
2011166,248,45372,45490,low_block,1200.958,True,False,compact_but_broken,1,6,6_free_attackers
2011166,255,46298,46354,high_block,2176.4135250000004,False,False,compact_but_broken,0,0,tight_only
2011166,282,50664,50834,low_block,1205.18715,False,False,compact_but_broken,1,0,ball_inside_shape
2011166,288,51706,51821,medium_block,1350.5840500000002,True,False,compact_but_broken,1,0,ball_inside_shape
2011166,295,53656,53682,high_block,2005.83765,False,False,compact_but_broken,0,0,tight_only
2011166,305,54584,54711,medium_block,1567.98405,True,False,compact_but_broken,1,0,ball_inside_shape
2011166,306,54711,54948,low_block,876.0979500000001,True,False,compact_but_broken,1,5,5_free_attackers;ball_inside_shape
2011166,308,55443,55454,medium_block,1297.8818999999999,False,False,compact_but_broken,0,0,tight_only
2011166,309,55454,55565,high_block,1439.4676,False,False,compact_but_broken,0,0,tight_only
2011166,311,55595,55602,medium_block,1463.7959,False,False,compact_but_broken,0,0,tight_only
2011166,312,55602,55669,low_block,1206.66,False,False,compact_but_broken,0,0,tight_only
2011166,315,56168,56196,medium_block,1448.3390500000003,False,False,compact_but_broken,0,0,tight_only
2011166,316,56196,56286,high_block,1888.7632500000002,False,False,compact_but_broken,0,0,tight_only
2011166,318,56341,56399,high_block,2032.489375,False,False,compact_but_broken,0,0,tight_only
2011166,323,57116,57148,medium_block,1521.1862749999998,False,False,compact_but_broken,0,0,tight_only
2011166,324,57148,57166,high_block,1926.1312500000004,False,False,compact_but_broken,0,0,tight_only
2011166,327,57229,57261,medium_block,1516.8624,True,False,compact_but_broken,1,0,ball_inside_shape
2011166,330,57717,57782,medium_block,1555.689,False,False,compact_but_broken,1,0,ball_inside_shape
2011166,332,57839,57870,high_block,1606.7519999999997,False,False,compact_but_broken,0,0,tight_only
2011166,336,58139,58156,medium_block,1174.0608750000001,False,False,compact_but_broken,1,0,ball_inside_shape
2011166,339,58429,58464,high_block,1651.3392000000001,False,False,compact_but_broken,0,0,tight_only
2011166,360,60314,60415,medium_block,1482.7887,False,False,compact_but_broken,0,0,tight_only
2011166,365,62109,62303,low_block,753.51915,False,False,compact_but_broken,1,0,ball_inside_shape;beaten_engagement
2011166,378,63826,63909,medium_block,1451.8917,False,False,compact_but_broken,1,0,ball_inside_shape
2011166,386,64532,64567,medium_block,1475.4654000000003,False,False,compact_but_broken,1,0,ball_inside_shape
2011166,392,64758,64772,medium_block,1561.34245,False,False,compact_but_broken,0,0,tight_only
2011166,393,64772,65017,low_block,1146.1612499999999,False,False,compact_but_broken,1,0,ball_inside_shape
2011166,395,65474,65512,medium_block,1251.9873,True,False,compact_but_broken,1,0,ball_inside_shape
2011166,396,65512,65643,low_block,1208.7066750000001,True,False,compact_but_broken,1,5,5_free_attackers
2011166,398,65972,66038,medium_block,1405.5844,False,False,compact_but_broken,0,0,tight_only
2011166,399,66230,66279,low_block,1153.128375,False,False,compact_but_broken,0,0,tight_only
2011166,400,66279,66299,medium_block,1262.5395750000002,False,False,compact_but_broken,0,0,tight_only
2011166,401,66299,66334,low_block,1037.646225,False,False,compact_but_broken,0,0,tight_only
2011166,415,68486,68566,high_block,1699.75455,False,False,compact_but_broken,1,0,ball_inside_shape
2011166,423,69277,69363,medium_block,1393.46515,False,False,compact_but_broken,0,0,tight_only
2011166,431,69909,69979,medium_block,1316.5828,False,False,compact_but_broken,1,0,ball_inside_shape
2011166,434,70612,70646,medium_block,1391.84175,False,False,compact_but_broken,0,0,tight_only
2013725,0,4043,4382,medium_block,1564.1405999999997,False,False,compact_but_broken,0,0,tight_only
2013725,1,4382,4411,high_block,1896.6457,False,False,compact_but_broken,0,0,tight_only
2013725,6,4698,4769,low_block,946.291625,False,False,compact_but_broken,0,0,tight_only
2013725,7,4769,5019,medium_block,1364.8904749999997,False,False,compact_but_broken,1,0,ball_inside_shape
2013725,11,5490,5541,medium_block,1230.6349,False,False,compact_but_broken,1,0,ball_inside_shape
2013725,21,8107,8120,medium_block,1452.7053749999998,False,False,compact_but_broken,1,0,ball_inside_shape
2013725,23,8396,8490,medium_block,1573.112,False,False,compact_but_broken,0,0,tight_only
2013725,28,8820,8886,low_block,908.6437500000001,False,False,compact_but_broken,0,0,tight_only
2013725,29,8886,8910,medium_block,1387.421875,False,False,compact_but_broken,0,0,tight_only
2013725,34,9554,9641,medium_block,1473.9932000000003,False,False,compact_but_broken,1,0,ball_inside_shape
2013725,51,11241,11280,high_block,1999.8514499999999,False,False,compact_but_broken,0,0,tight_only
2013725,55,11455,11509,low_block,932.795675,False,False,compact_but_broken,0,0,tight_only
2013725,57,11580,11828,medium_block,1564.2462500000001,False,False,compact_but_broken,0,0,tight_only
2013725,59,11861,11912,medium_block,1154.23915,False,False,compact_but_broken,1,0,ball_inside_shape
2013725,61,12320,12587,medium_block,1433.3586,False,False,compact_but_broken,1,0,ball_inside_shape
2013725,68,13098,13209,high_block,2130.0531250000004,False,False,compact_but_broken,1,0,ball_inside_shape
2013725,70,13271,13387,low_block,1087.8714,False,False,compact_but_broken,0,0,tight_only
2013725,74,14149,14233,medium_block,1180.225425,True,False,compact_but_broken,1,5,5_free_attackers;ball_inside_shape
2013725,80,14977,15044,medium_block,1294.2461250000001,False,False,compact_but_broken,0,0,tight_only
2013725,86,16082,16293,high_block,2110.02115,False,False,compact_but_broken,1,0,ball_inside_shape
2013725,99,18050,18071,medium_block,1236.87675,False,False,compact_but_broken,1,0,ball_inside_shape
2013725,118,20749,20773,high_block,2135.6844,False,False,compact_but_broken,0,0,tight_only
2013725,126,21622,21759,low_block,1193.682375,True,False,compact_but_broken,1,5,5_free_attackers
2013725,127,21759,21796,medium_block,1571.22,False,False,compact_but_broken,0,0,tight_only
2013725,131,22003,22088,medium_block,1584.19565,False,False,compact_but_broken,0,0,tight_only
2013725,133,22292,22318,high_block,2141.9903999999997,False,False,compact_but_broken,1,0,ball_inside_shape
2013725,140,23173,23195,medium_block,1574.72585,False,False,compact_but_broken,1,0,ball_inside_shape
2013725,141,23195,23238,high_block,1852.0246499999996,False,False,compact_but_broken,0,0,tight_only
2013725,149,24266,24300,medium_block,1490.8958,False,False,compact_but_broken,1,0,ball_inside_shape
2013725,157,25085,25195,low_block,833.384025,False,False,compact_but_broken,0,0,tight_only
2013725,184,29036,29083,high_block,2080.044175,False,False,compact_but_broken,0,0,tight_only
2013725,188,29172,29261,high_block,2061.1954999999994,False,False,compact_but_broken,1,0,ball_inside_shape
2013725,193,29759,29823,high_block,1881.0337499999998,False,False,compact_but_broken,0,0,tight_only
2013725,200,30158,30167,medium_block,1290.0615,False,False,compact_but_broken,0,0,tight_only
2013725,201,30167,30254,high_block,1808.8355,False,False,compact_but_broken,1,0,ball_inside_shape
2013725,204,30592,30622,medium_block,1399.6383749999998,False,False,compact_but_broken,0,0,tight_only
2013725,205,30622,30692,high_block,2010.0123000000003,False,False,compact_but_broken,0,0,tight_only
2013725,215,31054,31103,medium_block,1296.9619249999998,False,False,compact_but_broken,0,0,tight_only
2013725,217,31142,31162,medium_block,1330.925325,False,False,compact_but_broken,0,0,tight_only
2013725,222,31362,31391,medium_block,1417.904925,False,False,compact_but_broken,0,0,tight_only
2013725,223,31391,31497,high_block,1860.6588000000004,False,False,compact_but_broken,0,0,tight_only
2013725,233,41408,41439,medium_block,1184.6052,False,False,compact_but_broken,1,0,ball_inside_shape
2013725,234,41439,41456,low_block,1092.7180500000002,False,False,compact_but_broken,1,0,ball_inside_shape
2013725,257,44255,44338,medium_block,1554.0801,False,False,compact_but_broken,0,0,tight_only
2013725,267,45186,45337,medium_block,1344.3944,False,False,compact_but_broken,0,0,tight_only
2013725,272,45601,45637,low_block,1108.5018750000002,False,False,compact_but_broken,0,0,tight_only
2013725,273,45637,46015,medium_block,1584.535425,False,False,compact_but_broken,1,0,ball_inside_shape
2013725,288,47633,47655,high_block,2128.69465,False,False,compact_but_broken,0,0,tight_only
2013725,325,51825,51891,high_block,2164.9435750000002,True,False,compact_but_broken,1,0,ball_inside_shape
2013725,329,52760,52792,medium_block,1344.4375,False,False,compact_but_broken,0,0,tight_only
2013725,330,52792,52826,high_block,1752.3890000000004,False,False,compact_but_broken,0,0,tight_only
2013725,338,53615,53678,high_block,1935.914625,False,False,compact_but_broken,1,0,ball_inside_shape
2013725,345,53895,53952,high_block,2025.2004999999997,False,False,compact_but_broken,0,0,tight_only
2013725,354,54545,54629,medium_block,1367.2989000000002,True,False,compact_but_broken,1,0,ball_inside_shape
2013725,359,55026,55144,low_block,1100.835775,False,False,compact_but_broken,0,0,tight_only
2013725,362,55437,55562,medium_block,1535.0548,False,False,compact_but_broken,1,0,ball_inside_shape
2013725,364,56046,56378,low_block,997.1757999999999,False,False,compact_but_broken,1,0,ball_inside_shape
2013725,378,58029,58031,medium_block,1425.03045,False,False,compact_but_broken,1,0,ball_inside_shape
2013725,387,58420,58476,high_block,2123.0901999999996,False,False,compact_but_broken,1,0,ball_inside_shape
2013725,393,59404,59482,low_block,1187.3836000000001,False,False,compact_but_broken,1,0,ball_inside_shape
2013725,394,59482,59567,medium_block,1570.0163999999997,False,False,compact_but_broken,1,0,ball_inside_shape
2013725,418,62189,62320,low_block,743.94125,False,False,compact_but_broken,1,0,ball_inside_shape;beaten_engagement
2013725,423,63025,63074,medium_block,1208.6318,True,False,compact_but_broken,1,5,5_free_attackers;ball_inside_shape
2013725,424,63074,63121,low_block,1143.57915,True,False,compact_but_broken,1,5,5_free_attackers;ball_inside_shape;beaten_engagement
2013725,427,63476,63568,medium_block,1542.8534000000002,False,False,compact_but_broken,0,0,tight_only
2013725,429,63736,63849,medium_block,1559.5469999999998,False,False,compact_but_broken,0,0,tight_only
2013725,432,63902,63919,medium_block,1523.06465,False,False,compact_but_broken,0,0,tight_only
2013725,433,63919,64051,high_block,2015.50725,False,False,compact_but_broken,1,0,ball_inside_shape
2013725,440,65217,65278,low_block,1053.327375,False,False,compact_but_broken,1,0,ball_inside_shape
2013725,441,65278,65318,medium_block,1414.4507999999998,False,False,compact_but_broken,0,0,tight_only
2013725,444,65951,65959,medium_block,1262.1443749999999,False,False,compact_but_broken,0,0,tight_only
2013725,447,66660,66733,high_block,1856.1342999999997,False,False,compact_but_broken,0,0,tight_only
2013725,455,67197,67303,low_block,885.0039,True,False,compact_but_broken,1,5,5_free_attackers
2013725,459,68066,68155,medium_block,1365.7536,False,False,compact_but_broken,0,0,tight_only
2013725,461,68422,68452,medium_block,1390.1814,False,False,compact_but_broken,1,0,ball_inside_shape;beaten_engagement
2013725,468,68990,69009,low_block,1057.4401,False,False,compact_but_broken,0,0,tight_only
2013725,469,69009,69016,medium_block,1103.2,False,False,compact_but_broken,0,0,tight_only
2013725,470,69016,69077,low_block,1089.0462,False,False,compact_but_broken,0,0,tight_only
2013725,471,69166,69200,medium_block,1084.0912500000002,False,False,compact_but_broken,1,0,ball_inside_shape
2013725,472,69200,69331,low_block,796.4325,False,False,compact_but_broken,1,0,ball_inside_shape
2015213,2,2477,2541,high_block,1938.622475,False,False,compact_but_broken,0,0,tight_only
2015213,7,3059,3076,medium_block,1331.832325,False,False,compact_but_broken,1,0,ball_inside_shape
2015213,12,3413,3459,medium_block,1168.99205,False,False,compact_but_broken,1,0,ball_inside_shape
2015213,14,3852,3928,medium_block,1614.5584,False,False,compact_but_broken,1,0,ball_inside_shape
2015213,30,5119,5134,medium_block,1342.528125,False,False,compact_but_broken,0,0,tight_only
2015213,31,5134,5229,low_block,1202.5365000000002,False,False,compact_but_broken,0,0,tight_only
2015213,33,5567,5609,medium_block,1260.24245,False,False,compact_but_broken,1,0,ball_inside_shape
2015213,51,7330,7431,medium_block,1497.461575,False,False,compact_but_broken,0,0,tight_only
2015213,60,8147,8355,high_block,2097.7619000000004,False,False,compact_but_broken,0,0,tight_only
2015213,64,8961,9015,low_block,1195.68085,False,False,compact_but_broken,1,0,ball_inside_shape
2015213,65,9015,9053,medium_block,1388.38725,False,False,compact_but_broken,0,0,tight_only
2015213,90,11327,11394,high_block,2035.79325,False,False,compact_but_broken,1,0,ball_inside_shape
2015213,92,11554,11579,medium_block,1374.6582499999997,False,False,compact_but_broken,1,0,ball_inside_shape
2015213,99,12196,12202,medium_block,1471.1100249999997,False,False,compact_but_broken,0,0,tight_only
2015213,114,13991,14013,medium_block,1415.84625,False,False,compact_but_broken,1,0,ball_inside_shape
2015213,115,14013,14065,high_block,1628.02605,False,False,compact_but_broken,0,0,tight_only
2015213,118,14415,14480,high_block,2005.28145,False,False,compact_but_broken,0,0,tight_only
2015213,126,15124,15192,low_block,1146.4096,True,False,compact_but_broken,1,5,5_free_attackers;ball_inside_shape
2015213,130,16303,16336,high_block,2178.7972999999997,False,False,compact_but_broken,0,0,tight_only
2015213,140,17369,17425,high_block,2150.89875,False,False,compact_but_broken,0,0,tight_only
2015213,147,18056,18122,low_block,894.51725,True,False,compact_but_broken,1,5,5_free_attackers;ball_inside_shape
2015213,152,18683,18747,medium_block,1301.0582749999999,False,False,compact_but_broken,0,0,tight_only
2015213,153,18837,18912,medium_block,1300.0007999999998,False,False,compact_but_broken,1,0,ball_inside_shape
2015213,170,20796,20849,medium_block,1623.558425,False,False,compact_but_broken,1,0,ball_inside_shape
2015213,176,21745,21839,high_block,1510.70235,False,False,compact_but_broken,1,0,ball_inside_shape
2015213,178,21847,21911,medium_block,1641.3347500000002,False,False,compact_but_broken,0,0,tight_only
2015213,189,22914,23010,medium_block,1441.6212500000001,False,False,compact_but_broken,1,0,beaten_engagement
2015213,200,24437,24460,medium_block,1356.083575,True,False,compact_but_broken,0,0,tight_only
2015213,202,24478,24699,medium_block,1636.1559749999997,True,False,compact_but_broken,1,4,4_free_attackers;ball_inside_shape
2015213,205,25019,25059,high_block,2112.694125,False,False,compact_but_broken,0,0,tight_only
2015213,209,25229,25246,low_block,1169.583,False,False,compact_but_broken,1,0,ball_inside_shape
2015213,210,25246,25263,medium_block,1205.867475,False,False,compact_but_broken,1,0,ball_inside_shape
2015213,211,25263,25335,low_block,1229.713475,False,False,compact_but_broken,1,0,ball_inside_shape
2015213,212,25335,25407,medium_block,1292.3311749999998,False,False,compact_but_broken,1,0,beaten_engagement
2015213,213,25407,25466,low_block,1069.341,False,False,compact_but_broken,1,0,beaten_engagement
2015213,216,25830,25868,low_block,1179.3453749999999,False,False,compact_but_broken,0,0,tight_only
2015213,217,25868,25922,medium_block,1439.8382250000002,False,False,compact_but_broken,0,0,tight_only
2015213,218,25922,25975,high_block,2036.7811000000002,False,False,compact_but_broken,0,0,tight_only
2015213,225,26657,26719,medium_block,1140.8565000000003,False,False,compact_but_broken,0,0,tight_only
2015213,226,26905,27061,medium_block,1629.7057000000002,False,False,compact_but_broken,1,0,ball_inside_shape
2015213,255,30218,30258,medium_block,876.64325,False,False,compact_but_broken,1,0,ball_inside_shape
2015213,257,30387,30419,low_block,1008.0172249999998,False,False,compact_but_broken,1,0,ball_inside_shape
2015213,268,40683,40746,high_block,2067.9575250000003,False,False,compact_but_broken,0,0,tight_only
2015213,272,40903,40983,low_block,1014.7491250000002,True,False,compact_but_broken,1,5,5_free_attackers;ball_inside_shape
2015213,273,40983,41010,medium_block,854.3117500000002,True,False,compact_but_broken,1,5,5_free_attackers;ball_inside_shape;beaten_engagement
2015213,274,41010,41041,low_block,860.7914999999999,True,False,compact_but_broken,1,5,5_free_attackers;ball_inside_shape;beaten_engagement
2015213,278,41519,41554,low_block,1062.144,False,False,compact_but_broken,1,0,ball_inside_shape
2015213,279,41554,41645,medium_block,1362.677625,False,False,compact_but_broken,0,0,tight_only
2015213,282,41690,41871,medium_block,1557.8703750000002,False,False,compact_but_broken,1,0,ball_inside_shape
2015213,287,42370,42408,medium_block,1528.9344,False,False,compact_but_broken,0,0,tight_only
2015213,293,43618,43675,high_block,2143.88225,True,False,compact_but_broken,1,4,4_free_attackers
2015213,301,44118,44178,medium_block,1480.744,False,False,compact_but_broken,1,0,ball_inside_shape
2015213,310,44976,45006,high_block,2160.611,False,False,compact_but_broken,0,0,tight_only
2015213,318,46256,46312,low_block,1058.2377,False,False,compact_but_broken,1,0,ball_inside_shape
2015213,328,47794,47816,medium_block,1498.339625,True,False,compact_but_broken,0,0,tight_only
2015213,329,47816,47868,high_block,1849.56915,True,False,compact_but_broken,0,0,tight_only
2015213,331,47878,47892,high_block,2102.0175000000004,True,False,compact_but_broken,0,0,tight_only
2015213,352,51965,51986,medium_block,1415.9972750000002,False,False,compact_but_broken,1,0,ball_inside_shape
2015213,362,53219,53261,medium_block,1185.3054000000002,False,False,compact_but_broken,1,0,ball_inside_shape
2015213,372,54408,54446,medium_block,1303.5370249999999,True,False,compact_but_broken,1,5,5_free_attackers;ball_inside_shape
2015213,384,56475,56498,medium_block,449.1585,False,False,compact_but_broken,0,0,tight_only
2015213,385,56498,56521,high_block,1665.5766750000005,False,False,compact_but_broken,0,0,tight_only
2015213,386,56521,56594,medium_block,1523.9258999999997,False,False,compact_but_broken,1,0,ball_inside_shape
2015213,401,58851,58938,medium_block,1329.96745,False,False,compact_but_broken,0,0,tight_only
2015213,414,60666,60738,medium_block,1314.2427,False,False,compact_but_broken,1,0,ball_inside_shape
2015213,417,61046,61235,low_block,869.9402999999999,False,False,compact_but_broken,1,0,ball_inside_shape
2015213,419,62283,62361,medium_block,1262.3410000000001,False,False,compact_but_broken,1,0,ball_inside_shape
2015213,423,63151,63299,medium_block,1345.2881499999999,False,False,compact_but_broken,1,0,ball_inside_shape
2015213,424,63299,63385,low_block,1211.1616,False,False,compact_but_broken,0,0,tight_only
2015213,425,63385,63488,medium_block,1620.5079,False,False,compact_but_broken,0,0,tight_only
2015213,426,63488,63537,high_block,2178.6662000000006,False,False,compact_but_broken,0,0,tight_only
2015213,435,64423,64437,low_block,1022.1506250000001,False,False,compact_but_broken,0,0,tight_only
2015213,436,64437,64535,medium_block,1326.10845,False,False,compact_but_broken,1,0,ball_inside_shape;beaten_engagement
2015213,448,65909,65957,medium_block,1413.5154,False,False,compact_but_broken,1,0,ball_inside_shape
2015213,450,65986,66020,medium_block,1565.5665,False,False,compact_but_broken,0,0,tight_only
2015213,451,66020,66092,high_block,2063.481,False,False,compact_but_broken,0,0,tight_only
2015213,466,67811,67816,medium_block,1080.61265,False,False,compact_but_broken,0,0,tight_only
2015213,467,67816,67870,low_block,913.0932750000001,False,False,compact_but_broken,1,0,ball_inside_shape
2015213,468,67870,68066,high_block,2031.7614,False,False,compact_but_broken,0,0,tight_only
2015213,476,68749,68768,low_block,1000.5653000000001,False,False,compact_but_broken,0,0,tight_only
2015213,477,68768,68870,medium_block,1425.7964499999998,False,False,compact_but_broken,1,0,ball_inside_shape
2015213,484,69443,69456,high_block,1439.3253999999997,False,False,compact_but_broken,0,0,tight_only
2015213,485,69456,69534,medium_block,1304.010675,False,False,compact_but_broken,0,0,tight_only
2015213,488,70502,70610,low_block,921.5578499999999,True,True,compact_but_broken,1,4,4_free_attackers;ball_inside_shape
2016236,3,1292,1352,medium_block,1444.9149,False,False,compact_but_broken,0,0,tight_only
2016236,8,1505,1593,low_block,924.3722,False,False,compact_but_broken,0,0,tight_only
2016236,9,1593,1667,medium_block,1300.631325,False,False,compact_but_broken,0,0,tight_only
2016236,12,1712,1735,low_block,1117.61895,False,False,compact_but_broken,1,0,ball_inside_shape
2016236,13,1735,1801,medium_block,1397.2793999999997,False,False,compact_but_broken,0,0,tight_only
2016236,16,1884,1944,medium_block,1550.7720000000002,False,False,compact_but_broken,0,0,tight_only
2016236,18,1972,2011,medium_block,1511.3587499999999,False,False,compact_but_broken,1,0,ball_inside_shape
2016236,23,2470,2545,low_block,466.4509,True,True,compact_but_broken,1,6,6_free_attackers;ball_inside_shape;beaten_engagement
2016236,28,3760,3811,medium_block,852.7713999999999,False,False,compact_but_broken,1,0,ball_inside_shape
2016236,29,3811,3987,low_block,785.7621,False,False,compact_but_broken,1,0,ball_inside_shape;beaten_engagement
2016236,30,4168,4274,medium_block,1530.585,True,False,compact_but_broken,1,4,4_free_attackers;ball_inside_shape;beaten_engagement
2016236,39,5064,5173,medium_block,1474.8425249999998,False,False,compact_but_broken,1,0,ball_inside_shape
2016236,42,5790,5801,medium_block,1232.7525,False,False,compact_but_broken,0,0,tight_only
2016236,46,6044,6101,medium_block,1554.22925,True,False,compact_but_broken,1,5,5_free_attackers;ball_inside_shape
2016236,47,6101,6152,low_block,1144.949725,True,False,compact_but_broken,1,5,5_free_attackers;ball_inside_shape;beaten_engagement
2016236,49,6771,6805,medium_block,1338.025725,False,False,compact_but_broken,0,0,tight_only
2016236,62,7807,7896,medium_block,1520.5629999999999,False,False,compact_but_broken,0,0,tight_only
2016236,68,9032,9042,medium_block,1470.6275999999998,False,False,compact_but_broken,0,0,tight_only
2016236,72,9524,9652,high_block,1866.096375,False,False,compact_but_broken,0,0,tight_only
2016236,73,9652,9882,medium_block,1521.8292000000004,False,False,compact_but_broken,0,0,tight_only
2016236,74,9882,10078,low_block,1103.4042499999998,False,False,compact_but_broken,1,0,ball_inside_shape;beaten_engagement
2016236,76,10121,10125,low_block,1118.213525,True,False,compact_but_broken,0,0,tight_only
2016236,77,10125,10235,medium_block,1315.76625,True,False,compact_but_broken,1,5,5_free_attackers
2016236,78,10235,10297,low_block,1223.9667000000002,True,False,compact_but_broken,1,5,5_free_attackers;ball_inside_shape
2016236,80,11824,11828,medium_block,1146.2522,True,False,compact_but_broken,0,0,tight_only
2016236,81,11828,12064,low_block,688.1308,True,False,compact_but_broken,1,6,6_free_attackers;ball_inside_shape
2016236,86,12643,13088,low_block,1180.52935,False,False,compact_but_broken,1,0,ball_inside_shape
2016236,93,14190,14221,low_block,904.7996999999999,False,False,compact_but_broken,0,0,tight_only
2016236,94,14221,14277,medium_block,1617.5339999999999,False,False,compact_but_broken,0,0,tight_only
2016236,103,15061,15220,low_block,1184.41375,False,False,compact_but_broken,1,0,ball_inside_shape
2016236,104,15220,15333,medium_block,1378.40725,False,False,compact_but_broken,0,0,tight_only
2016236,110,15955,16011,low_block,567.884775,False,False,compact_but_broken,0,0,tight_only
2016236,116,16581,16635,low_block,877.72125,False,False,compact_but_broken,0,0,tight_only
2016236,117,16635,17003,medium_block,1397.4654,False,False,compact_but_broken,0,0,tight_only
2016236,120,17116,17148,medium_block,1077.6402,False,False,compact_but_broken,0,0,tight_only
2016236,128,18254,18340,high_block,2122.7808000000005,False,False,compact_but_broken,0,0,tight_only
2016236,140,19450,19513,medium_block,1384.9901249999998,False,False,compact_but_broken,0,0,tight_only
2016236,148,20880,21057,high_block,2144.1348,False,False,compact_but_broken,0,0,tight_only
2016236,149,21820,21898,medium_block,1463.6218,False,False,compact_but_broken,1,0,ball_inside_shape
2016236,152,21967,22024,medium_block,1415.4021000000002,False,False,compact_but_broken,1,0,ball_inside_shape
2016236,158,22432,22833,medium_block,1419.7004249999998,False,False,compact_but_broken,1,0,ball_inside_shape
2016236,167,23384,23679,high_block,1957.742375,False,False,compact_but_broken,0,0,tight_only
2016236,175,24499,24535,high_block,2165.188,False,False,compact_but_broken,0,0,tight_only
2016236,181,25280,25407,low_block,660.746925,False,False,compact_but_broken,1,0,ball_inside_shape
2016236,182,25407,25452,high_block,1877.7629000000002,False,False,compact_but_broken,1,0,ball_inside_shape
2016236,204,28200,28281,low_block,881.869,False,False,compact_but_broken,0,0,tight_only
2016236,217,30691,30765,medium_block,1394.1840499999998,False,False,compact_but_broken,1,0,ball_inside_shape
2016236,221,31260,31357,low_block,545.597375,True,False,compact_but_broken,1,6,6_free_attackers
2016236,226,41074,41246,high_block,1979.8023749999998,False,False,compact_but_broken,0,0,tight_only
2016236,230,41449,41547,high_block,2138.071,False,False,compact_but_broken,0,0,tight_only
2016236,240,42249,42293,medium_block,1623.96395,False,False,compact_but_broken,0,0,tight_only
2016236,241,42293,42375,high_block,2101.0751999999998,False,False,compact_but_broken,0,0,tight_only
2016236,252,43292,43323,medium_block,1227.8901,False,False,compact_but_broken,0,0,tight_only
2016236,254,43324,43341,medium_block,1396.4040000000002,False,False,compact_but_broken,0,0,tight_only
2016236,275,45724,45765,medium_block,1485.68875,False,False,compact_but_broken,1,0,ball_inside_shape
2016236,281,46224,46275,medium_block,1486.1697499999998,False,False,compact_but_broken,1,0,ball_inside_shape
2016236,283,46348,46360,medium_block,1103.7642,False,False,compact_but_broken,0,0,tight_only
2016236,285,46386,46408,medium_block,1436.7382999999998,False,False,compact_but_broken,0,0,tight_only
2016236,288,46752,46799,high_block,2003.34915,False,False,compact_but_broken,0,0,tight_only
2016236,295,47494,47505,medium_block,1622.9721000000002,False,False,compact_but_broken,0,0,tight_only
2016236,296,47505,47661,low_block,1191.3247,False,False,compact_but_broken,1,0,ball_inside_shape;beaten_engagement
2016236,297,47755,47839,low_block,1074.742425,False,False,compact_but_broken,1,0,ball_inside_shape
2016236,298,47839,47948,medium_block,1484.3191499999998,False,False,compact_but_broken,0,0,tight_only
2016236,300,47972,48030,medium_block,1373.9801999999997,False,False,compact_but_broken,1,0,ball_inside_shape
2016236,302,48083,48188,medium_block,1421.7784000000001,False,False,compact_but_broken,1,0,ball_inside_shape
2016236,325,52598,52779,medium_block,1425.2399999999998,False,False,compact_but_broken,1,0,ball_inside_shape
2016236,327,53298,53394,medium_block,1278.7137,False,False,compact_but_broken,0,0,tight_only
2016236,329,53486,53655,medium_block,1594.9809999999998,False,False,compact_but_broken,1,0,ball_inside_shape
2016236,330,53655,53672,high_block,2126.8158,False,False,compact_but_broken,0,0,tight_only
2016236,335,53786,53809,medium_block,1599.6216000000002,False,False,compact_but_broken,0,0,tight_only
2016236,336,53809,53845,high_block,1812.9752,False,False,compact_but_broken,0,0,tight_only
2016236,337,53845,54029,medium_block,1635.3710999999998,False,False,compact_but_broken,1,0,ball_inside_shape
2016236,349,54990,55023,medium_block,1491.8400000000001,False,False,compact_but_broken,0,0,tight_only
2016236,350,55023,55057,high_block,1850.8917,False,False,compact_but_broken,0,0,tight_only
2016236,355,55309,55369,low_block,1079.7732,False,False,compact_but_broken,1,0,ball_inside_shape
2016236,361,56100,56142,medium_block,1472.562,False,False,compact_but_broken,0,0,tight_only
2016236,363,56203,56254,medium_block,1505.94255,False,False,compact_but_broken,0,0,tight_only
2016236,365,56306,56470,medium_block,1363.2477500000002,False,False,compact_but_broken,1,0,ball_inside_shape
2016236,378,57343,57386,low_block,889.0479750000002,False,False,compact_but_broken,1,0,ball_inside_shape
2016236,382,57717,58022,low_block,1215.2873249999998,False,False,compact_but_broken,1,0,ball_inside_shape
2016236,385,58095,58187,high_block,2176.9373499999997,True,False,compact_but_broken,1,3,3_free_attackers
2016236,391,58669,58747,low_block,1207.2125999999998,False,False,compact_but_broken,0,0,tight_only
2016236,392,58747,58798,medium_block,1346.99215,False,False,compact_but_broken,0,0,tight_only
2016236,394,58803,58877,medium_block,1564.7189999999998,False,False,compact_but_broken,0,0,tight_only
2016236,407,60278,60334,high_block,1775.67225,False,False,compact_but_broken,0,0,tight_only
2016236,435,63740,63932,high_block,2022.2007,False,False,compact_but_broken,0,0,tight_only
2016236,439,64227,64441,medium_block,1531.74,False,False,compact_but_broken,0,0,tight_only
2016236,446,65467,65530,low_block,973.6072500000001,False,False,compact_but_broken,0,0,tight_only
2016236,448,65743,65961,high_block,2110.7661,False,False,compact_but_broken,1,0,ball_inside_shape
2016236,454,66827,66883,high_block,2034.01725,False,False,compact_but_broken,0,0,tight_only
2016236,478,69897,69953,low_block,828.5590500000002,True,False,compact_but_broken,1,6,6_free_attackers;ball_inside_shape
2017461,0,2511,2539,medium_block,1590.2800000000002,False,False,compact_but_broken,1,0,ball_inside_shape
2017461,3,2590,2679,low_block,902.05355,True,False,compact_but_broken,1,6,6_free_attackers;ball_inside_shape;beaten_engagement
2017461,6,2943,2985,high_block,1692.5272,False,False,compact_but_broken,0,0,tight_only
2017461,9,3061,3139,medium_block,1425.4703999999997,False,False,compact_but_broken,0,0,tight_only
2017461,12,3204,3230,medium_block,1374.8005,False,False,compact_but_broken,1,0,ball_inside_shape
2017461,13,3230,3268,low_block,923.1360000000001,False,False,compact_but_broken,1,0,ball_inside_shape
2017461,31,5320,5358,medium_block,1206.5616,False,False,compact_but_broken,0,0,tight_only
2017461,32,5358,5379,low_block,1192.630125,False,False,compact_but_broken,0,0,tight_only
2017461,33,5416,5540,medium_block,1488.0552500000001,False,False,compact_but_broken,0,0,tight_only
2017461,40,6070,6197,low_block,804.5107250000001,False,False,compact_but_broken,1,0,ball_inside_shape
2017461,43,6507,6799,low_block,952.2958000000002,True,False,compact_but_broken,1,6,6_free_attackers;ball_inside_shape
2017461,45,6823,6862,medium_block,993.092,True,False,compact_but_broken,1,0,ball_inside_shape
2017461,46,6862,7079,low_block,737.6517000000001,True,False,compact_but_broken,1,6,6_free_attackers;ball_inside_shape
2017461,49,7531,7674,medium_block,1466.14545,False,False,compact_but_broken,1,0,ball_inside_shape
2017461,53,8547,8613,medium_block,1031.1486,False,False,compact_but_broken,0,0,tight_only
2017461,54,8613,8693,medium_block,1489.224,False,False,compact_but_broken,1,0,ball_inside_shape
2017461,55,8693,8739,high_block,2020.0536000000002,False,False,compact_but_broken,0,0,tight_only
2017461,62,9733,9827,medium_block,1436.6879999999999,False,False,compact_but_broken,1,0,ball_inside_shape
2017461,66,10293,10341,high_block,1700.0835250000002,False,False,compact_but_broken,0,0,tight_only
2017461,67,10341,10348,medium_block,1636.0891,False,False,compact_but_broken,0,0,tight_only
2017461,72,11093,11102,medium_block,945.0059999999999,False,False,compact_but_broken,0,0,tight_only
2017461,73,11102,11104,low_block,1016.8922500000001,False,False,compact_but_broken,0,0,tight_only
2017461,74,11104,11184,medium_block,1237.5102500000003,False,False,compact_but_broken,1,0,ball_inside_shape
2017461,76,11214,11281,medium_block,1292.2521500000003,False,False,compact_but_broken,1,0,ball_inside_shape
2017461,77,11281,11315,low_block,1071.30145,False,False,compact_but_broken,1,0,ball_inside_shape
2017461,79,11369,11575,medium_block,1495.69555,False,False,compact_but_broken,0,0,tight_only
2017461,84,11814,12080,medium_block,1637.7504,False,False,compact_but_broken,1,0,ball_inside_shape
2017461,86,12171,12394,medium_block,1553.288,False,False,compact_but_broken,1,0,ball_inside_shape
2017461,93,13725,13817,medium_block,1332.62595,False,False,compact_but_broken,0,0,tight_only
2017461,98,14433,14456,medium_block,1269.0548999999999,False,False,compact_but_broken,0,0,tight_only
2017461,99,14456,14481,high_block,1693.1425000000002,False,False,compact_but_broken,0,0,tight_only
2017461,110,15399,15466,high_block,1672.7713500000002,True,False,compact_but_broken,1,0,ball_inside_shape
2017461,116,16563,16603,medium_block,1399.3200000000002,False,False,compact_but_broken,0,0,tight_only
2017461,117,16849,16860,medium_block,1153.379,False,False,compact_but_broken,0,0,tight_only
2017461,118,16860,17092,high_block,1433.4992,False,False,compact_but_broken,0,0,tight_only
2017461,125,17899,17919,high_block,1824.901,False,False,compact_but_broken,0,0,tight_only
2017461,132,18787,18970,medium_block,1637.57475,False,False,compact_but_broken,1,0,ball_inside_shape
2017461,134,18996,19070,medium_block,1462.6012500000002,False,False,compact_but_broken,0,0,tight_only
2017461,135,19070,19206,low_block,1143.8217000000002,False,False,compact_but_broken,1,0,ball_inside_shape
2017461,139,20051,20180,high_block,1956.6828,False,False,compact_but_broken,0,0,tight_only
2017461,143,21113,21118,medium_block,1416.6525,False,False,compact_but_broken,0,0,tight_only
2017461,145,21197,21269,medium_block,1161.704125,False,False,compact_but_broken,1,0,ball_inside_shape
2017461,146,21269,21380,low_block,1213.9632,False,False,compact_but_broken,1,0,ball_inside_shape
2017461,147,21380,21413,medium_block,1359.8604,False,False,compact_but_broken,0,0,tight_only
2017461,153,21925,22043,medium_block,1543.58175,False,False,compact_but_broken,1,0,ball_inside_shape
2017461,164,23429,23563,high_block,1861.6429499999997,False,False,compact_but_broken,0,0,tight_only
2017461,168,23993,24030,medium_block,1561.8626000000002,False,False,compact_but_broken,1,0,ball_inside_shape
2017461,177,25149,25204,medium_block,1507.089025,False,False,compact_but_broken,1,0,ball_inside_shape
2017461,179,25253,25313,medium_block,1428.603075,False,False,compact_but_broken,1,0,ball_inside_shape
2017461,181,25670,25755,low_block,489.72,False,False,compact_but_broken,0,0,tight_only
2017461,183,26033,26051,low_block,618.7338000000001,False,False,compact_but_broken,0,0,tight_only
2017461,184,26051,26074,medium_block,833.7786000000001,False,False,compact_but_broken,0,0,tight_only
2017461,185,26074,26101,low_block,1095.5371,False,False,compact_but_broken,0,0,tight_only
2017461,186,26101,26186,medium_block,1422.9386999999997,False,False,compact_but_broken,0,0,tight_only
2017461,193,26963,27042,low_block,882.8900249999999,False,False,compact_but_broken,1,0,ball_inside_shape
2017461,195,27235,27289,high_block,2058.049825,False,False,compact_but_broken,0,0,tight_only
2017461,198,27355,27509,medium_block,1561.9322,False,False,compact_but_broken,1,0,ball_inside_shape
2017461,211,29202,29256,low_block,1149.9334000000001,False,False,compact_but_broken,1,0,ball_inside_shape
2017461,215,29607,29634,low_block,798.66595,False,False,compact_but_broken,0,0,tight_only
2017461,216,29634,29672,medium_block,1304.4020500000001,False,False,compact_but_broken,0,0,tight_only
2017461,217,29672,29731,high_block,1905.2115499999998,False,False,compact_but_broken,0,0,tight_only
2017461,219,30114,30148,medium_block,972.187125,False,False,compact_but_broken,1,0,ball_inside_shape
2017461,229,40159,40236,high_block,2136.0753,False,False,compact_but_broken,0,0,tight_only
2017461,233,40572,40806,low_block,965.1791999999999,False,False,compact_but_broken,1,0,ball_inside_shape
2017461,235,41072,41110,medium_block,947.224975,False,False,compact_but_broken,0,0,tight_only
2017461,255,44231,44240,high_block,1518.213375,False,False,compact_but_broken,1,0,ball_inside_shape
2017461,256,44240,44360,medium_block,1374.7589999999998,False,False,compact_but_broken,1,0,ball_inside_shape
2017461,257,44360,44388,low_block,1176.5371499999999,False,False,compact_but_broken,1,0,ball_inside_shape
2017461,264,45305,45367,medium_block,1437.3188,False,False,compact_but_broken,0,0,tight_only
2017461,265,45367,45403,high_block,1932.9650749999998,False,False,compact_but_broken,0,0,tight_only
2017461,276,47593,47605,high_block,1478.1039999999998,False,False,compact_but_broken,0,0,tight_only
2017461,278,47646,47712,medium_block,1409.5900000000001,False,False,compact_but_broken,1,0,ball_inside_shape
2017461,281,47852,47905,low_block,923.7843999999999,False,False,compact_but_broken,1,0,ball_inside_shape;beaten_engagement
2017461,282,47905,47919,medium_block,1115.2975,False,False,compact_but_broken,1,0,ball_inside_shape;beaten_engagement
2017461,283,47919,47955,low_block,1063.7991000000002,False,False,compact_but_broken,1,0,ball_inside_shape
2017461,286,48957,48979,medium_block,1544.5122,False,False,compact_but_broken,1,0,ball_inside_shape
2017461,291,49515,49563,low_block,1197.5346250000002,False,False,compact_but_broken,1,0,ball_inside_shape
2017461,292,49563,49651,medium_block,1353.7640000000001,False,False,compact_but_broken,1,0,ball_inside_shape
2017461,297,50232,50319,high_block,1830.6875750000002,False,False,compact_but_broken,1,0,ball_inside_shape
2017461,301,50826,50941,low_block,346.70629999999994,True,True,compact_but_broken,1,5,5_free_attackers;ball_inside_shape
2017461,310,52890,52969,medium_block,1359.7869999999998,False,False,compact_but_broken,1,0,ball_inside_shape
2017461,317,54252,54256,medium_block,1352.7107999999998,False,False,compact_but_broken,1,0,ball_inside_shape
2017461,319,54269,54316,medium_block,1446.4091250000001,False,False,compact_but_broken,0,0,tight_only
2017461,322,54521,54638,low_block,866.8250499999999,False,False,compact_but_broken,1,0,ball_inside_shape
2017461,326,55192,55385,high_block,1913.60205,False,False,compact_but_broken,0,0,tight_only
2017461,339,56571,56661,low_block,1177.68365,False,False,compact_but_broken,1,0,ball_inside_shape
2017461,348,58001,58056,low_block,833.1594,False,False,compact_but_broken,1,0,ball_inside_shape
2017461,351,58114,58213,medium_block,1448.5623750000002,False,False,compact_but_broken,0,0,tight_only
2017461,358,58817,59008,medium_block,1458.1145,False,False,compact_but_broken,1,0,ball_inside_shape
2017461,367,61338,61342,medium_block,1477.03675,False,False,compact_but_broken,0,0,tight_only
2017461,368,61342,61440,high_block,1781.874525,False,False,compact_but_broken,1,0,ball_inside_shape
2017461,378,63312,63374,medium_block,1189.8176,False,False,compact_but_broken,0,0,tight_only
2017461,379,63374,63506,low_block,827.1759,False,False,compact_but_broken,0,0,tight_only
2017461,384,64340,64401,high_block,2086.4998,False,False,compact_but_broken,0,0,tight_only
2017461,389,64894,64960,medium_block,1300.13485,False,False,compact_but_broken,1,0,ball_inside_shape
2017461,394,65554,65692,low_block,1064.089125,False,False,compact_but_broken,1,0,ball_inside_shape
2017461,402,66627,66698,low_block,992.7319500000001,False,False,compact_but_broken,0,0,tight_only
2017461,416,68098,68180,medium_block,1576.314375,False,False,compact_but_broken,0,0,tight_only
2017461,419,68293,68359,medium_block,1572.6892500000001,False,False,compact_but_broken,0,0,tight_only
2017461,422,68566,68824,low_block,1133.7116999999998,True,False,compact_but_broken,1,6,6_free_attackers;ball_inside_shape
2017461,426,69339,69415,low_block,1080.8041249999999,False,False,compact_but_broken,1,0,ball_inside_shape
2017461,430,69651,69868,low_block,1121.1143000000002,True,False,compact_but_broken,1,6,6_free_attackers;ball_inside_shape;beaten_engagement
