match_id,phase_index,frame_start,frame_end,oop,box_area,shot,goal,dense_outcome,label,label_fire
1874553,0,29,122,medium_block,1962.0136250000003,True,False,shot,phase_outcome_dense,1
1874553,1,122,182,low_block,1863.4769999999999,True,False,shot,phase_outcome_dense,1
1874553,4,305,387,low_block,2133.5053000000003,False,False,progression,phase_outcome_dense,1
1874553,5,416,426,medium_block,2587.6487749999997,False,False,other,phase_outcome_dense,0
1874553,8,623,791,medium_block,1819.862325,False,False,other,phase_outcome_dense,0
1874553,9,791,923,high_block,2315.4859,False,False,other,phase_outcome_dense,0
1874553,10,923,965,medium_block,2294.1523500000003,False,False,other,phase_outcome_dense,0
1874553,11,965,985,high_block,2243.043,False,False,other,phase_outcome_dense,0
1874553,12,985,1007,medium_block,2284.3108,False,False,other,phase_outcome_dense,0
1874553,13,1007,1117,high_block,2361.70465,False,False,other,phase_outcome_dense,0
1874553,17,1408,1615,high_block,2111.75055,False,False,other,phase_outcome_dense,0
1874553,18,1615,1671,medium_block,2164.9763749999997,False,False,other,phase_outcome_dense,0
1874553,19,1671,1687,low_block,1838.60075,False,False,other,phase_outcome_dense,0
1874553,22,2229,2306,medium_block,1371.0928000000001,False,False,other,phase_outcome_dense,0
1874553,23,2306,2388,low_block,1262.1597250000002,False,False,other,phase_outcome_dense,0
1874553,25,2638,2722,medium_block,1290.572625,False,False,regain,phase_outcome_dense,0
1874553,26,2722,2752,high_block,2064.8034000000002,False,False,regain,phase_outcome_dense,0
1874553,29,2799,2824,medium_block,1839.4531750000003,False,False,other,phase_outcome_dense,0
1874553,30,2824,2868,high_block,2122.1188500000003,False,False,progression,phase_outcome_dense,1
1874553,31,2868,2873,medium_block,2352.7481000000002,False,False,progression,phase_outcome_dense,1
1874553,33,2898,2955,high_block,3266.1631999999995,False,False,regain,phase_outcome_dense,0
1874553,36,3018,3258,medium_block,1651.3524,True,True,goal,phase_outcome_dense,1
1874553,37,3258,3300,low_block,1287.8376,True,True,goal,phase_outcome_dense,1
1874553,38,4116,4145,medium_block,2020.424775,False,False,other,phase_outcome_dense,0
1874553,40,4179,4334,low_block,1308.833875,False,False,progression,phase_outcome_dense,1
1874553,41,4334,4434,high_block,2608.77485,False,False,other,phase_outcome_dense,0
1874553,42,4434,4455,medium_block,2633.7067500000003,False,False,progression,phase_outcome_dense,1
1874553,43,4455,4484,low_block,2289.842625,False,False,other,phase_outcome_dense,0
1874553,44,4484,4525,medium_block,1523.719925,False,False,other,phase_outcome_dense,0
1874553,45,4525,4563,low_block,1299.6667499999999,False,False,other,phase_outcome_dense,0
1874553,46,4563,4635,medium_block,1384.5779999999997,False,False,other,phase_outcome_dense,0
1874553,47,4635,4712,low_block,1390.4912,False,False,other,phase_outcome_dense,0
1874553,48,4712,4786,medium_block,1403.6820000000002,False,False,other,phase_outcome_dense,0
1874553,50,4909,4936,low_block,1421.9653499999997,False,False,progression,phase_outcome_dense,1
1874553,51,4936,4961,medium_block,1375.3971000000001,False,False,regain,phase_outcome_dense,0
1874553,52,4961,5010,medium_block,2645.1704000000004,False,False,regain,phase_outcome_dense,0
1874553,53,5010,5083,medium_block,2151.688,False,False,progression,phase_outcome_dense,1
1874553,54,5083,5086,low_block,2188.4643,False,False,progression,phase_outcome_dense,1
1874553,55,5086,5300,medium_block,1874.6059500000001,False,False,progression,phase_outcome_dense,1
1874553,56,5300,5442,medium_block,2353.3030500000004,False,False,other,phase_outcome_dense,0
1874553,57,5442,5572,low_block,1480.023125,False,False,other,phase_outcome_dense,0
1874553,58,5572,5702,medium_block,1403.0905999999998,False,False,other,phase_outcome_dense,0
1874553,59,5702,5746,low_block,1564.316,False,False,progression,phase_outcome_dense,1
1874553,61,5793,5832,low_block,1419.866225,False,False,other,phase_outcome_dense,0
1874553,62,5832,6071,medium_block,1389.9354750000002,False,False,other,phase_outcome_dense,0
1874553,64,6436,6467,high_block,2788.0532,False,False,regain,phase_outcome_dense,0
1874553,68,6882,6903,high_block,2810.635875,False,False,other,phase_outcome_dense,0
1874553,69,6903,7124,medium_block,2001.6254,False,False,regain,phase_outcome_dense,0
1874553,71,7163,7240,medium_block,1738.449075,False,False,other,phase_outcome_dense,0
1874553,72,7240,7291,low_block,1470.8135999999997,False,False,other,phase_outcome_dense,0
1874553,79,8610,8632,medium_block,2206.1343500000003,False,False,other,phase_outcome_dense,0
1874553,80,8632,8851,low_block,1578.3404000000003,False,False,other,phase_outcome_dense,0
1874553,83,9527,9573,high_block,2738.9942250000004,False,False,other,phase_outcome_dense,0
1874553,86,9852,9939,medium_block,2230.415,False,False,other,phase_outcome_dense,0
1874553,87,9939,9966,high_block,2558.9527000000003,False,False,other,phase_outcome_dense,0
1874553,92,10477,10662,medium_block,1346.457,False,False,progression,phase_outcome_dense,1
1874553,93,10662,10702,low_block,1301.1622000000002,False,False,progression,phase_outcome_dense,1
1874553,94,10702,10884,high_block,2803.4737499999997,False,False,other,phase_outcome_dense,0
1874553,97,11020,11491,medium_block,2061.9131,False,False,progression,phase_outcome_dense,1
1874553,98,11491,11655,medium_block,2456.111625,False,False,other,phase_outcome_dense,0
1874553,99,11655,11680,low_block,1903.463475,False,False,progression,phase_outcome_dense,1
1874553,100,11680,11795,high_block,2859.5531250000004,False,False,progression,phase_outcome_dense,1
1874553,101,11795,11900,medium_block,2097.7797250000003,False,False,progression,phase_outcome_dense,1
1874553,102,11900,11987,medium_block,2730.9114,False,False,regain,phase_outcome_dense,0
1874553,103,11987,11997,medium_block,2566.1589,False,False,regain,phase_outcome_dense,0
1874553,104,11997,12036,high_block,2543.4682,False,False,regain,phase_outcome_dense,0
1874553,105,12036,12072,medium_block,2194.8885,False,False,regain,phase_outcome_dense,0
1874553,106,12072,12075,medium_block,2213.4474,False,False,other,phase_outcome_dense,0
1874553,107,12075,12200,low_block,1587.4248,False,False,other,phase_outcome_dense,0
1874553,108,12200,12261,medium_block,1491.8498,False,False,disruption,phase_outcome_dense,0
1874553,110,12507,12661,medium_block,2107.272025,False,False,other,phase_outcome_dense,0
1874553,113,13188,13316,medium_block,1352.8250500000001,False,False,other,phase_outcome_dense,0
1874553,114,13316,13324,low_block,1334.8242999999998,False,False,other,phase_outcome_dense,0
1874553,115,13324,13466,medium_block,1453.2024,False,False,other,phase_outcome_dense,0
1874553,116,13466,13571,low_block,1449.4934999999998,False,False,other,phase_outcome_dense,0
1874553,117,13571,13660,medium_block,1340.5888000000002,False,False,regain,phase_outcome_dense,0
1874553,119,13709,13937,medium_block,1942.25465,False,False,other,phase_outcome_dense,0
1874553,120,13937,14043,high_block,2034.2931749999998,False,False,other,phase_outcome_dense,0
1874553,121,14043,14055,medium_block,2118.9152999999997,False,False,other,phase_outcome_dense,0
1874553,122,14055,14102,medium_block,2294.769,True,False,shot,phase_outcome_dense,1
1874553,123,14102,14224,low_block,1135.3930500000001,True,False,shot,phase_outcome_dense,1
1874553,124,14537,14632,high_block,2567.4173000000005,False,False,regain,phase_outcome_dense,0
1874553,125,14632,14649,medium_block,2654.1574999999993,False,False,other,phase_outcome_dense,0
1874553,128,15254,15352,low_block,822.9551,False,False,progression,phase_outcome_dense,1
1874553,129,15352,15418,high_block,2218.7632500000004,False,False,other,phase_outcome_dense,0
1874553,130,15418,15587,medium_block,1751.6488,False,False,other,phase_outcome_dense,0
1874553,131,15587,16042,low_block,965.2540750000002,False,False,progression,phase_outcome_dense,1
1874553,133,16145,16723,low_block,998.1251,True,False,shot,phase_outcome_dense,1
1874553,134,16908,16928,high_block,2541.225,False,False,other,phase_outcome_dense,0
1874553,135,16928,17122,medium_block,2128.308,False,False,other,phase_outcome_dense,0
1874553,136,17122,17260,low_block,1236.8168,False,False,progression,phase_outcome_dense,1
1874553,137,17260,17314,high_block,2100.8443500000003,False,False,other,phase_outcome_dense,0
1874553,138,17314,17430,medium_block,1824.3985500000001,False,False,progression,phase_outcome_dense,1
1874553,139,17430,17464,low_block,1130.3345000000002,False,False,progression,phase_outcome_dense,1
1874553,140,17464,17506,high_block,2310.4686,False,False,other,phase_outcome_dense,0
1874553,141,17506,17760,medium_block,1933.402625,False,False,other,phase_outcome_dense,0
1874553,142,17760,17787,low_block,1633.4279999999997,False,False,other,phase_outcome_dense,0
1874553,144,17941,17973,high_block,2165.0384999999997,True,False,shot,phase_outcome_dense,1
1874553,145,17973,18069,medium_block,1939.0686999999998,True,False,shot,phase_outcome_dense,1
1874553,146,18069,18103,low_block,1658.66745,True,False,shot,phase_outcome_dense,1
1874553,148,18534,18748,medium_block,1207.032,False,False,progression,phase_outcome_dense,1
1874553,149,18748,18952,medium_block,1599.1337999999998,False,False,regain,phase_outcome_dense,0
1874553,150,18952,19008,medium_block,3116.7687499999997,False,False,regain,phase_outcome_dense,0
1874553,152,19037,19278,medium_block,2378.968625,False,False,regain,phase_outcome_dense,0
1874553,154,20024,20157,medium_block,1763.4099999999999,False,False,regain,phase_outcome_dense,0
1874553,155,20157,20242,medium_block,1910.4093,False,False,other,phase_outcome_dense,0
1874553,156,20242,20430,low_block,877.0248750000001,False,False,progression,phase_outcome_dense,1
1874553,158,20505,20633,medium_block,1383.0166500000005,False,False,other,phase_outcome_dense,0
1874553,159,20633,20664,low_block,1449.7118999999998,False,False,other,phase_outcome_dense,0
1874553,160,20664,20905,medium_block,1432.70125,False,False,progression,phase_outcome_dense,1
1874553,161,20905,20950,low_block,1242.4995,False,False,progression,phase_outcome_dense,1
1874553,162,21183,21236,medium_block,1660.556,False,False,other,phase_outcome_dense,0
1874553,163,21445,21520,medium_block,1788.8217,False,False,other,phase_outcome_dense,0
1874553,164,21520,21675,low_block,1354.7085,False,False,other,phase_outcome_dense,0
1874553,166,21775,21831,low_block,1295.132,False,False,other,phase_outcome_dense,0
1874553,167,21831,22015,medium_block,1410.4853999999998,False,False,regain,phase_outcome_dense,0
1874553,169,22046,22136,low_block,1651.112575,False,False,progression,phase_outcome_dense,1
1874553,170,22136,22585,medium_block,2281.669,False,False,other,phase_outcome_dense,0
1874553,171,22585,22667,high_block,2208.7004,False,False,other,phase_outcome_dense,0
1874553,172,22667,22727,medium_block,2400.0972999999994,False,False,other,phase_outcome_dense,0
1874553,173,22727,22878,low_block,1646.6122500000004,False,False,other,phase_outcome_dense,0
1874553,174,22937,23138,low_block,867.5292000000002,False,False,other,phase_outcome_dense,0
1874553,180,26067,26116,medium_block,1810.44115,False,False,progression,phase_outcome_dense,1
1874553,181,26371,26475,medium_block,1349.6595000000002,False,False,other,phase_outcome_dense,0
1874553,187,26676,26898,medium_block,1438.0955000000001,False,False,other,phase_outcome_dense,0
1874553,188,26898,26899,low_block,1360.2745,False,False,other,phase_outcome_dense,0
1874553,189,26899,27007,medium_block,1305.0015749999998,False,False,other,phase_outcome_dense,0
1874553,190,27007,27010,low_block,1234.8763999999999,False,False,other,phase_outcome_dense,0
1874553,194,28027,28069,high_block,1585.7784000000001,False,False,other,phase_outcome_dense,0
1874553,195,28069,28094,medium_block,1967.2248749999999,False,False,other,phase_outcome_dense,0
1874553,197,28352,28396,medium_block,1349.07325,False,False,progression,phase_outcome_dense,1
1874553,199,28463,28559,medium_block,1230.259425,False,False,other,phase_outcome_dense,0
1874553,200,28559,28623,low_block,1106.4672,False,False,other,phase_outcome_dense,0
1874553,201,28623,28690,medium_block,1052.2469999999998,False,False,other,phase_outcome_dense,0
1874553,202,28690,28706,low_block,1241.016,False,False,other,phase_outcome_dense,0
1874553,204,28777,28850,low_block,666.3552,True,False,shot,phase_outcome_dense,1
1874553,205,28989,29032,medium_block,,False,False,other,phase_outcome_dense,0
1874553,209,29167,29223,medium_block,2120.92335,False,False,other,phase_outcome_dense,0
1874553,211,29911,29959,medium_block,2009.8044249999998,False,False,regain,phase_outcome_dense,0
1874553,215,30171,30292,medium_block,1481.50725,False,False,other,phase_outcome_dense,0
1874553,216,30292,30311,low_block,1163.8,False,False,other,phase_outcome_dense,0
1874553,220,30565,30661,high_block,1955.56365,True,False,shot,phase_outcome_dense,1
1874553,221,30661,30724,medium_block,2021.0176000000001,True,False,shot,phase_outcome_dense,1
1874553,222,30724,30941,low_block,1180.92785,True,False,shot,phase_outcome_dense,1
1874553,224,31335,31689,low_block,748.8181000000001,False,False,progression,phase_outcome_dense,1
1874553,226,31811,31875,medium_block,1949.9205000000002,True,False,shot,phase_outcome_dense,1
1874553,227,31875,31991,high_block,2073.0335999999998,True,False,shot,phase_outcome_dense,1
1874553,228,31991,32065,medium_block,1827.84965,True,False,shot,phase_outcome_dense,1
1874553,229,32065,32113,low_block,1289.7985999999999,True,False,shot,phase_outcome_dense,1
1874553,230,32341,32392,high_block,2672.4357000000005,False,False,other,phase_outcome_dense,0
1874553,231,32392,32394,medium_block,2734.403,False,False,other,phase_outcome_dense,0
1874553,232,32443,32652,medium_block,1603.830375,False,False,regain,phase_outcome_dense,0
1874553,233,32652,32700,high_block,3207.86085,False,False,regain,phase_outcome_dense,0
1874553,234,32700,32735,medium_block,2908.1213999999995,False,False,regain,phase_outcome_dense,0
1874553,237,32787,33017,medium_block,1585.8093000000001,False,False,other,phase_outcome_dense,0
1874553,240,33071,33150,medium_block,2672.2072000000003,True,False,shot,phase_outcome_dense,1
1874553,241,33150,33438,low_block,1649.0084500000003,True,False,shot,phase_outcome_dense,1
1874553,243,33486,33517,medium_block,1929.4178,False,False,other,phase_outcome_dense,0
1874553,244,33517,33546,high_block,2076.9252,False,False,other,phase_outcome_dense,0
1874553,245,33546,33596,medium_block,2121.7427500000003,False,False,regain,phase_outcome_dense,0
1874553,248,33915,34082,medium_block,2018.4255,False,False,regain,phase_outcome_dense,0
1874553,249,34082,34136,high_block,3343.42735,False,False,disruption,phase_outcome_dense,0
1874553,251,34166,34205,medium_block,2453.8625,False,False,other,phase_outcome_dense,0
1874553,254,34286,34298,medium_block,977.04,False,False,other,phase_outcome_dense,0
1874553,255,34298,34378,low_block,1092.65345,False,False,other,phase_outcome_dense,0
1874553,256,34378,34430,medium_block,1177.132,False,False,other,phase_outcome_dense,0
1874553,257,34430,34517,low_block,1026.8733750000001,False,False,progression,phase_outcome_dense,1
1874553,259,35042,35135,low_block,777.32485,False,False,other,phase_outcome_dense,0
1874553,260,35222,35313,low_block,862.219175,False,False,other,phase_outcome_dense,0
1874553,261,35313,35328,medium_block,1212.738275,False,False,progression,phase_outcome_dense,1
1874553,262,35328,35450,low_block,1067.148675,False,False,progression,phase_outcome_dense,1
1874553,263,35450,35623,high_block,3164.2348500000003,False,False,regain,phase_outcome_dense,0
1874553,264,35623,35632,medium_block,2668.47145,False,False,other,phase_outcome_dense,0
1874553,265,35632,35675,low_block,2125.8831,False,False,other,phase_outcome_dense,0
1874553,266,35675,35876,medium_block,1503.3232500000001,False,False,progression,phase_outcome_dense,1
1874553,267,35876,35949,low_block,842.5874,False,False,progression,phase_outcome_dense,1
1874553,269,36352,36470,medium_block,1459.9493000000002,False,False,other,phase_outcome_dense,0
1874553,270,36470,36495,low_block,1326.8345250000002,False,False,other,phase_outcome_dense,0
1874553,273,36751,36813,high_block,2873.085,False,False,other,phase_outcome_dense,0
1874553,274,36813,36824,medium_block,2347.428375,False,False,other,phase_outcome_dense,0
1874553,275,36878,37008,medium_block,1335.72635,False,False,other,phase_outcome_dense,0
1874553,276,37008,37042,low_block,957.24375,False,False,other,phase_outcome_dense,0
1874553,278,37397,37448,medium_block,1121.4012,True,False,shot,phase_outcome_dense,1
1874553,279,37448,37803,low_block,1001.4107999999998,True,False,shot,phase_outcome_dense,1
1874553,280,37803,37816,medium_block,1181.261,True,False,shot,phase_outcome_dense,1
1874553,281,37816,38059,low_block,895.3555,True,False,shot,phase_outcome_dense,1
1874553,282,38419,38472,high_block,2730.7939999999994,False,False,other,phase_outcome_dense,0
1874553,283,38629,38678,medium_block,1506.4149,False,False,progression,phase_outcome_dense,1
1874553,284,38678,38890,medium_block,1574.3855250000001,True,True,goal,phase_outcome_dense,1
1874553,285,38890,38931,low_block,1295.9878500000002,True,True,goal,phase_outcome_dense,1
1874553,286,39532,39677,medium_block,1921.0528,False,False,progression,phase_outcome_dense,1
1874553,288,39703,39798,high_block,2861.7169999999996,False,False,other,phase_outcome_dense,0
1874553,289,39798,40060,medium_block,2271.76865,False,False,regain,phase_outcome_dense,0
1874553,291,40091,40176,high_block,2608.816875,False,False,regain,phase_outcome_dense,0
1874553,292,40176,40231,medium_block,1815.2718749999997,False,False,regain,phase_outcome_dense,0
1874553,293,40231,40243,medium_block,2423.685,False,False,other,phase_outcome_dense,0
1874553,294,40243,40341,high_block,2189.6784,False,False,other,phase_outcome_dense,0
1874553,295,40341,40412,medium_block,1613.82245,False,False,other,phase_outcome_dense,0
1874553,296,40412,40436,low_block,1242.2790000000002,False,False,other,phase_outcome_dense,0
1874553,297,40749,40843,medium_block,1943.5136,False,False,other,phase_outcome_dense,0
1874553,300,41139,41247,low_block,886.3073249999999,True,False,shot,phase_outcome_dense,1
1874553,301,41462,41574,high_block,2664.012875,False,False,other,phase_outcome_dense,0
1874553,302,41574,41625,medium_block,2529.6459999999997,False,False,other,phase_outcome_dense,0
1874553,305,43232,43274,medium_block,1188.03555,False,False,other,phase_outcome_dense,0
1874553,306,43274,43366,low_block,1210.8749,False,False,progression,phase_outcome_dense,1
1874553,307,43419,43541,medium_block,2321.3041749999998,False,False,regain,phase_outcome_dense,0
1874553,309,43578,43669,medium_block,2274.99275,False,False,other,phase_outcome_dense,0
1874553,310,43669,43727,low_block,2170.375075,False,False,other,phase_outcome_dense,0
1874553,311,43772,43939,low_block,1077.96285,False,False,progression,phase_outcome_dense,1
1874553,313,43981,43995,low_block,1189.3825749999999,True,False,shot,phase_outcome_dense,1
1874553,314,43995,44035,medium_block,1281.2013750000003,True,False,shot,phase_outcome_dense,1
1874553,315,44035,44157,low_block,1318.9492500000003,True,False,shot,phase_outcome_dense,1
1874553,316,44465,44482,high_block,3041.9245499999997,False,False,other,phase_outcome_dense,0
1874553,319,44525,44592,medium_block,2472.58275,False,False,other,phase_outcome_dense,0
1874553,320,44592,44730,high_block,2330.628,False,False,other,phase_outcome_dense,0
1874553,321,44730,44778,medium_block,2393.129475,False,False,other,phase_outcome_dense,0
1874553,322,44778,44837,low_block,1763.8087249999999,False,False,other,phase_outcome_dense,0
1874553,324,45329,45448,high_block,2373.03045,False,False,other,phase_outcome_dense,0
1874553,325,45448,45514,medium_block,2235.5444249999996,False,False,other,phase_outcome_dense,0
1874553,329,45878,45959,medium_block,1715.442575,False,False,other,phase_outcome_dense,0
1874553,330,45959,46002,low_block,1371.63915,False,False,other,phase_outcome_dense,0
1874553,333,46683,46908,medium_block,1424.864875,False,False,progression,phase_outcome_dense,1
1874553,334,47129,47198,medium_block,1585.8999,False,False,other,phase_outcome_dense,0
1874553,335,47198,47263,high_block,2708.0069499999995,False,False,other,phase_outcome_dense,0
1874553,336,47263,47269,medium_block,3552.9628749999993,False,False,other,phase_outcome_dense,0
1874553,337,47269,47331,high_block,2770.5674,False,False,other,phase_outcome_dense,0
1874553,338,47331,47358,medium_block,2230.62575,False,False,progression,phase_outcome_dense,1
1874553,339,47358,47545,medium_block,2044.5054499999999,True,False,shot,phase_outcome_dense,1
1874553,340,47545,47627,low_block,1137.7327500000001,True,False,shot,phase_outcome_dense,1
1874553,341,47913,47963,high_block,2428.8883,False,False,other,phase_outcome_dense,0
1874553,347,48593,48740,high_block,2303.99925,False,False,other,phase_outcome_dense,0
1874553,348,48948,49112,medium_block,1812.4703999999997,False,False,other,phase_outcome_dense,0
1874553,349,49112,49120,low_block,1675.0585,False,False,other,phase_outcome_dense,0
1874553,351,49855,49901,medium_block,2371.2225,False,False,other,phase_outcome_dense,0
1874553,352,49901,49958,high_block,2327.6286,False,False,progression,phase_outcome_dense,1
1874553,354,50119,50156,high_block,1965.46105,False,False,regain,phase_outcome_dense,0
1874553,355,50156,50213,medium_block,1756.611125,False,False,regain,phase_outcome_dense,0
1874553,357,50315,50587,high_block,2318.2176,False,False,other,phase_outcome_dense,0
1874553,358,50587,50591,medium_block,2133.7515750000002,False,False,other,phase_outcome_dense,0
1874553,359,51017,51066,medium_block,1849.4497,False,False,other,phase_outcome_dense,0
1874553,360,51066,51125,low_block,1469.384975,False,False,other,phase_outcome_dense,0
1874553,362,51587,51770,high_block,2418.2472,False,False,regain,phase_outcome_dense,0
1874553,363,51770,51809,medium_block,2607.7126000000003,False,False,regain,phase_outcome_dense,0
1874553,366,51853,51936,medium_block,2114.691125,False,False,progression,phase_outcome_dense,1
1874553,367,51936,51956,low_block,1647.01215,False,False,progression,phase_outcome_dense,1
1874553,368,51956,52071,high_block,2673.5915499999996,False,False,other,phase_outcome_dense,0
1874553,369,52071,52158,medium_block,2041.9851749999996,False,False,other,phase_outcome_dense,0
1874553,370,52158,52230,low_block,1284.1659,False,False,other,phase_outcome_dense,0
1874553,372,52728,52846,low_block,893.4119999999998,True,False,shot,phase_outcome_dense,1
1874553,375,53909,53987,medium_block,1491.5317499999999,False,False,regain,phase_outcome_dense,0
1874553,376,53987,54017,high_block,2117.31,False,False,regain,phase_outcome_dense,0
1874553,378,54048,54280,medium_block,2239.8339,True,False,shot,phase_outcome_dense,1
1874553,379,54280,54485,low_block,1241.1574999999998,True,False,shot,phase_outcome_dense,1
1874553,380,54485,54559,medium_block,994.8862,False,False,other,phase_outcome_dense,0
1874553,381,54559,54660,low_block,1209.5421000000001,False,False,progression,phase_outcome_dense,1
1874553,382,54660,54901,high_block,2449.1142,False,False,other,phase_outcome_dense,0
1874553,383,54901,54987,medium_block,1793.4843000000003,False,False,other,phase_outcome_dense,0
1874553,387,55295,55481,medium_block,1544.296,False,False,disruption,phase_outcome_dense,0
1874553,388,55869,55872,medium_block,,False,False,other,phase_outcome_dense,0
1874553,389,55872,55982,low_block,1945.35145,False,False,other,phase_outcome_dense,0
1874553,390,55982,56079,medium_block,1538.4642,False,False,other,phase_outcome_dense,0
1874553,391,56079,56195,high_block,2004.1608,False,False,other,phase_outcome_dense,0
1874553,393,56222,56475,medium_block,2188.1485500000003,False,False,other,phase_outcome_dense,0
1874553,394,56475,56552,low_block,1595.0572,False,False,progression,phase_outcome_dense,1
1874553,395,58046,58059,medium_block,1554.355075,False,False,other,phase_outcome_dense,0
1874553,399,58164,58217,medium_block,2270.6456000000003,True,False,shot,phase_outcome_dense,1
1874553,400,58217,58266,low_block,1729.480125,True,False,shot,phase_outcome_dense,1
1874553,401,58365,58393,high_block,2124.04215,False,False,other,phase_outcome_dense,0
1874553,404,58487,58529,medium_block,1501.5794999999998,False,False,other,phase_outcome_dense,0
1874553,407,58801,58836,high_block,2552.78685,False,False,other,phase_outcome_dense,0
1874553,408,58836,58840,medium_block,2479.7272500000004,False,False,other,phase_outcome_dense,0
1874553,412,59041,59155,low_block,1285.4925,False,False,other,phase_outcome_dense,0
1874553,414,59493,59592,low_block,1204.917,False,False,progression,phase_outcome_dense,1
1874553,415,59607,59678,high_block,2584.7913,False,False,other,phase_outcome_dense,0
1874553,416,59678,59688,medium_block,2353.6710000000003,False,False,other,phase_outcome_dense,0
1874553,418,59718,59719,medium_block,1905.4891,False,False,other,phase_outcome_dense,0
1874553,419,59719,59798,low_block,1421.1268499999999,False,False,other,phase_outcome_dense,0
1886347,0,28,89,medium_block,1600.9704000000002,False,False,disruption,phase_outcome_dense,0
1886347,2,189,232,high_block,1772.478525,False,False,other,phase_outcome_dense,0
1886347,3,232,283,medium_block,1981.52955,False,False,progression,phase_outcome_dense,1
1886347,5,299,366,low_block,1613.483325,False,False,progression,phase_outcome_dense,1
1886347,6,366,503,medium_block,2515.1029,False,False,other,phase_outcome_dense,0
1886347,9,735,805,medium_block,1545.2784,False,False,disruption,phase_outcome_dense,0
1886347,11,1089,1136,low_block,994.6588999999999,True,False,shot,phase_outcome_dense,1
1886347,12,1136,1199,medium_block,1226.6287499999999,True,False,shot,phase_outcome_dense,1
1886347,13,1199,1217,low_block,1398.0139249999997,True,False,shot,phase_outcome_dense,1
1886347,14,1217,1288,medium_block,1907.4977500000002,True,False,shot,phase_outcome_dense,1
1886347,15,1288,1316,high_block,2651.4516000000003,True,False,shot,phase_outcome_dense,1
1886347,16,1316,1327,medium_block,2472.3761999999997,True,False,shot,phase_outcome_dense,1
1886347,17,1327,1348,high_block,1895.3192500000002,True,False,shot,phase_outcome_dense,1
1886347,18,1348,1426,medium_block,1566.36465,True,False,shot,phase_outcome_dense,1
1886347,19,1426,1546,low_block,1243.1050500000001,True,False,shot,phase_outcome_dense,1
1886347,20,1546,1608,high_block,1935.602,False,False,other,phase_outcome_dense,0
1886347,21,1608,1618,medium_block,2019.7136250000005,False,False,other,phase_outcome_dense,0
1886347,23,1668,1730,high_block,2509.0071,False,False,progression,phase_outcome_dense,1
1886347,24,1730,1804,low_block,1419.3774000000003,False,False,other,phase_outcome_dense,0
1886347,25,1804,1935,medium_block,1416.2677,False,False,other,phase_outcome_dense,0
1886347,26,1935,2234,high_block,1618.2552750000002,False,False,other,phase_outcome_dense,0
1886347,27,2234,2262,medium_block,1793.4644999999998,False,False,other,phase_outcome_dense,0
1886347,28,2262,2354,high_block,1929.6837,False,False,other,phase_outcome_dense,0
1886347,29,2354,2616,medium_block,1816.4705000000001,False,False,other,phase_outcome_dense,0
1886347,30,2616,2638,low_block,1794.72395,False,False,other,phase_outcome_dense,0
1886347,32,2862,2880,low_block,1367.6918,False,False,other,phase_outcome_dense,0
1886347,33,2880,2928,medium_block,1185.1235000000001,False,False,other,phase_outcome_dense,0
1886347,34,3052,3098,low_block,1197.2973,False,False,other,phase_outcome_dense,0
1886347,35,3098,3101,medium_block,1303.8792,False,False,other,phase_outcome_dense,0
1886347,37,3402,3804,medium_block,1753.8763999999999,False,False,other,phase_outcome_dense,0
1886347,40,3887,3923,medium_block,1679.6295,False,False,other,phase_outcome_dense,0
1886347,41,3923,3954,high_block,2180.192625,False,False,other,phase_outcome_dense,0
1886347,43,3987,4039,medium_block,2423.52825,False,False,other,phase_outcome_dense,0
1886347,45,4162,4210,medium_block,2106.322125,True,False,shot,phase_outcome_dense,1
1886347,46,4210,4245,low_block,1509.355125,True,False,shot,phase_outcome_dense,1
1886347,47,4377,4433,high_block,1990.6986000000002,False,False,other,phase_outcome_dense,0
1886347,48,4433,4545,medium_block,1850.6655749999998,False,False,other,phase_outcome_dense,0
1886347,49,4545,4584,low_block,1430.3645999999999,False,False,progression,phase_outcome_dense,1
1886347,51,4649,4666,low_block,1220.0067000000001,False,False,regain,phase_outcome_dense,0
1886347,52,4666,4715,medium_block,1270.7097,False,False,regain,phase_outcome_dense,0
1886347,53,4715,4841,high_block,2346.6688,False,False,progression,phase_outcome_dense,1
1886347,54,4993,4994,medium_block,,False,False,other,phase_outcome_dense,0
1886347,55,4994,5045,low_block,1105.1030250000001,False,False,other,phase_outcome_dense,0
1886347,56,5045,5182,medium_block,1671.019875,False,False,regain,phase_outcome_dense,0
1886347,60,5397,5482,medium_block,1823.8464,False,False,other,phase_outcome_dense,0
1886347,61,5482,5514,low_block,1766.6667499999999,False,False,other,phase_outcome_dense,0
1886347,63,5956,5993,low_block,1118.788425,False,False,other,phase_outcome_dense,0
1886347,64,5993,6088,medium_block,1365.7583250000002,False,False,other,phase_outcome_dense,0
1886347,65,6088,6142,low_block,1354.8120249999997,False,False,other,phase_outcome_dense,0
1886347,66,6142,6156,medium_block,1275.6100999999999,False,False,other,phase_outcome_dense,0
1886347,67,6156,6209,low_block,1463.616,False,False,other,phase_outcome_dense,0
1886347,68,6209,6221,medium_block,1488.6858250000002,False,False,other,phase_outcome_dense,0
1886347,69,6221,6237,low_block,1313.607,False,False,other,phase_outcome_dense,0
1886347,70,6237,6362,medium_block,1413.5833749999997,False,False,progression,phase_outcome_dense,1
1886347,71,6362,6367,low_block,1529.24175,False,False,progression,phase_outcome_dense,1
1886347,72,6367,6418,medium_block,2396.8905499999996,False,False,other,phase_outcome_dense,0
1886347,73,6418,6715,high_block,2053.12335,False,False,other,phase_outcome_dense,0
1886347,74,6715,6897,medium_block,2052.3054999999995,False,False,other,phase_outcome_dense,0
1886347,77,7229,7421,medium_block,1383.23955,False,False,other,phase_outcome_dense,0
1886347,79,7460,7524,medium_block,1688.6888500000005,False,False,other,phase_outcome_dense,0
1886347,80,7524,7540,low_block,1738.3452750000001,False,False,other,phase_outcome_dense,0
1886347,82,8307,8548,medium_block,1659.4614,False,False,other,phase_outcome_dense,0
1886347,83,8548,8659,low_block,1437.33005,False,False,other,phase_outcome_dense,0
1886347,84,8659,8792,medium_block,1351.7112,False,False,other,phase_outcome_dense,0
1886347,87,8852,8935,medium_block,1954.48545,False,False,regain,phase_outcome_dense,0
1886347,88,8935,8981,medium_block,2047.8048000000001,False,False,other,phase_outcome_dense,0
1886347,89,8981,9126,high_block,1900.7618249999998,False,False,progression,phase_outcome_dense,1
1886347,90,9126,9181,medium_block,1812.177675,False,False,progression,phase_outcome_dense,1
1886347,91,9234,9285,high_block,2725.71855,False,False,regain,phase_outcome_dense,0
1886347,92,9285,9288,medium_block,2067.2187000000004,False,False,other,phase_outcome_dense,0
1886347,93,9288,9330,low_block,1441.8467249999999,False,False,other,phase_outcome_dense,0
1886347,94,9395,9568,low_block,1079.035475,False,False,other,phase_outcome_dense,0
1886347,95,9568,9594,medium_block,1191.0385500000002,False,False,other,phase_outcome_dense,0
1886347,96,9594,9628,low_block,1472.4782999999998,False,False,other,phase_outcome_dense,0
1886347,97,9628,9685,medium_block,1396.1996000000001,False,False,progression,phase_outcome_dense,1
1886347,98,9685,9721,high_block,2506.7043750000003,False,False,other,phase_outcome_dense,0
1886347,99,9721,9832,medium_block,1608.2079999999999,False,False,progression,phase_outcome_dense,1
1886347,100,9832,9851,low_block,1421.1666,False,False,progression,phase_outcome_dense,1
1886347,102,10133,10196,high_block,2855.9751,False,False,other,phase_outcome_dense,0
1886347,103,10196,10272,medium_block,2128.806275,False,False,progression,phase_outcome_dense,1
1886347,105,10410,10563,high_block,2242.9470249999995,False,False,other,phase_outcome_dense,0
1886347,106,10563,10591,medium_block,2104.1538000000005,False,False,other,phase_outcome_dense,0
1886347,107,10591,10625,high_block,1990.5745000000002,False,False,other,phase_outcome_dense,0
1886347,108,10625,10683,medium_block,1730.10735,False,False,other,phase_outcome_dense,0
1886347,109,10683,10740,low_block,1654.46325,False,False,progression,phase_outcome_dense,1
1886347,110,10740,10818,high_block,1994.1284999999998,False,False,progression,phase_outcome_dense,1
1886347,111,10818,10850,low_block,1755.4767500000003,True,False,shot,phase_outcome_dense,1
1886347,112,11082,11133,high_block,2490.1712,False,False,other,phase_outcome_dense,0
1886347,113,11133,11147,medium_block,2423.357425,False,False,other,phase_outcome_dense,0
1886347,114,11619,11644,medium_block,1631.0424,False,False,progression,phase_outcome_dense,1
1886347,116,11669,11773,high_block,2227.6177749999997,False,False,other,phase_outcome_dense,0
1886347,117,11773,11778,medium_block,1791.7721,False,False,other,phase_outcome_dense,0
1886347,118,11778,11840,high_block,1970.01645,False,False,regain,phase_outcome_dense,0
1886347,119,11840,11857,medium_block,2348.2088,False,False,regain,phase_outcome_dense,0
1886347,120,11857,11879,low_block,2341.8329000000003,False,False,other,phase_outcome_dense,0
1886347,121,11879,12011,medium_block,2164.4084249999996,False,False,other,phase_outcome_dense,0
1886347,124,12213,12407,medium_block,2254.8819999999996,False,False,progression,phase_outcome_dense,1
1886347,125,12407,12414,low_block,2178.051525,False,False,other,phase_outcome_dense,0
1886347,126,12414,12468,medium_block,2072.9069999999997,False,False,other,phase_outcome_dense,0
1886347,127,12468,12643,high_block,1996.72865,False,False,other,phase_outcome_dense,0
1886347,128,12643,12736,medium_block,1896.1398000000002,False,False,other,phase_outcome_dense,0
1886347,129,12736,12788,low_block,1465.8840000000002,False,False,other,phase_outcome_dense,0
1886347,134,14450,14714,medium_block,1393.8780250000002,False,False,regain,phase_outcome_dense,0
1886347,137,14769,14777,medium_block,1450.8012500000002,False,False,progression,phase_outcome_dense,1
1886347,138,14777,14917,low_block,1359.700425,False,False,progression,phase_outcome_dense,1
1886347,140,15223,15277,medium_block,2122.56115,False,False,other,phase_outcome_dense,0
1886347,142,15476,15480,medium_block,1575.5871750000001,True,False,shot,phase_outcome_dense,1
1886347,143,15480,15572,high_block,1945.49745,True,False,shot,phase_outcome_dense,1
1886347,144,15572,15627,medium_block,2179.77075,True,False,shot,phase_outcome_dense,1
1886347,145,15627,15708,high_block,2173.9836000000005,True,False,shot,phase_outcome_dense,1
1886347,146,15708,15939,medium_block,1976.8978499999998,True,False,shot,phase_outcome_dense,1
1886347,147,15939,15970,low_block,1429.2505999999998,True,False,shot,phase_outcome_dense,1
1886347,148,15970,16046,medium_block,1563.2116500000002,True,False,shot,phase_outcome_dense,1
1886347,149,16046,16315,low_block,1193.702475,True,False,shot,phase_outcome_dense,1
1886347,151,16910,16985,low_block,641.2737,False,False,other,phase_outcome_dense,0
1886347,153,17339,17370,high_block,2637.1978750000003,False,False,progression,phase_outcome_dense,1
1886347,155,17391,17468,low_block,1801.12795,False,False,other,phase_outcome_dense,0
1886347,156,17468,17674,medium_block,1327.3806,False,False,other,phase_outcome_dense,0
1886347,157,17674,17733,low_block,1405.7320000000002,False,False,other,phase_outcome_dense,0
1886347,160,17894,17963,medium_block,1337.80335,False,False,other,phase_outcome_dense,0
1886347,161,17963,17981,low_block,1447.2290499999997,False,False,other,phase_outcome_dense,0
1886347,162,17981,18097,medium_block,1569.81,False,False,other,phase_outcome_dense,0
1886347,163,18097,18173,low_block,1322.6753750000003,False,False,other,phase_outcome_dense,0
1886347,164,18173,18256,medium_block,1183.5,False,False,other,phase_outcome_dense,0
1886347,165,18256,18356,low_block,1022.8958250000001,False,False,progression,phase_outcome_dense,1
1886347,166,18356,18398,high_block,2436.95925,False,False,other,phase_outcome_dense,0
1886347,167,18398,18453,medium_block,1885.6375,False,False,other,phase_outcome_dense,0
1886347,168,18827,18842,medium_block,1519.20975,False,False,other,phase_outcome_dense,0
1886347,169,18842,18974,high_block,1900.85775,False,False,regain,phase_outcome_dense,0
1886347,170,18974,18986,medium_block,2126.7334250000004,False,False,regain,phase_outcome_dense,0
1886347,171,18986,19008,low_block,2468.383025,False,False,other,phase_outcome_dense,0
1886347,172,19008,19091,medium_block,2407.352675,False,False,other,phase_outcome_dense,0
1886347,173,19091,19193,high_block,2408.42145,False,False,other,phase_outcome_dense,0
1886347,174,19193,19198,medium_block,2201.1439750000004,False,False,other,phase_outcome_dense,0
1886347,175,19198,19252,high_block,2141.4397500000005,False,False,other,phase_outcome_dense,0
1886347,176,19252,19303,medium_block,2130.59865,False,False,regain,phase_outcome_dense,0
1886347,177,19303,19390,high_block,2311.287075,False,False,regain,phase_outcome_dense,0
1886347,178,19390,19401,medium_block,2372.16665,False,False,other,phase_outcome_dense,0
1886347,179,19401,19447,medium_block,2356.8113,False,False,other,phase_outcome_dense,0
1886347,180,19447,19480,high_block,2121.1820000000002,False,False,other,phase_outcome_dense,0
1886347,181,19480,19557,medium_block,2033.690175,False,False,progression,phase_outcome_dense,1
1886347,182,19557,19582,low_block,1627.5079999999998,False,False,progression,phase_outcome_dense,1
1886347,183,19851,19925,high_block,2860.37845,False,False,regain,phase_outcome_dense,0
1886347,186,19986,20071,medium_block,1800.12555,False,False,other,phase_outcome_dense,0
1886347,187,20071,20331,low_block,1040.749575,False,False,other,phase_outcome_dense,0
1886347,189,20363,20548,low_block,688.8743,False,False,other,phase_outcome_dense,0
1886347,192,20623,20637,medium_block,1931.46635,False,False,other,phase_outcome_dense,0
1886347,193,20637,20826,high_block,1928.4691500000004,False,False,other,phase_outcome_dense,0
1886347,194,20826,21034,medium_block,1762.2347,False,False,other,phase_outcome_dense,0
1886347,198,21492,21763,medium_block,1923.86425,False,False,regain,phase_outcome_dense,0
1886347,202,22030,22105,medium_block,1648.89,False,False,other,phase_outcome_dense,0
1886347,203,22105,22187,high_block,2253.5744,False,False,other,phase_outcome_dense,0
1886347,206,23043,23189,low_block,615.7032,False,False,progression,phase_outcome_dense,1
1886347,207,23189,23349,high_block,2433.943325,False,False,regain,phase_outcome_dense,0
1886347,209,23890,23952,high_block,2275.0885000000003,False,False,other,phase_outcome_dense,0
1886347,210,23952,24166,medium_block,2140.27875,False,False,regain,phase_outcome_dense,0
1886347,211,24166,24167,medium_block,3310.0930000000003,False,False,other,phase_outcome_dense,0
1886347,212,24167,24269,high_block,2809.223625,False,False,other,phase_outcome_dense,0
1886347,213,24269,24299,medium_block,2371.45645,False,False,other,phase_outcome_dense,0
1886347,214,24299,24447,high_block,2310.1449500000003,False,False,other,phase_outcome_dense,0
1886347,215,24447,24601,medium_block,2267.3196,False,False,other,phase_outcome_dense,0
1886347,217,24914,24946,medium_block,1456.3481749999999,False,False,other,phase_outcome_dense,0
1886347,220,24972,25045,medium_block,1636.4174499999997,False,False,other,phase_outcome_dense,0
1886347,221,25045,25108,high_block,1971.05535,False,False,other,phase_outcome_dense,0
1886347,222,25108,25135,medium_block,1914.304275,False,False,other,phase_outcome_dense,0
1886347,223,25317,25375,medium_block,1513.017,False,False,other,phase_outcome_dense,0
1886347,224,25375,25416,low_block,1493.8994,False,False,other,phase_outcome_dense,0
1886347,226,26002,26146,high_block,2292.5812499999997,False,False,other,phase_outcome_dense,0
1886347,227,26146,26211,medium_block,2262.4578000000006,False,False,progression,phase_outcome_dense,1
1886347,228,26211,26223,low_block,1750.643,False,False,progression,phase_outcome_dense,1
1886347,229,26223,26265,high_block,2242.9081499999998,False,False,other,phase_outcome_dense,0
1886347,230,26265,26371,medium_block,1730.9604,False,False,other,phase_outcome_dense,0
1886347,231,26371,26521,low_block,1289.3915500000003,False,False,other,phase_outcome_dense,0
1886347,232,26521,26551,medium_block,1116.1809999999998,False,False,other,phase_outcome_dense,0
1886347,233,26551,26674,low_block,1168.169175,False,False,other,phase_outcome_dense,0
1886347,234,26674,26698,medium_block,1161.294075,False,False,other,phase_outcome_dense,0
1886347,235,26698,26806,low_block,1180.6426499999998,False,False,other,phase_outcome_dense,0
1886347,236,26806,26862,medium_block,1540.5194250000002,False,False,progression,phase_outcome_dense,1
1886347,237,26862,26878,low_block,1841.7900000000002,False,False,progression,phase_outcome_dense,1
1886347,238,27089,27165,high_block,1559.47935,True,False,shot,phase_outcome_dense,1
1886347,239,27165,27213,medium_block,1654.3485,True,False,shot,phase_outcome_dense,1
1886347,240,27213,27258,high_block,1979.4982499999999,True,False,shot,phase_outcome_dense,1
1886347,241,27258,27324,medium_block,2186.441625,True,False,shot,phase_outcome_dense,1
1886347,242,27324,27372,low_block,1553.3050000000003,False,False,other,phase_outcome_dense,0
1886347,243,27532,27583,low_block,1074.71575,False,False,other,phase_outcome_dense,0
1886347,247,27789,27824,medium_block,1767.5579999999998,False,False,other,phase_outcome_dense,0
1886347,250,28039,28137,low_block,1637.9698,False,False,other,phase_outcome_dense,0
1886347,251,28137,28156,medium_block,2152.7969000000003,False,False,other,phase_outcome_dense,0
1886347,252,28156,28190,low_block,1956.2935000000002,False,False,other,phase_outcome_dense,0
1886347,255,28638,28898,medium_block,1356.8153999999997,False,False,other,phase_outcome_dense,0
1886347,256,28898,29367,low_block,1283.5484999999999,False,False,progression,phase_outcome_dense,1
1886347,257,29367,29430,high_block,2791.646375,False,False,other,phase_outcome_dense,0
1886347,258,29430,29532,medium_block,2128.5996999999998,False,False,other,phase_outcome_dense,0
1886347,259,29644,29753,medium_block,1378.17795,False,False,other,phase_outcome_dense,0
1886347,260,29753,29867,low_block,1351.6065,False,False,other,phase_outcome_dense,0
1886347,261,29867,29911,medium_block,1437.73,False,False,other,phase_outcome_dense,0
1886347,262,29911,29986,high_block,1984.1159249999998,False,False,regain,phase_outcome_dense,0
1886347,264,30012,30207,medium_block,2026.71855,False,False,other,phase_outcome_dense,0
1886347,265,30207,30268,low_block,1551.541475,False,False,other,phase_outcome_dense,0
1886347,267,30297,30314,high_block,2586.400025,False,False,other,phase_outcome_dense,0
1886347,268,30314,30388,medium_block,1907.0226000000005,False,False,other,phase_outcome_dense,0
1886347,270,30703,30853,medium_block,1977.402,False,False,progression,phase_outcome_dense,1
1886347,271,30876,30986,low_block,1438.0104000000001,False,False,progression,phase_outcome_dense,1
1886347,272,31065,31118,high_block,2601.6012,False,False,other,phase_outcome_dense,0
1886347,273,31118,31221,medium_block,2227.0337,False,False,other,phase_outcome_dense,0
1886347,274,31221,31265,low_block,1503.8074,False,False,other,phase_outcome_dense,0
1886347,276,32061,32129,low_block,1682.9548499999999,False,False,other,phase_outcome_dense,0
1886347,283,32563,32653,low_block,1045.854525,False,False,other,phase_outcome_dense,0
1886347,284,32653,32715,medium_block,1428.85925,False,False,other,phase_outcome_dense,0
1886347,285,32715,32799,high_block,2001.614875,False,False,other,phase_outcome_dense,0
1886347,286,32799,32886,medium_block,1945.2605999999998,False,False,other,phase_outcome_dense,0
1886347,289,32946,33000,medium_block,1894.866025,True,False,shot,phase_outcome_dense,1
1886347,290,33000,33049,low_block,1380.6312000000003,True,False,shot,phase_outcome_dense,1
1886347,291,33292,33324,high_block,2857.725525,False,False,other,phase_outcome_dense,0
1886347,293,33609,33811,medium_block,1244.025,False,False,other,phase_outcome_dense,0
1886347,294,33811,33947,low_block,931.4078999999999,False,False,progression,phase_outcome_dense,1
1886347,296,34010,34078,low_block,545.7445,False,False,other,phase_outcome_dense,0
1886347,298,34157,34273,low_block,1014.9426000000001,False,False,other,phase_outcome_dense,0
1886347,299,34273,34350,medium_block,1315.895625,False,False,other,phase_outcome_dense,0
1886347,300,34350,34423,low_block,1419.9627500000001,False,False,progression,phase_outcome_dense,1
1886347,301,34423,34544,high_block,2705.040975,False,False,other,phase_outcome_dense,0
1886347,302,34544,34573,medium_block,2585.0342000000005,False,False,other,phase_outcome_dense,0
1886347,305,35192,35238,high_block,2519.7658500000002,False,False,disruption,phase_outcome_dense,0
1886347,307,35262,35322,medium_block,2152.3598250000005,False,False,other,phase_outcome_dense,0
1886347,308,35322,35334,low_block,2120.4558,False,False,other,phase_outcome_dense,0
1886347,311,35375,35397,medium_block,1513.33995,False,False,other,phase_outcome_dense,0
1886347,312,35397,35433,low_block,1350.78525,False,False,other,phase_outcome_dense,0
1886347,313,35433,35577,medium_block,1685.595425,False,False,other,phase_outcome_dense,0
1886347,314,35948,35993,medium_block,1616.3747250000001,False,False,progression,phase_outcome_dense,1
1886347,315,35993,36013,low_block,1554.911075,False,False,progression,phase_outcome_dense,1
1886347,316,36013,36207,medium_block,2602.944375,False,False,other,phase_outcome_dense,0
1886347,317,36286,36472,medium_block,1749.022575,False,False,other,phase_outcome_dense,0
1886347,318,36472,36569,low_block,1442.6015999999997,False,False,other,phase_outcome_dense,0
1886347,321,37144,37219,high_block,2332.2225,False,False,regain,phase_outcome_dense,0
1886347,322,37219,37234,medium_block,2296.4688,False,False,other,phase_outcome_dense,0
1886347,325,37611,37630,medium_block,1268.14765,False,False,other,phase_outcome_dense,0
1886347,326,37630,37651,low_block,1393.8573,False,False,other,phase_outcome_dense,0
1886347,327,37651,37707,medium_block,1526.56175,False,False,other,phase_outcome_dense,0
1886347,328,37707,37743,low_block,1212.6108749999999,False,False,other,phase_outcome_dense,0
1886347,330,38475,38600,high_block,2068.7253,False,False,other,phase_outcome_dense,0
1886347,333,40233,40281,low_block,993.531,False,False,other,phase_outcome_dense,0
1886347,335,40866,40964,medium_block,1308.2704999999999,False,False,regain,phase_outcome_dense,0
1886347,336,40964,41009,high_block,1874.8521,False,False,regain,phase_outcome_dense,0
1886347,338,41051,41124,high_block,2356.110225,False,False,other,phase_outcome_dense,0
1886347,339,41124,41241,medium_block,2115.77625,False,False,other,phase_outcome_dense,0
1886347,343,41713,41795,medium_block,2107.300625,False,False,other,phase_outcome_dense,0
1886347,346,42426,42495,medium_block,1459.277775,False,False,regain,phase_outcome_dense,0
1886347,348,42888,42940,medium_block,1750.56635,False,False,other,phase_outcome_dense,0
1886347,349,42940,43130,high_block,2039.3538750000002,False,False,other,phase_outcome_dense,0
1886347,350,43130,43223,medium_block,1858.47645,False,False,other,phase_outcome_dense,0
1886347,351,43223,43320,low_block,1414.333,False,False,other,phase_outcome_dense,0
1886347,353,43803,43861,high_block,2214.4824,False,False,other,phase_outcome_dense,0
1886347,354,43861,43991,medium_block,1932.0980250000002,False,False,other,phase_outcome_dense,0
1886347,358,44210,44324,medium_block,1847.3909999999998,False,False,regain,phase_outcome_dense,0
1886347,360,44352,44428,medium_block,1810.238625,True,False,shot,phase_outcome_dense,1
1886347,361,44428,44471,low_block,1660.0261500000001,True,False,shot,phase_outcome_dense,1
1886347,362,44754,44759,medium_block,,False,False,other,phase_outcome_dense,0
1886347,363,44759,44765,low_block,2243.0199,False,False,other,phase_outcome_dense,0
1886347,364,44765,44877,medium_block,1989.1425,False,False,regain,phase_outcome_dense,0
1886347,366,44919,44976,high_block,2559.916125,False,False,other,phase_outcome_dense,0
1886347,367,44976,44979,medium_block,2602.58305,False,False,other,phase_outcome_dense,0
1886347,368,44979,45004,high_block,2825.2639999999997,False,False,other,phase_outcome_dense,0
1886347,369,45256,45433,medium_block,1485.5828000000001,False,False,progression,phase_outcome_dense,1
1886347,370,45433,45444,low_block,1470.3808,False,False,progression,phase_outcome_dense,1
1886347,371,45444,45512,medium_block,2884.6394999999993,False,False,other,phase_outcome_dense,0
1886347,375,46666,46681,low_block,690.523925,True,False,shot,phase_outcome_dense,1
1886347,378,47431,47726,low_block,864.9845750000001,False,False,progression,phase_outcome_dense,1
1886347,379,47726,47772,high_block,1844.9284,False,False,other,phase_outcome_dense,0
1886347,380,47772,47918,medium_block,1575.4068,False,False,progression,phase_outcome_dense,1
1886347,381,47918,48001,high_block,3057.7028250000003,False,False,disruption,phase_outcome_dense,0
1886347,383,48228,48306,medium_block,1606.4943999999998,False,False,progression,phase_outcome_dense,1
1886347,384,48424,48523,medium_block,1373.466225,False,False,other,phase_outcome_dense,0
1886347,386,48705,48799,medium_block,1465.882925,False,False,other,phase_outcome_dense,0
1886347,387,48799,48877,low_block,1351.3680250000002,False,False,other,phase_outcome_dense,0
1886347,388,48877,48985,medium_block,1417.0125,False,False,other,phase_outcome_dense,0
1886347,389,48985,48995,low_block,1641.861375,False,False,other,phase_outcome_dense,0
1886347,390,48995,49144,medium_block,1949.4,False,False,other,phase_outcome_dense,0
1886347,391,49172,49217,low_block,1386.5463750000001,False,False,other,phase_outcome_dense,0
1886347,392,49217,49241,medium_block,1216.3659,False,False,progression,phase_outcome_dense,1
1886347,394,49312,49413,high_block,2616.55245,False,False,other,phase_outcome_dense,0
1886347,398,49746,49748,low_block,1921.5203,False,False,other,phase_outcome_dense,0
1886347,399,49748,49770,medium_block,1807.0383749999999,False,False,other,phase_outcome_dense,0
1886347,400,49770,49849,low_block,1338.1660500000003,False,False,other,phase_outcome_dense,0
1886347,401,49849,49910,medium_block,1245.3239500000002,False,False,regain,phase_outcome_dense,0
1886347,402,49910,49919,low_block,1454.559525,False,False,regain,phase_outcome_dense,0
1886347,403,49919,49937,medium_block,1389.893175,False,False,regain,phase_outcome_dense,0
1886347,405,49942,49964,medium_block,1397.5919999999996,False,False,other,phase_outcome_dense,0
1886347,406,49964,50028,low_block,1407.219975,False,False,other,phase_outcome_dense,0
1886347,407,50028,50119,medium_block,1475.3080499999999,False,False,progression,phase_outcome_dense,1
1886347,408,50119,50149,low_block,1455.0049249999997,False,False,progression,phase_outcome_dense,1
1886347,409,50149,50178,high_block,2723.5243,False,False,progression,phase_outcome_dense,1
1886347,410,50178,50214,medium_block,2360.11755,False,False,progression,phase_outcome_dense,1
1886347,411,50382,50495,medium_block,1598.95,False,False,progression,phase_outcome_dense,1
1886347,412,50495,50612,low_block,1407.6958249999998,False,False,progression,phase_outcome_dense,1
1886347,413,52205,52453,medium_block,1480.6657750000002,False,False,other,phase_outcome_dense,0
1886347,414,52453,52578,low_block,1426.1723999999997,False,False,other,phase_outcome_dense,0
1886347,415,52578,52762,medium_block,1259.744375,False,False,other,phase_outcome_dense,0
1886347,416,52762,52816,low_block,1215.14715,False,False,progression,phase_outcome_dense,1
1886347,419,55346,55460,medium_block,1725.1429999999998,False,False,other,phase_outcome_dense,0
1886347,421,55711,55741,high_block,2450.4156000000003,False,False,other,phase_outcome_dense,0
1886347,422,55741,55800,medium_block,2154.5036,False,False,other,phase_outcome_dense,0
1886347,426,56620,56768,medium_block,1449.646325,False,False,progression,phase_outcome_dense,1
1886347,427,56768,56845,medium_block,2092.9147,False,False,other,phase_outcome_dense,0
1886347,429,56891,56997,low_block,1166.104575,False,False,regain,phase_outcome_dense,0
1886347,430,56997,57064,high_block,1723.5712,False,False,regain,phase_outcome_dense,0
1886347,431,57064,57070,medium_block,1321.612875,False,False,other,phase_outcome_dense,0
1886347,435,57172,57287,medium_block,1542.2190000000003,False,False,progression,phase_outcome_dense,1
1886347,437,57321,57356,medium_block,1626.6229999999998,False,False,other,phase_outcome_dense,0
1886347,438,57356,57448,high_block,2050.750625,False,False,other,phase_outcome_dense,0
1886347,439,57448,57500,medium_block,1860.5414,False,False,other,phase_outcome_dense,0
1886347,442,57947,58033,low_block,1175.71065,False,False,progression,phase_outcome_dense,1
1886347,443,58033,58295,medium_block,1965.6652500000005,False,False,other,phase_outcome_dense,0
1886347,444,58295,58306,low_block,1371.5421,False,False,other,phase_outcome_dense,0
1886347,445,58306,58414,medium_block,1466.6870000000001,False,False,other,phase_outcome_dense,0
1886347,446,58414,58601,low_block,1463.94045,False,False,other,phase_outcome_dense,0
1886347,447,58698,58775,low_block,964.003425,True,False,shot,phase_outcome_dense,1
1899585,0,11,201,medium_block,1700.2682999999997,False,False,other,phase_outcome_dense,0
1899585,1,201,269,high_block,2514.8598000000006,False,False,other,phase_outcome_dense,0
1899585,2,269,305,medium_block,2798.0092999999997,False,False,other,phase_outcome_dense,0
1899585,4,995,1000,medium_block,1084.57915,False,False,other,phase_outcome_dense,0
1899585,5,1000,1018,low_block,1204.937625,False,False,other,phase_outcome_dense,0
1899585,6,1018,1066,medium_block,1645.1149,False,False,other,phase_outcome_dense,0
1899585,7,1066,1127,high_block,1850.3918499999997,False,False,other,phase_outcome_dense,0
1899585,8,1127,1182,medium_block,1756.408225,False,False,other,phase_outcome_dense,0
1899585,9,1182,1280,low_block,1282.7214,False,False,other,phase_outcome_dense,0
1899585,10,1280,1301,medium_block,881.1417000000002,False,False,other,phase_outcome_dense,0
1899585,11,1301,1417,low_block,1126.2037749999997,False,False,other,phase_outcome_dense,0
1899585,12,1463,1541,low_block,1171.996875,False,False,progression,phase_outcome_dense,1
1899585,14,1592,1678,medium_block,1308.7499000000003,False,False,other,phase_outcome_dense,0
1899585,15,1678,1705,low_block,1355.228725,False,False,other,phase_outcome_dense,0
1899585,18,2379,2481,low_block,400.3785,False,False,progression,phase_outcome_dense,1
1899585,19,2774,2982,medium_block,1639.83365,False,False,other,phase_outcome_dense,0
1899585,20,3142,3170,medium_block,1422.116625,False,False,regain,phase_outcome_dense,0
1899585,24,3346,3368,low_block,1396.6455999999998,False,False,other,phase_outcome_dense,0
1899585,25,3368,3492,medium_block,1501.9724999999999,False,False,regain,phase_outcome_dense,0
1899585,29,3546,3559,medium_block,2661.6255,False,False,other,phase_outcome_dense,0
1899585,30,3559,3621,low_block,1780.1625000000001,False,False,other,phase_outcome_dense,0
1899585,34,3891,4065,medium_block,1565.9999999999998,False,False,other,phase_outcome_dense,0
1899585,38,4156,4241,medium_block,2427.0029999999997,False,False,progression,phase_outcome_dense,1
1899585,40,4498,4708,low_block,1010.8228,False,False,other,phase_outcome_dense,0
1899585,41,4708,4855,medium_block,1444.4325500000002,False,False,other,phase_outcome_dense,0
1899585,42,4855,5039,low_block,994.42915,False,False,other,phase_outcome_dense,0
1899585,46,5398,5499,high_block,2157.4788000000003,False,False,disruption,phase_outcome_dense,0
1899585,48,5812,5841,medium_block,2682.8070000000002,False,False,other,phase_outcome_dense,0
1899585,49,5985,5990,medium_block,1620.906175,False,False,other,phase_outcome_dense,0
1899585,50,5990,6074,high_block,2008.0721999999998,False,False,other,phase_outcome_dense,0
1899585,51,6074,6082,medium_block,2468.916625,False,False,other,phase_outcome_dense,0
1899585,52,6082,6146,low_block,2085.6775,False,False,other,phase_outcome_dense,0
1899585,54,6307,6337,medium_block,2002.2522749999996,False,False,other,phase_outcome_dense,0
1899585,56,6383,6429,low_block,2258.1151,False,False,other,phase_outcome_dense,0
1899585,63,7313,7320,medium_block,,False,False,other,phase_outcome_dense,0
1899585,64,7320,7382,low_block,1465.5564000000002,False,False,other,phase_outcome_dense,0
1899585,68,7525,7554,medium_block,1812.0687499999997,False,False,other,phase_outcome_dense,0
1899585,69,7554,7583,low_block,1616.66785,False,False,progression,phase_outcome_dense,1
1899585,70,7583,7848,medium_block,1634.5719,False,False,regain,phase_outcome_dense,0
1899585,71,7848,8028,medium_block,1928.0880999999997,False,False,other,phase_outcome_dense,0
1899585,72,8028,8052,low_block,1318.746825,False,False,other,phase_outcome_dense,0
1899585,73,8052,8056,medium_block,1397.6378,False,False,other,phase_outcome_dense,0
1899585,74,8056,8069,low_block,1379.5431,False,False,other,phase_outcome_dense,0
1899585,75,8069,8161,medium_block,1680.0672000000002,False,False,disruption,phase_outcome_dense,0
1899585,76,8376,8736,low_block,765.568875,False,False,progression,phase_outcome_dense,1
1899585,77,8736,8981,medium_block,2573.4903000000004,False,False,regain,phase_outcome_dense,0
1899585,78,8981,8994,medium_block,2642.59645,False,False,other,phase_outcome_dense,0
1899585,79,8994,9204,high_block,2740.433125,False,False,regain,phase_outcome_dense,0
1899585,82,9253,9307,medium_block,1781.4216,False,False,other,phase_outcome_dense,0
1899585,83,9307,9499,low_block,1055.2502499999998,False,False,progression,phase_outcome_dense,1
1899585,85,9549,9701,low_block,887.453,False,False,other,phase_outcome_dense,0
1899585,90,10796,10851,low_block,1506.150525,False,False,regain,phase_outcome_dense,0
1899585,91,10851,10934,medium_block,1843.7975499999998,False,False,regain,phase_outcome_dense,0
1899585,92,10934,11196,medium_block,2326.3226999999997,False,False,progression,phase_outcome_dense,1
1899585,93,11196,11255,medium_block,2465.0075,False,False,progression,phase_outcome_dense,1
1899585,94,11255,11318,medium_block,1526.0719500000002,False,False,other,phase_outcome_dense,0
1899585,95,11318,11440,low_block,1052.896875,False,False,progression,phase_outcome_dense,1
1899585,96,11440,11496,high_block,2688.6625,False,False,progression,phase_outcome_dense,1
1899585,97,11542,11599,low_block,977.5863499999999,False,False,progression,phase_outcome_dense,1
1899585,98,11599,11666,high_block,2532.0539999999996,False,False,disruption,phase_outcome_dense,0
1899585,99,11666,11683,medium_block,2537.1045,False,False,disruption,phase_outcome_dense,0
1899585,100,11822,11938,medium_block,2118.5910000000003,False,False,other,phase_outcome_dense,0
1899585,102,11974,12020,medium_block,2301.935125,False,False,other,phase_outcome_dense,0
1899585,105,13309,13374,medium_block,928.948625,False,False,other,phase_outcome_dense,0
1899585,108,13559,13624,low_block,1371.1785750000001,True,False,shot,phase_outcome_dense,1
1899585,109,13624,13726,medium_block,1413.9775499999998,False,False,other,phase_outcome_dense,0
1899585,110,13726,13730,low_block,1583.8361499999999,False,False,other,phase_outcome_dense,0
1899585,111,13730,13767,medium_block,1634.2549999999997,False,False,progression,phase_outcome_dense,1
1899585,113,14103,14160,medium_block,1999.5389999999998,False,False,other,phase_outcome_dense,0
1899585,115,14235,14311,low_block,1347.7579,False,False,other,phase_outcome_dense,0
1899585,116,14617,14733,low_block,1796.95,False,False,progression,phase_outcome_dense,1
1899585,118,15323,15415,high_block,2754.274425,False,False,regain,phase_outcome_dense,0
1899585,121,15535,15556,medium_block,1253.2061749999998,False,False,other,phase_outcome_dense,0
1899585,122,15556,15616,low_block,1015.861525,False,False,other,phase_outcome_dense,0
1899585,126,17028,17100,medium_block,1601.4690999999998,False,False,progression,phase_outcome_dense,1
1899585,127,17100,17203,low_block,1310.8180000000002,False,False,progression,phase_outcome_dense,1
1899585,128,17896,18043,medium_block,1650.6111,True,True,goal,phase_outcome_dense,1
1899585,129,18043,18174,low_block,1348.78095,True,True,goal,phase_outcome_dense,1
1899585,130,18940,19016,medium_block,1846.5783,False,False,regain,phase_outcome_dense,0
1899585,131,19016,19054,medium_block,2726.3411999999994,False,False,progression,phase_outcome_dense,1
1899585,132,19054,19110,low_block,1668.92485,False,False,progression,phase_outcome_dense,1
1899585,133,19110,19165,high_block,2516.3963999999996,False,False,regain,phase_outcome_dense,0
1899585,134,19165,19174,medium_block,2903.5004999999996,False,False,other,phase_outcome_dense,0
1899585,136,19438,19487,medium_block,1521.124,False,False,other,phase_outcome_dense,0
1899585,137,19487,19519,low_block,1757.7667500000002,False,False,progression,phase_outcome_dense,1
1899585,138,19541,19567,medium_block,2656.15155,False,False,regain,phase_outcome_dense,0
1899585,139,19567,19621,high_block,2535.99945,False,False,regain,phase_outcome_dense,0
1899585,140,19621,19634,medium_block,2718.09075,False,False,regain,phase_outcome_dense,0
1899585,143,19716,19738,low_block,1510.1536499999997,False,False,other,phase_outcome_dense,0
1899585,144,19738,19744,medium_block,1677.27175,False,False,other,phase_outcome_dense,0
1899585,145,19744,19760,low_block,1576.90775,False,False,other,phase_outcome_dense,0
1899585,146,19760,19803,medium_block,1500.5265000000002,False,False,other,phase_outcome_dense,0
1899585,147,19803,19833,low_block,1709.097975,False,False,other,phase_outcome_dense,0
1899585,149,20184,20247,medium_block,1766.7464,False,False,regain,phase_outcome_dense,0
1899585,150,20247,20289,high_block,2087.072,False,False,regain,phase_outcome_dense,0
1899585,151,20289,20309,medium_block,2100.8405,False,False,other,phase_outcome_dense,0
1899585,152,20309,20405,medium_block,2336.7025,False,False,regain,phase_outcome_dense,0
1899585,153,20405,20451,high_block,2584.0499499999996,False,False,regain,phase_outcome_dense,0
1899585,155,20477,20580,medium_block,2347.88055,False,False,progression,phase_outcome_dense,1
1899585,157,20596,20676,low_block,1346.58995,False,False,other,phase_outcome_dense,0
1899585,159,20718,20798,medium_block,1642.194925,False,False,progression,phase_outcome_dense,1
1899585,160,20798,20834,low_block,1758.3647500000002,False,False,progression,phase_outcome_dense,1
1899585,161,21013,21023,medium_block,2474.082,False,False,other,phase_outcome_dense,0
1899585,162,21222,21354,high_block,2654.832,False,False,other,phase_outcome_dense,0
1899585,163,21481,21585,high_block,3061.8819000000003,False,False,disruption,phase_outcome_dense,0
1899585,164,21642,21700,medium_block,2014.4688,False,False,other,phase_outcome_dense,0
1899585,165,21700,21732,high_block,2009.9581249999999,False,False,other,phase_outcome_dense,0
1899585,166,21732,21805,medium_block,2069.85485,False,False,other,phase_outcome_dense,0
1899585,167,21805,21834,low_block,1871.7498,False,False,other,phase_outcome_dense,0
1899585,168,21834,21842,medium_block,1587.1261,False,False,other,phase_outcome_dense,0
1899585,169,22038,22065,low_block,1243.7982000000002,False,False,progression,phase_outcome_dense,1
1899585,170,22065,22238,medium_block,2899.9329,False,False,other,phase_outcome_dense,0
1899585,171,22238,22339,high_block,2683.109,False,False,other,phase_outcome_dense,0
1899585,172,22339,22357,medium_block,2816.440975,False,False,other,phase_outcome_dense,0
1899585,173,22357,22387,high_block,2736.44295,False,False,regain,phase_outcome_dense,0
1899585,174,22387,22468,medium_block,2155.2744,False,False,regain,phase_outcome_dense,0
1899585,177,22511,22526,medium_block,2676.8796,False,False,regain,phase_outcome_dense,0
1899585,178,22526,22553,high_block,2463.9552,False,False,regain,phase_outcome_dense,0
1899585,179,22553,22576,medium_block,2649.606275,False,False,regain,phase_outcome_dense,0
1899585,181,22683,22725,low_block,1561.3482000000001,False,False,other,phase_outcome_dense,0
1899585,182,22725,22797,medium_block,1380.9930000000002,False,False,progression,phase_outcome_dense,1
1899585,183,22797,22921,medium_block,2257.9683,False,False,regain,phase_outcome_dense,0
1899585,185,23147,23227,low_block,1588.7897500000001,False,False,progression,phase_outcome_dense,1
1899585,187,23265,23502,high_block,2581.376,False,False,progression,phase_outcome_dense,1
1899585,189,23548,23838,high_block,2847.6546,False,False,progression,phase_outcome_dense,1
1899585,190,23920,23930,low_block,1730.006625,False,False,other,phase_outcome_dense,0
1899585,191,23930,23995,medium_block,1626.2636249999998,False,False,other,phase_outcome_dense,0
1899585,192,23995,24071,low_block,1450.26225,False,False,other,phase_outcome_dense,0
1899585,196,24713,24751,medium_block,2039.4252000000001,True,False,shot,phase_outcome_dense,1
1899585,197,24751,24854,high_block,2646.4382250000003,True,False,shot,phase_outcome_dense,1
1899585,198,24854,24949,medium_block,2581.594,True,False,shot,phase_outcome_dense,1
1899585,199,24949,25068,low_block,1456.29605,True,False,shot,phase_outcome_dense,1
1899585,202,25487,25564,low_block,1400.6625,False,False,other,phase_outcome_dense,0
1899585,208,26517,26547,low_block,768.3038999999999,False,False,progression,phase_outcome_dense,1
1899585,209,26547,26606,high_block,1516.0405,False,False,disruption,phase_outcome_dense,0
1899585,212,27061,27187,medium_block,1578.8485999999998,True,False,shot,phase_outcome_dense,1
1899585,213,27187,27310,low_block,944.0708,True,False,shot,phase_outcome_dense,1
1899585,217,28427,28477,high_block,2438.289025,False,False,other,phase_outcome_dense,0
1899585,218,28477,28499,medium_block,2379.6105000000002,False,False,other,phase_outcome_dense,0
1899585,219,28499,28527,high_block,2227.9222500000005,False,False,other,phase_outcome_dense,0
1899585,220,28527,28551,medium_block,2256.2569000000003,False,False,other,phase_outcome_dense,0
1899585,221,28551,28647,high_block,2680.2334000000005,False,False,other,phase_outcome_dense,0
1899585,222,28647,28714,medium_block,2415.4669000000004,False,False,other,phase_outcome_dense,0
1899585,223,28714,28751,low_block,1552.1035000000002,False,False,other,phase_outcome_dense,0
1899585,229,29596,29772,medium_block,1729.1805,False,False,other,phase_outcome_dense,0
1899585,230,29772,29826,medium_block,1842.14765,False,False,regain,phase_outcome_dense,0
1899585,232,29871,30063,low_block,1445.059,False,False,regain,phase_outcome_dense,0
1899585,233,30063,30207,medium_block,1708.9227,False,False,regain,phase_outcome_dense,0
1899585,235,30239,30368,medium_block,1958.726,False,False,other,phase_outcome_dense,0
1899585,236,30368,30456,low_block,1321.21275,False,False,other,phase_outcome_dense,0
1899585,238,30703,30730,medium_block,1739.4948249999998,False,False,other,phase_outcome_dense,0
1899585,239,30730,30809,high_block,1876.6185999999998,False,False,other,phase_outcome_dense,0
1899585,240,30809,30836,medium_block,1909.915,False,False,other,phase_outcome_dense,0
1899585,241,30836,30889,high_block,1851.2302500000003,False,False,progression,phase_outcome_dense,1
1899585,243,31110,31175,high_block,2841.3515,False,False,regain,phase_outcome_dense,0
1899585,246,31600,31722,high_block,2856.21,False,False,regain,phase_outcome_dense,0
1899585,248,31728,31752,high_block,2557.4843,False,False,other,phase_outcome_dense,0
1899585,249,31752,31798,medium_block,2066.9483999999998,False,False,progression,phase_outcome_dense,1
1899585,250,31798,31851,low_block,1094.45515,False,False,progression,phase_outcome_dense,1
1899585,251,32057,32101,high_block,2793.868,False,False,other,phase_outcome_dense,0
1899585,252,32101,32179,medium_block,2203.29265,False,False,other,phase_outcome_dense,0
1899585,254,32422,32521,low_block,1311.8875,False,False,progression,phase_outcome_dense,1
1899585,256,32567,32637,medium_block,1825.8173500000003,False,False,other,phase_outcome_dense,0
1899585,257,32637,32724,low_block,1276.3858500000001,False,False,other,phase_outcome_dense,0
1899585,259,33843,33872,medium_block,2262.4722,False,False,progression,phase_outcome_dense,1
1899585,261,33901,34083,low_block,2020.2267000000002,False,False,progression,phase_outcome_dense,1
1899585,262,34083,34127,high_block,2989.1821750000004,False,False,other,phase_outcome_dense,0
1899585,263,34127,34154,medium_block,2989.044975,False,False,other,phase_outcome_dense,0
1899585,269,36048,36095,high_block,1533.0145000000002,False,False,disruption,phase_outcome_dense,0
1899585,270,36095,36210,medium_block,1646.382375,False,False,regain,phase_outcome_dense,0
1899585,271,36210,36263,medium_block,2811.6506,False,False,other,phase_outcome_dense,0
1899585,272,36310,36338,low_block,1732.17225,False,False,other,phase_outcome_dense,0
1899585,273,36338,36429,medium_block,1927.1524,False,False,other,phase_outcome_dense,0
1899585,274,36429,36446,low_block,2474.7975,False,False,other,phase_outcome_dense,0
1899585,275,36446,36471,medium_block,2484.511275,False,False,progression,phase_outcome_dense,1
1899585,276,36724,36772,high_block,1974.5040000000001,False,False,progression,phase_outcome_dense,1
1899585,278,36802,36896,medium_block,2428.4312250000003,False,False,other,phase_outcome_dense,0
1899585,279,36896,36947,low_block,1456.57895,False,False,progression,phase_outcome_dense,1
1899585,280,36947,37035,high_block,2158.8293999999996,False,False,other,phase_outcome_dense,0
1899585,281,37035,37040,medium_block,1912.7682,False,False,other,phase_outcome_dense,0
1899585,282,37040,37056,low_block,1357.430375,True,False,shot,phase_outcome_dense,1
1899585,283,37056,37081,medium_block,1372.7987999999998,True,False,shot,phase_outcome_dense,1
1899585,284,37081,37228,low_block,951.5116249999999,True,False,shot,phase_outcome_dense,1
1899585,286,37996,38156,medium_block,2498.853075,False,False,regain,phase_outcome_dense,0
1899585,287,38156,38220,high_block,2554.3381499999996,False,False,other,phase_outcome_dense,0
1899585,289,38321,38375,medium_block,2482.9707,True,False,shot,phase_outcome_dense,1
1899585,290,38375,38504,low_block,1576.4134,True,False,shot,phase_outcome_dense,1
1899585,291,38952,39072,high_block,2482.8132,False,False,other,phase_outcome_dense,0
1899585,292,39072,39161,medium_block,2071.54475,False,False,regain,phase_outcome_dense,0
1899585,293,39161,39239,medium_block,1652.4215999999997,False,False,regain,phase_outcome_dense,0
1899585,295,39272,39401,high_block,2148.5002999999997,False,False,other,phase_outcome_dense,0
1899585,296,39401,39411,medium_block,2273.641,False,False,other,phase_outcome_dense,0
1899585,297,39482,39521,medium_block,1796.2000000000003,False,False,other,phase_outcome_dense,0
1899585,298,39521,39549,low_block,1699.8872,False,False,other,phase_outcome_dense,0
1899585,300,40279,40480,high_block,2320.0728000000004,False,False,other,phase_outcome_dense,0
1899585,301,40480,40505,medium_block,2329.152,False,False,other,phase_outcome_dense,0
1899585,302,40505,40799,high_block,2275.717975,False,False,progression,phase_outcome_dense,1
1899585,303,40799,40920,medium_block,1873.4416250000002,False,False,progression,phase_outcome_dense,1
1899585,304,40920,40997,high_block,2783.9655999999995,False,False,other,phase_outcome_dense,0
1899585,305,40997,41007,medium_block,2125.1315250000002,False,False,other,phase_outcome_dense,0
1899585,308,41207,41294,medium_block,1570.4347500000001,False,False,regain,phase_outcome_dense,0
1899585,310,41325,41395,medium_block,1737.3525000000002,False,False,other,phase_outcome_dense,0
1899585,311,41395,41420,high_block,1923.1218000000001,False,False,other,phase_outcome_dense,0
1899585,312,41420,41446,medium_block,1930.0669750000004,False,False,other,phase_outcome_dense,0
1899585,313,41446,41541,high_block,1804.65,False,False,other,phase_outcome_dense,0
1899585,314,41541,41569,medium_block,1677.3452750000001,False,False,progression,phase_outcome_dense,1
1899585,315,41569,41633,medium_block,2414.574925,False,False,regain,phase_outcome_dense,0
1899585,317,41680,41714,high_block,2324.410875,False,False,regain,phase_outcome_dense,0
1899585,318,41714,41754,medium_block,2406.7296,False,False,regain,phase_outcome_dense,0
1899585,321,41835,41960,medium_block,1612.1487,False,False,other,phase_outcome_dense,0
1899585,324,42180,42181,medium_block,,False,False,other,phase_outcome_dense,0
1899585,325,42181,42216,low_block,824.16075,False,False,other,phase_outcome_dense,0
1899585,326,42216,42243,medium_block,1012.3008,False,False,progression,phase_outcome_dense,1
1899585,327,42243,42253,low_block,1109.203425,False,False,progression,phase_outcome_dense,1
1899585,328,42253,42417,medium_block,1867.339725,False,False,regain,phase_outcome_dense,0
1899585,329,42417,42497,high_block,2932.22625,False,False,other,phase_outcome_dense,0
1899585,333,42793,42855,medium_block,1566.4188749999998,False,False,other,phase_outcome_dense,0
1899585,334,42855,42980,low_block,1107.5163,False,False,other,phase_outcome_dense,0
1899585,336,43138,43397,low_block,1607.2409249999998,False,False,progression,phase_outcome_dense,1
1899585,337,43397,43475,medium_block,2345.97825,False,False,other,phase_outcome_dense,0
1899585,340,45118,45267,medium_block,1720.1193,False,False,other,phase_outcome_dense,0
1899585,347,45669,45687,medium_block,2077.8949000000002,False,False,other,phase_outcome_dense,0
1899585,348,45687,45917,high_block,2658.458325,False,False,other,phase_outcome_dense,0
1899585,350,45945,45953,medium_block,3050.8203000000003,False,False,other,phase_outcome_dense,0
1899585,351,45953,45999,low_block,2593.5260000000003,False,False,other,phase_outcome_dense,0
1899585,352,46134,46138,medium_block,,False,False,other,phase_outcome_dense,0
1899585,353,46138,46218,low_block,974.267275,False,False,other,phase_outcome_dense,0
1899585,355,46278,46518,low_block,871.3878,True,False,shot,phase_outcome_dense,1
1899585,357,46806,46996,medium_block,1819.3106249999998,False,False,other,phase_outcome_dense,0
1899585,358,47098,47183,medium_block,1695.2667000000001,False,False,disruption,phase_outcome_dense,0
1899585,362,47915,48089,medium_block,1375.689975,False,False,disruption,phase_outcome_dense,0
1899585,363,48393,48423,medium_block,,False,False,other,phase_outcome_dense,0
1899585,364,48423,48479,medium_block,2305.4125000000004,False,False,other,phase_outcome_dense,0
1899585,367,48650,48768,high_block,2232.0719999999997,False,False,other,phase_outcome_dense,0
1899585,368,48768,48978,medium_block,1843.14955,False,False,regain,phase_outcome_dense,0
1899585,369,48978,49070,medium_block,2341.3352999999997,False,False,other,phase_outcome_dense,0
1899585,370,50750,50973,low_block,1442.064375,False,False,other,phase_outcome_dense,0
1899585,372,51216,51312,high_block,2294.9973,False,False,regain,phase_outcome_dense,0
1899585,373,51312,51330,medium_block,2367.8358,False,False,other,phase_outcome_dense,0
1899585,375,51469,51579,low_block,1243.3056000000001,False,False,progression,phase_outcome_dense,1
1899585,377,51756,51830,low_block,1529.1346,False,False,other,phase_outcome_dense,0
1899585,378,51830,51848,medium_block,1646.2979000000003,False,False,other,phase_outcome_dense,0
1899585,381,52522,52608,medium_block,2196.539125,False,False,disruption,phase_outcome_dense,0
1899585,387,53205,53330,high_block,2742.99135,False,False,other,phase_outcome_dense,0
1899585,388,53330,53528,medium_block,2199.5636,False,False,progression,phase_outcome_dense,1
1899585,389,53688,53703,medium_block,3582.6240000000003,False,False,progression,phase_outcome_dense,1
1899585,391,53736,53795,medium_block,2588.8649,False,False,other,phase_outcome_dense,0
1899585,392,53795,53952,low_block,1691.16255,False,False,other,phase_outcome_dense,0
1899585,396,54140,54281,medium_block,2072.1468,False,False,other,phase_outcome_dense,0
1899585,397,54281,54386,low_block,2304.156375,False,False,other,phase_outcome_dense,0
1899585,400,54434,54634,low_block,1831.675125,False,False,regain,phase_outcome_dense,0
1899585,401,54634,54697,high_block,3087.0525,False,False,regain,phase_outcome_dense,0
1899585,402,54697,54799,medium_block,2584.2776999999996,False,False,regain,phase_outcome_dense,0
1899585,404,55274,55352,medium_block,1311.6302,False,False,other,phase_outcome_dense,0
1899585,406,55451,55730,medium_block,1457.3944,False,False,other,phase_outcome_dense,0
1899585,408,55757,55796,low_block,1361.1071,False,False,progression,phase_outcome_dense,1
1899585,409,55796,55850,medium_block,2383.9742,False,False,regain,phase_outcome_dense,0
1899585,411,55887,55930,medium_block,1979.6197499999998,True,False,shot,phase_outcome_dense,1
1899585,412,55930,56037,low_block,1515.529375,True,False,shot,phase_outcome_dense,1
1899585,413,56236,56265,medium_block,1379.2669999999998,False,False,other,phase_outcome_dense,0
1899585,415,56309,56438,medium_block,1594.11075,False,False,other,phase_outcome_dense,0
1899585,417,56473,56528,low_block,1417.9949,False,False,progression,phase_outcome_dense,1
1899585,419,57039,57208,medium_block,1548.3083000000001,False,False,regain,phase_outcome_dense,0
1899585,421,57380,57383,medium_block,1365.9747499999999,False,False,other,phase_outcome_dense,0
1899585,422,57383,57636,low_block,1065.1088,False,False,other,phase_outcome_dense,0
1899585,424,57679,57879,low_block,1400.2566749999999,True,False,shot,phase_outcome_dense,1
1899585,425,57879,58004,medium_block,2243.665575,True,False,shot,phase_outcome_dense,1
1899585,426,58004,58273,low_block,1450.4399999999998,True,False,shot,phase_outcome_dense,1
1899585,427,58273,58432,medium_block,2496.2936,False,False,other,phase_outcome_dense,0
1899585,429,58467,58500,low_block,1868.84115,False,False,other,phase_outcome_dense,0
1899585,430,58637,58743,medium_block,1359.5243,False,False,progression,phase_outcome_dense,1
1899585,431,59102,59162,medium_block,1145.5944,False,False,progression,phase_outcome_dense,1
1899585,432,59162,59271,medium_block,1379.7033,False,False,progression,phase_outcome_dense,1
1899585,433,59271,59291,low_block,1164.4535250000001,False,False,progression,phase_outcome_dense,1
1899585,435,59756,59818,medium_block,1814.0512500000002,True,False,shot,phase_outcome_dense,1
1899585,436,59818,59871,low_block,1745.584875,False,False,progression,phase_outcome_dense,1
1899585,437,60303,60313,high_block,2665.2972,False,False,other,phase_outcome_dense,0
1925299,0,39,57,medium_block,1425.1080999999997,False,False,other,phase_outcome_dense,0
1925299,3,173,281,medium_block,1141.7948999999999,False,False,regain,phase_outcome_dense,0
1925299,5,435,576,low_block,660.7656000000001,False,False,other,phase_outcome_dense,0
1925299,10,1224,1345,high_block,1905.4332500000003,False,False,other,phase_outcome_dense,0
1925299,11,1345,1409,medium_block,1718.922775,False,False,other,phase_outcome_dense,0
1925299,12,1409,1618,low_block,1328.6295,False,False,other,phase_outcome_dense,0
1925299,13,1618,1695,medium_block,1435.084,False,False,other,phase_outcome_dense,0
1925299,14,1695,1744,high_block,2303.8615999999997,False,False,other,phase_outcome_dense,0
1925299,15,1744,1754,medium_block,2553.9014,False,False,other,phase_outcome_dense,0
1925299,16,1754,1842,medium_block,2043.8700250000002,False,False,regain,phase_outcome_dense,0
1925299,19,2169,2287,low_block,737.98835,False,False,progression,phase_outcome_dense,1
1925299,20,2287,2387,high_block,1991.4236999999998,False,False,regain,phase_outcome_dense,0
1925299,23,2517,2523,medium_block,1513.6474999999998,False,False,other,phase_outcome_dense,0
1925299,24,2523,2570,high_block,1999.2019,False,False,progression,phase_outcome_dense,1
1925299,26,2631,2817,medium_block,1608.6310250000001,False,False,other,phase_outcome_dense,0
1925299,27,2817,2845,high_block,1953.285775,False,False,other,phase_outcome_dense,0
1925299,28,2845,2962,medium_block,1616.8815,False,False,other,phase_outcome_dense,0
1925299,29,2962,3136,low_block,916.8983999999999,False,False,other,phase_outcome_dense,0
1925299,31,3574,3660,high_block,2022.7008,False,False,regain,phase_outcome_dense,0
1925299,32,3660,3726,medium_block,1833.2340499999998,False,False,regain,phase_outcome_dense,0
1925299,33,3726,3787,high_block,2303.80475,False,False,other,phase_outcome_dense,0
1925299,34,3787,3994,medium_block,2029.3540250000003,False,False,other,phase_outcome_dense,0
1925299,36,4101,4209,medium_block,1561.2871,False,False,other,phase_outcome_dense,0
1925299,39,4398,4546,low_block,860.92665,False,False,other,phase_outcome_dense,0
1925299,40,4635,4693,low_block,743.9705,False,False,other,phase_outcome_dense,0
1925299,41,4693,4715,medium_block,1101.1059000000002,False,False,other,phase_outcome_dense,0
1925299,42,4715,4748,low_block,1306.13435,False,False,other,phase_outcome_dense,0
1925299,43,4748,4766,medium_block,1359.1288499999998,False,False,other,phase_outcome_dense,0
1925299,44,4766,4950,low_block,1724.1997499999998,False,False,other,phase_outcome_dense,0
1925299,47,5109,5181,high_block,2003.39325,False,False,other,phase_outcome_dense,0
1925299,48,5181,5428,medium_block,1877.5839250000001,False,False,other,phase_outcome_dense,0
1925299,49,5428,5438,low_block,1735.6438749999998,False,False,other,phase_outcome_dense,0
1925299,52,5589,5660,low_block,1024.3337,True,False,shot,phase_outcome_dense,1
1925299,54,5705,5826,medium_block,1194.3989500000002,False,False,progression,phase_outcome_dense,1
1925299,55,5826,6034,medium_block,2421.4327000000003,False,False,regain,phase_outcome_dense,0
1925299,57,6050,6194,medium_block,1858.9517000000003,False,False,other,phase_outcome_dense,0
1925299,59,6415,6438,low_block,912.568,False,False,other,phase_outcome_dense,0
1925299,60,6438,6513,medium_block,1365.69585,False,False,other,phase_outcome_dense,0
1925299,61,6513,6543,low_block,1489.6508,False,False,other,phase_outcome_dense,0
1925299,62,6543,6603,medium_block,1312.9983000000002,False,False,other,phase_outcome_dense,0
1925299,63,6603,6611,low_block,1405.19405,False,False,other,phase_outcome_dense,0
1925299,64,6611,6641,medium_block,1588.0438000000001,False,False,other,phase_outcome_dense,0
1925299,65,6641,6686,high_block,2151.8757,False,False,other,phase_outcome_dense,0
1925299,66,6686,6754,medium_block,2500.11235,False,False,progression,phase_outcome_dense,1
1925299,68,6914,6955,low_block,839.7578,False,False,progression,phase_outcome_dense,1
1925299,70,7019,7104,low_block,1026.1218999999999,False,False,progression,phase_outcome_dense,1
1925299,72,7146,7313,medium_block,1236.77295,False,False,other,phase_outcome_dense,0
1925299,73,7313,7339,high_block,2191.1141,False,False,progression,phase_outcome_dense,1
1925299,75,7383,7550,high_block,2567.7889000000005,False,False,regain,phase_outcome_dense,0
1925299,76,7550,7575,medium_block,2361.68745,False,False,regain,phase_outcome_dense,0
1925299,79,8450,8482,medium_block,3121.9575,False,False,other,phase_outcome_dense,0
1925299,84,8586,8620,medium_block,1712.1779999999999,False,False,regain,phase_outcome_dense,0
1925299,85,8620,8766,high_block,2280.7756750000003,False,False,regain,phase_outcome_dense,0
1925299,86,8766,8777,medium_block,2826.0750000000003,False,False,regain,phase_outcome_dense,0
1925299,88,8895,9101,low_block,813.5115000000002,False,False,progression,phase_outcome_dense,1
1925299,89,9101,9162,high_block,2319.8652,False,False,other,phase_outcome_dense,0
1925299,90,9162,9236,medium_block,1792.2216000000003,False,False,other,phase_outcome_dense,0
1925299,91,9236,9345,high_block,1882.50285,False,False,disruption,phase_outcome_dense,0
1925299,93,9365,9417,medium_block,1749.4046,False,False,other,phase_outcome_dense,0
1925299,94,9417,9533,low_block,1253.7552999999998,False,False,other,phase_outcome_dense,0
1925299,97,10207,10437,medium_block,1818.3825,False,False,other,phase_outcome_dense,0
1925299,98,10437,10504,high_block,2285.6925,False,False,other,phase_outcome_dense,0
1925299,99,10504,10593,medium_block,2044.1295000000002,False,False,progression,phase_outcome_dense,1
1925299,100,10593,10645,low_block,1581.965525,False,False,progression,phase_outcome_dense,1
1925299,108,11862,11875,high_block,2742.1404999999995,False,False,regain,phase_outcome_dense,0
1925299,109,11875,11898,medium_block,2353.098425,False,False,regain,phase_outcome_dense,0
1925299,110,11898,12004,high_block,2290.5724,False,False,regain,phase_outcome_dense,0
1925299,114,12091,12179,medium_block,1951.092,False,False,progression,phase_outcome_dense,1
1925299,115,12179,12249,medium_block,2045.4047249999999,False,False,regain,phase_outcome_dense,0
1925299,116,12249,12341,medium_block,1484.805075,False,False,other,phase_outcome_dense,0
1925299,117,12341,12392,low_block,1264.5311,False,False,other,phase_outcome_dense,0
1925299,118,12392,12555,medium_block,1556.69745,False,False,other,phase_outcome_dense,0
1925299,119,12615,12754,medium_block,1677.8703,False,False,disruption,phase_outcome_dense,0
1925299,120,12754,12818,high_block,2350.7451,False,False,disruption,phase_outcome_dense,0
1925299,121,12818,12819,medium_block,2511.0162,False,False,other,phase_outcome_dense,0
1925299,123,13053,13060,medium_block,1507.9872499999997,False,False,other,phase_outcome_dense,0
1925299,124,13060,13138,high_block,1736.602875,False,False,other,phase_outcome_dense,0
1925299,125,13138,13182,medium_block,1925.09595,False,False,regain,phase_outcome_dense,0
1925299,126,13182,13253,medium_block,2400.5884499999997,False,False,other,phase_outcome_dense,0
1925299,128,13927,13978,high_block,2538.079025,False,False,other,phase_outcome_dense,0
1925299,129,13978,13994,medium_block,2511.3811499999997,False,False,other,phase_outcome_dense,0
1925299,130,13994,14011,high_block,2158.8017,False,False,other,phase_outcome_dense,0
1925299,131,14011,14018,medium_block,2004.8665,False,False,other,phase_outcome_dense,0
1925299,134,14221,14277,high_block,2263.0867749999998,False,False,disruption,phase_outcome_dense,0
1925299,135,14277,14315,medium_block,2307.97225,False,False,disruption,phase_outcome_dense,0
1925299,136,14415,14433,medium_block,1189.2442,True,False,shot,phase_outcome_dense,1
1925299,137,14433,14855,low_block,957.1588,True,False,shot,phase_outcome_dense,1
1925299,138,14855,14874,medium_block,972.3986249999999,False,False,other,phase_outcome_dense,0
1925299,139,14874,15041,low_block,938.7216,False,False,progression,phase_outcome_dense,1
1925299,140,15041,15100,high_block,2351.8167,False,False,other,phase_outcome_dense,0
1925299,141,15100,15191,medium_block,1875.64545,False,False,other,phase_outcome_dense,0
1925299,142,15191,15224,low_block,1651.8933000000002,False,False,other,phase_outcome_dense,0
1925299,145,15759,15832,low_block,993.2567999999998,True,False,shot,phase_outcome_dense,1
1925299,148,16742,17017,medium_block,1301.28525,False,False,progression,phase_outcome_dense,1
1925299,150,17183,17227,low_block,1150.3888,False,False,progression,phase_outcome_dense,1
1925299,152,17274,17279,medium_block,1641.40905,True,False,shot,phase_outcome_dense,1
1925299,153,17279,17420,high_block,2048.6736,True,False,shot,phase_outcome_dense,1
1925299,155,17453,17489,medium_block,1945.53315,True,False,shot,phase_outcome_dense,1
1925299,156,17489,17531,low_block,1473.6094,False,False,progression,phase_outcome_dense,1
1925299,158,17583,17981,low_block,861.6870499999999,True,False,shot,phase_outcome_dense,1
1925299,160,18476,18519,medium_block,1190.9562,False,False,other,phase_outcome_dense,0
1925299,163,20185,20312,high_block,2128.8253,False,False,progression,phase_outcome_dense,1
1925299,165,20341,20343,medium_block,2042.0009999999997,False,False,other,phase_outcome_dense,0
1925299,166,20343,20398,high_block,2070.8995999999997,False,False,regain,phase_outcome_dense,0
1925299,168,20432,20438,medium_block,2351.01775,False,False,regain,phase_outcome_dense,0
1925299,169,20438,20508,high_block,2272.626325,False,False,regain,phase_outcome_dense,0
1925299,173,20762,20917,medium_block,1871.589,True,False,shot,phase_outcome_dense,1
1925299,174,20917,21000,low_block,1116.6596000000002,True,False,shot,phase_outcome_dense,1
1925299,175,21000,21195,high_block,2258.9226,False,False,other,phase_outcome_dense,0
1925299,176,21404,21508,medium_block,1444.5567,False,False,other,phase_outcome_dense,0
1925299,177,21508,21537,low_block,1428.76,False,False,other,phase_outcome_dense,0
1925299,178,21537,21541,medium_block,1404.017625,False,False,progression,phase_outcome_dense,1
1925299,180,21626,21937,medium_block,1865.2857749999998,False,False,other,phase_outcome_dense,0
1925299,181,21937,21970,high_block,2129.348925,False,False,other,phase_outcome_dense,0
1925299,182,21970,22003,medium_block,1883.8566250000001,False,False,other,phase_outcome_dense,0
1925299,183,22058,22335,medium_block,1464.9778000000001,False,False,other,phase_outcome_dense,0
1925299,185,22416,22452,low_block,1119.2947499999998,False,False,other,phase_outcome_dense,0
1925299,187,22904,23022,medium_block,1384.30155,False,False,regain,phase_outcome_dense,0
1925299,188,23022,23144,medium_block,1783.65785,False,False,progression,phase_outcome_dense,1
1925299,189,23144,23265,medium_block,2173.689375,False,False,other,phase_outcome_dense,0
1925299,190,23265,23396,high_block,2236.849425,False,False,other,phase_outcome_dense,0
1925299,191,23396,23524,medium_block,2035.8874999999998,False,False,other,phase_outcome_dense,0
1925299,192,23524,23615,low_block,1874.7422000000001,False,False,other,phase_outcome_dense,0
1925299,195,23842,23877,medium_block,1964.5905,False,False,other,phase_outcome_dense,0
1925299,196,23877,23892,low_block,1360.66315,False,False,other,phase_outcome_dense,0
1925299,197,23979,23987,medium_block,752.7035999999999,False,False,other,phase_outcome_dense,0
1925299,198,23987,24046,low_block,891.9320000000001,False,False,other,phase_outcome_dense,0
1925299,199,24046,24086,medium_block,1113.642,False,False,other,phase_outcome_dense,0
1925299,200,24086,24147,low_block,1288.3832499999999,False,False,other,phase_outcome_dense,0
1925299,201,24147,24267,medium_block,1371.3997499999998,False,False,other,phase_outcome_dense,0
1925299,202,24267,24313,low_block,1406.751675,False,False,other,phase_outcome_dense,0
1925299,203,24454,24638,low_block,734.2997,False,False,progression,phase_outcome_dense,1
1925299,204,24638,24735,high_block,2807.7045749999997,False,False,disruption,phase_outcome_dense,0
1925299,206,24766,24788,medium_block,2970.38,False,False,other,phase_outcome_dense,0
1925299,207,24788,24822,high_block,3165.3328,False,False,other,phase_outcome_dense,0
1925299,208,24822,24828,medium_block,3251.5352999999996,False,False,other,phase_outcome_dense,0
1925299,209,24828,24852,low_block,1603.1502,False,False,other,phase_outcome_dense,0
1925299,210,24852,25113,medium_block,1537.4349999999997,False,False,regain,phase_outcome_dense,0
1925299,211,25113,25115,medium_block,3260.1539000000002,False,False,other,phase_outcome_dense,0
1925299,212,25115,25286,high_block,2922.87655,False,False,disruption,phase_outcome_dense,0
1925299,213,25286,25308,medium_block,2347.6108,False,False,disruption,phase_outcome_dense,0
1925299,214,25548,25739,medium_block,1523.70855,False,False,other,phase_outcome_dense,0
1925299,215,25739,25819,high_block,2149.97925,False,False,other,phase_outcome_dense,0
1925299,216,25819,25886,medium_block,2407.8834,False,False,other,phase_outcome_dense,0
1925299,217,25886,26022,low_block,1155.7473,False,False,other,phase_outcome_dense,0
1925299,220,26803,26809,medium_block,1356.291,False,False,other,phase_outcome_dense,0
1925299,221,26809,26837,high_block,1548.5173249999998,False,False,other,phase_outcome_dense,0
1925299,223,26864,26910,medium_block,1593.5285250000002,False,False,progression,phase_outcome_dense,1
1925299,224,26910,26990,medium_block,1768.3803750000002,False,False,progression,phase_outcome_dense,1
1925299,225,26990,27217,low_block,956.0106000000001,False,False,progression,phase_outcome_dense,1
1925299,227,27601,27985,medium_block,2000.7694499999996,True,False,shot,phase_outcome_dense,1
1925299,228,27985,28027,high_block,2157.9975999999997,True,False,shot,phase_outcome_dense,1
1925299,229,28027,28164,medium_block,2200.643925,True,False,shot,phase_outcome_dense,1
1925299,230,28164,28216,low_block,1736.021925,False,False,progression,phase_outcome_dense,1
1925299,234,28834,28842,medium_block,1405.427625,False,False,other,phase_outcome_dense,0
1925299,235,28842,28916,high_block,1814.4778749999998,False,False,other,phase_outcome_dense,0
1925299,236,28916,28957,medium_block,2255.6225,False,False,other,phase_outcome_dense,0
1925299,237,29115,29120,medium_block,1706.673325,False,False,other,phase_outcome_dense,0
1925299,238,29120,29177,high_block,1803.371625,False,False,other,phase_outcome_dense,0
1925299,239,29177,29224,medium_block,1810.1589999999999,False,False,other,phase_outcome_dense,0
1925299,240,29224,29504,high_block,1507.16475,False,False,other,phase_outcome_dense,0
1925299,245,29799,29857,low_block,1316.91375,False,False,other,phase_outcome_dense,0
1925299,249,29958,30046,medium_block,1471.3029999999999,True,False,shot,phase_outcome_dense,1
1925299,250,30046,30135,low_block,942.7968,True,False,shot,phase_outcome_dense,1
1925299,251,30239,30326,medium_block,2172.5768750000007,False,False,progression,phase_outcome_dense,1
1925299,253,30350,30515,high_block,2198.2142,False,False,other,phase_outcome_dense,0
1925299,258,30806,30842,low_block,1075.9212,False,False,other,phase_outcome_dense,0
1925299,259,30842,30887,medium_block,1260.2934500000001,False,False,other,phase_outcome_dense,0
1925299,262,30968,30980,low_block,1579.1804000000002,False,False,other,phase_outcome_dense,0
1925299,263,30980,31205,medium_block,1730.8417749999999,False,False,other,phase_outcome_dense,0
1925299,268,31471,31586,medium_block,1635.8959500000003,False,False,other,phase_outcome_dense,0
1925299,269,31586,31673,high_block,2342.5089749999997,False,False,regain,phase_outcome_dense,0
1925299,272,31779,31860,low_block,1578.6781,False,False,other,phase_outcome_dense,0
1925299,273,32008,32077,low_block,855.52995,False,False,other,phase_outcome_dense,0
1925299,274,32077,32122,medium_block,1159.79425,False,False,other,phase_outcome_dense,0
1925299,275,32122,32169,low_block,1432.92945,False,False,other,phase_outcome_dense,0
1925299,276,32169,32202,medium_block,1654.0800000000002,False,False,other,phase_outcome_dense,0
1925299,277,32202,32242,high_block,2091.2006,False,False,other,phase_outcome_dense,0
1925299,278,32242,32300,medium_block,2082.491775,False,False,progression,phase_outcome_dense,1
1925299,279,32300,32350,low_block,1322.3728,False,False,progression,phase_outcome_dense,1
1925299,280,32350,32800,medium_block,1834.5521250000002,True,False,shot,phase_outcome_dense,1
1925299,281,32800,32830,low_block,1380.5316,True,False,shot,phase_outcome_dense,1
1925299,282,32830,32857,medium_block,1168.2842,True,False,shot,phase_outcome_dense,1
1925299,283,32857,32898,low_block,1240.9909499999999,True,False,shot,phase_outcome_dense,1
1925299,284,32898,32965,medium_block,1429.9544250000001,True,False,shot,phase_outcome_dense,1
1925299,285,32965,33075,low_block,1105.7953499999999,True,False,shot,phase_outcome_dense,1
1925299,292,34033,34152,medium_block,1382.91375,False,False,other,phase_outcome_dense,0
1925299,293,34152,34278,low_block,1166.9218749999998,False,False,other,phase_outcome_dense,0
1925299,295,34311,34333,low_block,1076.996,True,False,shot,phase_outcome_dense,1
1925299,296,34333,34402,medium_block,1296.05175,True,False,shot,phase_outcome_dense,1
1925299,297,34402,34523,low_block,1045.256875,True,False,shot,phase_outcome_dense,1
1925299,298,34630,34694,high_block,2354.6295,False,False,other,phase_outcome_dense,0
1925299,299,34694,34704,medium_block,2425.180725,False,False,other,phase_outcome_dense,0
1925299,300,34868,34892,medium_block,1388.2064,False,False,other,phase_outcome_dense,0
1925299,301,34892,34936,high_block,1660.014675,False,False,other,phase_outcome_dense,0
1925299,302,34936,34938,medium_block,1977.9896499999998,False,False,progression,phase_outcome_dense,1
1925299,304,35556,35627,medium_block,1213.4372,False,False,progression,phase_outcome_dense,1
1925299,305,35627,35716,low_block,1125.5565000000001,False,False,progression,phase_outcome_dense,1
1925299,306,35838,35945,high_block,2775.8565999999996,False,False,other,phase_outcome_dense,0
1925299,307,35945,36011,medium_block,2969.02515,False,False,progression,phase_outcome_dense,1
1925299,308,36011,36063,low_block,2275.1669249999995,False,False,disruption,phase_outcome_dense,0
1925299,309,36063,36089,high_block,2636.30265,False,False,disruption,phase_outcome_dense,0
1925299,310,36089,36120,medium_block,2564.765325,False,False,disruption,phase_outcome_dense,0
1925299,311,36120,36128,high_block,2363.8401000000003,False,False,other,phase_outcome_dense,0
1925299,312,36249,36435,medium_block,1946.4170000000001,False,False,regain,phase_outcome_dense,0
1925299,314,36451,36518,medium_block,1919.7675000000002,False,False,other,phase_outcome_dense,0
1925299,315,36518,36783,low_block,1558.3358000000003,False,False,other,phase_outcome_dense,0
1925299,316,36783,36901,medium_block,1436.0864,False,False,progression,phase_outcome_dense,1
1925299,318,36940,37339,medium_block,1722.7116750000002,True,False,shot,phase_outcome_dense,1
1925299,319,37339,37538,low_block,946.0692,True,False,shot,phase_outcome_dense,1
1925299,320,37946,37956,medium_block,1211.826,False,False,other,phase_outcome_dense,0
1925299,321,38042,38131,medium_block,1636.020375,True,False,shot,phase_outcome_dense,1
1925299,322,38131,38224,high_block,2103.401,True,False,shot,phase_outcome_dense,1
1925299,323,38224,38275,medium_block,2173.1589750000003,True,False,shot,phase_outcome_dense,1
1925299,324,38275,38397,low_block,1351.4495749999999,True,False,shot,phase_outcome_dense,1
1925299,326,38853,38955,low_block,922.418175,True,False,shot,phase_outcome_dense,1
1925299,327,38955,39237,high_block,2347.4752,False,False,regain,phase_outcome_dense,0
1925299,328,39237,39250,medium_block,2194.4790000000003,False,False,other,phase_outcome_dense,0
1925299,329,39250,39278,medium_block,2184.21175,False,False,regain,phase_outcome_dense,0
1925299,330,39278,39318,high_block,2011.5504499999995,False,False,regain,phase_outcome_dense,0
1925299,331,39318,39328,medium_block,2024.1915000000001,False,False,other,phase_outcome_dense,0
1925299,332,39328,39656,low_block,1782.5609250000002,False,False,other,phase_outcome_dense,0
1925299,333,39656,39676,medium_block,1302.6891,False,False,other,phase_outcome_dense,0
1925299,334,39676,39719,low_block,1185.3594,False,False,progression,phase_outcome_dense,1
1925299,335,39719,39790,medium_block,2357.2380000000003,False,False,progression,phase_outcome_dense,1
1925299,336,39790,39869,medium_block,1087.2127,False,False,other,phase_outcome_dense,0
1925299,337,39869,39985,low_block,951.3573,False,False,other,phase_outcome_dense,0
1925299,338,39985,40033,medium_block,1256.9183999999998,False,False,other,phase_outcome_dense,0
1925299,339,40033,40074,low_block,1550.538225,False,False,other,phase_outcome_dense,0
1925299,340,40074,40238,medium_block,1613.36565,False,False,progression,phase_outcome_dense,1
1925299,341,40238,40391,low_block,1085.7357000000002,False,False,progression,phase_outcome_dense,1
1925299,343,41167,41171,medium_block,1534.704475,False,False,other,phase_outcome_dense,0
1925299,344,41171,41238,high_block,2019.59245,False,False,other,phase_outcome_dense,0
1925299,345,41238,41269,medium_block,2711.8415250000003,False,False,other,phase_outcome_dense,0
1925299,347,41432,41584,medium_block,1404.8136499999998,False,False,other,phase_outcome_dense,0
1925299,348,41584,41707,high_block,2036.45325,False,False,regain,phase_outcome_dense,0
1925299,349,41707,41772,medium_block,1907.6804999999995,False,False,regain,phase_outcome_dense,0
1925299,353,42265,42338,medium_block,954.7020000000002,False,False,other,phase_outcome_dense,0
1925299,354,42338,42464,low_block,1213.1957999999997,False,False,other,phase_outcome_dense,0
1925299,357,43553,43601,low_block,987.8774999999999,False,False,other,phase_outcome_dense,0
1925299,358,43601,43661,medium_block,1400.0094749999998,False,False,regain,phase_outcome_dense,0
1925299,359,43661,43705,high_block,2317.5734250000005,False,False,regain,phase_outcome_dense,0
1925299,361,43745,43953,medium_block,2312.3460249999994,False,False,progression,phase_outcome_dense,1
1925299,362,44057,44095,high_block,2280.12975,True,True,goal,phase_outcome_dense,1
1925299,364,44130,44229,medium_block,1741.4751999999999,True,True,goal,phase_outcome_dense,1
1925299,365,44229,44313,low_block,1315.0656,True,True,goal,phase_outcome_dense,1
1925299,366,45931,45996,medium_block,1598.4648,False,False,other,phase_outcome_dense,0
1925299,367,45996,46023,low_block,1413.6884249999998,False,False,other,phase_outcome_dense,0
1925299,368,46113,46140,medium_block,924.8321249999999,False,False,other,phase_outcome_dense,0
1925299,369,46140,46224,low_block,1095.6873,False,False,other,phase_outcome_dense,0
1925299,370,46288,46344,low_block,892.7628,False,False,other,phase_outcome_dense,0
1925299,371,46344,46395,medium_block,1294.3590000000002,False,False,other,phase_outcome_dense,0
1925299,372,46395,46507,low_block,1247.142975,False,False,progression,phase_outcome_dense,1
1925299,373,46583,46712,medium_block,1446.4907999999998,False,False,other,phase_outcome_dense,0
1925299,374,46712,46941,medium_block,1556.3739750000002,False,False,other,phase_outcome_dense,0
1925299,375,46941,47298,low_block,1337.318675,False,False,other,phase_outcome_dense,0
1925299,376,47298,47370,medium_block,1640.5085249999997,False,False,other,phase_outcome_dense,0
1925299,377,47370,47401,high_block,1935.8131,False,False,other,phase_outcome_dense,0
1925299,378,47401,47555,medium_block,1861.2748000000001,False,False,other,phase_outcome_dense,0
1925299,380,47872,47876,low_block,1457.45775,False,False,other,phase_outcome_dense,0
1925299,381,47876,47995,medium_block,1651.0905,False,False,other,phase_outcome_dense,0
1925299,386,48154,48198,medium_block,1721.1082499999998,False,False,other,phase_outcome_dense,0
1925299,387,48198,48437,low_block,1082.5689,False,False,other,phase_outcome_dense,0
1925299,390,49363,49465,medium_block,1397.2454750000002,False,False,other,phase_outcome_dense,0
1925299,391,49465,49514,low_block,1724.2709,False,False,other,phase_outcome_dense,0
1925299,392,49514,49624,medium_block,1516.012875,False,False,other,phase_outcome_dense,0
1925299,393,49624,49654,low_block,1523.4039999999998,False,False,progression,phase_outcome_dense,1
1925299,394,49654,49729,medium_block,2626.90795,False,False,regain,phase_outcome_dense,0
1925299,395,49729,49786,high_block,2745.94075,False,False,regain,phase_outcome_dense,0
1925299,396,49786,49793,medium_block,2942.898975,False,False,progression,phase_outcome_dense,1
1925299,398,49919,50140,high_block,2181.3597,False,False,other,phase_outcome_dense,0
1925299,400,50175,50229,medium_block,1851.0471499999996,False,False,other,phase_outcome_dense,0
1925299,401,50229,50285,low_block,1486.9249750000001,False,False,other,phase_outcome_dense,0
1925299,402,50285,50345,medium_block,1573.6444749999998,False,False,regain,phase_outcome_dense,0
1925299,404,50594,50633,low_block,481.8847,True,False,shot,phase_outcome_dense,1
1925299,406,51760,51769,low_block,1047.6934999999999,False,False,other,phase_outcome_dense,0
1925299,407,51769,51806,medium_block,1227.4512000000002,False,False,other,phase_outcome_dense,0
1925299,408,51806,51821,high_block,1580.5692,False,False,other,phase_outcome_dense,0
1925299,409,51821,51866,medium_block,1637.5604,False,False,other,phase_outcome_dense,0
1925299,410,51866,51901,low_block,1575.045325,False,False,other,phase_outcome_dense,0
1925299,415,52155,52279,high_block,2000.04805,False,False,other,phase_outcome_dense,0
1925299,416,52279,52296,medium_block,2187.4576500000003,False,False,other,phase_outcome_dense,0
1925299,417,52296,52341,high_block,2126.6587,False,False,other,phase_outcome_dense,0
1925299,418,52341,52416,medium_block,2037.4678500000002,False,False,other,phase_outcome_dense,0
1925299,419,52416,52493,high_block,1956.850525,False,False,other,phase_outcome_dense,0
1925299,420,52493,52661,medium_block,1690.9094,False,False,other,phase_outcome_dense,0
1925299,421,52661,52797,low_block,1053.3368249999999,False,False,other,phase_outcome_dense,0
1925299,425,53531,53594,medium_block,1526.6956500000001,False,False,other,phase_outcome_dense,0
1925299,427,53930,53985,high_block,1958.3464999999999,False,False,regain,phase_outcome_dense,0
1925299,428,53985,54011,medium_block,1681.9899999999998,False,False,regain,phase_outcome_dense,0
1925299,429,54011,54024,low_block,1936.9469249999997,False,False,other,phase_outcome_dense,0
1925299,430,54024,54111,medium_block,1983.7440000000001,False,False,regain,phase_outcome_dense,0
1925299,432,54204,54428,medium_block,1646.8799999999999,False,False,other,phase_outcome_dense,0
1925299,433,54428,54500,low_block,1469.0213999999999,False,False,other,phase_outcome_dense,0
1925299,434,54500,54558,medium_block,1430.6193,False,False,other,phase_outcome_dense,0
1925299,435,54558,54632,low_block,1140.6915,False,False,other,phase_outcome_dense,0
1925299,440,55538,55620,medium_block,1467.3408,True,False,shot,phase_outcome_dense,1
1925299,441,55620,55992,low_block,984.9653999999999,True,False,shot,phase_outcome_dense,1
1925299,442,55992,56099,high_block,2165.8227500000003,False,False,regain,phase_outcome_dense,0
1925299,448,56792,56963,medium_block,1660.314975,False,False,other,phase_outcome_dense,0
1925299,452,57109,57178,high_block,2136.70575,False,False,other,phase_outcome_dense,0
1925299,453,57178,57246,medium_block,1565.025,False,False,other,phase_outcome_dense,0
1925299,454,57246,57338,low_block,1732.3520999999998,False,False,other,phase_outcome_dense,0
1925299,456,57438,57623,low_block,616.5015999999999,False,False,other,phase_outcome_dense,0
1925299,459,57868,58180,high_block,1621.602125,False,False,other,phase_outcome_dense,0
1925299,460,58180,58215,medium_block,1750.9878749999998,False,False,other,phase_outcome_dense,0
1925299,461,58215,58277,low_block,1513.337175,False,False,progression,phase_outcome_dense,1
1925299,462,58277,58404,medium_block,1901.7662999999998,False,False,progression,phase_outcome_dense,1
1925299,464,58433,58494,medium_block,1342.422,True,False,shot,phase_outcome_dense,1
1925299,465,58494,58698,low_block,824.66675,True,False,shot,phase_outcome_dense,1
1925299,467,59597,59682,medium_block,1288.826,False,False,other,phase_outcome_dense,0
1925299,468,59682,59742,low_block,1486.873025,False,False,other,phase_outcome_dense,0
1925299,471,59840,59884,low_block,964.0989000000001,False,False,other,phase_outcome_dense,0
1925299,472,59884,59927,medium_block,1197.7071749999998,False,False,other,phase_outcome_dense,0
1925299,473,59927,60219,low_block,969.270575,False,False,progression,phase_outcome_dense,1
1925299,475,60293,60335,low_block,1131.7554249999998,False,False,other,phase_outcome_dense,0
1925299,476,60335,60363,medium_block,1112.07285,False,False,other,phase_outcome_dense,0
1925299,477,60363,60827,low_block,817.30845,False,False,other,phase_outcome_dense,0
1925299,478,60909,61011,low_block,817.6574999999999,False,False,other,phase_outcome_dense,0
1925299,481,61109,61175,high_block,2188.478,False,False,other,phase_outcome_dense,0
1925299,482,61175,61219,medium_block,1966.59375,False,False,other,phase_outcome_dense,0
1927964,2,90,102,high_block,1726.538925,False,False,other,phase_outcome_dense,0
1927964,3,102,431,medium_block,2044.5786,False,False,other,phase_outcome_dense,0
1927964,6,468,507,low_block,1761.974475,True,True,goal,phase_outcome_dense,1
1927964,7,1188,1203,medium_block,1728.3766500000004,False,False,other,phase_outcome_dense,0
1927964,8,1203,1224,high_block,1965.4634999999996,False,False,other,phase_outcome_dense,0
1927964,10,1258,1320,low_block,1610.0391,False,False,progression,phase_outcome_dense,1
1927964,11,1320,1712,high_block,2665.215125,False,False,other,phase_outcome_dense,0
1927964,12,1712,1714,medium_block,2987.7009249999996,False,False,other,phase_outcome_dense,0
1927964,14,1965,1970,medium_block,1497.4023,False,False,other,phase_outcome_dense,0
1927964,15,1970,2068,high_block,1777.0688999999998,False,False,other,phase_outcome_dense,0
1927964,16,2068,2102,medium_block,1899.70395,False,False,other,phase_outcome_dense,0
1927964,17,2102,2219,high_block,1666.4788,False,False,other,phase_outcome_dense,0
1927964,18,2219,2408,medium_block,1653.6815000000001,False,False,progression,phase_outcome_dense,1
1927964,20,2514,2572,high_block,2755.4445750000004,False,False,regain,phase_outcome_dense,0
1927964,21,2572,2666,low_block,1462.3023999999998,False,False,other,phase_outcome_dense,0
1927964,22,2666,3033,medium_block,1364.958,False,False,progression,phase_outcome_dense,1
1927964,23,3033,3060,low_block,1189.67885,False,False,progression,phase_outcome_dense,1
1927964,24,3060,3152,high_block,2696.2044750000005,False,False,other,phase_outcome_dense,0
1927964,25,3152,3241,medium_block,2199.0286499999997,False,False,regain,phase_outcome_dense,0
1927964,27,3282,3304,medium_block,2505.0453749999997,False,False,other,phase_outcome_dense,0
1927964,28,3304,3421,high_block,2327.8184000000006,False,False,other,phase_outcome_dense,0
1927964,29,3421,3474,medium_block,2206.40225,False,False,other,phase_outcome_dense,0
1927964,30,3474,3621,high_block,2205.6164999999996,False,False,other,phase_outcome_dense,0
1927964,31,3621,3764,medium_block,2326.57515,False,False,regain,phase_outcome_dense,0
1927964,32,3764,3857,high_block,2595.5870000000004,False,False,regain,phase_outcome_dense,0
1927964,33,3857,3870,medium_block,2939.3376999999996,False,False,progression,phase_outcome_dense,1
1927964,35,3933,3997,medium_block,2008.9732999999999,False,False,other,phase_outcome_dense,0
1927964,36,3997,4040,low_block,1451.4261999999999,False,False,other,phase_outcome_dense,0
1927964,38,4090,4125,low_block,1549.2075000000002,False,False,other,phase_outcome_dense,0
1927964,39,4125,4431,medium_block,1467.0208,False,False,progression,phase_outcome_dense,1
1927964,41,4462,4486,medium_block,1452.22,True,False,shot,phase_outcome_dense,1
1927964,42,4486,4723,low_block,1042.3324,True,False,shot,phase_outcome_dense,1
1927964,44,5097,5351,medium_block,2702.4216,False,False,regain,phase_outcome_dense,0
1927964,47,6249,6307,medium_block,2101.1337,False,False,other,phase_outcome_dense,0
1927964,48,6307,6438,high_block,2512.3204749999995,False,False,regain,phase_outcome_dense,0
1927964,49,6438,6516,medium_block,2074.6616000000004,False,False,regain,phase_outcome_dense,0
1927964,50,6516,6767,medium_block,2451.3439999999996,False,False,disruption,phase_outcome_dense,0
1927964,51,6767,6829,high_block,2895.32125,False,False,disruption,phase_outcome_dense,0
1927964,53,6855,7152,medium_block,2562.35805,False,False,regain,phase_outcome_dense,0
1927964,55,7172,7236,medium_block,1738.2468749999998,False,False,progression,phase_outcome_dense,1
1927964,56,7236,7283,low_block,1436.0844749999999,False,False,progression,phase_outcome_dense,1
1927964,57,7283,7489,high_block,2111.1168000000002,False,False,other,phase_outcome_dense,0
1927964,59,7782,7928,medium_block,1823.8536000000001,False,False,other,phase_outcome_dense,0
1927964,60,8121,8313,medium_block,1534.0724,False,False,other,phase_outcome_dense,0
1927964,61,8313,8338,low_block,1539.8226999999997,False,False,other,phase_outcome_dense,0
1927964,62,8338,8443,medium_block,1421.9850000000001,False,False,other,phase_outcome_dense,0
1927964,63,8443,8554,low_block,1031.7016250000001,False,False,other,phase_outcome_dense,0
1927964,65,8809,8948,medium_block,2620.488,False,False,progression,phase_outcome_dense,1
1927964,66,8948,8971,low_block,2681.28865,False,False,progression,phase_outcome_dense,1
1927964,67,9027,9117,high_block,2266.2040500000003,False,False,other,phase_outcome_dense,0
1927964,68,9117,9121,medium_block,2055.5285000000003,False,False,other,phase_outcome_dense,0
1927964,69,9121,9148,high_block,2194.364325,False,False,other,phase_outcome_dense,0
1927964,70,9148,9247,medium_block,2037.2066,False,False,other,phase_outcome_dense,0
1927964,71,9247,9347,low_block,1489.5696999999998,False,False,other,phase_outcome_dense,0
1927964,72,9347,9378,medium_block,1269.31025,False,False,other,phase_outcome_dense,0
1927964,73,9378,9407,low_block,1202.333125,False,False,progression,phase_outcome_dense,1
1927964,74,9407,9712,medium_block,2550.4709999999995,False,False,other,phase_outcome_dense,0
1927964,76,9850,10047,medium_block,1872.5962499999996,True,False,shot,phase_outcome_dense,1
1927964,77,10047,10107,low_block,1615.9751500000002,True,False,shot,phase_outcome_dense,1
1927964,78,10489,10561,high_block,2368.2957,False,False,other,phase_outcome_dense,0
1927964,79,10561,10672,medium_block,1679.8547999999998,False,False,progression,phase_outcome_dense,1
1927964,81,10701,11143,medium_block,2614.3312,False,False,other,phase_outcome_dense,0
1927964,82,11313,11497,medium_block,1933.4646,False,False,other,phase_outcome_dense,0
1927964,84,12086,12389,medium_block,2851.7736,False,False,regain,phase_outcome_dense,0
1927964,85,12389,12423,medium_block,2783.8029500000002,False,False,other,phase_outcome_dense,0
1927964,86,12423,12510,high_block,2795.2614,False,False,other,phase_outcome_dense,0
1927964,87,12510,12556,medium_block,2948.4084,False,False,other,phase_outcome_dense,0
1927964,88,12696,12756,medium_block,1842.496875,False,False,regain,phase_outcome_dense,0
1927964,89,12756,13054,medium_block,2232.444825,False,False,other,phase_outcome_dense,0
1927964,90,13054,13064,low_block,2014.1189000000002,False,False,other,phase_outcome_dense,0
1927964,92,13780,14424,medium_block,1946.8490000000002,False,False,other,phase_outcome_dense,0
1927964,93,14424,14522,low_block,1602.0595,False,False,progression,phase_outcome_dense,1
1927964,95,14644,14901,medium_block,2415.3814999999995,False,False,other,phase_outcome_dense,0
1927964,96,14901,15043,high_block,2727.1214250000003,False,False,other,phase_outcome_dense,0
1927964,97,15043,15111,medium_block,2686.124,False,False,other,phase_outcome_dense,0
1927964,100,15209,15369,medium_block,3076.27875,False,False,other,phase_outcome_dense,0
1927964,101,15369,15434,high_block,2677.5838750000007,False,False,other,phase_outcome_dense,0
1927964,103,15466,15489,medium_block,2843.0170999999996,False,False,other,phase_outcome_dense,0
1927964,104,15489,15513,low_block,2690.5088499999993,False,False,other,phase_outcome_dense,0
1927964,106,15606,15677,high_block,2558.0608500000003,False,False,other,phase_outcome_dense,0
1927964,107,15677,15680,medium_block,2591.3698999999992,False,False,progression,phase_outcome_dense,1
1927964,109,15695,15780,medium_block,2371.86705,True,False,shot,phase_outcome_dense,1
1927964,110,15780,16024,low_block,1815.5991499999998,True,False,shot,phase_outcome_dense,1
1927964,111,16024,16068,medium_block,1364.923025,False,False,other,phase_outcome_dense,0
1927964,112,16068,16099,low_block,1544.8203,False,False,other,phase_outcome_dense,0
1927964,113,16099,16132,medium_block,1520.7599,False,False,other,phase_outcome_dense,0
1927964,114,16132,16281,low_block,1049.3700000000001,False,False,progression,phase_outcome_dense,1
1927964,115,16460,16628,medium_block,1931.384,False,False,progression,phase_outcome_dense,1
1927964,116,16628,16832,low_block,1487.402875,False,False,progression,phase_outcome_dense,1
1927964,117,16832,16876,high_block,2150.8609500000002,False,False,other,phase_outcome_dense,0
1927964,118,16876,17072,medium_block,1937.0416499999997,False,False,other,phase_outcome_dense,0
1927964,119,17072,17113,low_block,1447.7475000000002,False,False,other,phase_outcome_dense,0
1927964,120,17113,17193,medium_block,1273.6247999999998,False,False,other,phase_outcome_dense,0
1927964,121,17193,17329,low_block,1079.3279,False,False,other,phase_outcome_dense,0
1927964,124,18612,18758,medium_block,1437.3912000000003,False,False,other,phase_outcome_dense,0
1927964,125,18758,18842,low_block,1406.2463,False,False,other,phase_outcome_dense,0
1927964,126,18842,18885,medium_block,1364.279625,False,False,other,phase_outcome_dense,0
1927964,127,18885,18939,low_block,1379.1793500000003,False,False,other,phase_outcome_dense,0
1927964,128,18939,19030,medium_block,1986.02,False,False,progression,phase_outcome_dense,1
1927964,129,19183,19206,low_block,1494.4715999999999,False,False,other,phase_outcome_dense,0
1927964,130,19206,19270,medium_block,1600.0094999999997,False,False,other,phase_outcome_dense,0
1927964,131,19270,19287,low_block,1749.90245,False,False,other,phase_outcome_dense,0
1927964,132,19287,19367,medium_block,1496.5055,False,False,progression,phase_outcome_dense,1
1927964,133,19367,19408,low_block,1176.3336000000002,False,False,progression,phase_outcome_dense,1
1927964,134,19408,19482,medium_block,2681.0672,False,False,regain,phase_outcome_dense,0
1927964,137,19528,19683,medium_block,1935.2853,True,False,shot,phase_outcome_dense,1
1927964,138,19683,19702,low_block,1569.366175,True,False,shot,phase_outcome_dense,1
1927964,139,19702,19766,medium_block,1461.66085,True,False,shot,phase_outcome_dense,1
1927964,140,19766,19875,low_block,1279.481625,True,False,shot,phase_outcome_dense,1
1927964,141,20202,20241,high_block,2912.1416999999997,False,False,regain,phase_outcome_dense,0
1927964,142,20241,20262,medium_block,2943.4275500000003,False,False,regain,phase_outcome_dense,0
1927964,143,20262,20314,high_block,2721.7424,False,False,regain,phase_outcome_dense,0
1927964,145,20373,20464,low_block,1363.9682,False,False,other,phase_outcome_dense,0
1927964,146,20499,20596,medium_block,1488.781925,False,False,progression,phase_outcome_dense,1
1927964,147,20596,20654,low_block,1418.8090499999998,False,False,progression,phase_outcome_dense,1
1927964,148,20654,20685,high_block,2824.5015500000004,False,False,other,phase_outcome_dense,0
1927964,149,20685,20715,medium_block,2070.127475,False,False,other,phase_outcome_dense,0
1927964,150,20715,20742,high_block,1774.6624000000002,False,False,other,phase_outcome_dense,0
1927964,151,20742,21090,medium_block,1778.2316999999998,False,False,other,phase_outcome_dense,0
1927964,152,21090,21139,low_block,1670.62665,False,False,other,phase_outcome_dense,0
1927964,153,21139,21195,medium_block,1620.3462000000002,False,False,other,phase_outcome_dense,0
1927964,154,21195,21221,low_block,1727.0286,False,False,other,phase_outcome_dense,0
1927964,155,21221,21435,medium_block,1578.2381,False,False,other,phase_outcome_dense,0
1927964,156,21435,21528,low_block,1300.86275,False,False,other,phase_outcome_dense,0
1927964,157,21571,21749,low_block,1094.4792,False,False,other,phase_outcome_dense,0
1927964,158,21749,21778,medium_block,1251.7199999999998,False,False,other,phase_outcome_dense,0
1927964,159,21778,21838,low_block,1305.13875,False,False,other,phase_outcome_dense,0
1927964,160,21838,21919,medium_block,1444.4041500000003,False,False,other,phase_outcome_dense,0
1927964,161,21919,22114,low_block,1216.62375,False,False,other,phase_outcome_dense,0
1927964,162,22114,22129,medium_block,1051.46595,False,False,other,phase_outcome_dense,0
1927964,163,22129,22192,low_block,1326.832875,False,False,other,phase_outcome_dense,0
1927964,164,22192,22272,medium_block,1596.6470250000002,False,False,other,phase_outcome_dense,0
1927964,165,22272,22499,low_block,1479.17,False,False,other,phase_outcome_dense,0
1927964,166,22499,22537,medium_block,1225.283025,False,False,other,phase_outcome_dense,0
1927964,167,22537,22574,low_block,1153.602975,False,False,other,phase_outcome_dense,0
1927964,169,22780,23109,medium_block,2100.6832,False,False,other,phase_outcome_dense,0
1927964,170,23109,23211,high_block,2405.8944,False,False,progression,phase_outcome_dense,1
1927964,172,23241,23349,medium_block,2417.193625,False,False,other,phase_outcome_dense,0
1927964,173,23463,23535,medium_block,2117.5692,False,False,other,phase_outcome_dense,0
1927964,174,23535,23651,high_block,2394.1742999999997,False,False,other,phase_outcome_dense,0
1927964,175,23651,23689,medium_block,2086.3680000000004,False,False,other,phase_outcome_dense,0
1927964,177,23730,23854,low_block,1204.66875,False,False,other,phase_outcome_dense,0
1927964,178,23854,23878,medium_block,929.871775,False,False,other,phase_outcome_dense,0
1927964,179,23878,23964,low_block,1110.2965,False,False,other,phase_outcome_dense,0
1927964,180,23964,23986,medium_block,1194.4316999999999,False,False,progression,phase_outcome_dense,1
1927964,181,23986,24021,low_block,1217.2637,False,False,progression,phase_outcome_dense,1
1927964,182,24021,24071,medium_block,2973.968925,False,False,other,phase_outcome_dense,0
1927964,183,24071,24136,high_block,2258.3599999999997,False,False,other,phase_outcome_dense,0
1927964,184,24136,24376,medium_block,2099.756625,False,False,progression,phase_outcome_dense,1
1927964,186,24427,24770,medium_block,1851.694,False,False,regain,phase_outcome_dense,0
1927964,187,24770,24847,medium_block,2387.975975,False,False,regain,phase_outcome_dense,0
1927964,188,24847,25284,medium_block,2010.073175,False,False,other,phase_outcome_dense,0
1927964,189,25284,25344,low_block,1391.959425,False,False,other,phase_outcome_dense,0
1927964,190,25344,25390,medium_block,1356.34935,False,False,other,phase_outcome_dense,0
1927964,191,25390,25479,low_block,1476.8550000000002,False,False,other,phase_outcome_dense,0
1927964,195,25694,25779,medium_block,1786.0986000000003,False,False,regain,phase_outcome_dense,0
1927964,197,26307,26420,low_block,965.2532249999999,False,False,other,phase_outcome_dense,0
1927964,199,26652,26701,high_block,2075.6697,False,False,other,phase_outcome_dense,0
1927964,200,26701,26772,medium_block,2060.2477,False,False,other,phase_outcome_dense,0
1927964,201,26926,26939,medium_block,2009.6706499999998,False,False,regain,phase_outcome_dense,0
1927964,202,26939,27036,high_block,2780.16865,False,False,regain,phase_outcome_dense,0
1927964,206,27115,27258,medium_block,2127.7012999999997,False,False,other,phase_outcome_dense,0
1927964,207,27258,27309,low_block,1659.20055,False,False,other,phase_outcome_dense,0
1927964,208,27398,27518,medium_block,1403.465175,True,False,shot,phase_outcome_dense,1
1927964,209,27518,27534,low_block,1365.8531500000001,True,False,shot,phase_outcome_dense,1
1927964,210,27534,27594,medium_block,1316.266425,True,False,shot,phase_outcome_dense,1
1927964,211,27594,27600,low_block,1380.75,True,False,shot,phase_outcome_dense,1
1927964,212,27600,27627,medium_block,1485.48075,True,False,shot,phase_outcome_dense,1
1927964,213,27627,27649,low_block,1521.9625000000003,True,False,shot,phase_outcome_dense,1
1927964,214,27649,27657,medium_block,1440.9087,True,False,shot,phase_outcome_dense,1
1927964,215,27657,27749,low_block,1338.7856000000002,True,False,shot,phase_outcome_dense,1
1927964,216,27749,27801,medium_block,1255.2635499999997,True,False,shot,phase_outcome_dense,1
1927964,217,27801,27850,low_block,1023.5550000000002,True,False,shot,phase_outcome_dense,1
1927964,218,28029,28170,medium_block,2208.4284,False,False,other,phase_outcome_dense,0
1927964,219,28183,28193,medium_block,1912.4086499999999,False,False,other,phase_outcome_dense,0
1927964,220,28246,28256,medium_block,1783.2704999999996,False,False,other,phase_outcome_dense,0
1927964,221,28369,28428,medium_block,1838.2336000000003,False,False,other,phase_outcome_dense,0
1927964,223,28457,28510,medium_block,1052.1105,False,False,progression,phase_outcome_dense,1
1927964,225,28540,28747,medium_block,1675.89835,False,False,regain,phase_outcome_dense,0
1927964,226,28747,28874,high_block,2284.911525,False,False,regain,phase_outcome_dense,0
1927964,227,28874,28924,medium_block,2087.1765,False,False,regain,phase_outcome_dense,0
1927964,228,28924,29139,medium_block,2045.0463999999997,False,False,other,phase_outcome_dense,0
1927964,229,29139,29165,low_block,1859.4436249999999,False,False,other,phase_outcome_dense,0
1927964,232,30073,30111,medium_block,2652.21,False,False,progression,phase_outcome_dense,1
1927964,233,30111,30216,low_block,1617.630175,False,False,progression,phase_outcome_dense,1
1927964,234,30216,30345,high_block,2832.8453999999997,False,False,other,phase_outcome_dense,0
1927964,235,30345,30351,medium_block,2656.7886000000003,False,False,other,phase_outcome_dense,0
1927964,236,30436,30459,low_block,1498.60125,False,False,other,phase_outcome_dense,0
1927964,237,30459,30474,medium_block,1447.2736,False,False,other,phase_outcome_dense,0
1927964,238,30474,30519,low_block,1420.7005999999997,False,False,other,phase_outcome_dense,0
1927964,239,30519,30613,medium_block,1577.1117250000002,False,False,other,phase_outcome_dense,0
1927964,240,30613,30661,low_block,2348.18605,False,False,other,phase_outcome_dense,0
1927964,245,31449,31471,medium_block,2303.0937,False,False,other,phase_outcome_dense,0
1927964,246,31471,31585,high_block,2021.04945,False,False,progression,phase_outcome_dense,1
1927964,247,31585,31615,medium_block,1819.9226249999997,False,False,progression,phase_outcome_dense,1
1927964,248,31615,31674,medium_block,2781.9943,True,False,shot,phase_outcome_dense,1
1927964,249,31674,31785,low_block,1502.68965,True,False,shot,phase_outcome_dense,1
1927964,250,31785,31958,high_block,3215.7381499999997,False,False,progression,phase_outcome_dense,1
1927964,251,31958,32011,medium_block,2774.51985,False,False,regain,phase_outcome_dense,0
1927964,252,32011,32239,medium_block,2363.6592,False,False,regain,phase_outcome_dense,0
1927964,253,32239,32304,medium_block,2655.2425,False,False,other,phase_outcome_dense,0
1927964,254,32304,32354,low_block,1714.7765250000002,False,False,other,phase_outcome_dense,0
1927964,255,32354,32402,medium_block,1404.84435,False,False,progression,phase_outcome_dense,1
1927964,256,32402,32437,low_block,1253.9251000000002,False,False,progression,phase_outcome_dense,1
1927964,257,32437,32544,high_block,2510.946875,False,False,other,phase_outcome_dense,0
1927964,258,32544,32552,medium_block,1677.7180000000003,False,False,other,phase_outcome_dense,0
1927964,259,32552,32692,high_block,2056.3740000000003,False,False,regain,phase_outcome_dense,0
1927964,260,32692,32697,medium_block,2512.29,False,False,progression,phase_outcome_dense,1
1927964,262,32728,32922,medium_block,1784.1525,True,False,shot,phase_outcome_dense,1
1927964,263,32922,33096,low_block,856.253,True,False,shot,phase_outcome_dense,1
1927964,264,33399,33454,high_block,2962.5932,False,False,other,phase_outcome_dense,0
1927964,265,33454,33625,medium_block,2333.955,False,False,progression,phase_outcome_dense,1
1927964,266,33625,33661,high_block,2602.9996249999995,True,False,shot,phase_outcome_dense,1
1927964,267,33661,33674,medium_block,2427.11925,True,False,shot,phase_outcome_dense,1
1927964,268,33674,33812,high_block,2613.5984999999996,True,False,shot,phase_outcome_dense,1
1927964,269,33812,33867,medium_block,2294.28705,True,False,shot,phase_outcome_dense,1
1927964,270,33867,33920,low_block,1624.908125,True,False,shot,phase_outcome_dense,1
1927964,271,33920,33964,high_block,2362.753575,False,False,other,phase_outcome_dense,0
1927964,272,33964,33980,medium_block,2011.8449249999999,False,False,other,phase_outcome_dense,0
1927964,274,34121,34411,low_block,1026.7796,False,False,progression,phase_outcome_dense,1
1927964,275,34676,34749,high_block,2961.2805,False,False,regain,phase_outcome_dense,0
1927964,277,34790,34934,medium_block,1705.3221500000004,True,False,shot,phase_outcome_dense,1
1927964,278,34934,35110,low_block,1190.70765,True,False,shot,phase_outcome_dense,1
1927964,279,35371,35441,medium_block,2142.7295999999997,False,False,other,phase_outcome_dense,0
1927964,284,35830,36100,high_block,2450.6762,False,False,other,phase_outcome_dense,0
1927964,285,36100,36114,medium_block,2420.4768,False,False,other,phase_outcome_dense,0
1927964,286,36114,36526,high_block,2463.0567,False,False,regain,phase_outcome_dense,0
1927964,288,37273,37371,medium_block,1843.914,False,False,other,phase_outcome_dense,0
1927964,289,37371,37451,high_block,1965.9508,False,False,other,phase_outcome_dense,0
1927964,290,37451,37608,medium_block,1954.7286000000001,False,False,other,phase_outcome_dense,0
1927964,291,37608,37681,high_block,2178.35415,False,False,other,phase_outcome_dense,0
1927964,292,37681,37832,medium_block,2219.3281249999995,False,False,progression,phase_outcome_dense,1
1927964,293,37832,38019,low_block,1529.00215,False,False,progression,phase_outcome_dense,1
1927964,294,38360,38425,high_block,2921.055,False,False,regain,phase_outcome_dense,0
1927964,295,38425,38487,medium_block,2822.8966,False,False,regain,phase_outcome_dense,0
1927964,297,38518,38571,high_block,2587.9026000000003,False,False,progression,phase_outcome_dense,1
1927964,298,38571,38644,medium_block,2224.33815,False,False,progression,phase_outcome_dense,1
1927964,299,38644,38901,medium_block,2245.6818,False,False,regain,phase_outcome_dense,0
1927964,300,38901,39000,high_block,2440.1230000000005,False,False,regain,phase_outcome_dense,0
1927964,301,39000,39007,medium_block,2920.2736499999996,False,False,other,phase_outcome_dense,0
1927964,302,39007,39302,medium_block,2400.3759,False,False,disruption,phase_outcome_dense,0
1927964,303,39302,39447,high_block,2608.7167499999996,False,False,disruption,phase_outcome_dense,0
1927964,304,39447,39488,medium_block,2858.7495000000004,False,False,progression,phase_outcome_dense,1
1927964,305,39938,39975,medium_block,1783.9672500000001,False,False,regain,phase_outcome_dense,0
1927964,306,39975,40112,high_block,2514.5463,False,False,regain,phase_outcome_dense,0
1927964,308,40281,40326,medium_block,1423.5834,False,False,regain,phase_outcome_dense,0
1927964,310,40416,40617,medium_block,1686.8984999999998,True,True,goal,phase_outcome_dense,1
1927964,311,40617,40804,low_block,928.3985,True,True,goal,phase_outcome_dense,1
1927964,312,41482,41524,medium_block,1751.4805000000001,False,False,regain,phase_outcome_dense,0
1927964,313,41524,41610,high_block,2357.3213999999994,False,False,regain,phase_outcome_dense,0
1927964,314,41610,41623,medium_block,2566.3847499999997,False,False,other,phase_outcome_dense,0
1927964,315,41623,41629,low_block,2490.9556000000002,False,False,other,phase_outcome_dense,0
1927964,316,41629,41785,medium_block,2221.8260999999998,False,False,other,phase_outcome_dense,0
1927964,317,41785,41857,low_block,1414.0674,False,False,other,phase_outcome_dense,0
1927964,319,42025,42215,low_block,1468.2907500000001,True,False,shot,phase_outcome_dense,1
1927964,320,42215,42347,medium_block,1886.79495,True,False,shot,phase_outcome_dense,1
1927964,321,42347,42482,high_block,2528.87805,True,False,shot,phase_outcome_dense,1
1927964,322,42482,42537,medium_block,2312.83535,True,False,shot,phase_outcome_dense,1
1927964,323,42537,42588,low_block,1343.2014000000001,False,False,other,phase_outcome_dense,0
1927964,326,43775,43832,high_block,2546.7715000000007,False,False,other,phase_outcome_dense,0
1927964,327,43832,43854,medium_block,2748.7475999999997,False,False,regain,phase_outcome_dense,0
1927964,328,43854,43966,medium_block,2436.890625,False,False,regain,phase_outcome_dense,0
1927964,333,44809,44858,medium_block,802.4676999999999,True,False,shot,phase_outcome_dense,1
1927964,334,44858,44962,low_block,939.25525,True,False,shot,phase_outcome_dense,1
1927964,335,44962,45179,high_block,1937.843175,True,False,shot,phase_outcome_dense,1
1927964,336,45179,45234,medium_block,2128.266,True,False,shot,phase_outcome_dense,1
1927964,337,45234,45379,low_block,1333.1196,True,False,shot,phase_outcome_dense,1
1927964,338,46236,46344,medium_block,2347.686975,False,False,progression,phase_outcome_dense,1
1927964,340,46386,46516,high_block,2607.84,True,False,shot,phase_outcome_dense,1
1927964,341,46516,46584,medium_block,1884.7832250000001,True,False,shot,phase_outcome_dense,1
1927964,342,46584,46631,low_block,1230.2871,True,False,shot,phase_outcome_dense,1
1927964,343,46631,46827,high_block,2755.276,False,False,other,phase_outcome_dense,0
1927964,344,46827,47126,medium_block,1957.2541999999996,False,False,progression,phase_outcome_dense,1
1927964,345,47126,47147,low_block,1511.9268749999999,False,False,progression,phase_outcome_dense,1
1927964,346,47147,47278,high_block,2862.4697499999997,False,False,other,phase_outcome_dense,0
1927964,347,47278,47303,medium_block,2738.0155,False,False,other,phase_outcome_dense,0
1927964,349,47875,47983,medium_block,1306.9037249999997,False,False,other,phase_outcome_dense,0
1927964,350,47983,48013,low_block,1333.5822,False,False,other,phase_outcome_dense,0
1927964,351,48013,48088,medium_block,1433.295,False,False,other,phase_outcome_dense,0
1927964,352,48088,48185,low_block,1273.7329,False,False,other,phase_outcome_dense,0
1927964,353,48185,48200,medium_block,1109.1941250000002,False,False,other,phase_outcome_dense,0
1927964,354,48200,48321,low_block,1028.0702249999997,False,False,progression,phase_outcome_dense,1
1927964,355,48479,48507,high_block,2335.61205,False,False,other,phase_outcome_dense,0
1927964,356,48507,48509,medium_block,2225.719125,False,False,other,phase_outcome_dense,0
1927964,359,48649,48788,medium_block,1729.2745499999999,False,False,progression,phase_outcome_dense,1
1927964,361,49066,49116,high_block,2261.1572,False,False,other,phase_outcome_dense,0
1927964,362,49116,49122,medium_block,2276.78955,False,False,other,phase_outcome_dense,0
1927964,363,49303,49337,medium_block,1574.79975,False,False,other,phase_outcome_dense,0
1927964,365,49373,49417,medium_block,1564.7962499999999,False,False,other,phase_outcome_dense,0
1927964,366,49417,49446,low_block,1733.5709,False,False,progression,phase_outcome_dense,1
1927964,368,49654,49803,low_block,1057.09615,True,False,shot,phase_outcome_dense,1
1927964,369,50076,50309,medium_block,1979.48,False,False,other,phase_outcome_dense,0
1927964,373,51029,51196,high_block,1987.839,False,False,other,phase_outcome_dense,0
1927964,374,51196,51251,medium_block,2081.5505,False,False,other,phase_outcome_dense,0
1927964,375,51251,51534,low_block,1619.064,False,False,progression,phase_outcome_dense,1
1927964,377,52395,52455,high_block,2650.8198500000008,False,False,other,phase_outcome_dense,0
1927964,378,52455,52462,medium_block,2719.4995750000003,False,False,other,phase_outcome_dense,0
1927964,381,52518,52576,low_block,1771.465125,False,False,other,phase_outcome_dense,0
1927964,382,52576,52742,medium_block,1791.18,False,False,regain,phase_outcome_dense,0
1927964,383,52742,52791,high_block,2468.3395,False,False,regain,phase_outcome_dense,0
1927964,384,52791,52799,medium_block,2614.8099499999994,False,False,progression,phase_outcome_dense,1
1927964,386,53004,53216,medium_block,2143.28515,False,False,progression,phase_outcome_dense,1
1927964,387,53216,53316,low_block,2591.06095,False,False,other,phase_outcome_dense,0
1927964,391,53687,53740,high_block,3021.8120999999996,False,False,progression,phase_outcome_dense,1
1927964,392,53740,53757,medium_block,3238.2588,False,False,progression,phase_outcome_dense,1
1927964,393,53838,53875,low_block,1136.7216,False,False,other,phase_outcome_dense,0
1927964,394,53875,53954,medium_block,1545.450225,False,False,progression,phase_outcome_dense,1
1927964,395,53954,54024,low_block,1757.6416,False,False,progression,phase_outcome_dense,1
1927964,396,54108,54179,high_block,2746.3472,False,False,other,phase_outcome_dense,0
1927964,397,54179,54529,medium_block,1923.094125,False,False,other,phase_outcome_dense,0
1927964,398,54529,54590,low_block,1390.6525499999998,False,False,other,phase_outcome_dense,0
1927964,399,54590,54625,medium_block,1691.1731250000003,False,False,other,phase_outcome_dense,0
1927964,400,54817,54842,medium_block,1404.3293999999999,False,False,other,phase_outcome_dense,0
1927964,401,54842,54890,low_block,2195.1771,False,False,progression,phase_outcome_dense,1
1927964,403,54926,55007,high_block,2713.2068,False,False,regain,phase_outcome_dense,0
1927964,404,55007,55023,medium_block,2385.64625,False,False,progression,phase_outcome_dense,1
1927964,406,55034,55077,medium_block,2431.0388999999996,False,False,other,phase_outcome_dense,0
1927964,407,55077,55152,low_block,1401.550575,False,False,other,phase_outcome_dense,0
1927964,408,55483,55599,low_block,1013.27545,False,False,other,phase_outcome_dense,0
1927964,410,55791,56028,medium_block,1429.0161750000002,False,False,other,phase_outcome_dense,0
1927964,411,56028,56078,low_block,1260.2628000000002,False,False,other,phase_outcome_dense,0
1927964,412,56078,56168,medium_block,1682.6738,False,False,other,phase_outcome_dense,0
1927964,413,56168,56216,low_block,2111.722,False,False,other,phase_outcome_dense,0
1927964,415,56533,56617,medium_block,2438.0552000000002,False,False,other,phase_outcome_dense,0
1927964,417,56825,56843,medium_block,1717.1253000000002,False,False,other,phase_outcome_dense,0
1927964,421,56942,57001,low_block,1377.3548,False,False,other,phase_outcome_dense,0
1927964,425,57098,57243,low_block,690.9256000000001,True,True,goal,phase_outcome_dense,1
1953632,0,36,500,medium_block,2015.3313,False,False,progression,phase_outcome_dense,1
1953632,2,507,699,medium_block,1918.588875,False,False,progression,phase_outcome_dense,1
1953632,3,788,849,high_block,2295.40115,False,False,regain,phase_outcome_dense,0
1953632,4,849,891,medium_block,2676.539375,False,False,regain,phase_outcome_dense,0
1953632,5,891,1106,medium_block,1770.6637500000002,False,False,other,phase_outcome_dense,0
1953632,6,1106,1120,low_block,1487.42695,False,False,other,phase_outcome_dense,0
1953632,16,2496,2922,medium_block,1647.3555,False,False,progression,phase_outcome_dense,1
1953632,18,2961,3120,medium_block,2822.1507249999995,False,False,other,phase_outcome_dense,0
1953632,21,3182,3285,medium_block,1797.7118999999998,False,False,progression,phase_outcome_dense,1
1953632,22,3285,3504,medium_block,2300.952075,False,False,regain,phase_outcome_dense,0
1953632,24,3542,3645,high_block,2898.45645,False,False,disruption,phase_outcome_dense,0
1953632,25,3833,3870,low_block,844.5091249999999,False,False,other,phase_outcome_dense,0
1953632,26,3870,3908,medium_block,1285.2209999999998,False,False,other,phase_outcome_dense,0
1953632,27,3908,3949,low_block,1435.064225,False,False,other,phase_outcome_dense,0
1953632,28,3949,4018,medium_block,1488.6874500000001,False,False,other,phase_outcome_dense,0
1953632,29,4018,4042,low_block,1492.723425,False,False,progression,phase_outcome_dense,1
1953632,30,4042,4103,high_block,2528.9676,False,False,other,phase_outcome_dense,0
1953632,31,4103,4111,medium_block,2163.1194,False,False,other,phase_outcome_dense,0
1953632,33,4409,4450,low_block,882.74505,False,False,other,phase_outcome_dense,0
1953632,34,4450,4491,medium_block,1248.1298750000003,False,False,other,phase_outcome_dense,0
1953632,35,4491,4539,low_block,1308.0514,False,False,other,phase_outcome_dense,0
1953632,36,4539,4584,medium_block,1349.874675,False,False,other,phase_outcome_dense,0
1953632,37,4584,4603,low_block,1524.48785,False,False,other,phase_outcome_dense,0
1953632,38,4603,4849,medium_block,1948.4870999999998,False,False,other,phase_outcome_dense,0
1953632,39,4849,4933,high_block,2527.2401999999997,False,False,progression,phase_outcome_dense,1
1953632,40,5063,5123,medium_block,1932.5377499999997,False,False,regain,phase_outcome_dense,0
1953632,42,5146,5479,medium_block,2282.57925,False,False,other,phase_outcome_dense,0
1953632,43,5579,5759,medium_block,1566.9061999999997,False,False,other,phase_outcome_dense,0
1953632,44,5759,5934,low_block,1245.6325,False,False,progression,phase_outcome_dense,1
1953632,46,5981,6080,low_block,989.9703000000001,False,False,other,phase_outcome_dense,0
1953632,50,6971,7009,high_block,2176.4862,False,False,disruption,phase_outcome_dense,0
1953632,51,7009,7021,medium_block,2132.81865,False,False,disruption,phase_outcome_dense,0
1953632,53,7313,7332,medium_block,1775.6198,False,False,other,phase_outcome_dense,0
1953632,54,7332,7457,high_block,2035.511225,False,False,other,phase_outcome_dense,0
1953632,55,7457,7879,medium_block,1916.5375,False,False,other,phase_outcome_dense,0
1953632,56,7879,7914,low_block,1586.9117,False,False,other,phase_outcome_dense,0
1953632,60,8520,8521,medium_block,1535.2722,False,False,other,phase_outcome_dense,0
1953632,61,8521,8636,high_block,2146.84365,False,False,other,phase_outcome_dense,0
1953632,62,8756,8848,high_block,1819.11075,False,False,progression,phase_outcome_dense,1
1953632,63,8930,9215,medium_block,1640.639,False,False,regain,phase_outcome_dense,0
1953632,65,9243,9762,medium_block,1919.559675,False,False,progression,phase_outcome_dense,1
1953632,66,9762,9818,medium_block,2322.2106,False,False,regain,phase_outcome_dense,0
1953632,67,9818,9927,high_block,2171.1846,False,False,regain,phase_outcome_dense,0
1953632,69,9947,10029,medium_block,2332.72215,False,False,regain,phase_outcome_dense,0
1953632,70,10029,10073,high_block,2430.07485,False,False,regain,phase_outcome_dense,0
1953632,72,10120,10493,medium_block,2007.11385,False,False,progression,phase_outcome_dense,1
1953632,73,10493,10497,medium_block,2613.357175,False,False,other,phase_outcome_dense,0
1953632,74,10497,10562,high_block,2949.1566,False,False,other,phase_outcome_dense,0
1953632,76,10827,10970,medium_block,1704.2512000000002,False,False,other,phase_outcome_dense,0
1953632,77,10970,11022,low_block,1507.0710000000001,False,False,other,phase_outcome_dense,0
1953632,78,11106,11148,medium_block,1256.19595,False,False,other,phase_outcome_dense,0
1953632,79,11148,11160,low_block,1383.9945500000001,False,False,other,phase_outcome_dense,0
1953632,80,11160,11279,medium_block,1629.3240250000001,False,False,other,phase_outcome_dense,0
1953632,81,11279,11306,low_block,1927.9857000000004,False,False,other,phase_outcome_dense,0
1953632,82,11306,11422,medium_block,1834.3720499999997,False,False,other,phase_outcome_dense,0
1953632,83,11422,11430,low_block,1645.54995,False,False,other,phase_outcome_dense,0
1953632,84,11430,11447,medium_block,1547.9050499999998,False,False,other,phase_outcome_dense,0
1953632,85,11447,11515,low_block,1427.88565,False,False,other,phase_outcome_dense,0
1953632,86,11515,11606,medium_block,1554.683625,False,False,other,phase_outcome_dense,0
1953632,87,11606,11647,low_block,1477.7364000000002,False,False,progression,phase_outcome_dense,1
1953632,88,11647,11648,medium_block,1220.5886999999998,False,False,progression,phase_outcome_dense,1
1953632,89,11648,11689,medium_block,3150.2016000000003,False,False,regain,phase_outcome_dense,0
1953632,90,11689,11719,high_block,2421.0459,False,False,regain,phase_outcome_dense,0
1953632,91,11719,11766,medium_block,2076.69,False,False,regain,phase_outcome_dense,0
1953632,93,11791,12041,medium_block,2125.3742,False,False,other,phase_outcome_dense,0
1953632,94,12041,12332,low_block,964.7819999999999,False,False,other,phase_outcome_dense,0
1953632,96,12514,12595,high_block,2807.0499999999997,False,False,regain,phase_outcome_dense,0
1953632,97,12595,12602,medium_block,2807.8592249999997,False,False,other,phase_outcome_dense,0
1953632,98,12602,12694,low_block,1663.4989500000001,False,False,progression,phase_outcome_dense,1
1953632,100,13013,13058,medium_block,2189.9514,False,False,other,phase_outcome_dense,0
1953632,102,13260,13554,medium_block,1456.9522500000003,False,False,other,phase_outcome_dense,0
1953632,103,13554,13672,high_block,2095.627875,False,False,disruption,phase_outcome_dense,0
1953632,104,13672,13793,medium_block,2230.6713,False,False,progression,phase_outcome_dense,1
1953632,105,13793,13823,low_block,1965.9793499999998,False,False,progression,phase_outcome_dense,1
1953632,106,13823,13904,high_block,2769.468,False,False,other,phase_outcome_dense,0
1953632,107,13904,14131,medium_block,2370.960675,False,False,other,phase_outcome_dense,0
1953632,108,14131,14189,high_block,2166.29345,False,False,other,phase_outcome_dense,0
1953632,109,14189,14252,medium_block,2203.748475,False,False,progression,phase_outcome_dense,1
1953632,110,14252,14388,high_block,2739.4740000000006,False,False,other,phase_outcome_dense,0
1953632,111,14388,14394,medium_block,2471.9903999999997,False,False,other,phase_outcome_dense,0
1953632,112,14394,14425,low_block,1648.9690500000002,False,False,other,phase_outcome_dense,0
1953632,113,14425,14733,medium_block,1779.7752,False,False,other,phase_outcome_dense,0
1953632,114,14733,14769,high_block,2177.2630499999996,False,False,other,phase_outcome_dense,0
1953632,115,14769,14893,medium_block,1844.688675,False,False,other,phase_outcome_dense,0
1953632,120,15558,15908,medium_block,2532.59115,False,False,other,phase_outcome_dense,0
1953632,121,15908,15931,high_block,2521.10915,False,False,other,phase_outcome_dense,0
1953632,122,15931,16212,medium_block,2130.940075,False,False,other,phase_outcome_dense,0
1953632,123,16212,16333,low_block,1512.5764749999998,False,False,other,phase_outcome_dense,0
1953632,124,16333,16728,medium_block,1680.8610000000003,False,False,other,phase_outcome_dense,0
1953632,125,16728,16788,low_block,1761.669,False,False,other,phase_outcome_dense,0
1953632,126,16961,17000,low_block,994.5189,True,False,shot,phase_outcome_dense,1
1953632,127,17000,17215,medium_block,1536.4261749999998,True,False,shot,phase_outcome_dense,1
1953632,128,17215,17276,low_block,1360.6426,True,False,shot,phase_outcome_dense,1
1953632,131,18068,18437,medium_block,2135.1425,False,False,progression,phase_outcome_dense,1
1953632,133,18533,18901,medium_block,2494.9918,False,False,regain,phase_outcome_dense,0
1953632,135,18951,18995,medium_block,2298.1995,False,False,other,phase_outcome_dense,0
1953632,136,18995,19032,low_block,1586.642125,False,False,other,phase_outcome_dense,0
1953632,138,20541,20612,medium_block,1843.2134,False,False,regain,phase_outcome_dense,0
1953632,141,22116,22414,medium_block,2041.8712,False,False,other,phase_outcome_dense,0
1953632,142,22414,22432,low_block,1696.1290500000002,False,False,other,phase_outcome_dense,0
1953632,143,22432,22480,medium_block,1660.82865,False,False,other,phase_outcome_dense,0
1953632,146,22548,22563,medium_block,1941.46935,False,False,other,phase_outcome_dense,0
1953632,147,22563,22650,high_block,2350.7698499999997,False,False,other,phase_outcome_dense,0
1953632,149,22678,22732,medium_block,2093.58275,False,False,progression,phase_outcome_dense,1
1953632,150,22732,22743,medium_block,2025.8832,False,False,other,phase_outcome_dense,0
1953632,151,22743,22773,high_block,2323.583025,False,False,other,phase_outcome_dense,0
1953632,152,22773,22987,medium_block,2752.5999749999996,False,False,other,phase_outcome_dense,0
1953632,153,22987,23073,low_block,2246.5503750000003,False,False,other,phase_outcome_dense,0
1953632,154,23073,23144,medium_block,1693.86,False,False,progression,phase_outcome_dense,1
1953632,157,24052,24170,high_block,2832.0376,False,False,regain,phase_outcome_dense,0
1953632,158,24170,24179,medium_block,2653.990075,False,False,regain,phase_outcome_dense,0
1953632,159,24179,24207,high_block,2507.4167749999997,False,False,regain,phase_outcome_dense,0
1953632,160,24207,24228,medium_block,2133.8468000000003,False,False,regain,phase_outcome_dense,0
1953632,162,24245,24284,medium_block,1655.5338,False,False,progression,phase_outcome_dense,1
1953632,163,24284,24333,low_block,1349.0858249999999,False,False,progression,phase_outcome_dense,1
1953632,164,24333,24598,high_block,2563.093175,False,False,other,phase_outcome_dense,0
1953632,165,24598,24619,medium_block,2397.9728000000005,False,False,other,phase_outcome_dense,0
1953632,166,24619,24647,high_block,2060.7889499999997,False,False,other,phase_outcome_dense,0
1953632,167,24647,24777,medium_block,2001.8369999999998,False,False,other,phase_outcome_dense,0
1953632,168,24839,24853,medium_block,1944.1889500000002,False,False,other,phase_outcome_dense,0
1953632,169,24853,24881,high_block,2178.5368499999995,False,False,other,phase_outcome_dense,0
1953632,170,24881,24940,medium_block,2326.682925,False,False,other,phase_outcome_dense,0
1953632,171,24940,24987,high_block,2453.7290000000003,False,False,other,phase_outcome_dense,0
1953632,172,24987,25072,medium_block,2218.6323750000006,False,False,other,phase_outcome_dense,0
1953632,173,25072,25195,low_block,1183.4550000000002,False,False,other,phase_outcome_dense,0
1953632,175,25476,25733,medium_block,2253.699,False,False,other,phase_outcome_dense,0
1953632,176,25733,25767,high_block,2265.75405,False,False,other,phase_outcome_dense,0
1953632,177,25767,25914,medium_block,1954.3104,False,False,other,phase_outcome_dense,0
1953632,179,26050,26217,medium_block,2371.9191250000003,False,False,other,phase_outcome_dense,0
1953632,180,26217,26330,high_block,2966.42995,False,False,disruption,phase_outcome_dense,0
1953632,181,26405,26510,medium_block,1718.3900000000003,False,False,regain,phase_outcome_dense,0
1953632,182,26510,26543,medium_block,2761.0679,False,False,other,phase_outcome_dense,0
1953632,183,26543,26594,high_block,2348.1120749999995,False,False,other,phase_outcome_dense,0
1953632,184,26594,27049,medium_block,2218.3434,False,False,other,phase_outcome_dense,0
1953632,185,27049,27173,high_block,2320.7284,False,False,other,phase_outcome_dense,0
1953632,186,27173,27397,medium_block,2037.5835999999995,False,False,other,phase_outcome_dense,0
1953632,187,27397,27456,low_block,1485.342625,False,False,other,phase_outcome_dense,0
1953632,188,27456,27557,medium_block,1812.9657000000004,False,False,other,phase_outcome_dense,0
1953632,189,27557,27605,high_block,2487.0143999999996,False,False,other,phase_outcome_dense,0
1953632,190,27605,27626,medium_block,2594.556775,False,False,other,phase_outcome_dense,0
1953632,191,27626,27681,medium_block,1804.7084,False,False,regain,phase_outcome_dense,0
1953632,194,27874,27956,low_block,882.8933249999999,False,False,other,phase_outcome_dense,0
1953632,195,27956,27964,medium_block,1203.5952499999999,False,False,progression,phase_outcome_dense,1
1953632,196,27964,28040,low_block,1344.7038750000004,False,False,progression,phase_outcome_dense,1
1953632,197,28040,28085,high_block,3571.9631249999998,False,False,other,phase_outcome_dense,0
1953632,205,28969,29038,high_block,2222.8024,False,False,progression,phase_outcome_dense,1
1953632,208,29420,29448,high_block,1679.33565,False,False,other,phase_outcome_dense,0
1953632,209,29448,29477,medium_block,1865.3563500000002,False,False,other,phase_outcome_dense,0
1953632,210,29477,29588,high_block,2317.85275,False,False,other,phase_outcome_dense,0
1953632,211,29588,29607,medium_block,2687.6298,False,False,other,phase_outcome_dense,0
1953632,212,29607,29658,high_block,2487.89135,False,False,other,phase_outcome_dense,0
1953632,216,30307,30398,medium_block,1411.9437500000001,False,False,other,phase_outcome_dense,0
1953632,218,30684,30693,low_block,957.4191,False,False,other,phase_outcome_dense,0
1953632,219,30693,30793,medium_block,1590.1514999999997,False,False,other,phase_outcome_dense,0
1953632,221,30901,31219,medium_block,2561.7275,False,False,other,phase_outcome_dense,0
1953632,222,31219,31265,high_block,2221.2228499999997,False,False,other,phase_outcome_dense,0
1953632,223,31265,31309,medium_block,2317.9747500000003,False,False,other,phase_outcome_dense,0
1953632,224,31309,31338,high_block,2258.9611,False,False,other,phase_outcome_dense,0
1953632,228,31672,31677,medium_block,1603.6222500000001,False,False,other,phase_outcome_dense,0
1953632,229,31677,31688,low_block,1464.3143250000003,False,False,progression,phase_outcome_dense,1
1953632,230,31688,31795,medium_block,1560.999825,False,False,progression,phase_outcome_dense,1
1953632,231,31795,31964,high_block,2748.2584999999995,False,False,other,phase_outcome_dense,0
1953632,232,31964,31967,medium_block,2276.457375,False,False,other,phase_outcome_dense,0
1953632,233,31967,31991,low_block,2695.2609,False,False,other,phase_outcome_dense,0
1953632,234,31991,32038,medium_block,2121.42975,False,False,other,phase_outcome_dense,0
1953632,235,32038,32096,low_block,1816.8556999999998,False,False,other,phase_outcome_dense,0
1953632,236,32260,32425,medium_block,1527.8804000000002,False,False,other,phase_outcome_dense,0
1953632,237,32425,32501,high_block,2146.8685000000005,False,False,other,phase_outcome_dense,0
1953632,238,32501,32646,medium_block,2628.97485,False,False,progression,phase_outcome_dense,1
1953632,239,32646,32699,medium_block,2616.319875,False,False,other,phase_outcome_dense,0
1953632,240,32876,32969,medium_block,2174.368,False,False,regain,phase_outcome_dense,0
1953632,244,33658,33811,high_block,2356.11635,False,False,other,phase_outcome_dense,0
1953632,245,33811,33881,medium_block,1922.6304249999996,False,False,other,phase_outcome_dense,0
1953632,246,33881,34032,low_block,1481.109375,False,False,other,phase_outcome_dense,0
1953632,250,35077,35518,medium_block,1456.71965,False,False,other,phase_outcome_dense,0
1953632,251,35518,35531,low_block,1700.288175,False,False,other,phase_outcome_dense,0
1953632,253,36384,36481,medium_block,1635.3744,False,False,other,phase_outcome_dense,0
1953632,254,36481,36556,low_block,1439.3053,False,False,progression,phase_outcome_dense,1
1953632,256,36618,36736,medium_block,1747.0859,False,False,regain,phase_outcome_dense,0
1953632,258,36898,36903,medium_block,1753.92525,False,False,other,phase_outcome_dense,0
1953632,259,36903,36992,high_block,1981.1424999999997,False,False,other,phase_outcome_dense,0
1953632,260,36992,37032,medium_block,2069.0246500000003,False,False,other,phase_outcome_dense,0
1953632,261,37032,37100,high_block,2242.596825,False,False,other,phase_outcome_dense,0
1953632,262,37100,37123,medium_block,2584.435,False,False,other,phase_outcome_dense,0
1953632,263,37123,37152,high_block,2637.8352,False,False,progression,phase_outcome_dense,1
1953632,265,37179,37285,medium_block,2388.4824999999996,False,False,disruption,phase_outcome_dense,0
1953632,266,37285,37356,high_block,2683.144125,False,False,disruption,phase_outcome_dense,0
1953632,267,37356,37396,medium_block,3429.3654,False,False,other,phase_outcome_dense,0
1953632,268,37396,37427,low_block,3338.7938499999996,False,False,progression,phase_outcome_dense,1
1953632,269,38315,38390,high_block,2159.8416,False,False,other,phase_outcome_dense,0
1953632,270,38390,38451,medium_block,1926.1969,False,False,progression,phase_outcome_dense,1
1953632,271,38451,38531,low_block,1785.6285999999998,False,False,progression,phase_outcome_dense,1
1953632,272,38531,38593,high_block,3491.10025,False,False,progression,phase_outcome_dense,1
1953632,273,38653,38729,low_block,903.5488,True,False,shot,phase_outcome_dense,1
1953632,274,38999,39121,high_block,2909.1986999999995,False,False,other,phase_outcome_dense,0
1953632,276,39544,39577,medium_block,1647.706,False,False,other,phase_outcome_dense,0
1953632,277,39577,39657,high_block,2706.6036,False,False,other,phase_outcome_dense,0
1953632,278,39657,39669,medium_block,3815.7504,False,False,progression,phase_outcome_dense,1
1953632,280,39689,39746,high_block,3432.31035,False,False,progression,phase_outcome_dense,1
1953632,281,39746,39766,medium_block,3090.7754750000004,False,False,progression,phase_outcome_dense,1
1953632,282,39816,39927,medium_block,1496.51505,False,False,other,phase_outcome_dense,0
1953632,283,39927,39973,low_block,1502.0428499999998,False,False,other,phase_outcome_dense,0
1953632,284,39973,40190,medium_block,1701.0175000000002,False,False,regain,phase_outcome_dense,0
1953632,285,40190,40243,high_block,2479.2915,False,False,regain,phase_outcome_dense,0
1953632,286,40243,40309,medium_block,2607.3337500000002,False,False,regain,phase_outcome_dense,0
1953632,288,40313,40371,medium_block,2062.84525,False,False,disruption,phase_outcome_dense,0
1953632,289,40371,40404,high_block,2025.3007499999999,False,False,other,phase_outcome_dense,0
1953632,290,40404,40465,medium_block,1662.3967499999999,False,False,other,phase_outcome_dense,0
1953632,291,40465,40507,low_block,1089.0576999999998,False,False,other,phase_outcome_dense,0
1953632,296,41367,41370,medium_block,,False,False,other,phase_outcome_dense,0
1953632,297,41370,41414,low_block,958.7157000000001,False,False,progression,phase_outcome_dense,1
1953632,298,41547,41579,high_block,2663.9249999999997,False,False,other,phase_outcome_dense,0
1953632,299,41579,41624,medium_block,2637.3615,False,False,other,phase_outcome_dense,0
1953632,300,41624,41658,low_block,2253.9132,False,False,other,phase_outcome_dense,0
1953632,303,42969,43021,medium_block,2182.9332,False,False,progression,phase_outcome_dense,1
1953632,304,43127,43146,high_block,2297.8148,False,False,other,phase_outcome_dense,0
1953632,306,43174,43218,medium_block,1952.25505,False,False,progression,phase_outcome_dense,1
1953632,307,43465,43521,high_block,2753.7597,False,False,other,phase_outcome_dense,0
1953632,310,43584,43621,medium_block,2033.006625,True,False,shot,phase_outcome_dense,1
1953632,311,43621,43721,low_block,1699.79605,True,False,shot,phase_outcome_dense,1
1953632,312,43721,43738,medium_block,1609.6571000000001,True,False,shot,phase_outcome_dense,1
1953632,313,43738,43804,low_block,1433.6851500000002,True,False,shot,phase_outcome_dense,1
1953632,315,44255,44345,medium_block,1451.822925,False,False,progression,phase_outcome_dense,1
1953632,316,44345,44368,low_block,1743.1411000000003,False,False,progression,phase_outcome_dense,1
1953632,317,44368,44506,high_block,2415.63625,False,False,regain,phase_outcome_dense,0
1953632,319,44542,44569,low_block,2498.42275,False,False,other,phase_outcome_dense,0
1953632,320,44569,44705,medium_block,1882.4255999999996,False,False,other,phase_outcome_dense,0
1953632,322,44824,45048,low_block,935.7826499999999,False,False,progression,phase_outcome_dense,1
1953632,323,45048,45260,high_block,2558.95275,False,False,other,phase_outcome_dense,0
1953632,324,45260,45268,medium_block,2751.25455,False,False,other,phase_outcome_dense,0
1953632,330,45432,45610,medium_block,1656.31425,False,False,other,phase_outcome_dense,0
1953632,336,46943,47104,high_block,2890.1719000000003,False,False,other,phase_outcome_dense,0
1953632,338,47514,47549,medium_block,1932.1458999999998,False,False,progression,phase_outcome_dense,1
1953632,339,47549,47757,medium_block,2280.582825,False,False,regain,phase_outcome_dense,0
1953632,344,48973,49016,medium_block,1679.59735,False,False,regain,phase_outcome_dense,0
1953632,345,49016,49060,high_block,2424.2176999999992,False,False,regain,phase_outcome_dense,0
1953632,348,49116,49228,medium_block,2370.4779999999996,False,False,other,phase_outcome_dense,0
1953632,354,50617,50708,medium_block,1722.3041999999998,False,False,regain,phase_outcome_dense,0
1953632,355,50708,50794,medium_block,2307.732,False,False,other,phase_outcome_dense,0
1953632,356,50794,50823,low_block,2026.48075,False,False,other,phase_outcome_dense,0
1953632,357,50823,50981,medium_block,2177.00175,False,False,regain,phase_outcome_dense,0
1953632,359,51010,51060,medium_block,2453.045775,False,False,regain,phase_outcome_dense,0
1953632,360,51060,51235,high_block,2337.2337,False,False,regain,phase_outcome_dense,0
1953632,362,51305,51385,low_block,1023.1237499999999,False,False,progression,phase_outcome_dense,1
1953632,364,51701,51800,medium_block,1971.3491999999999,False,False,other,phase_outcome_dense,0
1953632,365,51800,51934,high_block,2393.7449249999995,False,False,regain,phase_outcome_dense,0
1953632,367,51955,51984,medium_block,2136.751175,False,False,other,phase_outcome_dense,0
1953632,368,51984,52046,high_block,2082.2745999999997,False,False,progression,phase_outcome_dense,1
1953632,370,52426,52432,medium_block,1588.20355,False,False,other,phase_outcome_dense,0
1953632,371,52432,52441,low_block,1560.22265,False,False,other,phase_outcome_dense,0
1953632,372,52441,52535,medium_block,1622.0231249999997,False,False,other,phase_outcome_dense,0
1953632,373,52535,52681,low_block,1602.297125,False,False,other,phase_outcome_dense,0
1953632,374,52681,52885,medium_block,2008.2934,False,False,other,phase_outcome_dense,0
1953632,375,52885,52949,high_block,2458.54575,False,False,other,phase_outcome_dense,0
1953632,376,52949,52977,medium_block,2362.700525,False,False,other,phase_outcome_dense,0
1953632,377,53392,53417,high_block,2796.0454,False,False,other,phase_outcome_dense,0
1953632,378,53417,53424,medium_block,2844.7794,False,False,other,phase_outcome_dense,0
1953632,380,53474,53545,medium_block,2160.1513499999996,False,False,progression,phase_outcome_dense,1
1953632,381,53657,53669,medium_block,1700.7703999999999,False,False,other,phase_outcome_dense,0
1953632,382,53669,53824,high_block,2348.1598000000004,False,False,regain,phase_outcome_dense,0
1953632,385,54254,54467,low_block,792.27435,False,False,other,phase_outcome_dense,0
1953632,387,54916,55043,medium_block,1687.13775,False,False,other,phase_outcome_dense,0
1953632,388,55043,55167,high_block,2376.762,False,False,other,phase_outcome_dense,0
1953632,390,55195,55234,medium_block,2446.0849500000004,False,False,other,phase_outcome_dense,0
1953632,391,55234,55290,low_block,2253.02,False,False,progression,phase_outcome_dense,1
1953632,393,55576,55597,high_block,2098.859,False,False,progression,phase_outcome_dense,1
1953632,395,55625,55717,medium_block,2180.9424000000004,False,False,other,phase_outcome_dense,0
1953632,396,55717,56290,low_block,1181.0494999999999,False,False,other,phase_outcome_dense,0
1953632,397,56353,56432,low_block,1130.1157500000002,False,False,other,phase_outcome_dense,0
1953632,398,56432,56507,medium_block,1621.1399999999999,False,False,disruption,phase_outcome_dense,0
1953632,399,56561,56702,medium_block,2021.2967499999997,False,False,other,phase_outcome_dense,0
1953632,401,56726,56737,medium_block,2587.080675,False,False,other,phase_outcome_dense,0
1953632,402,56737,56917,low_block,1834.4796500000004,False,False,other,phase_outcome_dense,0
1953632,403,56967,56997,medium_block,1424.9560000000004,False,False,other,phase_outcome_dense,0
1953632,404,56997,57028,low_block,1585.3244750000001,False,False,other,phase_outcome_dense,0
1953632,406,57261,57284,low_block,1633.42065,False,False,other,phase_outcome_dense,0
1953632,407,57284,57320,medium_block,1646.910975,False,False,other,phase_outcome_dense,0
1953632,408,57320,57396,high_block,2185.8878,False,False,other,phase_outcome_dense,0
1953632,409,57396,57440,medium_block,2409.509375,False,False,other,phase_outcome_dense,0
1953632,411,57588,57592,medium_block,1766.4156999999998,False,False,other,phase_outcome_dense,0
1953632,412,57592,57629,low_block,1545.2775,False,False,other,phase_outcome_dense,0
1953632,413,57629,57960,medium_block,1751.6684249999998,False,False,other,phase_outcome_dense,0
1959846,0,0,16,medium_block,1534.36305,True,False,shot,phase_outcome_dense,1
1959846,1,200,271,high_block,2539.7931999999996,False,False,disruption,phase_outcome_dense,0
1959846,9,848,925,medium_block,2240.035225,False,False,progression,phase_outcome_dense,1
1959846,10,925,938,low_block,1694.9787999999999,False,False,progression,phase_outcome_dense,1
1959846,14,1550,1617,high_block,2194.5311999999994,False,False,regain,phase_outcome_dense,0
1959846,19,1743,1827,low_block,1443.7648000000002,False,False,other,phase_outcome_dense,0
1959846,20,1827,1853,medium_block,1151.3073,False,False,other,phase_outcome_dense,0
1959846,22,2060,2069,low_block,1305.4041000000002,False,False,other,phase_outcome_dense,0
1959846,23,2069,2070,medium_block,1297.3036,False,False,other,phase_outcome_dense,0
1959846,24,2076,2182,medium_block,1415.209425,False,False,regain,phase_outcome_dense,0
1959846,25,2182,2241,high_block,2280.18615,False,False,other,phase_outcome_dense,0
1959846,26,2241,2271,medium_block,1608.305825,False,False,other,phase_outcome_dense,0
1959846,27,2384,2394,medium_block,2061.9662000000003,False,False,disruption,phase_outcome_dense,0
1959846,28,2394,2481,high_block,2506.2790499999996,False,False,disruption,phase_outcome_dense,0
1959846,29,2481,2495,medium_block,2840.7623,False,False,other,phase_outcome_dense,0
1959846,30,2495,2530,high_block,2658.2679999999996,False,False,other,phase_outcome_dense,0
1959846,31,2647,2753,medium_block,1560.664,False,False,progression,phase_outcome_dense,1
1959846,33,2804,2957,medium_block,1842.5910000000001,True,False,shot,phase_outcome_dense,1
1959846,34,2957,3014,low_block,1506.5067,False,False,other,phase_outcome_dense,0
1959846,35,3014,3041,medium_block,1330.6405,False,False,other,phase_outcome_dense,0
1959846,36,3041,3095,low_block,1302.6096,False,False,other,phase_outcome_dense,0
1959846,37,3095,3146,medium_block,1339.8987999999997,False,False,other,phase_outcome_dense,0
1959846,38,3146,3166,low_block,1505.0170750000002,False,False,other,phase_outcome_dense,0
1959846,40,3237,3238,low_block,1213.2428000000002,False,False,progression,phase_outcome_dense,1
1959846,41,3238,3385,medium_block,1384.9143,False,False,progression,phase_outcome_dense,1
1959846,42,3385,3390,medium_block,3005.8826249999997,False,False,other,phase_outcome_dense,0
1959846,43,3390,3419,high_block,3017.2697,False,False,other,phase_outcome_dense,0
1959846,44,3419,3499,medium_block,2759.4345,False,False,other,phase_outcome_dense,0
1959846,49,3923,4037,low_block,569.562,True,True,goal,phase_outcome_dense,1
1959846,50,4689,4795,medium_block,1442.23905,False,False,progression,phase_outcome_dense,1
1959846,52,4848,4927,medium_block,2069.125825,False,False,other,phase_outcome_dense,0
1959846,54,5206,5282,medium_block,1583.31165,True,False,shot,phase_outcome_dense,1
1959846,55,5282,5328,low_block,1660.7894,True,False,shot,phase_outcome_dense,1
1959846,56,5560,5671,high_block,2078.362,False,False,disruption,phase_outcome_dense,0
1959846,57,5671,5680,medium_block,2032.4362500000004,False,False,other,phase_outcome_dense,0
1959846,58,5920,6012,high_block,2685.9392,True,False,shot,phase_outcome_dense,1
1959846,59,6012,6072,medium_block,2591.9202,True,False,shot,phase_outcome_dense,1
1959846,60,6072,6137,low_block,2444.8803750000006,True,False,shot,phase_outcome_dense,1
1959846,61,6381,6391,high_block,2603.7900999999997,False,False,other,phase_outcome_dense,0
1959846,63,6453,6481,medium_block,2273.6696500000003,False,False,other,phase_outcome_dense,0
1959846,64,6481,6582,high_block,2194.46925,False,False,other,phase_outcome_dense,0
1959846,65,6669,6857,medium_block,2295.693225,False,False,regain,phase_outcome_dense,0
1959846,66,6857,6880,high_block,2284.6931250000002,False,False,regain,phase_outcome_dense,0
1959846,67,6880,6904,medium_block,2159.4762,False,False,regain,phase_outcome_dense,0
1959846,68,6904,6952,medium_block,2689.6702,False,False,regain,phase_outcome_dense,0
1959846,69,6952,6970,high_block,2398.005,False,False,regain,phase_outcome_dense,0
1959846,73,7043,7126,medium_block,1808.0208999999998,False,False,other,phase_outcome_dense,0
1959846,74,7126,7154,high_block,1997.08245,False,False,other,phase_outcome_dense,0
1959846,75,7154,7255,medium_block,1976.688,False,False,regain,phase_outcome_dense,0
1959846,76,7255,7293,high_block,2174.7045000000003,False,False,regain,phase_outcome_dense,0
1959846,77,7293,7376,medium_block,2043.2104,False,False,regain,phase_outcome_dense,0
1959846,79,7428,7480,medium_block,1977.1205999999997,False,False,regain,phase_outcome_dense,0
1959846,80,7480,7705,high_block,2307.7989500000003,False,False,other,phase_outcome_dense,0
1959846,81,7705,7924,medium_block,2117.836,False,False,progression,phase_outcome_dense,1
1959846,82,7924,7972,low_block,1593.2754,False,False,regain,phase_outcome_dense,0
1959846,83,7972,8021,high_block,1974.740625,False,False,regain,phase_outcome_dense,0
1959846,84,8021,8041,medium_block,1646.527025,False,False,regain,phase_outcome_dense,0
1959846,88,8235,8298,low_block,1216.8345,True,False,shot,phase_outcome_dense,1
1959846,90,8686,8742,low_block,495.9806250000001,False,False,other,phase_outcome_dense,0
1959846,92,8995,9125,low_block,582.4979999999999,True,True,goal,phase_outcome_dense,1
1959846,95,9936,9992,high_block,1903.996875,False,False,other,phase_outcome_dense,0
1959846,96,9992,10137,medium_block,2210.7444250000003,False,False,other,phase_outcome_dense,0
1959846,97,10137,10185,high_block,2111.7386,False,False,other,phase_outcome_dense,0
1959846,98,10185,10271,medium_block,2053.369725,False,False,other,phase_outcome_dense,0
1959846,99,10271,10335,high_block,2148.51045,False,False,other,phase_outcome_dense,0
1959846,100,10335,10399,medium_block,2250.1463999999996,False,False,other,phase_outcome_dense,0
1959846,101,10399,10408,low_block,2221.7886,False,False,other,phase_outcome_dense,0
1959846,106,10786,10945,low_block,1578.8618000000004,True,False,shot,phase_outcome_dense,1
1959846,107,10945,10973,medium_block,1367.35895,True,False,shot,phase_outcome_dense,1
1959846,108,10973,11093,low_block,1350.2102249999998,True,False,shot,phase_outcome_dense,1
1959846,112,11607,11652,low_block,1007.897175,False,False,other,phase_outcome_dense,0
1959846,113,11652,11678,medium_block,1185.2522500000002,False,False,other,phase_outcome_dense,0
1959846,114,11678,11721,low_block,1182.5840000000003,False,False,other,phase_outcome_dense,0
1959846,115,11721,12007,medium_block,1419.3466250000001,False,False,other,phase_outcome_dense,0
1959846,117,12171,12224,medium_block,1646.9082,False,False,progression,phase_outcome_dense,1
1959846,118,12224,12268,low_block,1526.5897000000002,False,False,progression,phase_outcome_dense,1
1959846,119,12268,12351,high_block,2804.0638499999995,False,False,other,phase_outcome_dense,0
1959846,120,12351,12443,medium_block,2239.86955,False,False,other,phase_outcome_dense,0
1959846,122,12599,12657,high_block,2698.8873,True,False,shot,phase_outcome_dense,1
1959846,123,12657,12711,medium_block,2533.322325,True,False,shot,phase_outcome_dense,1
1959846,124,12711,12860,low_block,1769.6154000000001,True,False,shot,phase_outcome_dense,1
1959846,125,12958,12989,low_block,1073.18115,False,False,other,phase_outcome_dense,0
1959846,126,12989,13243,medium_block,1321.3774500000002,False,False,regain,phase_outcome_dense,0
1959846,128,13836,13885,low_block,1224.9072,False,False,progression,phase_outcome_dense,1
1959846,130,13969,14118,high_block,2037.294,False,False,other,phase_outcome_dense,0
1959846,131,14118,14238,medium_block,2033.66375,False,False,other,phase_outcome_dense,0
1959846,132,14238,14433,high_block,1938.939875,False,False,other,phase_outcome_dense,0
1959846,133,14433,14526,medium_block,1740.2746,False,False,disruption,phase_outcome_dense,0
1959846,134,14740,14750,high_block,2456.435025,False,False,other,phase_outcome_dense,0
1959846,135,14751,14801,high_block,2624.3635000000004,False,False,other,phase_outcome_dense,0
1959846,136,14801,14849,medium_block,2361.891675,False,False,other,phase_outcome_dense,0
1959846,137,15021,15031,medium_block,1494.257125,False,False,other,phase_outcome_dense,0
1959846,138,15043,15131,medium_block,1726.4304999999997,False,False,regain,phase_outcome_dense,0
1959846,139,15131,15171,high_block,2234.6416500000005,False,False,regain,phase_outcome_dense,0
1959846,140,15171,15189,medium_block,2593.78455,False,False,regain,phase_outcome_dense,0
1959846,141,15189,15204,high_block,2726.9055,False,False,regain,phase_outcome_dense,0
1959846,144,15468,15478,medium_block,1457.378325,False,False,other,phase_outcome_dense,0
1959846,145,15482,15523,medium_block,1613.2818999999997,False,False,other,phase_outcome_dense,0
1959846,146,15523,15550,low_block,1765.78325,False,False,progression,phase_outcome_dense,1
1959846,147,15550,15620,medium_block,3044.79,False,False,regain,phase_outcome_dense,0
1959846,148,15620,15935,medium_block,2130.7374,False,False,other,phase_outcome_dense,0
1959846,149,15935,16042,low_block,1856.4208,False,False,other,phase_outcome_dense,0
1959846,151,16480,16536,low_block,407.49502500000006,False,False,other,phase_outcome_dense,0
1959846,153,16848,16981,low_block,298.11195,False,False,other,phase_outcome_dense,0
1959846,154,17081,17121,low_block,995.995,False,False,other,phase_outcome_dense,0
1959846,155,17121,17165,medium_block,1610.7033999999999,False,False,disruption,phase_outcome_dense,0
1959846,156,17165,17194,high_block,2232.408,False,False,disruption,phase_outcome_dense,0
1959846,157,17194,17198,medium_block,2617.942075,False,False,other,phase_outcome_dense,0
1959846,159,17431,17447,medium_block,1914.0123500000002,False,False,other,phase_outcome_dense,0
1959846,160,17447,17567,high_block,2226.7364000000002,False,False,disruption,phase_outcome_dense,0
1959846,161,17567,17569,medium_block,2615.1455000000005,False,False,other,phase_outcome_dense,0
1959846,163,17696,17766,high_block,2540.90425,False,False,other,phase_outcome_dense,0
1959846,164,17766,17861,medium_block,2234.9712,False,False,other,phase_outcome_dense,0
1959846,165,17861,17922,high_block,2190.6212,False,False,other,phase_outcome_dense,0
1959846,166,17922,17929,medium_block,2459.3868,False,False,other,phase_outcome_dense,0
1959846,169,18003,18068,low_block,1513.1852999999996,False,False,other,phase_outcome_dense,0
1959846,171,18416,18645,high_block,2221.57495,False,False,regain,phase_outcome_dense,0
1959846,173,18943,18953,medium_block,2634.1533999999997,False,False,other,phase_outcome_dense,0
1959846,177,19163,19196,high_block,2530.8968999999997,False,False,other,phase_outcome_dense,0
1959846,178,19196,19215,medium_block,2297.5381,False,False,other,phase_outcome_dense,0
1959846,181,20143,20159,low_block,1685.797175,False,False,other,phase_outcome_dense,0
1959846,182,20159,20200,medium_block,1681.0719000000001,False,False,other,phase_outcome_dense,0
1959846,183,20200,20207,low_block,1572.113475,False,False,other,phase_outcome_dense,0
1959846,184,20207,20354,medium_block,1849.341375,False,False,regain,phase_outcome_dense,0
1959846,186,20416,20453,medium_block,1657.4251000000002,True,False,shot,phase_outcome_dense,1
1959846,187,20453,20489,low_block,1440.7472,True,False,shot,phase_outcome_dense,1
1959846,189,20537,20600,low_block,1253.6228250000001,True,False,shot,phase_outcome_dense,1
1959846,190,20600,20644,medium_block,1353.2697749999998,True,False,shot,phase_outcome_dense,1
1959846,191,20644,20670,low_block,1674.2050000000002,True,False,shot,phase_outcome_dense,1
1959846,192,20670,20762,medium_block,1665.14355,True,False,shot,phase_outcome_dense,1
1959846,193,20762,20833,low_block,1335.1338,True,False,shot,phase_outcome_dense,1
1959846,194,21080,21090,medium_block,,False,False,other,phase_outcome_dense,0
1959846,195,21121,21217,high_block,2024.746875,False,False,regain,phase_outcome_dense,0
1959846,196,21217,21262,medium_block,2118.9360500000003,False,False,other,phase_outcome_dense,0
1959846,200,21305,21422,medium_block,2330.93995,False,False,other,phase_outcome_dense,0
1959846,201,21422,21462,high_block,2322.063125,False,False,disruption,phase_outcome_dense,0
1959846,203,21554,21622,low_block,1932.8975999999998,False,False,other,phase_outcome_dense,0
1959846,204,21684,21734,low_block,1149.9614,False,False,other,phase_outcome_dense,0
1959846,206,22042,22066,high_block,2106.4245499999997,True,True,goal,phase_outcome_dense,1
1959846,207,22066,22134,medium_block,1906.6671750000003,True,True,goal,phase_outcome_dense,1
1959846,208,22134,22176,low_block,1779.321975,True,True,goal,phase_outcome_dense,1
1959846,209,23435,23602,medium_block,1684.4982000000002,False,False,other,phase_outcome_dense,0
1959846,211,23650,23727,medium_block,1367.3972999999999,False,False,other,phase_outcome_dense,0
1959846,212,23727,23780,low_block,1335.285,False,False,other,phase_outcome_dense,0
1959846,215,24214,24280,high_block,2567.7151500000004,False,False,other,phase_outcome_dense,0
1959846,217,24307,24350,medium_block,2655.0225,False,False,other,phase_outcome_dense,0
1959846,218,24443,24606,medium_block,2152.6128,False,False,progression,phase_outcome_dense,1
1959846,219,24606,24840,low_block,1662.8570000000002,False,False,progression,phase_outcome_dense,1
1959846,222,25217,25223,medium_block,1692.0567,False,False,other,phase_outcome_dense,0
1959846,223,25223,25310,high_block,1973.8627000000004,False,False,other,phase_outcome_dense,0
1959846,224,25310,25390,medium_block,2160.0448,False,False,other,phase_outcome_dense,0
1959846,225,25390,25496,low_block,2368.84725,False,False,other,phase_outcome_dense,0
1959846,228,25532,25718,medium_block,1417.17515,False,False,other,phase_outcome_dense,0
1959846,229,25718,25741,low_block,1653.3769,False,False,other,phase_outcome_dense,0
1959846,230,25741,25847,medium_block,1575.3169999999998,False,False,other,phase_outcome_dense,0
1959846,231,25847,25909,low_block,1525.8655999999999,False,False,progression,phase_outcome_dense,1
1959846,233,25968,26021,high_block,2585.77035,False,False,other,phase_outcome_dense,0
1959846,234,26251,26317,medium_block,1499.9194,False,False,progression,phase_outcome_dense,1
1959846,236,26360,26496,high_block,3104.595,False,False,other,phase_outcome_dense,0
1959846,237,26496,26572,medium_block,2602.27485,False,False,other,phase_outcome_dense,0
1959846,239,26648,26937,medium_block,1831.6721999999997,False,False,other,phase_outcome_dense,0
1959846,242,27006,27092,medium_block,2085.8255,False,False,other,phase_outcome_dense,0
1959846,243,27092,27115,low_block,1774.8901999999998,False,False,other,phase_outcome_dense,0
1959846,244,27280,27518,low_block,938.65495,False,False,other,phase_outcome_dense,0
1959846,245,27518,27561,medium_block,1410.463575,False,False,other,phase_outcome_dense,0
1959846,246,27561,27598,low_block,1640.288475,False,False,other,phase_outcome_dense,0
1959846,247,27598,27618,medium_block,1613.0522500000002,False,False,other,phase_outcome_dense,0
1959846,248,27618,27702,low_block,1477.1846,False,False,other,phase_outcome_dense,0
1959846,249,27702,27807,medium_block,1660.4441,False,False,other,phase_outcome_dense,0
1959846,250,27959,27960,low_block,1265.6759999999997,False,False,other,phase_outcome_dense,0
1959846,251,27960,27969,medium_block,,False,False,other,phase_outcome_dense,0
1959846,252,27992,28017,medium_block,2178.7866,False,False,progression,phase_outcome_dense,1
1959846,254,28049,28212,high_block,2486.6215,False,False,other,phase_outcome_dense,0
1959846,255,28212,28238,medium_block,2419.8833999999997,False,False,other,phase_outcome_dense,0
1959846,257,28373,28434,high_block,2107.36375,False,False,disruption,phase_outcome_dense,0
1959846,260,28646,28656,medium_block,1744.335625,False,False,other,phase_outcome_dense,0
1959846,261,28661,28725,medium_block,1524.4632000000001,False,False,regain,phase_outcome_dense,0
1959846,264,29328,29361,low_block,678.86455,True,False,shot,phase_outcome_dense,1
1959846,268,29703,29719,medium_block,1860.1608,False,False,other,phase_outcome_dense,0
1959846,269,29719,29787,high_block,2290.987574999999,False,False,other,phase_outcome_dense,0
1959846,271,30044,30253,low_block,1168.71625,True,False,shot,phase_outcome_dense,1
1959846,272,30427,30437,medium_block,,False,False,other,phase_outcome_dense,0
1959846,277,31109,31171,low_block,1149.97025,False,False,progression,phase_outcome_dense,1
1959846,279,31249,31310,high_block,2154.55955,False,False,progression,phase_outcome_dense,1
1959846,280,31310,31360,low_block,1223.2829,True,False,shot,phase_outcome_dense,1
1959846,284,31835,31883,medium_block,1856.7233999999999,False,False,other,phase_outcome_dense,0
1959846,285,31883,32060,high_block,1911.23415,False,False,other,phase_outcome_dense,0
1959846,286,32060,32086,medium_block,2113.9785,False,False,other,phase_outcome_dense,0
1959846,287,32086,32194,high_block,2111.10945,False,False,other,phase_outcome_dense,0
1959846,288,32194,32325,medium_block,1758.43055,False,False,other,phase_outcome_dense,0
1959846,289,32325,32576,low_block,1308.5966250000001,False,False,other,phase_outcome_dense,0
1959846,291,33156,33327,low_block,505.5675499999999,False,False,progression,phase_outcome_dense,1
1959846,292,33327,33413,high_block,2118.071175,False,False,other,phase_outcome_dense,0
1959846,293,33555,33659,high_block,2939.9647999999997,False,False,other,phase_outcome_dense,0
1959846,294,33659,33719,medium_block,2844.7683000000006,False,False,other,phase_outcome_dense,0
1959846,295,33719,33792,high_block,3190.1199,False,False,regain,phase_outcome_dense,0
1959846,296,33792,33806,medium_block,2575.2858,False,False,regain,phase_outcome_dense,0
1959846,297,33806,33841,high_block,2515.73525,False,False,regain,phase_outcome_dense,0
1959846,298,33841,33856,medium_block,2513.5761500000003,False,False,other,phase_outcome_dense,0
1959846,301,33907,33968,medium_block,1883.0322000000003,False,False,disruption,phase_outcome_dense,0
1959846,304,35629,35648,high_block,2721.141,False,False,other,phase_outcome_dense,0
1959846,306,35675,35720,medium_block,2510.548425,False,False,other,phase_outcome_dense,0
1959846,307,35720,35764,low_block,1945.3516499999998,False,False,other,phase_outcome_dense,0
1959846,310,35916,35974,medium_block,1314.7062500000002,False,False,other,phase_outcome_dense,0
1959846,311,35974,36085,low_block,1143.0086,False,False,other,phase_outcome_dense,0
1959846,314,36769,36855,high_block,2559.8760000000007,False,False,disruption,phase_outcome_dense,0
1959846,315,36855,36882,medium_block,2433.7485000000006,False,False,other,phase_outcome_dense,0
1959846,316,36882,36918,high_block,2369.2554,False,False,progression,phase_outcome_dense,1
1959846,317,36996,37099,low_block,784.6662749999999,False,False,other,phase_outcome_dense,0
1959846,320,37245,37328,low_block,1963.6632000000002,False,False,other,phase_outcome_dense,0
1959846,322,37846,37856,low_block,240.66900000000007,True,False,shot,phase_outcome_dense,1
1959846,324,38321,38327,medium_block,1392.076,False,False,other,phase_outcome_dense,0
1959846,325,38327,38418,low_block,1893.9953750000002,False,False,other,phase_outcome_dense,0
1959846,330,38663,38674,medium_block,1867.1423,True,False,shot,phase_outcome_dense,1
1959846,331,38674,38696,high_block,1883.306425,True,False,shot,phase_outcome_dense,1
1959846,332,38696,38765,medium_block,2017.5809249999998,True,False,shot,phase_outcome_dense,1
1959846,333,38765,38914,low_block,1518.0395250000001,True,False,shot,phase_outcome_dense,1
1959846,335,39037,39063,low_block,1597.8417,False,False,other,phase_outcome_dense,0
1959846,336,39063,39081,medium_block,1404.9090250000002,False,False,progression,phase_outcome_dense,1
1959846,337,39081,39132,low_block,1215.8915,False,False,progression,phase_outcome_dense,1
1959846,338,39132,39262,medium_block,1846.474075,False,False,other,phase_outcome_dense,0
1959846,339,39262,39331,low_block,1713.618725,False,False,progression,phase_outcome_dense,1
1959846,340,39539,39549,high_block,2446.7292499999994,False,False,other,phase_outcome_dense,0
1959846,343,39608,39807,medium_block,2031.6135000000002,True,False,shot,phase_outcome_dense,1
1959846,344,39807,39901,low_block,1383.2499,True,False,shot,phase_outcome_dense,1
1959846,345,39901,39946,medium_block,1305.0499,True,False,shot,phase_outcome_dense,1
1959846,346,39946,40028,low_block,1330.697725,True,False,shot,phase_outcome_dense,1
1959846,347,40028,40207,high_block,2760.023,False,False,other,phase_outcome_dense,0
1959846,348,40207,40209,medium_block,2781.5741,False,False,other,phase_outcome_dense,0
1959846,349,40520,40565,high_block,1990.9812,False,False,regain,phase_outcome_dense,0
1959846,350,40565,40593,medium_block,2063.8720000000003,False,False,regain,phase_outcome_dense,0
1959846,351,40593,40814,low_block,1712.5710249999997,False,False,other,phase_outcome_dense,0
1959846,353,41463,41505,high_block,2747.392875,False,False,regain,phase_outcome_dense,0
1959846,358,41916,41930,medium_block,2304.666625,False,False,other,phase_outcome_dense,0
1959846,359,41930,42075,low_block,1302.5014999999999,False,False,other,phase_outcome_dense,0
1959846,361,43081,43137,medium_block,2002.365575,False,False,progression,phase_outcome_dense,1
1959846,362,43137,43141,medium_block,2311.8550999999998,False,False,other,phase_outcome_dense,0
1959846,363,43141,43351,high_block,2485.4051999999997,False,False,other,phase_outcome_dense,0
1959846,365,43388,43470,medium_block,1862.4692999999997,False,False,other,phase_outcome_dense,0
1959846,366,43470,43538,low_block,1018.8977999999998,False,False,other,phase_outcome_dense,0
1959846,367,43659,43778,low_block,974.51605,False,False,other,phase_outcome_dense,0
1959846,369,44073,44189,low_block,720.9852,False,False,progression,phase_outcome_dense,1
1959846,371,44295,44298,medium_block,2158.912875,False,False,other,phase_outcome_dense,0
1959846,372,44298,44347,high_block,2260.9206750000003,False,False,other,phase_outcome_dense,0
1959846,373,44347,44437,medium_block,2184.2551500000004,False,False,other,phase_outcome_dense,0
1959846,374,44437,44509,low_block,1483.1443749999999,False,False,progression,phase_outcome_dense,1
1959846,375,44710,44797,high_block,2683.351,True,False,shot,phase_outcome_dense,1
1959846,376,44797,44875,medium_block,2232.7578,True,False,shot,phase_outcome_dense,1
1959846,377,44875,44995,low_block,1403.1909,False,False,progression,phase_outcome_dense,1
1959846,379,45066,45187,medium_block,1786.7114999999997,False,False,other,phase_outcome_dense,0
1959846,380,45187,45355,low_block,1617.6325500000003,False,False,other,phase_outcome_dense,0
1959846,382,46028,46173,high_block,2317.6,False,False,other,phase_outcome_dense,0
1959846,383,46173,46185,medium_block,2545.619625,False,False,other,phase_outcome_dense,0
1959846,385,46420,46576,medium_block,1703.3802500000002,False,False,regain,phase_outcome_dense,0
1959846,386,46576,46675,medium_block,1955.4905999999996,False,False,other,phase_outcome_dense,0
1959846,387,46675,46715,high_block,1745.9299,False,False,other,phase_outcome_dense,0
1959846,388,46715,46822,medium_block,1869.308,False,False,regain,phase_outcome_dense,0
1959846,391,46868,47030,medium_block,1943.6536,False,False,progression,phase_outcome_dense,1
1959846,392,47030,47203,low_block,1383.1677000000002,False,False,progression,phase_outcome_dense,1
1959846,393,47203,47445,medium_block,2448.718775,False,False,other,phase_outcome_dense,0
1959846,395,47964,48059,medium_block,1577.7206999999999,False,False,regain,phase_outcome_dense,0
1959846,396,48059,48315,medium_block,1748.2604999999999,True,True,goal,phase_outcome_dense,1
1959846,397,48315,48364,low_block,1115.926,True,True,goal,phase_outcome_dense,1
1959846,398,49084,49193,medium_block,1470.021025,True,False,shot,phase_outcome_dense,1
1959846,399,49193,49233,low_block,1392.588125,True,False,shot,phase_outcome_dense,1
1959846,400,49233,49288,medium_block,1413.8650249999998,True,False,shot,phase_outcome_dense,1
1959846,401,49288,49337,low_block,1418.7434999999998,True,False,shot,phase_outcome_dense,1
1959846,402,49337,49433,medium_block,1374.6723749999999,True,False,shot,phase_outcome_dense,1
1959846,403,49433,49447,low_block,1341.875,True,False,shot,phase_outcome_dense,1
1959846,404,49447,49456,medium_block,1266.1379499999998,True,False,shot,phase_outcome_dense,1
1959846,405,49456,49518,low_block,1282.9165,True,False,shot,phase_outcome_dense,1
1959846,407,49659,49682,high_block,1987.5105,False,False,other,phase_outcome_dense,0
1959846,408,49682,49760,medium_block,2067.891375,False,False,progression,phase_outcome_dense,1
1959846,409,49760,49789,low_block,2160.9644,False,False,progression,phase_outcome_dense,1
1959846,410,49789,49884,high_block,2633.5481999999997,False,False,other,phase_outcome_dense,0
1959846,411,49884,49945,medium_block,2007.540625,False,False,other,phase_outcome_dense,0
1959846,412,49945,50003,low_block,1443.6675000000002,False,False,other,phase_outcome_dense,0
1959846,414,50452,50500,low_block,214.33175,True,False,shot,phase_outcome_dense,1
1959846,417,51024,51073,high_block,1850.7734500000001,False,False,other,phase_outcome_dense,0
1959846,418,51073,51157,medium_block,1609.9064999999998,False,False,other,phase_outcome_dense,0
1959846,419,51157,51333,low_block,1185.7637,False,False,progression,phase_outcome_dense,1
1959846,420,51333,51399,high_block,2265.0112,False,False,other,phase_outcome_dense,0
1959846,421,51399,51418,medium_block,2456.7853000000005,False,False,other,phase_outcome_dense,0
1959846,422,51418,51471,high_block,2178.4224000000004,False,False,other,phase_outcome_dense,0
1959846,423,51471,51544,medium_block,1798.7424,False,False,other,phase_outcome_dense,0
1959846,424,51752,51797,medium_block,1147.7718,False,False,regain,phase_outcome_dense,0
1959846,426,51872,52039,medium_block,1643.9895000000001,False,False,other,phase_outcome_dense,0
1959846,429,52084,52238,medium_block,1785.3075500000002,False,False,other,phase_outcome_dense,0
1959846,430,52785,52922,low_block,1125.6693000000002,False,False,other,phase_outcome_dense,0
1959846,431,52922,53124,medium_block,1613.1204,False,False,other,phase_outcome_dense,0
1959846,432,53124,53366,high_block,2357.7353999999996,False,False,other,phase_outcome_dense,0
1959846,434,53393,53467,medium_block,2129.7753749999997,False,False,other,phase_outcome_dense,0
1959846,435,53467,53560,low_block,1326.8156000000001,False,False,other,phase_outcome_dense,0
1959846,437,53868,53931,medium_block,1981.882,False,False,other,phase_outcome_dense,0
1959846,441,54244,54254,low_block,1167.0354499999996,False,False,other,phase_outcome_dense,0
1959846,442,54256,54509,low_block,1865.8822500000003,False,False,other,phase_outcome_dense,0
1959846,445,54592,54626,low_block,1019.9159999999999,True,False,shot,phase_outcome_dense,1
1959846,446,54626,54649,medium_block,953.4384,True,False,shot,phase_outcome_dense,1
1959846,447,54649,54802,low_block,860.214375,True,False,shot,phase_outcome_dense,1
1959846,448,54884,55072,low_block,1004.6641500000001,False,False,other,phase_outcome_dense,0
1959846,450,55427,55438,low_block,109.64800000000001,True,True,goal,phase_outcome_dense,1
1959846,451,56122,56173,medium_block,2002.55355,False,False,other,phase_outcome_dense,0
1959846,452,56185,56195,medium_block,1885.3399999999997,False,False,other,phase_outcome_dense,0
1959846,456,56691,56712,low_block,994.92475,False,False,other,phase_outcome_dense,0
1959846,457,56712,56784,medium_block,1349.90445,False,False,other,phase_outcome_dense,0
1959846,458,56784,56795,low_block,1499.8413500000004,False,False,other,phase_outcome_dense,0
1959846,459,56795,56847,medium_block,1327.8609999999999,False,False,other,phase_outcome_dense,0
1959846,464,57277,57399,low_block,748.4717499999999,True,True,goal,phase_outcome_dense,1
1959846,465,58096,58160,medium_block,1527.1962749999998,True,False,shot,phase_outcome_dense,1
1959846,466,58160,58355,low_block,892.3139000000001,True,False,shot,phase_outcome_dense,1
1986691,0,23,156,medium_block,1701.9975,False,False,regain,phase_outcome_dense,0
1986691,2,178,295,medium_block,1451.1735,False,False,regain,phase_outcome_dense,0
1986691,5,525,580,medium_block,1629.8588249999998,False,False,progression,phase_outcome_dense,1
1986691,7,591,697,low_block,884.7271999999999,True,False,shot,phase_outcome_dense,1
1986691,9,979,1045,medium_block,1701.264,False,False,regain,phase_outcome_dense,0
1986691,10,1045,1059,medium_block,1852.6300749999996,False,False,other,phase_outcome_dense,0
1986691,11,1059,1114,high_block,1926.923,False,False,progression,phase_outcome_dense,1
1986691,12,1114,1161,medium_block,2194.4719999999998,False,False,progression,phase_outcome_dense,1
1986691,13,1161,1355,medium_block,2585.1349999999998,False,False,other,phase_outcome_dense,0
1986691,14,1355,1541,low_block,1532.9439,False,False,other,phase_outcome_dense,0
1986691,16,1739,2136,medium_block,1436.9427500000002,False,False,other,phase_outcome_dense,0
1986691,17,2136,2222,high_block,1907.8873,False,False,other,phase_outcome_dense,0
1986691,18,2222,2224,medium_block,1770.4163750000002,False,False,other,phase_outcome_dense,0
1986691,19,2224,2329,high_block,1984.3432500000001,False,False,other,phase_outcome_dense,0
1986691,20,2329,2362,medium_block,2250.4066,False,False,other,phase_outcome_dense,0
1986691,21,2454,2662,medium_block,2043.212325,False,False,progression,phase_outcome_dense,1
1986691,22,2662,2731,low_block,1609.9982000000002,False,False,other,phase_outcome_dense,0
1986691,23,2731,2770,medium_block,1186.0275000000001,False,False,other,phase_outcome_dense,0
1986691,24,2770,2816,low_block,1280.8248,False,False,other,phase_outcome_dense,0
1986691,25,2816,2840,medium_block,1521.9204000000004,False,False,other,phase_outcome_dense,0
1986691,26,2840,3023,low_block,1362.1803750000001,False,False,other,phase_outcome_dense,0
1986691,27,3023,3193,medium_block,2003.2541999999999,False,False,other,phase_outcome_dense,0
1986691,28,3193,3257,high_block,2237.444875,False,False,progression,phase_outcome_dense,1
1986691,29,3257,3332,medium_block,2019.3586000000003,False,False,progression,phase_outcome_dense,1
1986691,30,3332,3362,medium_block,2429.2720999999997,False,False,other,phase_outcome_dense,0
1986691,31,3362,3422,high_block,2333.4256000000005,False,False,other,phase_outcome_dense,0
1986691,35,5075,5107,medium_block,1587.6915999999999,False,False,other,phase_outcome_dense,0
1986691,36,5107,5199,high_block,1720.9276999999997,False,False,other,phase_outcome_dense,0
1986691,37,5199,5223,medium_block,1849.0016999999996,False,False,other,phase_outcome_dense,0
1986691,38,5223,5373,high_block,1963.8992750000002,False,False,other,phase_outcome_dense,0
1986691,39,5373,5472,medium_block,1871.0846249999997,False,False,progression,phase_outcome_dense,1
1986691,40,5472,5562,medium_block,1842.9135749999998,False,False,other,phase_outcome_dense,0
1986691,41,5562,5692,low_block,1379.7839999999999,False,False,other,phase_outcome_dense,0
1986691,42,5692,5796,medium_block,1342.9562500000002,False,False,other,phase_outcome_dense,0
1986691,43,5796,5822,low_block,1323.54475,False,False,other,phase_outcome_dense,0
1986691,44,5822,5858,medium_block,1257.3617499999998,False,False,other,phase_outcome_dense,0
1986691,45,5858,5967,low_block,1930.9184999999995,False,False,other,phase_outcome_dense,0
1986691,49,6791,6825,low_block,1610.0286250000001,False,False,other,phase_outcome_dense,0
1986691,50,6825,6833,medium_block,,False,False,other,phase_outcome_dense,0
1986691,54,7716,7777,medium_block,2079.1484000000005,False,False,other,phase_outcome_dense,0
1986691,58,8052,8086,medium_block,1495.605675,False,False,other,phase_outcome_dense,0
1986691,59,8086,8119,high_block,1414.4775,False,False,other,phase_outcome_dense,0
1986691,60,8119,8125,medium_block,1478.290125,False,False,other,phase_outcome_dense,0
1986691,61,8125,8196,high_block,1895.095,False,False,regain,phase_outcome_dense,0
1986691,62,8196,8224,medium_block,2150.8921499999997,False,False,other,phase_outcome_dense,0
1986691,65,8309,8340,medium_block,1642.1508,False,False,other,phase_outcome_dense,0
1986691,66,8340,8441,low_block,2302.4642750000003,False,False,progression,phase_outcome_dense,1
1986691,68,8475,8528,high_block,2885.0448,False,False,regain,phase_outcome_dense,0
1986691,69,8528,8587,low_block,1457.2689999999998,False,False,progression,phase_outcome_dense,1
1986691,71,8743,8994,high_block,2323.3821,False,False,other,phase_outcome_dense,0
1986691,73,9024,9070,medium_block,1396.2353250000003,False,False,other,phase_outcome_dense,0
1986691,77,9500,9644,high_block,2426.34525,False,False,other,phase_outcome_dense,0
1986691,78,9644,9661,medium_block,2339.3592,False,False,other,phase_outcome_dense,0
1986691,79,9818,9869,medium_block,1731.4460000000001,False,False,progression,phase_outcome_dense,1
1986691,80,9869,9966,high_block,2445.0443999999998,False,False,other,phase_outcome_dense,0
1986691,81,9966,9987,medium_block,1942.92,False,False,other,phase_outcome_dense,0
1986691,83,10458,10480,low_block,1250.367825,True,False,shot,phase_outcome_dense,1
1986691,84,10480,10619,medium_block,1311.034875,True,False,shot,phase_outcome_dense,1
1986691,85,10619,10640,low_block,1248.6495000000002,True,False,shot,phase_outcome_dense,1
1986691,86,10640,10720,medium_block,1289.871,True,False,shot,phase_outcome_dense,1
1986691,87,10720,10758,low_block,1315.545,True,False,shot,phase_outcome_dense,1
1986691,88,10758,10818,medium_block,1336.77685,True,False,shot,phase_outcome_dense,1
1986691,89,10818,10984,low_block,928.918375,True,False,shot,phase_outcome_dense,1
1986691,90,11197,11270,high_block,2571.87,False,False,other,phase_outcome_dense,0
1986691,91,11270,11281,medium_block,2567.0556000000006,False,False,other,phase_outcome_dense,0
1986691,93,11483,11572,low_block,1601.5223999999998,False,False,progression,phase_outcome_dense,1
1986691,95,11730,11848,high_block,2038.2053999999998,False,False,other,phase_outcome_dense,0
1986691,96,11848,12137,medium_block,2005.6484999999998,False,False,other,phase_outcome_dense,0
1986691,97,12137,12182,high_block,1887.373125,False,False,progression,phase_outcome_dense,1
1986691,98,12182,12257,medium_block,1848.86205,False,False,progression,phase_outcome_dense,1
1986691,99,12608,12716,medium_block,1353.8064,False,False,other,phase_outcome_dense,0
1986691,100,12716,12769,low_block,1411.2,False,False,progression,phase_outcome_dense,1
1986691,101,12860,12976,high_block,1940.2523999999999,False,False,other,phase_outcome_dense,0
1986691,102,12976,13076,medium_block,1899.57915,False,False,other,phase_outcome_dense,0
1986691,103,13076,13109,low_block,1919.7024000000001,False,False,other,phase_outcome_dense,0
1986691,108,14034,14134,low_block,1025.0625,False,False,disruption,phase_outcome_dense,0
1986691,109,14134,14159,high_block,2260.0405000000005,False,False,disruption,phase_outcome_dense,0
1986691,111,14192,14263,medium_block,2082.800475,False,False,progression,phase_outcome_dense,1
1986691,112,14263,14365,high_block,2493.6569,False,False,other,phase_outcome_dense,0
1986691,113,14365,14426,medium_block,2044.6209000000001,False,False,other,phase_outcome_dense,0
1986691,114,14426,14479,high_block,2141.864175,False,False,other,phase_outcome_dense,0
1986691,115,14479,14509,medium_block,2467.7274750000006,False,False,disruption,phase_outcome_dense,0
1986691,116,14509,14598,high_block,2460.92415,False,False,disruption,phase_outcome_dense,0
1986691,117,14598,14621,medium_block,2427.0894000000003,False,False,disruption,phase_outcome_dense,0
1986691,118,14709,14925,medium_block,1816.6837500000001,False,False,other,phase_outcome_dense,0
1986691,119,14925,15025,low_block,1298.7242250000002,False,False,other,phase_outcome_dense,0
1986691,121,15107,15207,medium_block,1751.7412,False,False,other,phase_outcome_dense,0
1986691,125,15289,15385,high_block,2482.3471,False,False,other,phase_outcome_dense,0
1986691,126,15410,15439,medium_block,2759.863125,False,False,other,phase_outcome_dense,0
1986691,127,15439,15700,low_block,1316.04435,True,False,shot,phase_outcome_dense,1
1986691,129,15910,16095,medium_block,2146.59,False,False,regain,phase_outcome_dense,0
1986691,131,16120,16170,high_block,2276.0225,False,False,other,phase_outcome_dense,0
1986691,132,16170,16321,medium_block,2107.1782000000003,False,False,other,phase_outcome_dense,0
1986691,133,16321,16442,low_block,1483.4964,False,False,other,phase_outcome_dense,0
1986691,135,17398,17464,medium_block,1330.9705999999999,False,False,other,phase_outcome_dense,0
1986691,136,17464,17497,high_block,1907.5637,False,False,progression,phase_outcome_dense,1
1986691,138,17531,17542,medium_block,2153.0382750000003,False,False,other,phase_outcome_dense,0
1986691,139,17542,17754,high_block,2266.7191999999995,False,False,other,phase_outcome_dense,0
1986691,140,17754,17780,medium_block,2391.7656,False,False,other,phase_outcome_dense,0
1986691,145,18247,18259,medium_block,1706.7152499999997,False,False,other,phase_outcome_dense,0
1986691,146,18259,18282,low_block,1568.9605000000001,False,False,other,phase_outcome_dense,0
1986691,150,18414,18436,low_block,1390.9430000000004,False,False,other,phase_outcome_dense,0
1986691,151,18436,18524,medium_block,1491.0839999999998,False,False,progression,phase_outcome_dense,1
1986691,152,18524,18597,low_block,1266.0555000000002,False,False,progression,phase_outcome_dense,1
1986691,153,18597,18753,high_block,2526.9251,False,False,regain,phase_outcome_dense,0
1986691,154,18753,18762,medium_block,1724.8128749999998,False,False,other,phase_outcome_dense,0
1986691,156,18828,19048,medium_block,2360.7426,False,False,other,phase_outcome_dense,0
1986691,157,19048,19099,low_block,1563.1245,False,False,progression,phase_outcome_dense,1
1986691,159,19203,19297,medium_block,2784.1036749999994,False,False,other,phase_outcome_dense,0
1986691,163,19861,19983,low_block,598.4712000000002,False,False,progression,phase_outcome_dense,1
1986691,164,19983,20187,high_block,2882.2635999999998,False,False,other,phase_outcome_dense,0
1986691,165,20187,20291,medium_block,1947.377025,False,False,other,phase_outcome_dense,0
1986691,166,20291,20352,low_block,1482.0578500000001,False,False,other,phase_outcome_dense,0
1986691,167,20352,20427,medium_block,1428.65385,False,False,other,phase_outcome_dense,0
1986691,168,20427,20456,low_block,1464.068925,False,False,other,phase_outcome_dense,0
1986691,170,20715,20780,high_block,2033.8062499999999,False,False,other,phase_outcome_dense,0
1986691,171,20780,20931,medium_block,1929.9150499999996,False,False,other,phase_outcome_dense,0
1986691,172,20931,21013,high_block,2012.844975,False,False,other,phase_outcome_dense,0
1986691,173,21013,21026,medium_block,2087.5372,False,False,other,phase_outcome_dense,0
1986691,174,21026,21069,high_block,1931.408325,False,False,progression,phase_outcome_dense,1
1986691,175,21069,21195,medium_block,1684.1968000000002,False,False,progression,phase_outcome_dense,1
1986691,176,21602,21679,medium_block,984.405,False,False,progression,phase_outcome_dense,1
1986691,177,21679,21722,low_block,848.1224500000002,False,False,progression,phase_outcome_dense,1
1986691,178,21779,21883,medium_block,2087.4053,False,False,regain,phase_outcome_dense,0
1986691,179,21883,22000,medium_block,1825.7712,True,False,shot,phase_outcome_dense,1
1986691,180,22000,22050,low_block,1495.4772,False,False,other,phase_outcome_dense,0
1986691,183,22906,23003,low_block,987.8584000000001,False,False,progression,phase_outcome_dense,1
1986691,184,23003,23059,high_block,2185.6351999999997,False,False,regain,phase_outcome_dense,0
1986691,185,23059,23070,medium_block,1995.1982500000001,False,False,other,phase_outcome_dense,0
1986691,188,24119,24145,high_block,2988.456,True,False,shot,phase_outcome_dense,1
1986691,189,24145,24258,medium_block,2496.911625,True,False,shot,phase_outcome_dense,1
1986691,190,24258,24411,low_block,1455.9948000000002,True,False,shot,phase_outcome_dense,1
1986691,193,25602,25695,high_block,2105.8296,False,False,progression,phase_outcome_dense,1
1986691,195,25721,25881,high_block,2343.289,False,False,disruption,phase_outcome_dense,0
1986691,197,26161,26346,medium_block,1356.124,False,False,other,phase_outcome_dense,0
1986691,198,26346,26471,low_block,1731.8688000000002,False,False,other,phase_outcome_dense,0
1986691,199,26471,26806,medium_block,1253.4305250000002,False,False,other,phase_outcome_dense,0
1986691,200,26806,26913,low_block,2067.2599999999998,False,False,other,phase_outcome_dense,0
1986691,201,26913,26985,medium_block,1324.4412000000002,False,False,other,phase_outcome_dense,0
1986691,202,26985,27006,low_block,1488.1418999999999,False,False,other,phase_outcome_dense,0
1986691,203,27006,27186,medium_block,1568.7419999999997,False,False,progression,phase_outcome_dense,1
1986691,204,27639,27648,medium_block,1622.7207500000002,False,False,other,phase_outcome_dense,0
1986691,205,27648,27717,high_block,1683.0070499999997,False,False,other,phase_outcome_dense,0
1986691,206,27717,27855,medium_block,2074.0929,False,False,other,phase_outcome_dense,0
1986691,207,27855,27888,medium_block,1718.6524,False,False,regain,phase_outcome_dense,0
1986691,211,28205,28268,medium_block,1409.8825000000002,False,False,other,phase_outcome_dense,0
1986691,212,28268,28296,low_block,1497.2363249999999,False,False,other,phase_outcome_dense,0
1986691,213,28450,28505,low_block,1042.6082999999999,True,False,shot,phase_outcome_dense,1
1986691,215,28886,28992,medium_block,1705.3653,False,False,other,phase_outcome_dense,0
1986691,216,28992,29157,high_block,2512.5324,False,False,regain,phase_outcome_dense,0
1986691,217,29157,29169,medium_block,2764.33965,False,False,other,phase_outcome_dense,0
1986691,224,29782,29926,medium_block,1519.40315,False,False,progression,phase_outcome_dense,1
1986691,226,29956,30166,high_block,2534.62,False,False,other,phase_outcome_dense,0
1986691,227,30166,30233,medium_block,2054.8320000000003,False,False,other,phase_outcome_dense,0
1986691,228,30233,30285,low_block,1775.0732999999996,False,False,other,phase_outcome_dense,0
1986691,232,30465,30602,low_block,1166.9799999999998,True,False,shot,phase_outcome_dense,1
1986691,235,30992,31124,medium_block,1258.6423499999999,False,False,other,phase_outcome_dense,0
1986691,236,31124,31189,low_block,1068.5115750000002,False,False,other,phase_outcome_dense,0
1986691,238,31773,31827,medium_block,1848.8188999999998,False,False,other,phase_outcome_dense,0
1986691,241,32828,33114,low_block,1247.9213500000003,False,False,other,phase_outcome_dense,0
1986691,242,33114,33149,medium_block,1248.5406,False,False,other,phase_outcome_dense,0
1986691,243,33149,33187,low_block,1595.1176500000001,False,False,other,phase_outcome_dense,0
1986691,244,33187,33252,medium_block,1729.7220750000001,False,False,other,phase_outcome_dense,0
1986691,245,33429,33497,low_block,1194.6285,True,False,shot,phase_outcome_dense,1
1986691,246,33497,33504,medium_block,1198.7044999999998,True,False,shot,phase_outcome_dense,1
1986691,247,33504,33859,low_block,1273.4338750000004,True,False,shot,phase_outcome_dense,1
1986691,248,33859,33901,medium_block,1453.868875,True,False,shot,phase_outcome_dense,1
1986691,249,33901,34002,low_block,1251.3085,True,False,shot,phase_outcome_dense,1
1986691,250,34002,34204,medium_block,1997.4606249999995,False,False,other,phase_outcome_dense,0
1986691,253,34452,34711,medium_block,2046.5009250000003,True,False,shot,phase_outcome_dense,1
1986691,254,34711,35041,low_block,1207.7939999999999,True,False,shot,phase_outcome_dense,1
1986691,255,35313,35319,medium_block,1622.7484,False,False,other,phase_outcome_dense,0
1986691,256,35319,35351,high_block,1782.8948,False,False,other,phase_outcome_dense,0
1986691,257,35351,35359,medium_block,2008.4311999999995,False,False,progression,phase_outcome_dense,1
1986691,259,35374,35391,medium_block,2040.572975,False,False,other,phase_outcome_dense,0
1986691,260,35391,35494,high_block,2262.5503999999996,False,False,other,phase_outcome_dense,0
1986691,261,35618,35628,medium_block,2045.3312,False,False,other,phase_outcome_dense,0
1986691,262,35705,35816,high_block,1886.8118750000003,True,False,shot,phase_outcome_dense,1
1986691,263,35816,35891,medium_block,1709.9142250000002,True,False,shot,phase_outcome_dense,1
1986691,264,35891,35931,low_block,1352.6271000000002,True,False,shot,phase_outcome_dense,1
1986691,265,36371,36404,medium_block,1155.0130499999998,False,False,other,phase_outcome_dense,0
1986691,269,36707,36900,medium_block,2068.88565,False,False,progression,phase_outcome_dense,1
1986691,270,36900,36942,low_block,1749.7649500000002,True,False,shot,phase_outcome_dense,1
1986691,273,37455,37546,high_block,2176.7270000000003,False,False,disruption,phase_outcome_dense,0
1986691,274,37546,37547,medium_block,2621.7450000000003,False,False,disruption,phase_outcome_dense,0
1986691,275,37547,37576,high_block,2674.6005,False,False,disruption,phase_outcome_dense,0
1986691,278,37779,37852,medium_block,1604.139,False,False,other,phase_outcome_dense,0
1986691,279,37852,37967,low_block,1265.9054999999998,False,False,progression,phase_outcome_dense,1
1986691,280,37967,38038,high_block,2625.763975,False,False,other,phase_outcome_dense,0
1986691,283,38330,38338,medium_block,,False,False,other,phase_outcome_dense,0
1986691,284,38338,38374,low_block,1563.806325,False,False,other,phase_outcome_dense,0
1986691,289,38678,38719,medium_block,1367.7425999999998,False,False,other,phase_outcome_dense,0
1986691,290,38719,38720,low_block,1401.3984,False,False,other,phase_outcome_dense,0
1986691,291,38720,38815,medium_block,1394.2817499999999,False,False,other,phase_outcome_dense,0
1986691,292,38815,38837,low_block,1318.4956,False,False,other,phase_outcome_dense,0
1986691,293,38837,38997,medium_block,1315.65995,False,False,other,phase_outcome_dense,0
1986691,294,38997,39081,low_block,1206.5856,False,False,other,phase_outcome_dense,0
1986691,295,39081,39129,medium_block,1173.9568,False,False,other,phase_outcome_dense,0
1986691,296,39129,39169,low_block,1324.5606,False,False,other,phase_outcome_dense,0
1986691,297,39169,39283,medium_block,1624.5642000000005,False,False,other,phase_outcome_dense,0
1986691,298,39283,39352,low_block,1846.3770000000002,False,False,progression,phase_outcome_dense,1
1986691,300,39404,39572,low_block,1155.1976000000002,True,False,shot,phase_outcome_dense,1
1986691,304,40133,40198,medium_block,874.3264750000001,False,False,other,phase_outcome_dense,0
1986691,306,40223,40278,low_block,1488.5813249999999,False,False,other,phase_outcome_dense,0
1986691,308,40320,40485,low_block,956.745,False,False,other,phase_outcome_dense,0
1986691,311,41730,41915,medium_block,2248.3492499999998,False,False,other,phase_outcome_dense,0
1986691,312,41915,41940,low_block,1622.050425,False,False,other,phase_outcome_dense,0
1986691,313,41940,42334,medium_block,1540.0308,False,False,other,phase_outcome_dense,0
1986691,314,42334,42370,low_block,1451.8754249999997,False,False,progression,phase_outcome_dense,1
1986691,315,42370,42443,high_block,2752.8370000000004,False,False,regain,phase_outcome_dense,0
1986691,320,42808,42849,high_block,2620.2998000000002,False,False,progression,phase_outcome_dense,1
1986691,322,42872,43039,medium_block,2302.9687999999996,False,False,other,phase_outcome_dense,0
1986691,323,43039,43161,low_block,1136.2972499999998,False,False,other,phase_outcome_dense,0
1986691,329,44074,44175,medium_block,2091.1275,False,False,progression,phase_outcome_dense,1
1986691,331,44273,44320,low_block,1226.41095,False,False,other,phase_outcome_dense,0
1986691,333,44362,44547,low_block,800.49095,True,False,shot,phase_outcome_dense,1
1986691,334,44547,44722,medium_block,2564.201775,False,False,other,phase_outcome_dense,0
1986691,335,44722,44865,high_block,2892.0528000000004,False,False,regain,phase_outcome_dense,0
1986691,337,45127,45179,medium_block,2042.2301249999998,False,False,other,phase_outcome_dense,0
1986691,338,45179,45263,high_block,2237.2314250000004,False,False,other,phase_outcome_dense,0
1986691,339,45263,45330,medium_block,2268.3505999999998,False,False,other,phase_outcome_dense,0
1986691,340,45330,45403,low_block,1796.8557750000002,False,False,progression,phase_outcome_dense,1
1986691,341,45403,45472,high_block,2604.0236999999997,False,False,other,phase_outcome_dense,0
1986691,342,45472,45518,medium_block,2331.675,False,False,progression,phase_outcome_dense,1
1986691,343,45518,45767,medium_block,1895.67,False,False,other,phase_outcome_dense,0
1986691,344,45767,45916,low_block,1336.2720749999996,False,False,other,phase_outcome_dense,0
1986691,346,46007,46340,medium_block,1958.8137,False,False,progression,phase_outcome_dense,1
1986691,347,46340,46364,low_block,1672.2720000000002,False,False,disruption,phase_outcome_dense,0
1986691,348,46364,46454,high_block,2445.438325,False,False,disruption,phase_outcome_dense,0
1986691,349,46454,46457,medium_block,2352.776,False,False,other,phase_outcome_dense,0
1986691,350,48147,48177,medium_block,2210.79375,False,False,progression,phase_outcome_dense,1
1986691,351,48252,48463,high_block,2347.1055,False,False,other,phase_outcome_dense,0
1986691,352,48463,48703,medium_block,2100.539,False,False,regain,phase_outcome_dense,0
1986691,354,49000,49045,medium_block,1786.8404249999999,False,False,other,phase_outcome_dense,0
1986691,355,49045,49143,high_block,2319.0126999999998,False,False,progression,phase_outcome_dense,1
1986691,356,49246,49339,low_block,981.2340999999999,False,False,other,phase_outcome_dense,0
1986691,361,50290,50298,medium_block,1661.6404,True,False,shot,phase_outcome_dense,1
1986691,362,50298,50375,high_block,2197.2505,True,False,shot,phase_outcome_dense,1
1986691,363,50375,50484,medium_block,2157.8458,True,False,shot,phase_outcome_dense,1
1986691,364,50484,50549,low_block,1200.6860000000001,True,False,shot,phase_outcome_dense,1
1986691,369,52549,52732,high_block,2665.536,False,False,regain,phase_outcome_dense,0
1986691,371,52769,52848,medium_block,1801.2031999999997,False,False,other,phase_outcome_dense,0
1986691,372,52848,52878,low_block,1496.7327,False,False,other,phase_outcome_dense,0
1986691,373,52878,53049,medium_block,1384.308675,False,False,regain,phase_outcome_dense,0
1986691,374,53049,53114,high_block,2938.54665,False,False,regain,phase_outcome_dense,0
1986691,375,53114,53126,medium_block,2365.8277499999995,False,False,regain,phase_outcome_dense,0
1986691,376,53126,53193,high_block,2274.4995,False,False,regain,phase_outcome_dense,0
1986691,377,53193,53295,medium_block,1694.5915000000002,False,False,regain,phase_outcome_dense,0
1986691,379,53496,53512,medium_block,,False,False,other,phase_outcome_dense,0
1986691,380,53512,53546,low_block,1463.9149,False,False,other,phase_outcome_dense,0
1986691,381,53546,53607,medium_block,1806.6852000000001,False,False,other,phase_outcome_dense,0
1986691,382,53607,53767,high_block,2225.418,False,False,regain,phase_outcome_dense,0
1986691,383,53767,53770,medium_block,2359.07895,False,False,regain,phase_outcome_dense,0
1986691,384,53770,53818,high_block,2570.4614,False,False,regain,phase_outcome_dense,0
1986691,385,53818,53826,medium_block,2635.5731249999994,False,False,other,phase_outcome_dense,0
1986691,388,54083,54117,medium_block,1331.4113,False,False,progression,phase_outcome_dense,1
1986691,389,54117,54148,low_block,1236.7372500000001,False,False,progression,phase_outcome_dense,1
1986691,390,54148,54199,medium_block,2882.0181,False,False,other,phase_outcome_dense,0
1986691,391,54199,54277,high_block,2449.60905,False,False,other,phase_outcome_dense,0
1986691,392,54277,54301,medium_block,2107.8789,False,False,other,phase_outcome_dense,0
1986691,393,54301,54391,high_block,2348.975,False,False,progression,phase_outcome_dense,1
1986691,394,54391,54457,medium_block,2509.2909999999997,False,False,progression,phase_outcome_dense,1
1986691,395,54856,55035,medium_block,2067.8322,False,False,other,phase_outcome_dense,0
1986691,397,55647,55667,medium_block,2688.9512000000004,False,False,progression,phase_outcome_dense,1
1986691,399,55701,55764,medium_block,2468.5911250000004,False,False,other,phase_outcome_dense,0
1986691,401,56714,56830,high_block,1739.75025,False,False,other,phase_outcome_dense,0
1986691,403,56867,56943,low_block,1824.0767999999996,False,False,other,phase_outcome_dense,0
1986691,404,56943,56966,medium_block,1062.698675,False,False,other,phase_outcome_dense,0
1986691,405,56966,56992,low_block,1422.03505,False,False,other,phase_outcome_dense,0
1986691,407,57202,57221,low_block,1722.59285,False,False,other,phase_outcome_dense,0
1986691,408,57221,57256,medium_block,1740.9510000000002,False,False,other,phase_outcome_dense,0
1986691,409,57256,57307,high_block,2356.3982250000004,False,False,other,phase_outcome_dense,0
1986691,410,57307,57352,medium_block,2914.704,False,False,other,phase_outcome_dense,0
1986691,413,57464,57537,low_block,1049.714025,True,True,goal,phase_outcome_dense,1
1986691,414,58304,58497,medium_block,1825.28675,False,False,other,phase_outcome_dense,0
1986691,417,58535,58597,low_block,1303.7607,False,False,other,phase_outcome_dense,0
1986691,419,58776,58944,low_block,1215.6026000000002,False,False,other,phase_outcome_dense,0
1996435,0,95,109,medium_block,1473.2965,False,False,other,phase_outcome_dense,0
1996435,1,109,137,high_block,1535.7224999999999,False,False,other,phase_outcome_dense,0
1996435,9,374,462,high_block,2096.7761,False,False,regain,phase_outcome_dense,0
1996435,10,462,487,medium_block,2267.5975,False,False,regain,phase_outcome_dense,0
1996435,11,487,505,medium_block,2614.3256499999998,False,False,other,phase_outcome_dense,0
1996435,12,505,587,high_block,2755.3830000000003,False,False,other,phase_outcome_dense,0
1996435,13,587,691,medium_block,2266.28325,False,False,other,phase_outcome_dense,0
1996435,14,691,799,high_block,1790.899775,False,False,disruption,phase_outcome_dense,0
1996435,15,799,845,medium_block,2011.5553500000003,False,False,disruption,phase_outcome_dense,0
1996435,17,936,1532,low_block,926.7943999999999,False,False,progression,phase_outcome_dense,1
1996435,18,1532,1701,high_block,2220.9642,False,False,other,phase_outcome_dense,0
1996435,19,1701,1725,medium_block,2277.010825,False,False,other,phase_outcome_dense,0
1996435,20,1725,1820,high_block,2331.1815,False,False,regain,phase_outcome_dense,0
1996435,21,1820,1828,medium_block,2454.188,False,False,other,phase_outcome_dense,0
1996435,22,1828,1842,low_block,1932.2725499999997,False,False,other,phase_outcome_dense,0
1996435,23,1842,1923,medium_block,1548.1220500000002,False,False,other,phase_outcome_dense,0
1996435,24,1923,2138,low_block,1273.8138,False,False,other,phase_outcome_dense,0
1996435,25,2138,2179,medium_block,1368.7566749999999,False,False,other,phase_outcome_dense,0
1996435,26,2179,2435,low_block,1547.4336,False,False,other,phase_outcome_dense,0
1996435,27,2435,2468,medium_block,1717.716,False,False,other,phase_outcome_dense,0
1996435,28,2468,2508,high_block,1910.46425,False,False,other,phase_outcome_dense,0
1996435,29,2508,2511,medium_block,1927.53225,False,False,other,phase_outcome_dense,0
1996435,30,2511,2598,high_block,2016.5304,False,False,other,phase_outcome_dense,0
1996435,34,3631,3692,medium_block,1481.854325,False,False,regain,phase_outcome_dense,0
1996435,35,3692,3744,high_block,2311.80105,False,False,regain,phase_outcome_dense,0
1996435,36,3744,3769,medium_block,2689.2251749999996,False,False,other,phase_outcome_dense,0
1996435,37,3769,3777,medium_block,2557.85205,False,False,other,phase_outcome_dense,0
1996435,38,3777,3909,high_block,2206.6349999999998,False,False,other,phase_outcome_dense,0
1996435,39,3909,3910,medium_block,1719.5339000000001,False,False,other,phase_outcome_dense,0
1996435,40,3910,3932,low_block,1450.377175,False,False,other,phase_outcome_dense,0
1996435,41,3932,4052,medium_block,1408.1369,False,False,other,phase_outcome_dense,0
1996435,43,4488,4548,medium_block,1269.814625,False,False,regain,phase_outcome_dense,0
1996435,44,4548,4661,medium_block,2207.622925,False,False,progression,phase_outcome_dense,1
1996435,45,4661,4680,low_block,1703.8352,False,False,progression,phase_outcome_dense,1
1996435,46,4680,4707,high_block,2384.9278,False,False,other,phase_outcome_dense,0
1996435,47,4707,4732,medium_block,2078.3026499999996,False,False,other,phase_outcome_dense,0
1996435,50,4764,4958,medium_block,1565.8269,False,False,other,phase_outcome_dense,0
1996435,51,4958,5020,high_block,1738.425625,False,False,other,phase_outcome_dense,0
1996435,52,5020,5371,medium_block,1948.8358,False,False,other,phase_outcome_dense,0
1996435,53,5371,5477,low_block,1678.283,False,False,other,phase_outcome_dense,0
1996435,55,5889,5908,medium_block,997.5612499999999,False,False,other,phase_outcome_dense,0
1996435,56,5908,5948,high_block,1626.41875,False,False,other,phase_outcome_dense,0
1996435,57,5948,5987,medium_block,2068.17435,False,False,other,phase_outcome_dense,0
1996435,58,5987,6016,high_block,2145.8125,False,False,other,phase_outcome_dense,0
1996435,59,6016,6018,medium_block,2266.0080000000003,False,False,other,phase_outcome_dense,0
1996435,60,6091,6114,medium_block,1326.5615999999998,False,False,regain,phase_outcome_dense,0
1996435,61,6114,6170,high_block,1906.2057750000001,False,False,regain,phase_outcome_dense,0
1996435,62,6170,6183,medium_block,2435.7733,False,False,progression,phase_outcome_dense,1
1996435,64,6235,6412,high_block,2482.5186000000003,False,False,regain,phase_outcome_dense,0
1996435,65,6412,6427,medium_block,2656.6500999999994,False,False,regain,phase_outcome_dense,0
1996435,67,6551,6638,medium_block,1482.2392,False,False,regain,phase_outcome_dense,0
1996435,69,6766,6795,high_block,1820.4111250000003,False,False,regain,phase_outcome_dense,0
1996435,70,6795,6814,medium_block,1978.4095499999999,False,False,regain,phase_outcome_dense,0
1996435,71,6814,6856,high_block,2017.9167749999997,False,False,regain,phase_outcome_dense,0
1996435,75,6948,6949,medium_block,2780.1488000000004,False,False,regain,phase_outcome_dense,0
1996435,76,6949,6991,high_block,2659.325325,False,False,regain,phase_outcome_dense,0
1996435,77,6991,7010,medium_block,2335.1518499999997,False,False,regain,phase_outcome_dense,0
1996435,78,7010,7069,high_block,2351.988,False,False,regain,phase_outcome_dense,0
1996435,80,7426,7469,high_block,2687.8500000000004,False,False,other,phase_outcome_dense,0
1996435,81,7469,7475,medium_block,2690.8460999999998,False,False,progression,phase_outcome_dense,1
1996435,83,7499,7558,high_block,2227.9950000000003,False,False,other,phase_outcome_dense,0
1996435,84,7558,7613,medium_block,2079.09155,False,False,other,phase_outcome_dense,0
1996435,85,7613,7677,low_block,2033.4213749999997,False,False,other,phase_outcome_dense,0
1996435,88,7811,7868,high_block,2291.9000000000005,False,False,regain,phase_outcome_dense,0
1996435,89,7868,7891,medium_block,2279.9518000000003,False,False,other,phase_outcome_dense,0
1996435,93,7974,8058,medium_block,1547.8,False,False,progression,phase_outcome_dense,1
1996435,94,8058,8268,medium_block,1960.13145,False,False,other,phase_outcome_dense,0
1996435,95,8268,8510,low_block,1127.01925,False,False,progression,phase_outcome_dense,1
1996435,97,8552,8654,low_block,1065.0432,False,False,other,phase_outcome_dense,0
1996435,98,8654,8723,medium_block,1471.84785,False,False,regain,phase_outcome_dense,0
1996435,100,8818,8908,high_block,2315.10015,False,False,other,phase_outcome_dense,0
1996435,101,8908,8936,medium_block,2012.4325000000001,False,False,other,phase_outcome_dense,0
1996435,102,8936,9193,high_block,2314.9754999999996,False,False,regain,phase_outcome_dense,0
1996435,103,9193,9229,medium_block,2445.323025,False,False,regain,phase_outcome_dense,0
1996435,104,9229,9389,medium_block,1865.573125,False,False,other,phase_outcome_dense,0
1996435,105,9389,9452,low_block,2081.5066249999995,False,False,progression,phase_outcome_dense,1
1996435,107,9516,9559,high_block,2684.470875,False,False,other,phase_outcome_dense,0
1996435,108,9559,9641,medium_block,2407.794975,False,False,progression,phase_outcome_dense,1
1996435,109,9641,9741,high_block,2042.214375,False,False,regain,phase_outcome_dense,0
1996435,110,9741,9786,medium_block,1825.3200000000002,False,False,regain,phase_outcome_dense,0
1996435,111,9786,9788,medium_block,2216.364375,False,False,other,phase_outcome_dense,0
1996435,112,9788,9877,high_block,2320.7309999999998,False,False,other,phase_outcome_dense,0
1996435,113,9877,9898,medium_block,2254.2479500000004,False,False,progression,phase_outcome_dense,1
1996435,114,9898,9956,medium_block,1914.5072000000002,False,False,other,phase_outcome_dense,0
1996435,115,9991,9993,medium_block,1073.58,True,False,shot,phase_outcome_dense,1
1996435,116,9993,10074,low_block,1156.6536749999998,True,False,shot,phase_outcome_dense,1
1996435,118,10210,10335,medium_block,1501.14705,False,False,other,phase_outcome_dense,0
1996435,119,10335,10434,high_block,2273.7351249999997,False,False,other,phase_outcome_dense,0
1996435,121,10460,10520,medium_block,2349.9856250000003,False,False,other,phase_outcome_dense,0
1996435,122,11104,11170,low_block,578.0305999999999,False,False,progression,phase_outcome_dense,1
1996435,123,11396,11449,high_block,2716.19655,False,False,other,phase_outcome_dense,0
1996435,124,11449,11498,medium_block,2782.9835,False,False,other,phase_outcome_dense,0
1996435,127,11768,11814,medium_block,1504.4784,False,False,other,phase_outcome_dense,0
1996435,128,11814,11949,high_block,1970.3076000000003,False,False,other,phase_outcome_dense,0
1996435,129,11949,12014,medium_block,2366.8718750000003,False,False,other,phase_outcome_dense,0
1996435,130,12014,12030,low_block,2272.42375,False,False,other,phase_outcome_dense,0
1996435,131,12030,12037,medium_block,2059.40455,False,False,other,phase_outcome_dense,0
1996435,132,12037,12140,low_block,1552.2337499999999,False,False,other,phase_outcome_dense,0
1996435,133,12140,12169,medium_block,1215.90975,False,False,other,phase_outcome_dense,0
1996435,134,12169,12178,low_block,1231.1549999999997,False,False,other,phase_outcome_dense,0
1996435,135,12178,12243,medium_block,1314.1947,False,False,other,phase_outcome_dense,0
1996435,136,12243,12432,low_block,1271.86605,False,False,other,phase_outcome_dense,0
1996435,137,12432,12593,medium_block,1472.9034750000003,False,False,regain,phase_outcome_dense,0
1996435,140,13001,13046,high_block,2578.06705,False,False,regain,phase_outcome_dense,0
1996435,143,13092,13158,medium_block,1731.3570499999998,False,False,other,phase_outcome_dense,0
1996435,144,13158,13183,low_block,1606.0261249999999,False,False,other,phase_outcome_dense,0
1996435,147,13965,14071,high_block,1948.6546999999998,True,False,shot,phase_outcome_dense,1
1996435,148,14071,14136,medium_block,1729.1537999999998,True,False,shot,phase_outcome_dense,1
1996435,149,14136,14205,high_block,2233.3413750000004,True,False,shot,phase_outcome_dense,1
1996435,150,14205,14382,medium_block,2157.9547500000003,True,False,shot,phase_outcome_dense,1
1996435,151,14382,14556,low_block,1433.2423000000001,True,False,shot,phase_outcome_dense,1
1996435,152,14811,14892,medium_block,2191.9503,True,False,shot,phase_outcome_dense,1
1996435,153,14892,14932,low_block,1767.3307750000001,True,False,shot,phase_outcome_dense,1
1996435,155,15335,15342,medium_block,2925.6819000000005,True,False,shot,phase_outcome_dense,1
1996435,156,15342,15437,high_block,2764.4673,True,False,shot,phase_outcome_dense,1
1996435,157,15437,15756,medium_block,2245.6602,True,False,shot,phase_outcome_dense,1
1996435,158,15756,15956,low_block,1329.0277,True,False,shot,phase_outcome_dense,1
1996435,160,16567,16778,high_block,2536.8882000000003,True,False,shot,phase_outcome_dense,1
1996435,161,16778,16837,medium_block,2383.6702750000004,True,False,shot,phase_outcome_dense,1
1996435,162,16837,16873,low_block,1952.02615,False,False,progression,phase_outcome_dense,1
1996435,163,16873,17022,medium_block,2620.306125,False,False,progression,phase_outcome_dense,1
1996435,164,17022,17067,low_block,2119.4299499999997,False,False,progression,phase_outcome_dense,1
1996435,165,17489,17541,high_block,2319.5865000000003,False,False,other,phase_outcome_dense,0
1996435,166,17541,17630,medium_block,2505.9645,False,False,other,phase_outcome_dense,0
1996435,167,17630,17682,low_block,2105.9637000000002,False,False,other,phase_outcome_dense,0
1996435,169,18086,18154,medium_block,1868.663125,False,False,other,phase_outcome_dense,0
1996435,173,18823,18845,high_block,2264.4,False,False,regain,phase_outcome_dense,0
1996435,174,18845,18880,medium_block,2131.6933000000004,False,False,regain,phase_outcome_dense,0
1996435,175,18880,18938,high_block,2233.43685,False,False,regain,phase_outcome_dense,0
1996435,176,18938,18967,low_block,2397.6513750000004,True,False,shot,phase_outcome_dense,1
1996435,179,19487,19618,high_block,1543.26,False,False,other,phase_outcome_dense,0
1996435,180,19618,19690,medium_block,2112.5296500000004,False,False,progression,phase_outcome_dense,1
1996435,181,19690,19881,high_block,2398.8482000000004,False,False,regain,phase_outcome_dense,0
1996435,182,19881,20077,low_block,1508.7323999999996,False,False,other,phase_outcome_dense,0
1996435,184,20200,20242,low_block,1929.5504999999996,False,False,other,phase_outcome_dense,0
1996435,185,20242,20306,medium_block,1489.353425,False,False,other,phase_outcome_dense,0
1996435,186,20306,20486,low_block,936.969975,False,False,other,phase_outcome_dense,0
1996435,187,20486,20608,medium_block,1026.8414999999998,False,False,other,phase_outcome_dense,0
1996435,189,20638,20645,medium_block,1126.5495999999998,False,False,progression,phase_outcome_dense,1
1996435,190,20645,20670,low_block,1235.46735,False,False,regain,phase_outcome_dense,0
1996435,191,20670,20719,high_block,2625.15625,False,False,regain,phase_outcome_dense,0
1996435,192,20719,20850,low_block,1217.56355,True,False,shot,phase_outcome_dense,1
1996435,193,20850,20961,medium_block,1303.0210999999997,True,False,shot,phase_outcome_dense,1
1996435,194,20961,20983,low_block,1430.00145,True,False,shot,phase_outcome_dense,1
1996435,196,21108,21148,high_block,2267.0064,True,True,goal,phase_outcome_dense,1
1996435,197,21148,21213,medium_block,2362.0416250000003,True,True,goal,phase_outcome_dense,1
1996435,198,21213,21293,low_block,1730.2383250000003,True,True,goal,phase_outcome_dense,1
1996435,199,22043,22106,medium_block,1566.432675,False,False,other,phase_outcome_dense,0
1996435,200,22106,22124,high_block,2035.1837499999997,False,False,progression,phase_outcome_dense,1
1996435,202,22180,22476,high_block,3036.294,False,False,regain,phase_outcome_dense,0
1996435,204,22589,22639,high_block,2544.8726250000004,False,False,other,phase_outcome_dense,0
1996435,205,22639,22657,medium_block,2560.4566250000003,False,False,other,phase_outcome_dense,0
1996435,206,22740,22933,medium_block,2099.9017000000003,False,False,progression,phase_outcome_dense,1
1996435,207,22933,23143,low_block,1667.4462999999998,False,False,progression,phase_outcome_dense,1
1996435,208,23418,23504,high_block,2343.386675,False,False,regain,phase_outcome_dense,0
1996435,209,23504,23519,medium_block,2154.1905,False,False,regain,phase_outcome_dense,0
1996435,210,23519,23676,medium_block,2322.7171500000004,False,False,progression,phase_outcome_dense,1
1996435,211,23676,23747,low_block,1512.8244,False,False,progression,phase_outcome_dense,1
1996435,212,23980,24023,medium_block,2189.1420000000003,False,False,progression,phase_outcome_dense,1
1996435,213,24023,24157,low_block,1732.932,False,False,progression,phase_outcome_dense,1
1996435,214,24157,24205,high_block,2752.8929999999996,False,False,regain,phase_outcome_dense,0
1996435,215,24205,24274,medium_block,2049.2857000000004,False,False,regain,phase_outcome_dense,0
1996435,216,24274,24384,medium_block,1720.2223999999999,False,False,other,phase_outcome_dense,0
1996435,217,24384,24468,low_block,1599.1682250000001,False,False,other,phase_outcome_dense,0
1996435,220,25229,25268,medium_block,925.103575,True,False,shot,phase_outcome_dense,1
1996435,221,25268,25372,low_block,1570.9523499999998,True,False,shot,phase_outcome_dense,1
1996435,225,25633,25681,high_block,2456.7408,False,False,other,phase_outcome_dense,0
1996435,226,25681,25732,medium_block,2320.8687,False,False,other,phase_outcome_dense,0
1996435,227,25888,26064,medium_block,1661.4512000000002,False,False,other,phase_outcome_dense,0
1996435,228,26064,26077,low_block,1628.22495,False,False,other,phase_outcome_dense,0
1996435,229,26194,26302,low_block,1096.153075,False,False,other,phase_outcome_dense,0
1996435,230,26302,26363,medium_block,1073.452975,False,False,other,phase_outcome_dense,0
1996435,231,26363,26395,low_block,1025.1391500000002,False,False,other,phase_outcome_dense,0
1996435,232,26395,26506,medium_block,1385.12925,False,False,other,phase_outcome_dense,0
1996435,234,27351,27398,medium_block,1700.7857999999999,False,False,progression,phase_outcome_dense,1
1996435,236,27480,27645,high_block,2713.2378,False,False,other,phase_outcome_dense,0
1996435,237,27645,27702,medium_block,2700.504975,False,False,other,phase_outcome_dense,0
1996435,238,27702,27768,low_block,2154.7958249999997,False,False,other,phase_outcome_dense,0
1996435,239,27768,27795,medium_block,1664.5124,False,False,other,phase_outcome_dense,0
1996435,240,27795,27970,low_block,1479.1925,False,False,other,phase_outcome_dense,0
1996435,241,28019,28093,medium_block,1448.70835,True,True,goal,phase_outcome_dense,1
1996435,243,28118,28212,high_block,1429.3712,True,True,goal,phase_outcome_dense,1
1996435,244,29052,29065,medium_block,1438.7417,False,False,other,phase_outcome_dense,0
1996435,245,29065,29095,high_block,1584.9861250000004,False,False,other,phase_outcome_dense,0
1996435,249,29343,29490,low_block,1822.5275,True,False,shot,phase_outcome_dense,1
1996435,250,29707,29777,high_block,2756.0431250000006,False,False,disruption,phase_outcome_dense,0
1996435,251,29777,29780,medium_block,2992.6798999999996,False,False,other,phase_outcome_dense,0
1996435,252,30172,30261,high_block,2285.6785,True,True,goal,phase_outcome_dense,1
1996435,253,30261,30321,medium_block,1877.62575,True,True,goal,phase_outcome_dense,1
1996435,254,30321,30361,low_block,1432.305975,True,True,goal,phase_outcome_dense,1
1996435,255,31009,31122,low_block,1544.8753500000005,False,False,other,phase_outcome_dense,0
1996435,256,31412,31450,medium_block,1857.7416,False,False,disruption,phase_outcome_dense,0
1996435,257,31450,31575,high_block,2291.8864499999995,False,False,disruption,phase_outcome_dense,0
1996435,259,31610,31706,medium_block,1995.1917250000001,False,False,regain,phase_outcome_dense,0
1996435,260,31706,31873,high_block,2815.8009,True,False,shot,phase_outcome_dense,1
1996435,261,31873,31913,low_block,1347.6681,True,False,shot,phase_outcome_dense,1
1996435,262,32204,32257,high_block,2123.0726,False,False,other,phase_outcome_dense,0
1996435,263,32257,32278,medium_block,2021.34775,False,False,progression,phase_outcome_dense,1
1996435,264,32278,32328,medium_block,2053.232625,False,False,other,phase_outcome_dense,0
1996435,265,32328,32424,high_block,2077.8060000000005,False,False,regain,phase_outcome_dense,0
1996435,266,32424,32475,medium_block,2137.4690750000004,False,False,regain,phase_outcome_dense,0
1996435,267,32475,32572,medium_block,2443.2201,False,False,regain,phase_outcome_dense,0
1996435,270,33073,33198,low_block,1027.9342749999998,False,False,other,phase_outcome_dense,0
1996435,274,34020,34057,medium_block,1358.39025,False,False,other,phase_outcome_dense,0
1996435,275,34057,34168,low_block,1400.0272499999999,False,False,progression,phase_outcome_dense,1
1996435,276,34168,34308,high_block,2610.1534750000005,False,False,regain,phase_outcome_dense,0
1996435,279,34559,34652,high_block,2481.0280000000002,False,False,regain,phase_outcome_dense,0
1996435,280,34652,34665,medium_block,2450.026575,False,False,progression,phase_outcome_dense,1
1996435,284,34796,34958,medium_block,1730.57885,False,False,other,phase_outcome_dense,0
1996435,285,34958,35041,low_block,1690.585,False,False,progression,phase_outcome_dense,1
1996435,286,35041,35069,high_block,2646.3517500000007,False,False,other,phase_outcome_dense,0
1996435,287,35069,35126,medium_block,2464.8650749999997,False,False,other,phase_outcome_dense,0
1996435,289,35491,35523,medium_block,1593.4784999999997,False,False,other,phase_outcome_dense,0
1996435,290,35523,35628,low_block,1333.6995,False,False,progression,phase_outcome_dense,1
1996435,292,35677,35772,low_block,1295.546825,False,False,other,phase_outcome_dense,0
1996435,293,35772,35805,medium_block,1059.3465999999999,False,False,other,phase_outcome_dense,0
1996435,294,35805,35966,low_block,1001.4434249999999,False,False,progression,phase_outcome_dense,1
1996435,295,36508,36568,high_block,2895.0690499999996,False,False,regain,phase_outcome_dense,0
1996435,296,36568,36648,low_block,2463.144125,False,False,other,phase_outcome_dense,0
1996435,298,36843,36848,medium_block,2304.5888999999997,False,False,other,phase_outcome_dense,0
1996435,299,36848,36934,high_block,2682.93615,False,False,regain,phase_outcome_dense,0
1996435,301,37020,37157,high_block,2511.3118,False,False,disruption,phase_outcome_dense,0
1996435,302,37157,37180,medium_block,2606.8781249999997,False,False,disruption,phase_outcome_dense,0
1996435,304,38099,38161,high_block,2559.8133,False,False,other,phase_outcome_dense,0
1996435,305,38161,38231,medium_block,1975.782575,False,False,other,phase_outcome_dense,0
1996435,306,38231,38469,low_block,1237.1717250000002,False,False,progression,phase_outcome_dense,1
1996435,308,38504,38702,medium_block,1529.1045,False,False,other,phase_outcome_dense,0
1996435,309,38702,38712,low_block,1829.475075,False,False,other,phase_outcome_dense,0
1996435,310,38712,38736,medium_block,1694.526,False,False,other,phase_outcome_dense,0
1996435,311,38736,38826,low_block,1442.890225,False,False,other,phase_outcome_dense,0
1996435,312,38826,38875,medium_block,1315.452875,False,False,other,phase_outcome_dense,0
1996435,313,38875,38902,low_block,1382.9238750000002,False,False,other,phase_outcome_dense,0
1996435,314,38902,38956,medium_block,1518.7039250000003,False,False,regain,phase_outcome_dense,0
1996435,317,39528,39814,medium_block,1316.191,False,False,regain,phase_outcome_dense,0
1996435,318,39814,39929,medium_block,2242.8525,False,False,other,phase_outcome_dense,0
1996435,319,39929,40114,low_block,1132.2867,False,False,other,phase_outcome_dense,0
1996435,321,40730,40784,high_block,2082.2535,False,False,regain,phase_outcome_dense,0
1996435,323,40806,41123,medium_block,2136.7686000000003,True,False,shot,phase_outcome_dense,1
1996435,324,41123,41136,low_block,1767.94495,True,False,shot,phase_outcome_dense,1
1996435,325,41136,41148,medium_block,1679.3764000000003,True,False,shot,phase_outcome_dense,1
1996435,326,41148,41197,low_block,1408.1457,True,False,shot,phase_outcome_dense,1
1996435,327,41197,41342,medium_block,1553.0787500000001,True,False,shot,phase_outcome_dense,1
1996435,328,41342,41415,low_block,1523.6275500000002,True,False,shot,phase_outcome_dense,1
1996435,331,42200,42294,medium_block,1990.996225,False,False,other,phase_outcome_dense,0
1996435,332,42294,42354,low_block,2006.452,False,False,other,phase_outcome_dense,0
1996435,334,42736,42837,high_block,1726.0519499999998,False,False,regain,phase_outcome_dense,0
1996435,335,42837,42862,medium_block,1803.76885,False,False,regain,phase_outcome_dense,0
1996435,336,42862,43098,high_block,2212.1271500000003,False,False,regain,phase_outcome_dense,0
1996435,344,43781,43952,medium_block,1383.8893000000003,False,False,other,phase_outcome_dense,0
1996435,345,43952,43998,low_block,1396.8902999999998,False,False,other,phase_outcome_dense,0
1996435,348,44040,44099,medium_block,1317.39055,False,False,other,phase_outcome_dense,0
1996435,349,44099,44191,high_block,1833.4081999999999,False,False,other,phase_outcome_dense,0
1996435,350,44191,44320,medium_block,1929.7584,False,False,regain,phase_outcome_dense,0
1996435,352,44381,44596,low_block,1322.959,False,False,progression,phase_outcome_dense,1
1996435,354,45011,45054,low_block,1367.4779750000002,False,False,other,phase_outcome_dense,0
1996435,355,45054,45078,medium_block,1458.5120000000002,False,False,progression,phase_outcome_dense,1
1996435,356,45078,45196,medium_block,2405.1720000000005,True,False,shot,phase_outcome_dense,1
1996435,357,45196,45269,low_block,1672.532,True,False,shot,phase_outcome_dense,1
1996435,358,45529,45551,high_block,2850.1142,True,True,goal,phase_outcome_dense,1
1996435,359,45551,45586,medium_block,2529.129375,True,True,goal,phase_outcome_dense,1
1996435,360,45586,45621,high_block,2347.38325,True,True,goal,phase_outcome_dense,1
1996435,361,45621,45687,medium_block,2083.8635,True,True,goal,phase_outcome_dense,1
1996435,362,45687,45787,low_block,1371.0464000000002,True,True,goal,phase_outcome_dense,1
1996435,363,46578,46707,medium_block,1639.090575,False,False,other,phase_outcome_dense,0
1996435,364,46707,46834,low_block,1261.62095,False,False,other,phase_outcome_dense,0
1996435,366,47402,47641,high_block,2335.055,False,False,regain,phase_outcome_dense,0
1996435,367,47641,47646,medium_block,2309.7852000000003,False,False,other,phase_outcome_dense,0
1996435,370,47864,47902,high_block,2458.1972,False,False,other,phase_outcome_dense,0
1996435,373,47998,48156,medium_block,2123.6017500000003,False,False,regain,phase_outcome_dense,0
1996435,374,48156,48258,high_block,2414.0193500000005,False,False,other,phase_outcome_dense,0
1996435,375,48258,48414,medium_block,1593.8328500000002,False,False,other,phase_outcome_dense,0
1996435,376,48414,48444,low_block,1272.5508,False,False,other,phase_outcome_dense,0
1996435,380,48544,48611,medium_block,2357.4754,False,False,disruption,phase_outcome_dense,0
1996435,381,48655,48685,medium_block,1547.4502499999999,True,False,shot,phase_outcome_dense,1
1996435,382,48685,48733,low_block,1459.379025,True,False,shot,phase_outcome_dense,1
1996435,383,48908,48960,medium_block,2256.5816,False,False,regain,phase_outcome_dense,0
1996435,385,48999,49033,high_block,2150.8749,False,False,other,phase_outcome_dense,0
1996435,386,49033,49141,medium_block,1882.6354249999997,False,False,other,phase_outcome_dense,0
1996435,387,49141,49238,low_block,2167.603575,False,False,other,phase_outcome_dense,0
1996435,388,49238,49252,medium_block,1172.23605,False,False,other,phase_outcome_dense,0
1996435,389,49252,49304,low_block,1122.18575,False,False,other,phase_outcome_dense,0
1996435,390,49304,49330,medium_block,1128.1644000000001,False,False,other,phase_outcome_dense,0
1996435,391,49330,49472,low_block,903.4528999999999,False,False,other,phase_outcome_dense,0
1996435,394,49861,49905,high_block,1841.1935,False,False,other,phase_outcome_dense,0
1996435,395,49905,49977,medium_block,2068.2967500000004,False,False,other,phase_outcome_dense,0
1996435,397,50455,50518,medium_block,3100.9410000000003,True,True,goal,phase_outcome_dense,1
1996435,398,50518,50773,low_block,1872.3471000000002,True,True,goal,phase_outcome_dense,1
1996435,399,51849,51945,medium_block,1685.123,False,False,regain,phase_outcome_dense,0
1996435,400,51945,52084,medium_block,2652.6544999999996,False,False,other,phase_outcome_dense,0
1996435,401,52084,52149,low_block,1762.1468999999995,False,False,other,phase_outcome_dense,0
1996435,403,52306,52488,medium_block,1678.2843000000003,False,False,other,phase_outcome_dense,0
1996435,404,52488,52513,low_block,1674.4539999999997,False,False,progression,phase_outcome_dense,1
1996435,405,52806,52873,medium_block,1267.19125,False,False,other,phase_outcome_dense,0
1996435,409,53068,53150,medium_block,1540.1162,False,False,disruption,phase_outcome_dense,0
1996435,410,53289,53420,low_block,1214.352625,False,False,progression,phase_outcome_dense,1
1996435,412,53530,53593,low_block,976.3028999999999,False,False,other,phase_outcome_dense,0
1996435,413,53739,53773,low_block,952.5685499999998,False,False,other,phase_outcome_dense,0
1996435,414,53773,53791,medium_block,1126.4046749999998,False,False,other,phase_outcome_dense,0
1996435,415,53791,53796,low_block,1162.0786500000002,False,False,other,phase_outcome_dense,0
1996435,416,53796,53798,medium_block,1173.0354999999997,False,False,other,phase_outcome_dense,0
1996435,417,53798,53920,low_block,1082.6408999999999,False,False,progression,phase_outcome_dense,1
1996435,419,54027,54101,high_block,2513.7378000000003,True,False,shot,phase_outcome_dense,1
1996435,420,54101,54249,medium_block,2028.7058749999999,True,False,shot,phase_outcome_dense,1
1996435,421,54249,54305,low_block,1460.617125,True,False,shot,phase_outcome_dense,1
1996435,422,54721,54763,medium_block,1351.2576,False,False,disruption,phase_outcome_dense,0
1996435,423,54763,54853,medium_block,1521.6783750000002,False,False,disruption,phase_outcome_dense,0
1996435,425,55028,55145,high_block,2185.5566000000003,False,False,disruption,phase_outcome_dense,0
1996435,426,55145,55185,medium_block,2019.295,False,False,disruption,phase_outcome_dense,0
1996435,428,55690,55770,medium_block,1496.3234999999997,False,False,regain,phase_outcome_dense,0
1996435,430,56056,56091,high_block,1711.171,False,False,regain,phase_outcome_dense,0
1996435,431,56091,56153,medium_block,1900.3865999999998,False,False,regain,phase_outcome_dense,0
1996435,432,56153,56258,high_block,2395.2977000000005,False,False,other,phase_outcome_dense,0
1996435,433,56258,56305,medium_block,2316.0285000000003,False,False,other,phase_outcome_dense,0
1996435,434,56396,56507,medium_block,1645.312625,True,False,shot,phase_outcome_dense,1
1996435,435,56507,56575,low_block,1079.742625,True,False,shot,phase_outcome_dense,1
1996435,436,56813,56884,high_block,2523.46045,True,False,shot,phase_outcome_dense,1
1996435,437,56884,56935,medium_block,2541.340725,True,False,shot,phase_outcome_dense,1
1996435,438,56935,56959,low_block,2704.80735,False,False,progression,phase_outcome_dense,1
1996435,439,57104,57266,medium_block,1765.2058000000002,False,False,other,phase_outcome_dense,0
1996435,440,57266,57398,low_block,2342.548475,False,False,other,phase_outcome_dense,0
1996436,0,35,93,medium_block,1396.1825999999999,False,False,other,phase_outcome_dense,0
1996436,1,93,108,low_block,1241.3407,False,False,other,phase_outcome_dense,0
1996436,4,487,556,high_block,2243.2318,False,False,other,phase_outcome_dense,0
1996436,10,1297,1377,low_block,1088.54775,False,False,other,phase_outcome_dense,0
1996436,12,1572,1608,medium_block,1907.5239749999998,False,False,regain,phase_outcome_dense,0
1996436,14,1699,1718,medium_block,1422.5969,False,False,other,phase_outcome_dense,0
1996436,15,1718,1776,low_block,1382.1254999999999,False,False,other,phase_outcome_dense,0
1996436,17,2134,2202,high_block,1962.5261,False,False,regain,phase_outcome_dense,0
1996436,18,2202,2233,medium_block,2146.0937999999996,False,False,progression,phase_outcome_dense,1
1996436,20,2235,2344,medium_block,1768.4335499999997,False,False,other,phase_outcome_dense,0
1996436,21,2344,2415,low_block,1225.071,False,False,other,phase_outcome_dense,0
1996436,22,2415,2429,medium_block,1151.1710999999998,False,False,other,phase_outcome_dense,0
1996436,23,2429,2497,low_block,1909.1259000000002,False,False,progression,phase_outcome_dense,1
1996436,25,2548,2720,medium_block,2385.4593750000004,False,False,other,phase_outcome_dense,0
1996436,27,2757,2761,medium_block,2147.93685,False,False,progression,phase_outcome_dense,1
1996436,28,2761,2793,low_block,2175.8093750000003,False,False,regain,phase_outcome_dense,0
1996436,29,2793,2847,high_block,3103.68625,False,False,regain,phase_outcome_dense,0
1996436,30,2847,2995,low_block,1780.9038000000003,False,False,other,phase_outcome_dense,0
1996436,31,2995,3011,medium_block,1426.371525,False,False,progression,phase_outcome_dense,1
1996436,40,6190,6248,medium_block,1553.6106750000001,False,False,other,phase_outcome_dense,0
1996436,41,6248,6277,high_block,2135.2670999999996,False,False,other,phase_outcome_dense,0
1996436,56,7489,7584,high_block,2326.0788250000005,False,False,other,phase_outcome_dense,0
1996436,57,7584,7668,medium_block,2168.76165,False,False,progression,phase_outcome_dense,1
1996436,58,7668,7698,low_block,2006.83455,False,False,progression,phase_outcome_dense,1
1996436,59,7698,7771,high_block,3191.5234,False,False,other,phase_outcome_dense,0
1996436,63,7924,8173,high_block,2740.63585,False,False,other,phase_outcome_dense,0
1996436,64,8296,8399,medium_block,1926.8460749999997,True,False,shot,phase_outcome_dense,1
1996436,65,8399,8663,low_block,1447.2408,True,False,shot,phase_outcome_dense,1
1996436,69,9221,9260,medium_block,1994.8041249999997,False,False,other,phase_outcome_dense,0
1996436,70,9260,9443,high_block,2044.69395,False,False,regain,phase_outcome_dense,0
1996436,71,9443,9456,medium_block,2279.19445,False,False,other,phase_outcome_dense,0
1996436,73,9705,9773,high_block,2654.322,False,False,other,phase_outcome_dense,0
1996436,74,9773,9795,medium_block,2495.7401999999997,False,False,progression,phase_outcome_dense,1
1996436,76,9840,9905,medium_block,2543.4932999999996,False,False,other,phase_outcome_dense,0
1996436,77,9905,10096,low_block,2189.0387250000003,False,False,other,phase_outcome_dense,0
1996436,82,10954,10994,low_block,1235.821725,True,True,goal,phase_outcome_dense,1
1996436,83,11781,11871,medium_block,2194.70275,False,False,other,phase_outcome_dense,0
1996436,84,11871,11943,high_block,2178.6908,False,False,other,phase_outcome_dense,0
1996436,85,11943,12093,medium_block,2258.9816,False,False,other,phase_outcome_dense,0
1996436,86,12093,12133,high_block,2187.50695,False,False,other,phase_outcome_dense,0
1996436,87,12133,12281,medium_block,2263.038675,False,False,other,phase_outcome_dense,0
1996436,88,12281,12393,high_block,2423.9486250000004,False,False,other,phase_outcome_dense,0
1996436,91,12438,12458,low_block,2177.95075,False,False,other,phase_outcome_dense,0
1996436,92,12458,12619,medium_block,2038.561875,False,False,other,phase_outcome_dense,0
1996436,93,12619,12718,low_block,1768.53,False,False,other,phase_outcome_dense,0
1996436,95,13029,13085,high_block,1919.0020000000002,False,False,progression,phase_outcome_dense,1
1996436,96,13532,13608,low_block,1480.6596000000002,False,False,other,phase_outcome_dense,0
1996436,97,13608,13741,medium_block,1562.9525999999998,False,False,progression,phase_outcome_dense,1
1996436,98,13741,13751,low_block,1671.3585000000003,False,False,progression,phase_outcome_dense,1
1996436,99,13900,13918,high_block,1958.871875,False,False,progression,phase_outcome_dense,1
1996436,101,13940,14132,medium_block,1729.9229499999997,False,False,other,phase_outcome_dense,0
1996436,104,14405,14581,medium_block,1769.6591999999998,False,False,other,phase_outcome_dense,0
1996436,105,14581,14647,low_block,1744.0677750000002,False,False,other,phase_outcome_dense,0
1996436,106,14714,14762,medium_block,1592.4815999999998,False,False,other,phase_outcome_dense,0
1996436,109,15378,15426,medium_block,2001.38785,False,False,regain,phase_outcome_dense,0
1996436,110,15426,15445,high_block,2493.0622499999995,False,False,regain,phase_outcome_dense,0
1996436,112,15479,15640,medium_block,1930.9823999999999,False,False,progression,phase_outcome_dense,1
1996436,113,15640,15748,medium_block,2309.96925,False,False,other,phase_outcome_dense,0
1996436,114,15748,15755,low_block,1534.2975,False,False,other,phase_outcome_dense,0
1996436,118,17180,17380,medium_block,1424.6771000000003,False,False,regain,phase_outcome_dense,0
1996436,122,17530,17561,low_block,1431.9184499999997,True,False,shot,phase_outcome_dense,1
1996436,123,17561,17591,medium_block,1430.8874999999998,True,False,shot,phase_outcome_dense,1
1996436,124,17591,17633,low_block,1409.03525,True,False,shot,phase_outcome_dense,1
1996436,125,18114,18207,medium_block,2161.2186,False,False,other,phase_outcome_dense,0
1996436,128,18278,18309,low_block,1432.9225,False,False,other,phase_outcome_dense,0
1996436,129,18309,18331,medium_block,1323.594,False,False,other,phase_outcome_dense,0
1996436,130,18331,18344,low_block,1329.2934,False,False,other,phase_outcome_dense,0
1996436,132,18421,18448,high_block,1971.692325,False,False,disruption,phase_outcome_dense,0
1996436,133,18448,18486,medium_block,1873.60985,False,False,disruption,phase_outcome_dense,0
1996436,134,19033,19040,medium_block,1832.5439999999999,False,False,other,phase_outcome_dense,0
1996436,135,19040,19106,low_block,1942.51655,False,False,other,phase_outcome_dense,0
1996436,136,19209,19274,low_block,1297.016,False,False,other,phase_outcome_dense,0
1996436,137,19274,19436,medium_block,1359.8815,False,False,progression,phase_outcome_dense,1
1996436,139,19461,19578,medium_block,1904.3859000000002,False,False,progression,phase_outcome_dense,1
1996436,140,19578,19604,low_block,2053.7467500000002,False,False,progression,phase_outcome_dense,1
1996436,141,19604,19734,high_block,2698.4682500000004,False,False,other,phase_outcome_dense,0
1996436,142,19734,19934,medium_block,2095.4628000000002,False,False,regain,phase_outcome_dense,0
1996436,143,19934,20005,medium_block,2536.79115,False,False,other,phase_outcome_dense,0
1996436,147,20591,20614,medium_block,1587.9102750000002,True,False,shot,phase_outcome_dense,1
1996436,148,20614,20758,low_block,1500.7796999999998,True,False,shot,phase_outcome_dense,1
1996436,149,20758,20921,high_block,2757.5904,False,False,other,phase_outcome_dense,0
1996436,150,20921,20959,medium_block,2476.89,False,False,progression,phase_outcome_dense,1
1996436,152,21021,21249,medium_block,2058.0296,False,False,disruption,phase_outcome_dense,0
1996436,153,21401,21606,medium_block,1718.9746749999997,False,False,regain,phase_outcome_dense,0
1996436,154,21606,21654,high_block,2836.147,False,False,regain,phase_outcome_dense,0
1996436,155,21654,21673,medium_block,2180.8683,False,False,regain,phase_outcome_dense,0
1996436,160,22698,22840,medium_block,2091.1937250000005,False,False,progression,phase_outcome_dense,1
1996436,161,23085,23153,medium_block,1520.826,False,False,progression,phase_outcome_dense,1
1996436,162,23210,23329,medium_block,2003.2324,False,False,other,phase_outcome_dense,0
1996436,163,23451,23453,medium_block,,False,False,other,phase_outcome_dense,0
1996436,164,23453,23526,low_block,1377.6251249999998,False,False,other,phase_outcome_dense,0
1996436,165,23526,23551,medium_block,1438.1705000000002,False,False,other,phase_outcome_dense,0
1996436,166,23551,23597,high_block,1616.1748750000002,False,False,other,phase_outcome_dense,0
1996436,167,23597,23615,medium_block,1700.5703749999998,False,False,other,phase_outcome_dense,0
1996436,169,23643,23710,low_block,1436.3833499999998,False,False,other,phase_outcome_dense,0
1996436,172,24164,24264,medium_block,1817.2386,False,False,other,phase_outcome_dense,0
1996436,173,24264,24293,low_block,1863.8576000000003,False,False,other,phase_outcome_dense,0
1996436,174,24293,24428,medium_block,1922.8557,False,False,disruption,phase_outcome_dense,0
1996436,177,24609,24676,medium_block,1489.6233,False,False,progression,phase_outcome_dense,1
1996436,178,24676,24800,low_block,1384.3635,False,False,progression,phase_outcome_dense,1
1996436,179,24800,24875,high_block,3007.4500500000004,False,False,other,phase_outcome_dense,0
1996436,180,24875,25074,medium_block,1943.4141,False,False,other,phase_outcome_dense,0
1996436,181,25514,25580,low_block,700.3886249999999,False,False,progression,phase_outcome_dense,1
1996436,182,25580,25673,medium_block,2594.95065,False,False,other,phase_outcome_dense,0
1996436,183,25719,26012,medium_block,1662.6852749999998,True,False,shot,phase_outcome_dense,1
1996436,184,26012,26208,low_block,1102.5254249999998,True,False,shot,phase_outcome_dense,1
1996436,188,27425,27466,high_block,1787.4330499999999,False,False,regain,phase_outcome_dense,0
1996436,189,27466,27508,medium_block,1744.5857000000003,False,False,regain,phase_outcome_dense,0
1996436,190,27508,27603,medium_block,1860.1891999999998,False,False,progression,phase_outcome_dense,1
1996436,191,27603,27699,medium_block,2285.8415,False,False,regain,phase_outcome_dense,0
1996436,193,27916,28023,low_block,1596.4457750000001,False,False,progression,phase_outcome_dense,1
1996436,195,28146,28177,medium_block,1587.62245,False,False,other,phase_outcome_dense,0
1996436,198,28361,28467,medium_block,1449.5076250000002,True,False,shot,phase_outcome_dense,1
1996436,199,28467,28670,low_block,1350.3799999999999,True,False,shot,phase_outcome_dense,1
1996436,200,28670,28730,medium_block,1245.74745,False,False,other,phase_outcome_dense,0
1996436,201,28730,28747,low_block,1382.79795,False,False,other,phase_outcome_dense,0
1996436,202,28747,28837,medium_block,1497.4963500000001,False,False,other,phase_outcome_dense,0
1996436,203,28837,28865,low_block,1654.5545999999997,False,False,other,phase_outcome_dense,0
1996436,204,28865,28984,medium_block,1932.696675,False,False,progression,phase_outcome_dense,1
1996436,205,28984,29010,low_block,2041.57635,False,False,progression,phase_outcome_dense,1
1996436,206,29010,29080,high_block,3022.399575,False,False,progression,phase_outcome_dense,1
1996436,207,29168,29218,low_block,1140.0551249999999,True,False,shot,phase_outcome_dense,1
1996436,208,29255,29511,medium_block,2396.8725,False,False,other,phase_outcome_dense,0
1996436,211,29555,29560,medium_block,1681.27125,True,False,shot,phase_outcome_dense,1
1996436,212,29560,29681,low_block,1416.8309,True,False,shot,phase_outcome_dense,1
1996436,214,30139,30177,medium_block,2400.0933,False,False,other,phase_outcome_dense,0
1996436,215,30177,30289,medium_block,1589.41075,False,False,other,phase_outcome_dense,0
1996436,216,30289,30343,low_block,1287.9439999999997,False,False,other,phase_outcome_dense,0
1996436,217,30343,30347,medium_block,1163.63075,False,False,other,phase_outcome_dense,0
1996436,218,30347,30417,low_block,1264.4343999999999,False,False,other,phase_outcome_dense,0
1996436,219,30417,30674,medium_block,1371.58805,False,False,other,phase_outcome_dense,0
1996436,220,30674,30740,low_block,1282.5018500000003,False,False,progression,phase_outcome_dense,1
1996436,222,30857,30892,high_block,2678.10225,False,False,other,phase_outcome_dense,0
1996436,223,30892,31079,medium_block,2351.7531,False,False,other,phase_outcome_dense,0
1996436,224,31079,31118,low_block,1731.49735,False,False,other,phase_outcome_dense,0
1996436,225,31118,31196,medium_block,1542.2519,False,False,other,phase_outcome_dense,0
1996436,227,31382,31631,medium_block,1867.7852750000002,False,False,other,phase_outcome_dense,0
1996436,228,31704,31912,medium_block,1830.7334000000003,False,False,disruption,phase_outcome_dense,0
1996436,229,31912,32138,low_block,1630.0203749999998,False,False,other,phase_outcome_dense,0
1996436,232,32348,32425,low_block,1675.05075,False,False,other,phase_outcome_dense,0
1996436,238,35521,35583,low_block,1047.916125,False,False,progression,phase_outcome_dense,1
1996436,239,35870,36052,medium_block,1255.0101,True,False,shot,phase_outcome_dense,1
1996436,240,36052,36116,low_block,1224.1881,True,False,shot,phase_outcome_dense,1
1996436,245,37125,37194,medium_block,1533.79485,False,False,progression,phase_outcome_dense,1
1996436,247,37217,37290,medium_block,1580.6999999999998,True,False,shot,phase_outcome_dense,1
1996436,248,37290,37349,low_block,1397.7942,True,False,shot,phase_outcome_dense,1
1996436,250,37933,38021,high_block,1719.7761,False,False,other,phase_outcome_dense,0
1996436,251,38021,38136,medium_block,2036.472,False,False,other,phase_outcome_dense,0
1996436,252,38136,38188,low_block,1748.4934499999997,False,False,progression,phase_outcome_dense,1
1996436,253,38188,38238,high_block,2807.076375,False,False,other,phase_outcome_dense,0
1996436,254,38238,38396,medium_block,2347.400775,False,False,other,phase_outcome_dense,0
1996436,255,38396,38448,low_block,1620.9089,False,False,other,phase_outcome_dense,0
1996436,258,39092,39134,low_block,1052.9409,True,False,shot,phase_outcome_dense,1
1996436,260,39542,39606,medium_block,1612.274875,False,False,other,phase_outcome_dense,0
1996436,261,39606,39664,low_block,1503.6381500000002,False,False,other,phase_outcome_dense,0
1996436,264,39708,39765,low_block,1148.9972,True,False,shot,phase_outcome_dense,1
1996436,266,40328,40347,low_block,1259.905,True,False,shot,phase_outcome_dense,1
1996436,267,40347,40412,medium_block,1405.114775,True,False,shot,phase_outcome_dense,1
1996436,268,40412,40468,high_block,1953.825325,True,False,shot,phase_outcome_dense,1
1996436,269,40468,40794,medium_block,1950.5622500000002,True,False,shot,phase_outcome_dense,1
1996436,270,40794,40931,low_block,1226.580375,True,False,shot,phase_outcome_dense,1
1996436,274,41518,41597,medium_block,1758.9682,False,False,progression,phase_outcome_dense,1
1996436,275,41597,41864,medium_block,1861.8871000000001,False,False,other,phase_outcome_dense,0
1996436,276,41864,41906,low_block,1618.7884499999998,False,False,other,phase_outcome_dense,0
1996436,277,41906,42052,medium_block,1547.5768000000003,False,False,other,phase_outcome_dense,0
1996436,278,42052,42151,low_block,1199.1573,False,False,disruption,phase_outcome_dense,0
1996436,279,42151,42226,medium_block,1986.297,False,False,disruption,phase_outcome_dense,0
1996436,280,42632,42751,medium_block,1517.91575,False,False,progression,phase_outcome_dense,1
1996436,281,42751,42802,low_block,1426.3754999999999,False,False,progression,phase_outcome_dense,1
1996436,283,43520,43730,medium_block,1527.61205,False,False,other,phase_outcome_dense,0
1996436,284,43730,43806,low_block,1366.5340999999999,False,False,progression,phase_outcome_dense,1
1996436,285,43806,44040,medium_block,2167.1499999999996,False,False,regain,phase_outcome_dense,0
1996436,287,44165,44230,low_block,1626.6132999999998,True,False,shot,phase_outcome_dense,1
1996436,289,44695,44875,medium_block,1882.20935,False,False,progression,phase_outcome_dense,1
1996436,290,44875,45122,low_block,1129.06195,False,False,progression,phase_outcome_dense,1
1996436,292,45534,45545,medium_block,1113.954975,False,False,other,phase_outcome_dense,0
1996436,293,45545,45610,low_block,1425.4468499999998,False,False,other,phase_outcome_dense,0
1996436,296,46350,46381,high_block,1737.2896,False,False,regain,phase_outcome_dense,0
1996436,297,46381,46415,medium_block,1700.0424,False,False,progression,phase_outcome_dense,1
1996436,299,46539,46667,medium_block,1982.210625,False,False,other,phase_outcome_dense,0
1996436,300,46667,46791,low_block,1421.177025,False,False,other,phase_outcome_dense,0
1996436,303,47043,47074,medium_block,2231.5119999999997,False,False,other,phase_outcome_dense,0
1996436,304,47074,47167,high_block,2461.6375,False,False,progression,phase_outcome_dense,1
1996436,306,47188,47304,medium_block,1798.02205,False,False,other,phase_outcome_dense,0
1996436,307,47304,47337,low_block,1159.57285,False,False,other,phase_outcome_dense,0
1996436,311,48601,48754,medium_block,1903.3476249999999,False,False,other,phase_outcome_dense,0
1996436,314,49044,49086,low_block,832.6023,False,False,other,phase_outcome_dense,0
1996436,320,50188,50332,medium_block,2187.1139999999996,False,False,other,phase_outcome_dense,0
1996436,326,51859,52089,medium_block,1577.8801999999996,False,False,disruption,phase_outcome_dense,0
1996436,327,52089,52193,low_block,1093.7331,False,False,other,phase_outcome_dense,0
1996436,328,52261,52391,medium_block,1232.17955,False,False,progression,phase_outcome_dense,1
1996436,329,52391,52412,low_block,1198.1298,False,False,progression,phase_outcome_dense,1
1996436,330,52412,52529,medium_block,2824.2740750000003,False,False,other,phase_outcome_dense,0
1996436,333,53014,53015,medium_block,,True,False,shot,phase_outcome_dense,1
1996436,334,53015,53086,low_block,1214.48405,True,False,shot,phase_outcome_dense,1
1996436,335,53236,53300,high_block,2198.5941999999995,False,False,progression,phase_outcome_dense,1
1996436,336,53300,53324,medium_block,1969.3597499999998,False,False,progression,phase_outcome_dense,1
1996436,338,53785,53838,high_block,1836.7601999999997,False,False,regain,phase_outcome_dense,0
1996436,339,53838,53870,medium_block,2191.40415,False,False,regain,phase_outcome_dense,0
1996436,342,53929,54004,medium_block,1677.7692000000002,True,False,shot,phase_outcome_dense,1
1996436,343,54004,54061,high_block,2103.2804499999997,True,False,shot,phase_outcome_dense,1
1996436,344,54061,54110,medium_block,2026.0281500000003,True,False,shot,phase_outcome_dense,1
1996436,345,54110,54166,low_block,1744.3585500000002,True,False,shot,phase_outcome_dense,1
1996436,346,54166,54211,high_block,2504.9246,False,False,disruption,phase_outcome_dense,0
1996436,347,54376,54437,medium_block,2422.9568,False,False,progression,phase_outcome_dense,1
1996436,348,54437,54525,low_block,1808.49575,False,False,progression,phase_outcome_dense,1
1996436,349,54525,54643,high_block,2952.9005999999995,False,False,other,phase_outcome_dense,0
1996436,350,54643,54653,medium_block,2860.8800000000006,False,False,other,phase_outcome_dense,0
1996436,351,55034,55044,medium_block,1521.34605,False,False,other,phase_outcome_dense,0
1996436,352,55044,55134,low_block,1738.318725,False,False,other,phase_outcome_dense,0
1996436,353,55285,55383,low_block,1094.99895,True,False,shot,phase_outcome_dense,1
1996436,357,56103,56124,medium_block,1408.7193750000001,False,False,other,phase_outcome_dense,0
1996436,358,56124,56156,high_block,2150.333175,False,False,other,phase_outcome_dense,0
1996436,360,56236,56298,medium_block,1953.766725,False,False,other,phase_outcome_dense,0
1996436,361,56298,56397,low_block,1446.6149,False,False,other,phase_outcome_dense,0
1996436,362,56397,56452,medium_block,1433.6744749999996,False,False,other,phase_outcome_dense,0
1996436,363,56452,56489,low_block,1402.3940000000002,False,False,other,phase_outcome_dense,0
1996436,369,57460,57536,medium_block,1328.5856999999999,False,False,other,phase_outcome_dense,0
1996436,370,57536,57791,low_block,1376.3795000000002,False,False,other,phase_outcome_dense,0
1996436,371,57791,57843,medium_block,1485.328625,False,False,other,phase_outcome_dense,0
1996436,373,57906,58113,low_block,1740.688425,True,False,shot,phase_outcome_dense,1
1996436,375,58714,58723,low_block,1153.24245,False,False,other,phase_outcome_dense,0
1996436,376,58780,58817,high_block,2181.504,False,False,other,phase_outcome_dense,0
1996436,377,58817,58861,medium_block,2081.5013,False,False,other,phase_outcome_dense,0
1996436,381,59997,60036,medium_block,1510.3182750000003,False,False,other,phase_outcome_dense,0
2006229,0,18,91,medium_block,1704.9912,False,False,other,phase_outcome_dense,0
2006229,3,178,195,medium_block,2182.2652,False,False,regain,phase_outcome_dense,0
2006229,4,195,243,high_block,2279.5136,False,False,regain,phase_outcome_dense,0
2006229,5,243,259,medium_block,2173.392,False,False,other,phase_outcome_dense,0
2006229,11,554,663,medium_block,2023.58565,True,False,shot,phase_outcome_dense,1
2006229,13,697,901,medium_block,2244.9726,False,False,other,phase_outcome_dense,0
2006229,15,1325,1336,low_block,1389.8354249999998,False,False,other,phase_outcome_dense,0
2006229,16,1336,1559,medium_block,1709.268975,False,False,progression,phase_outcome_dense,1
2006229,18,1609,1727,medium_block,1849.4756000000002,False,False,progression,phase_outcome_dense,1
2006229,19,1727,1768,low_block,1274.48,False,False,progression,phase_outcome_dense,1
2006229,23,2831,2908,medium_block,1426.2732250000001,False,False,other,phase_outcome_dense,0
2006229,24,2908,2964,high_block,2292.7092000000002,False,False,other,phase_outcome_dense,0
2006229,25,2964,3007,medium_block,2446.1753249999997,False,False,regain,phase_outcome_dense,0
2006229,30,3248,3288,medium_block,1550.75525,False,False,regain,phase_outcome_dense,0
2006229,31,3288,3346,high_block,2376.8765999999996,False,False,regain,phase_outcome_dense,0
2006229,35,3482,3885,medium_block,1630.4075999999998,False,False,other,phase_outcome_dense,0
2006229,36,3885,4003,low_block,1325.19915,False,False,progression,phase_outcome_dense,1
2006229,37,4003,4147,high_block,2127.57325,False,False,regain,phase_outcome_dense,0
2006229,38,4147,4261,medium_block,1454.5878749999997,False,False,regain,phase_outcome_dense,0
2006229,40,4358,4579,medium_block,1418.2074999999998,False,False,other,phase_outcome_dense,0
2006229,42,4616,4646,low_block,2341.3678,False,False,progression,phase_outcome_dense,1
2006229,44,5145,5202,medium_block,1528.3242,False,False,progression,phase_outcome_dense,1
2006229,46,5291,5328,low_block,1095.4689999999998,False,False,other,phase_outcome_dense,0
2006229,47,5328,5445,medium_block,1341.312225,False,False,progression,phase_outcome_dense,1
2006229,49,5716,5861,high_block,2693.1111,False,False,disruption,phase_outcome_dense,0
2006229,50,5861,5920,medium_block,2559.9018,False,False,progression,phase_outcome_dense,1
2006229,51,5920,6153,high_block,2430.9857,False,False,other,phase_outcome_dense,0
2006229,52,6982,7012,high_block,1989.61675,False,False,other,phase_outcome_dense,0
2006229,53,7012,7020,medium_block,2086.733,False,False,other,phase_outcome_dense,0
2006229,56,7262,7300,high_block,2618.03545,False,False,other,phase_outcome_dense,0
2006229,57,7300,7396,medium_block,1951.8411,False,False,other,phase_outcome_dense,0
2006229,58,7396,7438,low_block,1339.8152499999999,False,False,other,phase_outcome_dense,0
2006229,60,7538,7650,low_block,1220.8845,False,False,other,phase_outcome_dense,0
2006229,61,7650,7678,medium_block,1285.87305,False,False,other,phase_outcome_dense,0
2006229,62,7678,7745,low_block,1474.58755,False,False,progression,phase_outcome_dense,1
2006229,63,7828,7914,high_block,2061.122,False,False,regain,phase_outcome_dense,0
2006229,65,8128,8309,low_block,1020.396,False,False,other,phase_outcome_dense,0
2006229,66,8309,8793,medium_block,1650.1529999999998,False,False,other,phase_outcome_dense,0
2006229,67,8793,9004,low_block,1287.40865,False,False,other,phase_outcome_dense,0
2006229,69,9614,9661,low_block,942.5567500000001,False,False,other,phase_outcome_dense,0
2006229,70,9661,9680,medium_block,1123.9245,False,False,other,phase_outcome_dense,0
2006229,71,9680,10079,low_block,1209.635775,False,False,progression,phase_outcome_dense,1
2006229,73,11081,11287,medium_block,1463.49035,False,False,other,phase_outcome_dense,0
2006229,74,11287,11399,high_block,2256.9597,False,False,other,phase_outcome_dense,0
2006229,75,11399,11468,medium_block,2333.2644,False,False,other,phase_outcome_dense,0
2006229,76,11468,11511,low_block,1408.27365,False,False,progression,phase_outcome_dense,1
2006229,77,11511,11669,high_block,2426.4945000000002,False,False,other,phase_outcome_dense,0
2006229,82,12454,12484,medium_block,1637.6894000000002,False,False,other,phase_outcome_dense,0
2006229,83,12484,12607,high_block,2042.8380000000004,False,False,regain,phase_outcome_dense,0
2006229,86,12733,12885,high_block,2947.7963250000003,False,False,other,phase_outcome_dense,0
2006229,87,12885,12950,medium_block,2221.1911999999998,False,False,other,phase_outcome_dense,0
2006229,88,13231,13238,medium_block,1650.6319500000002,False,False,other,phase_outcome_dense,0
2006229,89,13238,13310,low_block,1635.03,False,False,other,phase_outcome_dense,0
2006229,90,13310,13477,medium_block,1726.6269,False,False,progression,phase_outcome_dense,1
2006229,91,13477,13602,medium_block,2008.4677499999998,False,False,regain,phase_outcome_dense,0
2006229,92,13602,13719,medium_block,2275.2611,False,False,progression,phase_outcome_dense,1
2006229,93,13719,13734,low_block,1602.44665,False,False,progression,phase_outcome_dense,1
2006229,94,13734,13768,high_block,2778.2232,False,False,other,phase_outcome_dense,0
2006229,95,13768,13803,medium_block,2606.6932500000007,False,False,other,phase_outcome_dense,0
2006229,97,14095,14138,medium_block,2706.7039999999997,False,False,other,phase_outcome_dense,0
2006229,98,14138,14172,low_block,2105.7965499999996,False,False,progression,phase_outcome_dense,1
2006229,100,14322,14327,medium_block,,False,False,other,phase_outcome_dense,0
2006229,101,14327,14346,low_block,1094.2365000000002,False,False,other,phase_outcome_dense,0
2006229,102,14346,14466,medium_block,1560.5408,False,False,other,phase_outcome_dense,0
2006229,103,14466,14528,high_block,2299.1488499999996,False,False,other,phase_outcome_dense,0
2006229,104,14528,14557,medium_block,2482.93255,False,False,other,phase_outcome_dense,0
2006229,105,14557,14592,high_block,2280.118875,False,False,other,phase_outcome_dense,0
2006229,106,14592,14745,medium_block,1741.13235,False,False,other,phase_outcome_dense,0
2006229,107,14745,14812,low_block,1187.6684999999998,False,False,other,phase_outcome_dense,0
2006229,110,15184,15317,medium_block,2278.886425,False,False,regain,phase_outcome_dense,0
2006229,111,15317,15394,high_block,2594.09515,False,False,regain,phase_outcome_dense,0
2006229,112,15394,15404,medium_block,2759.8735,False,False,other,phase_outcome_dense,0
2006229,113,15404,15436,low_block,2591.4537,False,False,other,phase_outcome_dense,0
2006229,114,15436,15608,medium_block,2131.4782499999997,False,False,other,phase_outcome_dense,0
2006229,115,15608,15644,low_block,1812.8164499999998,False,False,other,phase_outcome_dense,0
2006229,119,15959,16046,high_block,2694.003,False,False,regain,phase_outcome_dense,0
2006229,120,16046,16081,medium_block,2362.2270000000003,False,False,regain,phase_outcome_dense,0
2006229,122,16274,16393,medium_block,2594.94,False,False,other,phase_outcome_dense,0
2006229,123,16393,16483,high_block,2575.0597499999994,False,False,other,phase_outcome_dense,0
2006229,124,16483,16578,medium_block,2339.057875,False,False,other,phase_outcome_dense,0
2006229,127,17555,17599,high_block,2714.6424,False,False,other,phase_outcome_dense,0
2006229,128,17599,17651,medium_block,2520.784,False,False,other,phase_outcome_dense,0
2006229,129,17651,17719,low_block,1837.1034,False,False,other,phase_outcome_dense,0
2006229,130,17719,17754,medium_block,1514.6852,False,False,other,phase_outcome_dense,0
2006229,131,17754,17768,low_block,1703.5704,False,False,other,phase_outcome_dense,0
2006229,132,17768,17880,medium_block,1633.5722249999997,False,False,other,phase_outcome_dense,0
2006229,133,17880,17999,low_block,1460.283,False,False,other,phase_outcome_dense,0
2006229,134,17999,18003,medium_block,,False,False,other,phase_outcome_dense,0
2006229,136,18405,18514,low_block,1637.2562,False,False,other,phase_outcome_dense,0
2006229,137,18514,18625,medium_block,2037.5404,False,False,progression,phase_outcome_dense,1
2006229,138,18625,18638,low_block,2195.84855,False,False,progression,phase_outcome_dense,1
2006229,139,18638,18726,high_block,3026.8852749999996,False,False,other,phase_outcome_dense,0
2006229,140,18726,18756,medium_block,2432.4621749999997,False,False,other,phase_outcome_dense,0
2006229,141,18853,18864,medium_block,1668.148375,False,False,other,phase_outcome_dense,0
2006229,142,18864,18982,high_block,1884.012,False,False,other,phase_outcome_dense,0
2006229,143,18982,18996,medium_block,2068.2597749999995,False,False,other,phase_outcome_dense,0
2006229,144,19073,19081,medium_block,1643.94495,False,False,other,phase_outcome_dense,0
2006229,145,19081,19162,high_block,2065.98075,False,False,other,phase_outcome_dense,0
2006229,146,19162,19212,medium_block,2367.7007999999996,False,False,progression,phase_outcome_dense,1
2006229,147,19212,19260,medium_block,2586.086625,True,True,goal,phase_outcome_dense,1
2006229,148,19260,19328,high_block,2376.9939999999997,True,True,goal,phase_outcome_dense,1
2006229,149,19328,19389,medium_block,2459.76075,True,True,goal,phase_outcome_dense,1
2006229,151,20251,20308,medium_block,1770.11055,False,False,regain,phase_outcome_dense,0
2006229,154,20371,20407,medium_block,2415.6949,False,False,other,phase_outcome_dense,0
2006229,155,20407,20511,high_block,2501.559825,False,False,other,phase_outcome_dense,0
2006229,156,20511,20539,medium_block,2306.02215,False,False,progression,phase_outcome_dense,1
2006229,159,21136,21210,high_block,2172.4222,False,False,disruption,phase_outcome_dense,0
2006229,160,21288,21396,medium_block,1639.2443999999998,False,False,regain,phase_outcome_dense,0
2006229,162,21469,21553,medium_block,2155.3162,False,False,other,phase_outcome_dense,0
2006229,163,21553,21638,low_block,2031.12,False,False,other,phase_outcome_dense,0
2006229,164,21638,21677,medium_block,1481.545625,False,False,other,phase_outcome_dense,0
2006229,165,21677,21684,low_block,1192.554375,False,False,other,phase_outcome_dense,0
2006229,166,21684,21875,medium_block,1690.3643250000005,False,False,other,phase_outcome_dense,0
2006229,167,21875,21930,high_block,2270.9359750000003,False,False,regain,phase_outcome_dense,0
2006229,168,21930,21965,medium_block,2061.716125,False,False,regain,phase_outcome_dense,0
2006229,169,21965,22039,medium_block,2080.3621249999997,False,False,regain,phase_outcome_dense,0
2006229,170,22039,22297,medium_block,2073.646575,False,False,regain,phase_outcome_dense,0
2006229,174,22439,22726,medium_block,1847.489875,False,False,other,phase_outcome_dense,0
2006229,175,22726,22903,high_block,2465.866725,False,False,progression,phase_outcome_dense,1
2006229,176,22972,22992,low_block,1271.22485,False,False,other,phase_outcome_dense,0
2006229,177,22992,23028,medium_block,1488.6953999999998,False,False,other,phase_outcome_dense,0
2006229,179,23065,23153,low_block,1668.5082250000003,False,False,other,phase_outcome_dense,0
2006229,180,23153,23223,medium_block,1371.08,False,False,regain,phase_outcome_dense,0
2006229,181,23223,23616,medium_block,2651.659,False,False,other,phase_outcome_dense,0
2006229,182,23616,23680,high_block,2422.830375,False,False,other,phase_outcome_dense,0
2006229,183,23680,23699,medium_block,2341.002,False,False,other,phase_outcome_dense,0
2006229,184,23699,23934,high_block,2312.619575,False,False,regain,phase_outcome_dense,0
2006229,187,24088,24220,medium_block,2077.4477500000003,True,False,shot,phase_outcome_dense,1
2006229,188,24220,24251,high_block,2581.712,True,False,shot,phase_outcome_dense,1
2006229,189,24251,24261,medium_block,2525.3844,True,False,shot,phase_outcome_dense,1
2006229,192,24509,24709,medium_block,1703.1545999999998,False,False,progression,phase_outcome_dense,1
2006229,193,24709,24856,low_block,1500.888375,False,False,progression,phase_outcome_dense,1
2006229,194,24856,24925,high_block,2142.1463999999996,False,False,progression,phase_outcome_dense,1
2006229,195,24925,25190,low_block,1432.70865,False,False,other,phase_outcome_dense,0
2006229,196,25282,25328,low_block,1279.3284999999998,False,False,other,phase_outcome_dense,0
2006229,197,25328,25601,medium_block,1618.2276000000002,False,False,regain,phase_outcome_dense,0
2006229,199,25645,25778,medium_block,1763.6357749999997,False,False,other,phase_outcome_dense,0
2006229,200,25778,25851,low_block,1251.1301,False,False,other,phase_outcome_dense,0
2006229,202,26682,26691,medium_block,2696.2903499999993,False,False,other,phase_outcome_dense,0
2006229,205,26719,26834,medium_block,2395.197,False,False,regain,phase_outcome_dense,0
2006229,206,26834,26884,high_block,2371.3266500000004,False,False,regain,phase_outcome_dense,0
2006229,215,27077,27085,medium_block,1684.6620999999998,False,False,progression,phase_outcome_dense,1
2006229,216,27085,27154,high_block,2415.385525,False,False,progression,phase_outcome_dense,1
2006229,217,27217,27319,medium_block,1667.0463249999998,False,False,other,phase_outcome_dense,0
2006229,221,28397,28435,low_block,1420.75575,False,False,other,phase_outcome_dense,0
2006229,222,28479,28504,medium_block,2719.5927,False,False,other,phase_outcome_dense,0
2006229,225,28577,28602,low_block,1719.3325000000002,False,False,other,phase_outcome_dense,0
2006229,226,28602,28675,medium_block,1907.4692,False,False,other,phase_outcome_dense,0
2006229,227,28675,28735,high_block,2355.0562,False,False,other,phase_outcome_dense,0
2006229,228,28735,28736,medium_block,2577.5298,False,False,other,phase_outcome_dense,0
2006229,230,28762,28779,medium_block,2347.3880000000004,False,False,other,phase_outcome_dense,0
2006229,231,28779,29070,low_block,1943.9044000000001,False,False,other,phase_outcome_dense,0
2006229,233,29252,29388,low_block,2214.4688499999997,False,False,progression,phase_outcome_dense,1
2006229,234,29388,29464,high_block,2839.9066,False,False,other,phase_outcome_dense,0
2006229,235,29464,29649,medium_block,2073.3556500000004,False,False,other,phase_outcome_dense,0
2006229,236,29649,29664,low_block,1636.261175,False,False,progression,phase_outcome_dense,1
2006229,238,29721,29735,low_block,1670.5543999999998,False,False,other,phase_outcome_dense,0
2006229,239,29735,29936,medium_block,1695.1577999999997,False,False,progression,phase_outcome_dense,1
2006229,241,29978,30094,medium_block,1946.2679499999995,False,False,progression,phase_outcome_dense,1
2006229,242,30094,30552,low_block,1471.01705,False,False,progression,phase_outcome_dense,1
2006229,244,30600,30846,medium_block,1794.3397500000003,False,False,regain,phase_outcome_dense,0
2006229,245,30846,30932,medium_block,2705.3235,False,False,other,phase_outcome_dense,0
2006229,246,30932,30954,high_block,2416.0839499999997,False,False,other,phase_outcome_dense,0
2006229,247,30954,31010,medium_block,2430.243,False,False,other,phase_outcome_dense,0
2006229,249,31314,31365,low_block,745.1074,False,False,other,phase_outcome_dense,0
2006229,251,31440,31513,low_block,1259.2644750000002,False,False,other,phase_outcome_dense,0
2006229,252,31611,31633,low_block,1160.7003249999998,False,False,other,phase_outcome_dense,0
2006229,253,31633,31834,medium_block,1528.0240000000001,False,False,progression,phase_outcome_dense,1
2006229,254,31834,31904,low_block,1772.6154999999997,False,False,progression,phase_outcome_dense,1
2006229,255,31904,32003,high_block,2677.6187499999996,False,False,disruption,phase_outcome_dense,0
2006229,256,32221,32272,low_block,600.667425,False,False,progression,phase_outcome_dense,1
2006229,258,32668,32791,medium_block,1316.1471500000002,False,False,other,phase_outcome_dense,0
2006229,259,32791,32796,low_block,1168.0095,False,False,other,phase_outcome_dense,0
2006229,262,32863,32903,medium_block,1925.7381,True,False,shot,phase_outcome_dense,1
2006229,263,32903,33009,low_block,1025.6110999999999,True,False,shot,phase_outcome_dense,1
2006229,264,33507,33549,high_block,3477.438,True,False,shot,phase_outcome_dense,1
2006229,265,33549,33625,medium_block,2669.82765,True,False,shot,phase_outcome_dense,1
2006229,266,33625,33669,low_block,1544.934675,True,False,shot,phase_outcome_dense,1
2006229,268,34004,34025,low_block,2213.2714499999997,False,False,other,phase_outcome_dense,0
2006229,269,34025,34092,medium_block,1787.18715,False,False,other,phase_outcome_dense,0
2006229,270,34092,34165,low_block,1514.2828999999997,False,False,other,phase_outcome_dense,0
2006229,271,34248,34382,medium_block,1789.7585000000001,False,False,other,phase_outcome_dense,0
2006229,272,34523,34565,medium_block,1685.7540000000001,False,False,other,phase_outcome_dense,0
2006229,273,34565,34956,high_block,2430.4352,False,False,other,phase_outcome_dense,0
2006229,274,34956,35008,medium_block,2386.863875,False,False,other,phase_outcome_dense,0
2006229,275,35008,35052,low_block,1784.4959249999997,False,False,other,phase_outcome_dense,0
2006229,276,35129,35254,low_block,1340.447425,False,False,other,phase_outcome_dense,0
2006229,277,35254,35269,medium_block,1527.6219,False,False,other,phase_outcome_dense,0
2006229,278,35269,35319,low_block,1742.45675,False,False,progression,phase_outcome_dense,1
2006229,279,35319,35329,high_block,2819.3437999999996,False,False,other,phase_outcome_dense,0
2006229,280,35329,35368,medium_block,2453.9975249999998,False,False,other,phase_outcome_dense,0
2006229,281,35368,35472,high_block,2376.0781500000003,False,False,other,phase_outcome_dense,0
2006229,282,35472,35483,medium_block,2551.88465,False,False,other,phase_outcome_dense,0
2006229,285,36297,36300,medium_block,992.1658499999999,False,False,other,phase_outcome_dense,0
2006229,286,36300,36343,low_block,1151.6774249999999,False,False,other,phase_outcome_dense,0
2006229,287,36343,36444,medium_block,1534.9125000000001,False,False,progression,phase_outcome_dense,1
2006229,289,36646,36687,high_block,2640.8376,False,False,regain,phase_outcome_dense,0
2006229,290,36687,36749,low_block,2117.68895,False,False,other,phase_outcome_dense,0
2006229,291,36749,36787,medium_block,1837.187625,False,False,other,phase_outcome_dense,0
2006229,292,36787,36905,high_block,2424.05865,False,False,other,phase_outcome_dense,0
2006229,295,37099,37149,medium_block,1943.55015,False,False,other,phase_outcome_dense,0
2006229,296,37149,37178,low_block,1256.8990000000003,False,False,other,phase_outcome_dense,0
2006229,297,37178,37230,medium_block,1239.9527249999999,False,False,other,phase_outcome_dense,0
2006229,299,37565,37594,medium_block,1987.4452,False,False,other,phase_outcome_dense,0
2006229,300,37594,37735,low_block,2067.9054,True,False,shot,phase_outcome_dense,1
2006229,301,37735,37917,medium_block,1793.3222,True,False,shot,phase_outcome_dense,1
2006229,302,37917,38131,low_block,1404.6760000000002,True,False,shot,phase_outcome_dense,1
2006229,305,39594,39750,high_block,3339.6279999999997,False,False,other,phase_outcome_dense,0
2006229,306,39750,39792,medium_block,2778.2412,False,False,progression,phase_outcome_dense,1
2006229,308,39835,39871,high_block,2330.8401000000003,False,False,other,phase_outcome_dense,0
2006229,309,39871,39912,medium_block,2079.22125,False,False,other,phase_outcome_dense,0
2006229,310,40071,40157,medium_block,1333.5075,False,False,other,phase_outcome_dense,0
2006229,311,40157,40345,low_block,1866.15285,False,False,other,phase_outcome_dense,0
2006229,315,40601,40610,low_block,1183.4247,False,False,other,phase_outcome_dense,0
2006229,316,40610,40705,medium_block,1330.027725,False,False,other,phase_outcome_dense,0
2006229,317,40705,40724,low_block,1416.36195,False,False,progression,phase_outcome_dense,1
2006229,318,40724,40980,medium_block,1733.75,False,False,regain,phase_outcome_dense,0
2006229,319,40980,41002,medium_block,2965.0507,False,False,other,phase_outcome_dense,0
2006229,320,41002,41156,high_block,3048.1997,False,False,other,phase_outcome_dense,0
2006229,321,41156,41185,medium_block,3044.7707999999993,False,False,progression,phase_outcome_dense,1
2006229,322,41185,41195,low_block,2727.2063,False,False,other,phase_outcome_dense,0
2006229,323,41195,41468,medium_block,2179.9496249999997,False,False,other,phase_outcome_dense,0
2006229,324,41468,41536,high_block,1801.7773,False,False,other,phase_outcome_dense,0
2006229,325,41536,41651,medium_block,1621.7417000000003,False,False,other,phase_outcome_dense,0
2006229,326,41651,41736,low_block,1286.37675,False,False,other,phase_outcome_dense,0
2006229,327,41736,41739,medium_block,1252.834,False,False,regain,phase_outcome_dense,0
2006229,328,41739,41751,low_block,1280.6304,False,False,regain,phase_outcome_dense,0
2006229,329,41751,41888,medium_block,1468.5113249999997,False,False,regain,phase_outcome_dense,0
2006229,331,41910,41970,medium_block,1947.4861250000004,False,False,other,phase_outcome_dense,0
2006229,332,41970,42029,low_block,1857.8876750000002,False,False,progression,phase_outcome_dense,1
2006229,334,42134,42252,medium_block,1391.875625,False,False,other,phase_outcome_dense,0
2006229,335,42252,42277,low_block,1700.3246,False,False,other,phase_outcome_dense,0
2006229,336,42277,42294,medium_block,1696.7174999999997,False,False,progression,phase_outcome_dense,1
2006229,337,42294,42318,low_block,1655.0469999999998,False,False,progression,phase_outcome_dense,1
2006229,338,42318,42405,medium_block,2623.64,False,False,other,phase_outcome_dense,0
2006229,339,42603,42764,medium_block,1722.9076000000002,True,False,shot,phase_outcome_dense,1
2006229,340,42764,42906,low_block,1395.7631999999999,True,False,shot,phase_outcome_dense,1
2006229,341,42906,42986,high_block,2188.8957999999993,False,False,other,phase_outcome_dense,0
2006229,342,42986,43034,medium_block,1854.9827999999998,False,False,other,phase_outcome_dense,0
2006229,345,46271,46310,medium_block,1704.5534999999998,False,False,other,phase_outcome_dense,0
2006229,349,46562,46637,medium_block,1382.8319999999999,False,False,disruption,phase_outcome_dense,0
2006229,351,46889,46911,medium_block,1435.317625,False,False,other,phase_outcome_dense,0
2006229,352,46911,46971,high_block,2031.6219,False,False,other,phase_outcome_dense,0
2006229,354,47000,47047,medium_block,2057.393625,False,False,other,phase_outcome_dense,0
2006229,355,47047,47049,low_block,2050.8659249999996,False,False,other,phase_outcome_dense,0
2006229,359,48053,48169,medium_block,1759.5,False,False,other,phase_outcome_dense,0
2006229,362,48399,48461,high_block,1655.9177250000002,False,False,regain,phase_outcome_dense,0
2006229,364,48761,48803,low_block,1633.7489999999996,False,False,other,phase_outcome_dense,0
2006229,365,48803,48822,medium_block,1525.5400000000002,False,False,other,phase_outcome_dense,0
2006229,366,48822,48937,high_block,1997.1766,False,False,regain,phase_outcome_dense,0
2006229,367,48937,48996,medium_block,2683.5948249999997,False,False,regain,phase_outcome_dense,0
2006229,368,48996,49035,high_block,2986.7447999999995,False,False,other,phase_outcome_dense,0
2006229,370,49074,49173,medium_block,1875.3078750000002,False,False,regain,phase_outcome_dense,0
2006229,372,49278,49396,high_block,2255.83625,False,False,other,phase_outcome_dense,0
2006229,373,49450,49521,high_block,2095.2906000000003,False,False,regain,phase_outcome_dense,0
2006229,374,49521,49524,medium_block,2025.11795,False,False,other,phase_outcome_dense,0
2006229,375,49524,49559,low_block,2202.1734,True,False,shot,phase_outcome_dense,1
2006229,376,49559,49655,medium_block,2259.6422,True,False,shot,phase_outcome_dense,1
2006229,377,49655,49681,high_block,2389.1112,True,False,shot,phase_outcome_dense,1
2006229,379,49713,49952,medium_block,2124.6816249999997,True,False,shot,phase_outcome_dense,1
2006229,380,49952,49999,low_block,1747.760625,True,False,shot,phase_outcome_dense,1
2006229,381,50335,50392,high_block,2495.5248,False,False,regain,phase_outcome_dense,0
2006229,382,50392,50440,medium_block,2395.634475,False,False,regain,phase_outcome_dense,0
2006229,384,50469,50492,medium_block,2339.93135,False,False,other,phase_outcome_dense,0
2006229,385,50492,50669,low_block,1798.3114999999996,False,False,other,phase_outcome_dense,0
2006229,388,51444,51506,medium_block,1594.6466249999999,False,False,progression,phase_outcome_dense,1
2006229,389,52028,52037,high_block,2525.1711250000003,False,False,other,phase_outcome_dense,0
2006229,390,52037,52216,medium_block,2456.81875,False,False,other,phase_outcome_dense,0
2006229,393,52815,52834,low_block,1441.573875,False,False,progression,phase_outcome_dense,1
2006229,394,52834,52883,high_block,2279.6319,False,False,other,phase_outcome_dense,0
2006229,395,52883,52915,medium_block,1896.4441250000002,False,False,other,phase_outcome_dense,0
2006229,396,53054,53446,medium_block,2064.986,False,False,other,phase_outcome_dense,0
2006229,397,53446,53506,high_block,2367.264225,False,False,other,phase_outcome_dense,0
2006229,401,54029,54121,high_block,2052.604125,False,False,other,phase_outcome_dense,0
2006229,402,54121,54129,medium_block,2054.3361,False,False,other,phase_outcome_dense,0
2006229,404,54161,54250,medium_block,1369.57825,False,False,other,phase_outcome_dense,0
2006229,407,54363,54366,medium_block,1758.1236000000004,False,False,other,phase_outcome_dense,0
2006229,408,54366,54440,high_block,2384.1569999999997,False,False,regain,phase_outcome_dense,0
2006229,411,54617,54711,high_block,2811.4240000000004,False,False,regain,phase_outcome_dense,0
2006229,413,54786,54915,high_block,2040.0891000000001,False,False,regain,phase_outcome_dense,0
2006229,414,54915,54946,medium_block,1785.1512,False,False,regain,phase_outcome_dense,0
2006229,416,55277,55332,low_block,1295.3823750000004,False,False,progression,phase_outcome_dense,1
2006229,417,55482,55491,medium_block,1423.899075,False,False,other,phase_outcome_dense,0
2006229,418,55491,55632,high_block,1912.2223750000003,False,False,regain,phase_outcome_dense,0
2006229,420,55670,55731,high_block,2201.9624,False,False,regain,phase_outcome_dense,0
2006229,421,55731,55765,medium_block,2040.0377499999997,False,False,regain,phase_outcome_dense,0
2006229,422,55765,55825,medium_block,2357.849925,False,False,regain,phase_outcome_dense,0
2006229,423,55825,55877,high_block,2492.3812000000003,False,False,regain,phase_outcome_dense,0
2006229,427,55989,56018,medium_block,1712.2105,False,False,other,phase_outcome_dense,0
2006229,428,56018,56197,high_block,1760.4766500000003,False,False,other,phase_outcome_dense,0
2006229,429,56197,56254,medium_block,1825.5375000000001,False,False,other,phase_outcome_dense,0
2006229,430,56382,56453,low_block,911.0582749999999,False,False,other,phase_outcome_dense,0
2006229,431,56504,56580,medium_block,1291.9560000000001,True,False,shot,phase_outcome_dense,1
2006229,432,56580,56664,low_block,1223.9577,True,False,shot,phase_outcome_dense,1
2006229,434,57161,57247,medium_block,1770.568,False,False,other,phase_outcome_dense,0
2006229,435,57247,57333,high_block,2342.1228750000005,False,False,other,phase_outcome_dense,0
2006229,437,57363,57429,medium_block,2325.70795,False,False,other,phase_outcome_dense,0
2006229,441,58684,58967,low_block,1087.6296,False,False,other,phase_outcome_dense,0
2006363,0,10,45,medium_block,1676.5773000000002,False,False,other,phase_outcome_dense,0
2006363,2,78,153,low_block,1322.3938500000002,False,False,other,phase_outcome_dense,0
2006363,3,153,205,medium_block,1233.6184,False,False,progression,phase_outcome_dense,1
2006363,4,205,373,medium_block,2541.1772,False,False,other,phase_outcome_dense,0
2006363,5,373,428,high_block,2144.0417749999997,False,False,other,phase_outcome_dense,0
2006363,6,428,457,medium_block,2063.226375,False,False,other,phase_outcome_dense,0
2006363,7,457,625,high_block,2491.101,False,False,other,phase_outcome_dense,0
2006363,9,667,685,medium_block,2452.040175,False,False,other,phase_outcome_dense,0
2006363,10,685,811,high_block,2338.3153999999995,False,False,other,phase_outcome_dense,0
2006363,11,811,891,medium_block,2632.2720999999997,False,False,other,phase_outcome_dense,0
2006363,12,891,994,low_block,2175.49475,False,False,progression,phase_outcome_dense,1
2006363,14,1056,1139,medium_block,1652.7024,False,False,other,phase_outcome_dense,0
2006363,15,1139,1280,low_block,1139.8074749999998,False,False,other,phase_outcome_dense,0
2006363,16,1280,1361,medium_block,1298.8319250000002,False,False,other,phase_outcome_dense,0
2006363,17,1361,1495,low_block,1268.828575,False,False,progression,phase_outcome_dense,1
2006363,18,1711,1778,high_block,2313.929025,False,False,regain,phase_outcome_dense,0
2006363,19,1778,1783,medium_block,2325.430125,False,False,progression,phase_outcome_dense,1
2006363,21,1812,1885,medium_block,1696.6238250000001,False,False,progression,phase_outcome_dense,1
2006363,22,1885,1930,high_block,2274.4850999999994,False,False,progression,phase_outcome_dense,1
2006363,23,1930,1976,medium_block,1783.518,False,False,progression,phase_outcome_dense,1
2006363,24,1976,2149,medium_block,1842.650875,False,False,disruption,phase_outcome_dense,0
2006363,25,2198,2210,low_block,1270.48285,False,False,other,phase_outcome_dense,0
2006363,26,2210,2407,medium_block,1289.8583750000003,False,False,other,phase_outcome_dense,0
2006363,27,2407,2461,low_block,1146.9392750000002,False,False,other,phase_outcome_dense,0
2006363,28,2461,2471,medium_block,958.1948,False,False,other,phase_outcome_dense,0
2006363,29,2471,2528,low_block,1212.8629999999998,False,False,other,phase_outcome_dense,0
2006363,30,2528,2579,medium_block,1504.7637749999997,False,False,progression,phase_outcome_dense,1
2006363,31,2579,2794,high_block,2532.16,False,False,regain,phase_outcome_dense,0
2006363,32,2794,2795,medium_block,2513.767,False,False,regain,phase_outcome_dense,0
2006363,33,2795,2872,high_block,2363.86215,False,False,regain,phase_outcome_dense,0
2006363,34,2872,2915,medium_block,2485.7540750000003,False,False,regain,phase_outcome_dense,0
2006363,35,2915,2980,medium_block,2667.639,True,False,shot,phase_outcome_dense,1
2006363,36,2980,3100,high_block,2278.0996,True,False,shot,phase_outcome_dense,1
2006363,37,3100,3197,medium_block,1933.2537000000002,True,False,shot,phase_outcome_dense,1
2006363,38,3197,3263,low_block,1258.543075,True,False,shot,phase_outcome_dense,1
2006363,39,3263,3454,medium_block,2718.9986249999997,False,False,progression,phase_outcome_dense,1
2006363,41,3495,3573,medium_block,1663.91715,False,False,other,phase_outcome_dense,0
2006363,42,3684,3705,low_block,1140.70285,False,False,other,phase_outcome_dense,0
2006363,43,3705,3720,medium_block,1220.3229,False,False,other,phase_outcome_dense,0
2006363,44,3720,3746,low_block,1269.3234750000001,False,False,other,phase_outcome_dense,0
2006363,45,3746,3805,medium_block,1487.568,False,False,other,phase_outcome_dense,0
2006363,46,3805,3887,low_block,1360.8060000000003,False,False,other,phase_outcome_dense,0
2006363,47,3887,3905,medium_block,1033.3274000000001,False,False,other,phase_outcome_dense,0
2006363,48,3905,3915,low_block,1024.0558250000001,False,False,other,phase_outcome_dense,0
2006363,49,3915,3952,medium_block,1112.6815000000001,False,False,other,phase_outcome_dense,0
2006363,50,3952,4100,low_block,1052.051375,False,False,other,phase_outcome_dense,0
2006363,51,4100,4116,medium_block,967.731975,False,False,other,phase_outcome_dense,0
2006363,52,4116,4385,low_block,1030.0747500000002,False,False,progression,phase_outcome_dense,1
2006363,53,4772,4871,high_block,1918.9065,True,False,shot,phase_outcome_dense,1
2006363,54,4871,4884,low_block,2640.342975,True,True,goal,phase_outcome_dense,1
2006363,55,5538,5648,medium_block,1650.3899999999999,False,False,other,phase_outcome_dense,0
2006363,56,5648,5734,high_block,2165.5532,False,False,other,phase_outcome_dense,0
2006363,57,5734,5795,medium_block,2499.245374999999,False,False,progression,phase_outcome_dense,1
2006363,58,5999,6059,high_block,2558.2814999999996,False,False,other,phase_outcome_dense,0
2006363,62,6227,6330,low_block,1108.832725,False,False,other,phase_outcome_dense,0
2006363,63,6330,6407,medium_block,1465.1648,False,False,other,phase_outcome_dense,0
2006363,64,6407,6426,low_block,1723.69875,False,False,progression,phase_outcome_dense,1
2006363,66,6499,6522,high_block,2430.5599499999994,False,False,regain,phase_outcome_dense,0
2006363,67,6522,6564,medium_block,2639.6604,False,False,regain,phase_outcome_dense,0
2006363,68,6564,6716,medium_block,1881.381075,False,False,other,phase_outcome_dense,0
2006363,69,6716,6790,low_block,1229.8223999999998,False,False,other,phase_outcome_dense,0
2006363,71,7309,7473,low_block,1118.653125,False,False,regain,phase_outcome_dense,0
2006363,72,7473,7479,medium_block,1278.2405999999999,False,False,regain,phase_outcome_dense,0
2006363,73,7479,7493,low_block,1435.9395000000002,False,False,regain,phase_outcome_dense,0
2006363,74,7493,7538,medium_block,1657.0432500000004,False,False,regain,phase_outcome_dense,0
2006363,75,7538,7619,high_block,2177.565975,False,False,regain,phase_outcome_dense,0
2006363,76,7619,7656,medium_block,2395.3790999999997,False,False,regain,phase_outcome_dense,0
2006363,77,7656,7725,high_block,2338.66815,False,False,regain,phase_outcome_dense,0
2006363,78,7725,7773,low_block,1399.8858,False,False,other,phase_outcome_dense,0
2006363,81,7928,8091,low_block,1304.4355000000003,False,False,other,phase_outcome_dense,0
2006363,82,8178,8316,medium_block,1709.2840500000002,False,False,regain,phase_outcome_dense,0
2006363,85,8525,8536,medium_block,2496.235,False,False,other,phase_outcome_dense,0
2006363,86,8536,8604,high_block,2457.9876750000003,False,False,other,phase_outcome_dense,0
2006363,87,8604,8612,medium_block,2585.77485,False,False,other,phase_outcome_dense,0
2006363,88,8742,8770,medium_block,1343.422,False,False,regain,phase_outcome_dense,0
2006363,89,8770,8875,high_block,1925.7828000000002,False,False,regain,phase_outcome_dense,0
2006363,90,8875,8886,medium_block,2381.5875,False,False,other,phase_outcome_dense,0
2006363,91,8886,9023,medium_block,2362.2132,False,False,other,phase_outcome_dense,0
2006363,92,9023,9061,high_block,2165.8244999999997,False,False,other,phase_outcome_dense,0
2006363,93,9061,9161,medium_block,1950.5889000000002,False,False,other,phase_outcome_dense,0
2006363,94,9161,9273,low_block,1358.0437000000002,False,False,other,phase_outcome_dense,0
2006363,95,9273,9565,medium_block,1607.3621249999999,False,False,other,phase_outcome_dense,0
2006363,96,9565,9617,low_block,2189.56635,False,False,other,phase_outcome_dense,0
2006363,99,11386,11390,low_block,1299.38175,False,False,other,phase_outcome_dense,0
2006363,100,11390,11513,medium_block,1339.5915,False,False,other,phase_outcome_dense,0
2006363,101,11513,11563,low_block,1374.625,False,False,progression,phase_outcome_dense,1
2006363,102,11563,11598,high_block,3645.6238,False,False,disruption,phase_outcome_dense,0
2006363,103,11598,11625,medium_block,3434.556,False,False,disruption,phase_outcome_dense,0
2006363,104,11777,11785,low_block,1154.7624,False,False,other,phase_outcome_dense,0
2006363,105,11785,11940,medium_block,1617.41415,False,False,other,phase_outcome_dense,0
2006363,106,11940,11990,high_block,2577.7107,False,False,regain,phase_outcome_dense,0
2006363,109,12039,12142,medium_block,1866.2175000000002,False,False,regain,phase_outcome_dense,0
2006363,111,12243,12290,high_block,2210.4240000000004,False,False,other,phase_outcome_dense,0
2006363,112,12290,12367,medium_block,1658.36445,False,False,other,phase_outcome_dense,0
2006363,113,12367,12492,low_block,1208.1961000000001,False,False,other,phase_outcome_dense,0
2006363,118,12990,13026,low_block,734.022,False,False,other,phase_outcome_dense,0
2006363,119,13026,13142,medium_block,1074.15695,False,False,other,phase_outcome_dense,0
2006363,120,13142,13179,low_block,1309.7883499999998,False,False,other,phase_outcome_dense,0
2006363,122,13661,13715,high_block,1954.6897500000005,False,False,other,phase_outcome_dense,0
2006363,123,13715,13775,medium_block,1895.02745,False,False,other,phase_outcome_dense,0
2006363,124,13775,13829,low_block,1924.971075,False,False,other,phase_outcome_dense,0
2006363,126,14236,14287,high_block,2517.8977,False,False,regain,phase_outcome_dense,0
2006363,127,14287,14297,medium_block,2430.19875,False,False,other,phase_outcome_dense,0
2006363,130,14673,14715,low_block,1627.3868000000002,False,False,other,phase_outcome_dense,0
2006363,133,14766,14940,low_block,1061.633,False,False,other,phase_outcome_dense,0
2006363,134,14940,15012,medium_block,1552.3844500000002,False,False,other,phase_outcome_dense,0
2006363,135,15012,15088,low_block,1386.3266999999998,False,False,other,phase_outcome_dense,0
2006363,136,15088,15121,medium_block,1317.6597,False,False,other,phase_outcome_dense,0
2006363,137,15121,15320,low_block,931.053375,False,False,progression,phase_outcome_dense,1
2006363,138,15320,15416,high_block,2027.33255,False,False,regain,phase_outcome_dense,0
2006363,139,15416,15465,medium_block,2138.9247,False,False,regain,phase_outcome_dense,0
2006363,140,15465,15560,medium_block,1816.5600000000002,False,False,progression,phase_outcome_dense,1
2006363,141,15560,15592,medium_block,1965.5831999999998,False,False,other,phase_outcome_dense,0
2006363,142,15592,15690,high_block,2522.2328999999995,False,False,other,phase_outcome_dense,0
2006363,143,15690,15693,medium_block,3210.5535000000004,False,False,other,phase_outcome_dense,0
2006363,144,15693,15715,low_block,2763.318975,False,False,other,phase_outcome_dense,0
2006363,145,15715,15895,medium_block,2416.1686,False,False,progression,phase_outcome_dense,1
2006363,147,15935,15998,high_block,2601.38745,False,False,progression,phase_outcome_dense,1
2006363,148,15998,16216,medium_block,1963.7303749999999,False,False,regain,phase_outcome_dense,0
2006363,149,16216,16311,medium_block,2104.389425,True,False,shot,phase_outcome_dense,1
2006363,150,16311,16337,low_block,1304.2332000000001,False,False,other,phase_outcome_dense,0
2006363,152,16888,17171,low_block,954.109375,False,False,other,phase_outcome_dense,0
2006363,153,17171,17193,medium_block,1090.8561,False,False,other,phase_outcome_dense,0
2006363,154,17193,17310,low_block,1734.8652,False,False,progression,phase_outcome_dense,1
2006363,156,17662,17798,high_block,1913.6061000000002,False,False,other,phase_outcome_dense,0
2006363,157,17798,17854,medium_block,2061.3968,False,False,other,phase_outcome_dense,0
2006363,160,18095,18202,medium_block,1479.7974749999998,False,False,disruption,phase_outcome_dense,0
2006363,161,18202,18302,high_block,2415.1374,False,False,regain,phase_outcome_dense,0
2006363,162,18302,18347,low_block,1803.0924,False,False,other,phase_outcome_dense,0
2006363,163,18347,18353,medium_block,1339.6566249999998,False,False,other,phase_outcome_dense,0
2006363,164,18353,18517,low_block,1215.775625,False,False,other,phase_outcome_dense,0
2006363,165,18517,18542,medium_block,1285.0851,False,False,other,phase_outcome_dense,0
2006363,166,18542,18593,low_block,1388.5379000000003,False,False,other,phase_outcome_dense,0
2006363,167,18593,18611,medium_block,1318.7937,False,False,other,phase_outcome_dense,0
2006363,169,19144,19175,high_block,2791.6217,False,False,progression,phase_outcome_dense,1
2006363,171,19197,19276,low_block,1668.0696,False,False,other,phase_outcome_dense,0
2006363,173,19358,19372,low_block,1874.2763999999997,True,False,shot,phase_outcome_dense,1
2006363,174,19372,19558,medium_block,1605.4544999999998,True,False,shot,phase_outcome_dense,1
2006363,175,19558,19621,low_block,1241.1666,True,False,shot,phase_outcome_dense,1
2006363,177,20243,20281,low_block,728.373,False,False,other,phase_outcome_dense,0
2006363,178,20281,20318,medium_block,949.2288750000001,False,False,other,phase_outcome_dense,0
2006363,179,20318,20341,low_block,1096.0946250000002,False,False,other,phase_outcome_dense,0
2006363,180,20341,20499,medium_block,1193.8636,False,False,other,phase_outcome_dense,0
2006363,181,20499,20628,low_block,945.879625,False,False,progression,phase_outcome_dense,1
2006363,182,20628,20886,high_block,2683.1154999999994,False,False,other,phase_outcome_dense,0
2006363,185,21206,21259,low_block,911.1731999999998,True,False,shot,phase_outcome_dense,1
2006363,186,21259,21316,medium_block,1202.5111000000002,True,False,shot,phase_outcome_dense,1
2006363,188,21342,21393,low_block,1549.48305,True,False,shot,phase_outcome_dense,1
2006363,190,21801,21955,low_block,722.7506,False,False,progression,phase_outcome_dense,1
2006363,191,22216,22330,high_block,2500.59735,False,False,other,phase_outcome_dense,0
2006363,192,22374,22482,high_block,2279.09645,False,False,progression,phase_outcome_dense,1
2006363,196,24040,24135,medium_block,1888.8470000000002,True,True,goal,phase_outcome_dense,1
2006363,197,24135,24174,low_block,1298.6996,False,True,goal,phase_outcome_dense,1
2006363,198,24950,24964,medium_block,1615.3997499999998,False,False,other,phase_outcome_dense,0
2006363,199,24964,24994,high_block,1866.30375,False,False,other,phase_outcome_dense,0
2006363,201,25025,25083,low_block,1816.647525,False,False,other,phase_outcome_dense,0
2006363,203,25311,25407,high_block,2540.2427999999995,False,False,other,phase_outcome_dense,0
2006363,204,25407,25479,medium_block,1798.681875,False,False,progression,phase_outcome_dense,1
2006363,206,25505,25792,medium_block,1582.7090249999999,False,False,other,phase_outcome_dense,0
2006363,212,26467,26492,high_block,1385.517,False,False,other,phase_outcome_dense,0
2006363,213,26492,26643,medium_block,1713.368475,False,False,regain,phase_outcome_dense,0
2006363,215,26802,26883,high_block,2197.145775,False,False,other,phase_outcome_dense,0
2006363,216,26883,26923,medium_block,2030.96625,False,False,other,phase_outcome_dense,0
2006363,217,27130,27318,medium_block,1536.7743749999997,False,False,progression,phase_outcome_dense,1
2006363,219,27376,27559,high_block,2951.81435,False,False,other,phase_outcome_dense,0
2006363,221,27588,27679,medium_block,1892.3702999999998,False,False,progression,phase_outcome_dense,1
2006363,222,27679,27878,medium_block,2253.5781,False,False,regain,phase_outcome_dense,0
2006363,223,27878,27992,high_block,2489.6919,False,False,regain,phase_outcome_dense,0
2006363,224,27992,28084,medium_block,2490.9472,False,False,regain,phase_outcome_dense,0
2006363,225,28084,28365,high_block,2529.279375,False,False,other,phase_outcome_dense,0
2006363,227,28406,28440,low_block,2027.134,False,False,other,phase_outcome_dense,0
2006363,228,28594,28612,low_block,924.663,False,False,other,phase_outcome_dense,0
2006363,229,28612,28692,medium_block,1551.120625,False,False,progression,phase_outcome_dense,1
2006363,230,28692,28723,low_block,2400.9057000000003,False,False,progression,phase_outcome_dense,1
2006363,231,28949,29145,medium_block,938.2504,False,False,disruption,phase_outcome_dense,0
2006363,236,29786,29875,high_block,2444.3275999999996,True,False,shot,phase_outcome_dense,1
2006363,237,29875,29927,medium_block,1829.537375,True,False,shot,phase_outcome_dense,1
2006363,238,29927,29976,low_block,1169.24835,True,False,shot,phase_outcome_dense,1
2006363,239,30255,30357,medium_block,1834.7352,False,False,regain,phase_outcome_dense,0
2006363,240,30357,30412,high_block,2711.7167,False,False,progression,phase_outcome_dense,1
2006363,241,30535,30565,low_block,1206.4288499999996,False,False,other,phase_outcome_dense,0
2006363,242,30565,30650,medium_block,1544.368275,False,False,other,phase_outcome_dense,0
2006363,243,30650,30762,low_block,1280.541,False,False,other,phase_outcome_dense,0
2006363,245,30786,30899,low_block,1072.76625,False,False,other,phase_outcome_dense,0
2006363,246,30899,30957,medium_block,1316.6746749999998,False,False,other,phase_outcome_dense,0
2006363,247,30957,31033,low_block,1211.6832000000002,False,False,progression,phase_outcome_dense,1
2006363,248,31033,31089,high_block,1939.9553250000001,False,False,other,phase_outcome_dense,0
2006363,249,31089,31292,medium_block,1885.54905,False,False,regain,phase_outcome_dense,0
2006363,251,31410,31460,low_block,1062.1044000000002,False,False,other,phase_outcome_dense,0
2006363,252,31460,31480,medium_block,1343.260025,False,False,other,phase_outcome_dense,0
2006363,253,31480,31549,low_block,1381.2011250000003,False,False,other,phase_outcome_dense,0
2006363,255,31704,31730,low_block,1173.0345,False,False,other,phase_outcome_dense,0
2006363,256,31730,31876,medium_block,1341.18315,False,False,other,phase_outcome_dense,0
2006363,258,32009,32026,medium_block,1668.4384499999996,False,False,other,phase_outcome_dense,0
2006363,259,32026,32085,low_block,1497.5680499999999,False,False,other,phase_outcome_dense,0
2006363,260,32085,32111,medium_block,1313.315,False,False,disruption,phase_outcome_dense,0
2006363,261,32111,32148,low_block,1095.2018,False,False,other,phase_outcome_dense,0
2006363,263,32690,32795,low_block,923.1260000000001,False,False,other,phase_outcome_dense,0
2006363,264,32795,32848,medium_block,1142.03635,False,False,other,phase_outcome_dense,0
2006363,265,32848,33000,low_block,1129.2501499999998,False,False,other,phase_outcome_dense,0
2006363,267,33069,33083,medium_block,2015.559,False,False,other,phase_outcome_dense,0
2006363,268,33083,33200,high_block,2373.71375,False,False,other,phase_outcome_dense,0
2006363,269,33200,33248,medium_block,2497.7856,False,False,progression,phase_outcome_dense,1
2006363,270,33317,33459,high_block,2401.3708,False,False,other,phase_outcome_dense,0
2006363,271,33459,33495,medium_block,2380.1053999999995,False,False,progression,phase_outcome_dense,1
2006363,272,33631,33786,medium_block,1706.1085000000003,False,False,other,phase_outcome_dense,0
2006363,273,33786,33927,low_block,1123.7608500000001,False,False,other,phase_outcome_dense,0
2006363,276,35997,36033,medium_block,1051.71965,False,False,regain,phase_outcome_dense,0
2006363,277,36033,36055,high_block,2025.10625,False,False,regain,phase_outcome_dense,0
2006363,279,36088,36258,high_block,2930.235,False,False,disruption,phase_outcome_dense,0
2006363,281,36288,36329,medium_block,2598.6537,False,False,progression,phase_outcome_dense,1
2006363,283,37335,37414,high_block,3158.028024999999,False,False,other,phase_outcome_dense,0
2006363,287,38069,38173,medium_block,1692.4491999999998,False,False,other,phase_outcome_dense,0
2006363,288,38173,38390,low_block,1452.7461,False,False,other,phase_outcome_dense,0
2006363,290,38589,38652,high_block,2306.202675,False,False,other,phase_outcome_dense,0
2006363,291,38652,38659,medium_block,2647.5135999999998,False,False,other,phase_outcome_dense,0
2006363,292,38659,38823,high_block,2521.7120500000005,False,False,other,phase_outcome_dense,0
2006363,293,38823,38834,medium_block,2505.410875,False,False,other,phase_outcome_dense,0
2006363,298,39199,39312,medium_block,2063.972975,False,False,other,phase_outcome_dense,0
2006363,299,39312,39607,low_block,983.8240999999999,False,False,progression,phase_outcome_dense,1
2006363,301,40897,41103,high_block,2783.6677000000004,False,False,progression,phase_outcome_dense,1
2006363,302,41244,41434,low_block,944.1935999999998,False,False,other,phase_outcome_dense,0
2006363,304,41480,41550,low_block,1087.9302000000002,True,False,shot,phase_outcome_dense,1
2006363,305,41550,41715,medium_block,1442.654325,True,False,shot,phase_outcome_dense,1
2006363,306,41715,41788,low_block,1257.9948,True,False,shot,phase_outcome_dense,1
2006363,307,41788,42064,medium_block,1922.1879999999996,False,False,regain,phase_outcome_dense,0
2006363,308,42064,42101,high_block,2241.633125,False,False,regain,phase_outcome_dense,0
2006363,309,42101,42106,medium_block,2298.8928,False,False,other,phase_outcome_dense,0
2006363,310,42106,42135,low_block,2533.6038000000003,False,False,other,phase_outcome_dense,0
2006363,311,42135,42193,medium_block,2286.1183499999997,False,False,other,phase_outcome_dense,0
2006363,315,42307,42352,high_block,2208.2748,False,False,progression,phase_outcome_dense,1
2006363,316,42352,42403,medium_block,2312.8230250000006,False,False,progression,phase_outcome_dense,1
2006363,317,42403,42551,medium_block,1780.47,False,False,other,phase_outcome_dense,0
2006363,318,42551,42615,low_block,1265.337075,False,False,progression,phase_outcome_dense,1
2006363,320,42716,42761,medium_block,1317.6607499999998,False,False,other,phase_outcome_dense,0
2006363,321,42761,42853,low_block,1183.6048,False,False,other,phase_outcome_dense,0
2006363,323,43257,43449,low_block,632.9115,False,False,progression,phase_outcome_dense,1
2006363,324,43449,43586,high_block,2610.033375,False,False,regain,phase_outcome_dense,0
2006363,326,43628,43744,medium_block,1527.9208,False,False,other,phase_outcome_dense,0
2006363,327,43744,43790,low_block,1422.6981,False,False,other,phase_outcome_dense,0
2006363,329,44020,44079,high_block,2894.7858000000006,False,False,other,phase_outcome_dense,0
2006363,330,44079,44087,medium_block,2908.9152000000004,False,False,other,phase_outcome_dense,0
2006363,332,44107,44171,medium_block,1989.7024750000003,False,False,regain,phase_outcome_dense,0
2006363,334,44194,44238,medium_block,1824.3872,False,False,progression,phase_outcome_dense,1
2006363,335,44238,44255,low_block,2004.9250499999998,False,False,progression,phase_outcome_dense,1
2006363,336,44255,44280,high_block,2252.94825,False,False,other,phase_outcome_dense,0
2006363,337,44280,44397,medium_block,1861.0930000000003,False,False,progression,phase_outcome_dense,1
2006363,338,44397,44650,low_block,1405.135725,False,False,progression,phase_outcome_dense,1
2006363,339,44650,44705,high_block,2695.3428,False,False,other,phase_outcome_dense,0
2006363,340,44705,44714,medium_block,2157.174,False,False,other,phase_outcome_dense,0
2006363,341,44714,44744,high_block,2112.278875,False,False,other,phase_outcome_dense,0
2006363,342,44744,44836,medium_block,1893.6768000000002,False,False,other,phase_outcome_dense,0
2006363,343,44836,44907,low_block,1573.7271750000002,False,False,other,phase_outcome_dense,0
2006363,344,44907,44995,medium_block,1540.35945,False,False,other,phase_outcome_dense,0
2006363,345,44995,45027,low_block,1575.7647499999998,False,False,other,phase_outcome_dense,0
2006363,348,45663,45711,low_block,687.6392,False,False,progression,phase_outcome_dense,1
2006363,349,45711,45773,high_block,1889.8870000000002,False,False,regain,phase_outcome_dense,0
2006363,352,45852,46083,medium_block,1670.0447499999998,False,False,progression,phase_outcome_dense,1
2006363,353,46083,46143,high_block,2266.77815,True,False,shot,phase_outcome_dense,1
2006363,354,46143,46322,medium_block,2035.8560249999996,True,False,shot,phase_outcome_dense,1
2006363,355,46322,46358,low_block,1913.720725,False,False,progression,phase_outcome_dense,1
2006363,359,47131,47178,medium_block,1466.6538500000001,False,False,other,phase_outcome_dense,0
2006363,360,47178,47227,high_block,2257.9645,False,False,other,phase_outcome_dense,0
2006363,361,47227,47236,medium_block,2839.830525,False,False,other,phase_outcome_dense,0
2006363,366,47652,47789,high_block,2384.0514,False,False,other,phase_outcome_dense,0
2006363,367,47789,47858,medium_block,2235.843675,False,False,other,phase_outcome_dense,0
2006363,371,48134,48204,medium_block,1343.2938750000003,False,False,regain,phase_outcome_dense,0
2006363,373,48328,48334,medium_block,1226.438275,True,False,shot,phase_outcome_dense,1
2006363,374,48334,48466,low_block,1320.1103500000002,True,False,shot,phase_outcome_dense,1
2006363,375,48466,48661,medium_block,1469.1988999999999,True,False,shot,phase_outcome_dense,1
2006363,376,48661,48700,low_block,1317.8958,True,False,shot,phase_outcome_dense,1
2006363,381,49505,49562,low_block,720.68745,True,False,shot,phase_outcome_dense,1
2006363,385,49874,50006,medium_block,2022.3315,False,False,other,phase_outcome_dense,0
2006363,386,50006,50156,low_block,1090.0195999999999,False,False,other,phase_outcome_dense,0
2006363,388,50518,50678,high_block,2359.009225,False,False,other,phase_outcome_dense,0
2006363,391,50832,50931,high_block,2974.1703749999992,True,False,shot,phase_outcome_dense,1
2006363,392,50931,50993,medium_block,2141.06615,True,False,shot,phase_outcome_dense,1
2006363,393,50993,51525,low_block,1475.4915,True,False,shot,phase_outcome_dense,1
2006363,394,51525,51647,medium_block,1439.0716750000001,False,False,other,phase_outcome_dense,0
2006363,395,51647,51717,high_block,2338.814625,False,False,other,phase_outcome_dense,0
2006363,396,51717,51751,medium_block,2747.31835,False,False,other,phase_outcome_dense,0
2006363,397,51907,51967,medium_block,1613.627775,False,False,progression,phase_outcome_dense,1
2006363,402,53306,53427,medium_block,1389.463,False,False,progression,phase_outcome_dense,1
2006363,404,53466,53563,medium_block,1986.14305,False,False,progression,phase_outcome_dense,1
2006363,405,53787,53942,high_block,2189.0879999999997,False,False,other,phase_outcome_dense,0
2006363,406,53942,54112,medium_block,1978.594,False,False,other,phase_outcome_dense,0
2006363,407,54112,54236,low_block,1601.8393999999998,False,False,other,phase_outcome_dense,0
2006363,408,54236,54350,medium_block,1403.3259,False,False,other,phase_outcome_dense,0
2006363,409,54350,54454,low_block,1400.0209249999998,False,False,other,phase_outcome_dense,0
2006363,411,54587,54618,medium_block,1713.30335,False,False,other,phase_outcome_dense,0
2006363,417,55518,55695,high_block,2971.0109999999995,False,False,regain,phase_outcome_dense,0
2006363,421,56397,56582,low_block,1075.9502499999999,True,True,goal,phase_outcome_dense,1
2006363,422,57284,57359,medium_block,1416.1530999999998,False,False,regain,phase_outcome_dense,0
2006363,424,57497,57590,high_block,2543.123025,False,False,other,phase_outcome_dense,0
2006363,425,57590,57622,medium_block,2209.3732499999996,False,False,other,phase_outcome_dense,0
2006363,426,57622,57684,high_block,2084.53895,False,False,regain,phase_outcome_dense,0
2006363,427,57684,57720,medium_block,1931.2064999999998,False,False,regain,phase_outcome_dense,0
2006363,428,57720,57899,medium_block,2426.482575,False,False,other,phase_outcome_dense,0
2006363,429,57899,57926,low_block,2498.526275,False,False,other,phase_outcome_dense,0
2006363,431,57972,58129,high_block,2465.868125,False,False,progression,phase_outcome_dense,1
2006363,433,58158,58168,medium_block,2946.8205,False,False,other,phase_outcome_dense,0
2006363,434,58168,58183,low_block,2687.22375,False,False,progression,phase_outcome_dense,1
2006363,435,58183,58417,medium_block,2253.1144499999996,False,False,regain,phase_outcome_dense,0
2006363,436,58417,58497,high_block,3063.0977,False,False,other,phase_outcome_dense,0
2006363,437,58497,58656,medium_block,2164.3098750000004,False,False,other,phase_outcome_dense,0
2007448,0,10,57,medium_block,1552.423225,False,False,other,phase_outcome_dense,0
2007448,2,88,179,low_block,1013.2035,False,False,other,phase_outcome_dense,0
2007448,3,282,302,low_block,962.6007999999999,False,False,other,phase_outcome_dense,0
2007448,4,302,384,medium_block,1453.424,False,False,other,phase_outcome_dense,0
2007448,6,419,453,low_block,1911.675975,False,False,progression,phase_outcome_dense,1
2007448,7,588,714,high_block,2398.4637999999995,False,False,other,phase_outcome_dense,0
2007448,14,1283,1492,medium_block,1402.19145,False,False,other,phase_outcome_dense,0
2007448,15,1575,1610,medium_block,1414.3887499999998,False,False,other,phase_outcome_dense,0
2007448,16,1610,1791,high_block,2077.2677750000003,False,False,regain,phase_outcome_dense,0
2007448,18,1813,1876,medium_block,1604.366575,False,False,other,phase_outcome_dense,0
2007448,19,1876,1992,low_block,1057.96745,False,False,other,phase_outcome_dense,0
2007448,20,1992,2058,medium_block,1456.4653750000002,False,False,other,phase_outcome_dense,0
2007448,21,2058,2101,high_block,2251.768575,False,False,other,phase_outcome_dense,0
2007448,23,2129,2168,medium_block,2065.0880249999996,False,False,other,phase_outcome_dense,0
2007448,25,2594,2787,high_block,2346.64515,False,False,other,phase_outcome_dense,0
2007448,26,2787,2791,medium_block,2601.6926249999997,False,False,other,phase_outcome_dense,0
2007448,27,2791,2838,low_block,2164.32,False,False,other,phase_outcome_dense,0
2007448,28,2838,2982,medium_block,2074.4677250000004,False,False,other,phase_outcome_dense,0
2007448,29,2982,3147,high_block,2555.4927999999995,False,False,other,phase_outcome_dense,0
2007448,31,3393,3432,medium_block,1301.5612500000002,False,False,progression,phase_outcome_dense,1
2007448,32,3432,3596,low_block,1182.9787999999999,False,False,progression,phase_outcome_dense,1
2007448,36,4079,4147,low_block,1160.65615,True,True,goal,phase_outcome_dense,1
2007448,37,4897,4955,medium_block,2042.997275,False,False,regain,phase_outcome_dense,0
2007448,42,5656,5926,medium_block,955.36225,False,False,progression,phase_outcome_dense,1
2007448,44,5980,6004,high_block,1792.5622,False,False,other,phase_outcome_dense,0
2007448,45,6004,6037,medium_block,1962.38625,False,False,other,phase_outcome_dense,0
2007448,46,6037,6204,high_block,2140.1118,False,False,other,phase_outcome_dense,0
2007448,47,6204,6302,medium_block,1808.1209999999999,False,False,other,phase_outcome_dense,0
2007448,48,6302,6524,low_block,1474.7404,False,False,other,phase_outcome_dense,0
2007448,50,7120,7218,low_block,906.7015,False,False,other,phase_outcome_dense,0
2007448,51,7218,7258,medium_block,1208.68685,False,False,other,phase_outcome_dense,0
2007448,52,7258,7285,low_block,1400.3806249999998,False,False,other,phase_outcome_dense,0
2007448,53,7285,7431,medium_block,1527.4256750000002,False,False,other,phase_outcome_dense,0
2007448,54,7431,7593,low_block,983.04885,False,False,other,phase_outcome_dense,0
2007448,60,7870,7928,high_block,2054.3962250000004,False,False,other,phase_outcome_dense,0
2007448,61,7928,8099,medium_block,2040.2830000000004,False,False,regain,phase_outcome_dense,0
2007448,62,8099,8196,high_block,2508.9868500000002,False,False,regain,phase_outcome_dense,0
2007448,64,8435,8536,medium_block,2068.9564,False,False,other,phase_outcome_dense,0
2007448,65,8536,8630,high_block,2555.8235999999997,False,False,disruption,phase_outcome_dense,0
2007448,67,8792,8853,low_block,1051.4035999999999,False,False,progression,phase_outcome_dense,1
2007448,68,8853,8903,high_block,2145.36345,False,False,other,phase_outcome_dense,0
2007448,69,8903,8913,medium_block,1739.884,False,False,other,phase_outcome_dense,0
2007448,72,10135,10199,low_block,3068.5552500000003,False,False,other,phase_outcome_dense,0
2007448,79,10822,10889,high_block,2440.18125,False,False,other,phase_outcome_dense,0
2007448,83,11011,11158,medium_block,1630.3938249999999,False,False,other,phase_outcome_dense,0
2007448,84,11158,11189,low_block,1302.6668750000001,False,False,progression,phase_outcome_dense,1
2007448,85,11442,11454,medium_block,2785.2194,False,False,other,phase_outcome_dense,0
2007448,92,11819,11897,medium_block,1225.787475,True,False,shot,phase_outcome_dense,1
2007448,93,11897,12145,low_block,915.1657500000001,True,False,shot,phase_outcome_dense,1
2007448,95,12544,12626,medium_block,1410.5911,False,False,other,phase_outcome_dense,0
2007448,97,12824,12907,low_block,1490.293,False,False,other,phase_outcome_dense,0
2007448,103,14085,14118,high_block,3102.2934499999997,False,False,other,phase_outcome_dense,0
2007448,105,14136,14178,medium_block,2282.511,False,False,progression,phase_outcome_dense,1
2007448,106,14178,14187,medium_block,2167.5885,False,False,other,phase_outcome_dense,0
2007448,107,14187,14253,high_block,2400.8508,False,False,regain,phase_outcome_dense,0
2007448,113,14935,15158,medium_block,1934.3324,False,False,regain,phase_outcome_dense,0
2007448,115,15294,15363,low_block,984.742275,False,False,progression,phase_outcome_dense,1
2007448,116,15363,15449,high_block,2924.6847749999997,False,False,other,phase_outcome_dense,0
2007448,117,15592,15854,medium_block,1666.4967,False,False,regain,phase_outcome_dense,0
2007448,118,15854,15877,medium_block,2195.5934,False,False,other,phase_outcome_dense,0
2007448,119,15877,15929,high_block,2077.266,False,False,other,phase_outcome_dense,0
2007448,120,15929,15956,medium_block,2082.9130999999998,False,False,other,phase_outcome_dense,0
2007448,123,16078,16180,low_block,1053.5052999999998,False,False,other,phase_outcome_dense,0
2007448,125,17047,17145,low_block,1001.5647249999998,False,False,other,phase_outcome_dense,0
2007448,126,17145,17192,medium_block,1531.7705000000003,False,False,progression,phase_outcome_dense,1
2007448,127,17192,17347,high_block,2422.91775,False,False,other,phase_outcome_dense,0
2007448,130,17651,17675,low_block,863.4436000000001,False,False,other,phase_outcome_dense,0
2007448,131,17675,17760,medium_block,1256.0841,False,False,disruption,phase_outcome_dense,0
2007448,132,17760,17819,low_block,1472.36875,False,False,progression,phase_outcome_dense,1
2007448,133,17819,17918,high_block,2618.4959999999996,False,False,other,phase_outcome_dense,0
2007448,134,17918,18407,medium_block,1640.6188000000002,False,False,other,phase_outcome_dense,0
2007448,135,18407,18446,low_block,1202.6103749999997,False,False,other,phase_outcome_dense,0
2007448,139,19596,19616,low_block,939.3399999999998,False,False,other,phase_outcome_dense,0
2007448,140,19616,19713,medium_block,1481.40265,False,False,other,phase_outcome_dense,0
2007448,141,19713,19830,high_block,1994.9211500000001,False,False,regain,phase_outcome_dense,0
2007448,142,19830,19885,medium_block,1851.2508,False,False,regain,phase_outcome_dense,0
2007448,143,19885,19944,high_block,2762.7889750000004,False,False,regain,phase_outcome_dense,0
2007448,145,19965,20068,medium_block,2008.1643000000001,False,False,progression,phase_outcome_dense,1
2007448,146,20068,20095,low_block,1994.7663,False,False,progression,phase_outcome_dense,1
2007448,147,20095,20174,high_block,2378.5683499999996,False,False,other,phase_outcome_dense,0
2007448,148,20174,20236,medium_block,1912.0762499999998,False,False,other,phase_outcome_dense,0
2007448,149,20236,20323,high_block,2567.6762000000003,False,False,regain,phase_outcome_dense,0
2007448,150,20323,20336,medium_block,3244.36895,False,False,other,phase_outcome_dense,0
2007448,155,20791,21076,medium_block,1946.4250000000002,False,False,other,phase_outcome_dense,0
2007448,156,21076,21129,high_block,1998.2098,False,False,other,phase_outcome_dense,0
2007448,157,21129,21239,medium_block,2058.6521999999995,False,False,other,phase_outcome_dense,0
2007448,158,21239,21262,low_block,1673.0821250000001,False,False,progression,phase_outcome_dense,1
2007448,160,21495,21616,medium_block,2477.653950000001,True,True,goal,phase_outcome_dense,1
2007448,161,21616,21683,low_block,1651.1917500000002,True,True,goal,phase_outcome_dense,1
2007448,162,22521,22565,medium_block,1766.3516250000002,False,False,other,phase_outcome_dense,0
2007448,163,22565,22629,high_block,2133.8286749999997,False,False,other,phase_outcome_dense,0
2007448,164,22629,22634,medium_block,2323.9635000000003,False,False,other,phase_outcome_dense,0
2007448,165,22748,22799,medium_block,1698.8327000000002,False,False,other,phase_outcome_dense,0
2007448,166,22799,22881,high_block,2320.1257,False,False,progression,phase_outcome_dense,1
2007448,167,23010,23075,medium_block,2164.7808,False,False,other,phase_outcome_dense,0
2007448,168,23075,23152,high_block,2386.641925,False,False,other,phase_outcome_dense,0
2007448,169,23152,23218,medium_block,2308.8680000000004,False,False,disruption,phase_outcome_dense,0
2007448,170,23218,23312,high_block,2393.9001,False,False,disruption,phase_outcome_dense,0
2007448,172,23337,23382,medium_block,2548.1703,False,False,progression,phase_outcome_dense,1
2007448,173,23597,23612,medium_block,1408.0492000000002,False,False,progression,phase_outcome_dense,1
2007448,175,23625,23887,low_block,1140.9870500000002,True,False,shot,phase_outcome_dense,1
2007448,176,23887,24043,medium_block,1479.57405,False,False,other,phase_outcome_dense,0
2007448,177,24135,24229,medium_block,1545.2575,False,False,progression,phase_outcome_dense,1
2007448,178,24229,24312,medium_block,2109.9187500000003,False,False,other,phase_outcome_dense,0
2007448,179,24394,24456,medium_block,1404.1544999999999,False,False,other,phase_outcome_dense,0
2007448,180,24456,24476,low_block,1401.1122500000004,False,False,other,phase_outcome_dense,0
2007448,181,24476,24541,medium_block,1547.91005,False,False,progression,phase_outcome_dense,1
2007448,182,24541,24553,high_block,3492.5049499999996,False,False,other,phase_outcome_dense,0
2007448,183,24553,24884,medium_block,2554.1201,False,False,other,phase_outcome_dense,0
2007448,184,24884,24921,high_block,2043.4424999999999,False,False,other,phase_outcome_dense,0
2007448,186,24953,25020,medium_block,2064.589425,False,False,other,phase_outcome_dense,0
2007448,187,25020,25149,low_block,1252.2575,False,False,other,phase_outcome_dense,0
2007448,189,26218,26350,medium_block,1190.7,False,False,regain,phase_outcome_dense,0
2007448,195,28529,28557,medium_block,,False,False,other,phase_outcome_dense,0
2007448,198,28820,28912,medium_block,1633.741125,False,False,other,phase_outcome_dense,0
2007448,201,29298,29304,medium_block,1414.336,False,False,other,phase_outcome_dense,0
2007448,202,29304,29350,high_block,1418.4672,False,False,other,phase_outcome_dense,0
2007448,204,29378,29450,medium_block,1797.3276,False,False,progression,phase_outcome_dense,1
2007448,205,29450,29550,medium_block,1903.5919500000002,False,False,other,phase_outcome_dense,0
2007448,206,29550,29577,high_block,1878.510225,False,False,other,phase_outcome_dense,0
2007448,207,29577,29579,medium_block,1887.9777,False,False,other,phase_outcome_dense,0
2007448,208,29579,29714,high_block,2110.7093999999997,False,False,regain,phase_outcome_dense,0
2007448,209,29714,29725,medium_block,2173.184,False,False,other,phase_outcome_dense,0
2007448,210,29725,29828,medium_block,1875.0870000000002,True,False,shot,phase_outcome_dense,1
2007448,211,29828,29906,low_block,1203.4855,True,False,shot,phase_outcome_dense,1
2007448,212,30118,30178,medium_block,2486.1046,False,False,other,phase_outcome_dense,0
2007448,213,30178,30207,medium_block,1642.3459,False,False,other,phase_outcome_dense,0
2007448,214,30207,30286,high_block,1892.1798000000001,False,False,regain,phase_outcome_dense,0
2007448,216,30315,30323,medium_block,2529.3807,False,False,other,phase_outcome_dense,0
2007448,217,30323,30328,low_block,2424.73665,False,False,other,phase_outcome_dense,0
2007448,218,30328,30410,medium_block,1910.552,False,False,other,phase_outcome_dense,0
2007448,219,30410,30613,low_block,1460.19375,False,False,other,phase_outcome_dense,0
2007448,220,30613,30645,medium_block,1426.9879,False,False,progression,phase_outcome_dense,1
2007448,221,30645,30664,low_block,1370.5147500000003,False,False,progression,phase_outcome_dense,1
2007448,222,30664,30939,medium_block,2753.4577500000005,False,False,other,phase_outcome_dense,0
2007448,223,30939,30973,high_block,2464.5737,False,False,other,phase_outcome_dense,0
2007448,224,30973,31055,medium_block,2237.20245,False,False,progression,phase_outcome_dense,1
2007448,225,31055,31078,low_block,1644.3429999999998,False,False,progression,phase_outcome_dense,1
2007448,226,31078,31139,high_block,2504.445,False,False,other,phase_outcome_dense,0
2007448,227,31139,31269,medium_block,2091.2099249999997,False,False,progression,phase_outcome_dense,1
2007448,229,31338,31368,high_block,2666.92835,False,False,other,phase_outcome_dense,0
2007448,230,31368,31452,medium_block,2511.5740000000005,False,False,other,phase_outcome_dense,0
2007448,231,31452,31484,low_block,2100.591375,False,False,other,phase_outcome_dense,0
2007448,232,31484,31509,medium_block,1719.1133750000001,False,False,other,phase_outcome_dense,0
2007448,233,31509,31601,low_block,1590.23025,False,False,other,phase_outcome_dense,0
2007448,235,32747,32851,medium_block,1606.058425,False,False,other,phase_outcome_dense,0
2007448,236,32851,32891,high_block,1925.43615,False,False,other,phase_outcome_dense,0
2007448,237,32891,33058,medium_block,2340.0773999999997,False,False,progression,phase_outcome_dense,1
2007448,238,33058,33123,high_block,2978.976,False,False,other,phase_outcome_dense,0
2007448,239,33123,33130,medium_block,2646.8414249999996,False,False,other,phase_outcome_dense,0
2007448,243,33441,33489,low_block,1278.13875,False,False,other,phase_outcome_dense,0
2007448,244,33489,33533,medium_block,1677.8078249999999,False,False,other,phase_outcome_dense,0
2007448,245,33533,33593,high_block,2123.380725,False,False,other,phase_outcome_dense,0
2007448,247,33623,33630,medium_block,2110.589775,False,False,other,phase_outcome_dense,0
2007448,248,33630,33715,low_block,1795.8033750000002,False,False,progression,phase_outcome_dense,1
2007448,250,33758,33952,low_block,1419.4934999999996,False,False,other,phase_outcome_dense,0
2007448,251,33952,34085,medium_block,1603.1953250000001,False,False,regain,phase_outcome_dense,0
2007448,253,34167,34558,medium_block,2302.00695,False,False,other,phase_outcome_dense,0
2007448,254,34558,34571,low_block,1987.4666250000002,False,False,other,phase_outcome_dense,0
2007448,259,36105,36219,high_block,2519.6719999999996,False,False,other,phase_outcome_dense,0
2007448,260,36219,36268,medium_block,1940.849525,False,False,other,phase_outcome_dense,0
2007448,261,36268,36389,low_block,1224.2223,False,False,other,phase_outcome_dense,0
2007448,262,37005,37037,low_block,1082.7624250000001,True,False,shot,phase_outcome_dense,1
2007448,263,37037,37069,medium_block,1195.35535,True,False,shot,phase_outcome_dense,1
2007448,264,37069,37123,low_block,1242.6949499999998,True,False,shot,phase_outcome_dense,1
2007448,265,37123,37161,medium_block,1373.1840499999998,True,False,shot,phase_outcome_dense,1
2007448,266,37161,37448,low_block,1336.2524,True,False,shot,phase_outcome_dense,1
2007448,267,37448,37542,medium_block,1523.0832000000003,False,False,other,phase_outcome_dense,0
2007448,269,37568,37570,medium_block,1747.920525,False,False,other,phase_outcome_dense,0
2007448,270,37570,37624,low_block,1779.30585,False,False,other,phase_outcome_dense,0
2007448,271,37709,37749,low_block,1000.6141249999998,False,False,other,phase_outcome_dense,0
2007448,272,37749,37770,medium_block,1132.5467999999998,False,False,other,phase_outcome_dense,0
2007448,273,37770,37799,low_block,1245.0149749999998,False,False,regain,phase_outcome_dense,0
2007448,274,37799,37853,medium_block,1614.4133250000002,False,False,regain,phase_outcome_dense,0
2007448,275,37853,37935,high_block,2297.4018,False,False,regain,phase_outcome_dense,0
2007448,276,37935,37943,medium_block,2570.8662,False,False,progression,phase_outcome_dense,1
2007448,278,38315,38350,medium_block,1516.8187749999997,False,False,other,phase_outcome_dense,0
2007448,279,38350,38414,high_block,1887.883875,False,False,other,phase_outcome_dense,0
2007448,280,38414,38476,medium_block,1886.68425,False,False,other,phase_outcome_dense,0
2007448,281,38476,38537,low_block,1676.65355,False,False,other,phase_outcome_dense,0
2007448,287,38643,38732,medium_block,1578.62,False,False,progression,phase_outcome_dense,1
2007448,289,38770,38895,high_block,2787.0640000000003,True,False,shot,phase_outcome_dense,1
2007448,291,38932,38957,medium_block,2727.0438,True,False,shot,phase_outcome_dense,1
2007448,292,38957,39032,low_block,2150.1342000000004,True,False,shot,phase_outcome_dense,1
2007448,295,39564,39631,medium_block,2152.76865,True,False,shot,phase_outcome_dense,1
2007448,296,39631,39763,low_block,1464.1141000000002,True,False,shot,phase_outcome_dense,1
2007448,297,40092,40102,medium_block,3071.5154999999995,False,False,other,phase_outcome_dense,0
2007448,298,40613,40656,low_block,1024.00665,False,False,other,phase_outcome_dense,0
2007448,299,40656,40786,medium_block,1668.1103249999996,False,False,other,phase_outcome_dense,0
2007448,300,40786,40838,high_block,2352.539475,False,False,other,phase_outcome_dense,0
2007448,303,41118,41168,medium_block,1203.675725,True,False,shot,phase_outcome_dense,1
2007448,304,41168,41206,low_block,1269.350775,True,False,shot,phase_outcome_dense,1
2007448,305,41315,41377,medium_block,2255.604,False,False,other,phase_outcome_dense,0
2007448,306,41377,41490,high_block,2150.5363500000003,False,False,other,phase_outcome_dense,0
2007448,307,41490,41586,medium_block,2271.1452750000003,False,False,other,phase_outcome_dense,0
2007448,309,41847,41850,medium_block,2959.1922250000002,False,False,other,phase_outcome_dense,0
2007448,310,41850,41928,high_block,2694.1096,False,False,regain,phase_outcome_dense,0
2007448,311,41928,41949,medium_block,2419.3890000000006,False,False,other,phase_outcome_dense,0
2007448,312,41949,42059,medium_block,1778.063,False,False,progression,phase_outcome_dense,1
2007448,313,42059,42137,low_block,1455.3000000000002,False,False,progression,phase_outcome_dense,1
2007448,314,42137,42211,high_block,2972.1350999999995,False,False,disruption,phase_outcome_dense,0
2007448,316,42804,42892,medium_block,1567.3019250000002,False,False,regain,phase_outcome_dense,0
2007448,319,43035,43043,low_block,1361.2221249999998,False,False,other,phase_outcome_dense,0
2007448,320,43043,43321,medium_block,1354.30405,False,False,other,phase_outcome_dense,0
2007448,321,43321,43448,low_block,1334.8538500000002,False,False,progression,phase_outcome_dense,1
2007448,322,43620,43694,medium_block,1782.0226,False,False,other,phase_outcome_dense,0
2007448,323,43694,43731,low_block,1498.4499999999998,False,False,progression,phase_outcome_dense,1
2007448,325,43928,43981,high_block,2924.7012,False,False,other,phase_outcome_dense,0
2007448,326,43981,44060,medium_block,2879.7032,False,False,progression,phase_outcome_dense,1
2007448,327,44178,44278,low_block,1633.1640000000002,False,False,progression,phase_outcome_dense,1
2007448,329,45144,45172,low_block,940.127525,False,False,progression,phase_outcome_dense,1
2007448,330,45172,45334,medium_block,1211.9368749999999,False,False,regain,phase_outcome_dense,0
2007448,331,45334,45402,medium_block,2555.4877500000002,False,False,regain,phase_outcome_dense,0
2007448,332,45402,45443,medium_block,1951.2082499999997,False,False,progression,phase_outcome_dense,1
2007448,333,45443,45574,low_block,1112.4703,False,False,regain,phase_outcome_dense,0
2007448,334,45574,45643,high_block,2929.3561500000005,False,False,regain,phase_outcome_dense,0
2007448,335,45643,45688,medium_block,2730.461475,False,False,regain,phase_outcome_dense,0
2007448,336,45688,45777,medium_block,1974.1631000000004,False,False,other,phase_outcome_dense,0
2007448,337,45777,45850,high_block,1827.328125,False,False,other,phase_outcome_dense,0
2007448,338,45850,45910,medium_block,1812.331575,False,False,other,phase_outcome_dense,0
2007448,339,45910,45962,low_block,1571.0199750000002,False,False,other,phase_outcome_dense,0
2007448,341,46157,46173,low_block,1540.2944999999997,False,False,other,phase_outcome_dense,0
2007448,342,46173,46341,medium_block,1737.2190000000003,False,False,other,phase_outcome_dense,0
2007448,343,46341,46412,low_block,1941.2133000000001,False,False,other,phase_outcome_dense,0
2007448,344,46412,46538,medium_block,1755.5244999999998,False,False,other,phase_outcome_dense,0
2007448,345,46538,46807,low_block,1251.11295,False,False,other,phase_outcome_dense,0
2007448,348,47404,47471,low_block,1119.430125,False,False,other,phase_outcome_dense,0
2007448,349,47550,47665,low_block,804.6423,False,False,other,phase_outcome_dense,0
2007448,350,47665,47777,medium_block,1407.4967500000002,False,False,other,phase_outcome_dense,0
2007448,351,47777,47810,low_block,1893.335725,False,False,other,phase_outcome_dense,0
2007448,355,48709,48742,low_block,974.7729499999999,False,False,other,phase_outcome_dense,0
2007448,356,48742,48798,medium_block,1193.0912,False,False,other,phase_outcome_dense,0
2007448,357,48798,49014,low_block,1801.7051,False,False,other,phase_outcome_dense,0
2007448,360,49056,49165,medium_block,1650.299925,False,False,other,phase_outcome_dense,0
2007448,363,49599,49724,medium_block,2386.21475,False,False,other,phase_outcome_dense,0
2007448,367,49866,49946,high_block,2797.637375,False,False,disruption,phase_outcome_dense,0
2007448,368,50100,50106,medium_block,1491.672975,False,False,other,phase_outcome_dense,0
2007448,369,50106,50174,high_block,1753.9104,False,False,other,phase_outcome_dense,0
2007448,370,50174,50196,medium_block,2085.3128,False,False,other,phase_outcome_dense,0
2007448,371,50196,50292,high_block,2258.279375,False,False,other,phase_outcome_dense,0
2007448,372,50292,50427,medium_block,2034.6931499999998,False,False,other,phase_outcome_dense,0
2007448,373,50427,50652,low_block,1174.1288,False,False,progression,phase_outcome_dense,1
2007448,375,50696,50722,low_block,683.19825,True,False,shot,phase_outcome_dense,1
2007448,379,51566,51567,medium_block,1539.4553,False,False,other,phase_outcome_dense,0
2007448,380,51567,51631,high_block,2127.0978,False,False,progression,phase_outcome_dense,1
2007448,382,51666,51851,medium_block,2049.7799999999997,False,False,other,phase_outcome_dense,0
2007448,383,51851,51990,low_block,1515.3885,False,False,progression,phase_outcome_dense,1
2007448,385,52243,52285,low_block,964.853875,False,False,other,phase_outcome_dense,0
2007448,387,52425,52596,medium_block,1815.288875,False,False,other,phase_outcome_dense,0
2007448,388,52596,52632,low_block,1229.8254,False,False,progression,phase_outcome_dense,1
2007448,389,52632,52698,high_block,2915.5593750000003,False,False,regain,phase_outcome_dense,0
2007448,390,52698,52705,medium_block,2754.7607500000004,False,False,other,phase_outcome_dense,0
2007448,391,52705,52791,medium_block,1543.270125,False,False,other,phase_outcome_dense,0
2007448,392,52791,52811,low_block,1589.033325,False,False,other,phase_outcome_dense,0
2007448,393,52811,52936,medium_block,1579.5681,False,False,other,phase_outcome_dense,0
2007448,394,52936,53012,low_block,1567.6983,False,False,other,phase_outcome_dense,0
2007448,395,53012,53054,medium_block,1449.0206500000002,False,False,progression,phase_outcome_dense,1
2007448,397,53074,53417,low_block,1502.7343500000002,False,False,other,phase_outcome_dense,0
2007448,399,54238,54258,low_block,1218.4185750000001,False,False,progression,phase_outcome_dense,1
2007448,401,54469,54783,low_block,872.3871,True,True,goal,phase_outcome_dense,1
2007448,402,55641,55724,medium_block,1653.5052,False,False,regain,phase_outcome_dense,0
2007448,404,55854,55918,low_block,1176.3988499999998,False,False,other,phase_outcome_dense,0
2007448,405,56119,56142,low_block,1214.8034249999998,False,False,other,phase_outcome_dense,0
2007448,406,56142,56298,medium_block,1881.1943999999999,False,False,other,phase_outcome_dense,0
2007448,411,57250,57263,medium_block,1081.4455749999997,True,False,shot,phase_outcome_dense,1
2007448,412,57263,57328,low_block,1082.8444,True,False,shot,phase_outcome_dense,1
2007448,413,57745,57851,medium_block,1825.9735,False,False,other,phase_outcome_dense,0
2007448,415,57886,57929,low_block,1669.463975,False,False,progression,phase_outcome_dense,1
2007448,416,57929,57990,high_block,3077.2927499999996,False,False,other,phase_outcome_dense,0
2007721,0,20,171,medium_block,1742.0913999999998,False,False,other,phase_outcome_dense,0
2007721,2,201,293,medium_block,1912.8284999999998,False,False,other,phase_outcome_dense,0
2007721,3,293,328,high_block,2145.7740000000003,False,False,other,phase_outcome_dense,0
2007721,4,328,445,medium_block,1892.2966250000002,False,False,progression,phase_outcome_dense,1
2007721,5,445,594,medium_block,2290.8540000000003,False,False,other,phase_outcome_dense,0
2007721,7,762,838,medium_block,1633.2800000000002,False,False,other,phase_outcome_dense,0
2007721,10,1383,1429,medium_block,1332.281575,True,False,shot,phase_outcome_dense,1
2007721,11,1429,1529,low_block,1239.17085,True,False,shot,phase_outcome_dense,1
2007721,12,1529,1574,medium_block,1181.984375,True,False,shot,phase_outcome_dense,1
2007721,13,1574,1645,low_block,979.0743000000001,True,False,shot,phase_outcome_dense,1
2007721,14,1818,2077,medium_block,2391.6416,False,False,regain,phase_outcome_dense,0
2007721,15,2077,2109,high_block,2636.82575,False,False,regain,phase_outcome_dense,0
2007721,16,2109,2149,medium_block,2259.062475,False,False,regain,phase_outcome_dense,0
2007721,17,2149,2376,medium_block,2143.9208999999996,False,False,progression,phase_outcome_dense,1
2007721,18,2678,2767,medium_block,1634.7501750000001,False,False,other,phase_outcome_dense,0
2007721,19,2767,2784,low_block,1381.15315,False,False,other,phase_outcome_dense,0
2007721,20,2784,2933,medium_block,1534.088325,False,False,progression,phase_outcome_dense,1
2007721,21,2933,2964,low_block,1621.0764999999997,False,False,progression,phase_outcome_dense,1
2007721,23,3371,3407,medium_block,1061.48085,False,False,other,phase_outcome_dense,0
2007721,27,3474,3492,medium_block,1602.372375,False,False,other,phase_outcome_dense,0
2007721,28,3492,3508,high_block,1869.66,False,False,other,phase_outcome_dense,0
2007721,30,3554,3784,medium_block,2017.02325,False,False,other,phase_outcome_dense,0
2007721,32,3828,3844,medium_block,1798.9253250000002,False,False,progression,phase_outcome_dense,1
2007721,33,3844,3927,low_block,1633.9386000000002,False,False,progression,phase_outcome_dense,1
2007721,34,3927,4091,high_block,2814.2564999999995,False,False,other,phase_outcome_dense,0
2007721,37,4264,4280,low_block,1548.4163999999998,False,False,other,phase_outcome_dense,0
2007721,38,4280,4439,medium_block,1633.5465,False,False,other,phase_outcome_dense,0
2007721,39,4439,4472,low_block,1742.2076000000002,False,False,other,phase_outcome_dense,0
2007721,40,4472,4567,medium_block,1926.3199999999997,False,False,regain,phase_outcome_dense,0
2007721,41,4567,4593,high_block,2348.3176999999996,False,False,regain,phase_outcome_dense,0
2007721,44,4720,4756,low_block,737.6313,False,False,other,phase_outcome_dense,0
2007721,47,5055,5413,low_block,521.7352,True,True,goal,phase_outcome_dense,1
2007721,48,6097,6109,medium_block,1579.084325,False,False,other,phase_outcome_dense,0
2007721,49,6109,6135,high_block,1861.2479999999998,False,False,progression,phase_outcome_dense,1
2007721,52,6581,6585,medium_block,1801.335,False,False,other,phase_outcome_dense,0
2007721,53,6585,6708,high_block,2310.50265,False,False,progression,phase_outcome_dense,1
2007721,54,7003,7056,medium_block,1758.84495,False,False,disruption,phase_outcome_dense,0
2007721,61,8042,8385,medium_block,1613.7257499999996,False,False,regain,phase_outcome_dense,0
2007721,63,8414,8623,medium_block,1737.926525,False,False,other,phase_outcome_dense,0
2007721,65,8834,9022,low_block,691.2591,False,False,progression,phase_outcome_dense,1
2007721,66,9022,9071,high_block,1820.8540000000003,False,False,other,phase_outcome_dense,0
2007721,67,9071,9477,medium_block,1466.4221250000003,False,False,other,phase_outcome_dense,0
2007721,69,9655,9790,low_block,1410.0021000000002,False,False,progression,phase_outcome_dense,1
2007721,71,10177,10207,medium_block,1680.2787,False,False,other,phase_outcome_dense,0
2007721,72,10207,10292,high_block,2104.6592,False,False,regain,phase_outcome_dense,0
2007721,74,10314,10316,medium_block,3274.8221000000003,False,False,other,phase_outcome_dense,0
2007721,75,10316,10361,high_block,3263.9387500000003,False,False,other,phase_outcome_dense,0
2007721,76,10361,10452,medium_block,2324.013475,False,False,other,phase_outcome_dense,0
2007721,77,10452,10474,low_block,1464.8705749999997,False,False,other,phase_outcome_dense,0
2007721,78,10474,10544,medium_block,1300.4292,False,False,other,phase_outcome_dense,0
2007721,79,10544,10630,low_block,1234.05295,False,False,progression,phase_outcome_dense,1
2007721,81,10662,10673,medium_block,1566.2690000000002,False,False,other,phase_outcome_dense,0
2007721,82,10673,10730,high_block,1970.4728499999999,False,False,other,phase_outcome_dense,0
2007721,83,10730,10893,medium_block,1745.2256249999998,False,False,other,phase_outcome_dense,0
2007721,84,10893,10933,low_block,1325.4696,False,False,other,phase_outcome_dense,0
2007721,85,10933,11186,medium_block,1469.5505500000002,False,False,other,phase_outcome_dense,0
2007721,86,11186,11368,low_block,1402.4894999999997,False,False,progression,phase_outcome_dense,1
2007721,88,11430,11563,medium_block,1529.4594,False,False,other,phase_outcome_dense,0
2007721,89,11563,11736,low_block,1441.3524000000002,False,False,other,phase_outcome_dense,0
2007721,91,12088,12162,medium_block,1306.2552999999998,False,False,progression,phase_outcome_dense,1
2007721,93,12192,12317,high_block,2946.8021000000003,False,False,progression,phase_outcome_dense,1
2007721,94,12381,12400,low_block,1309.0833000000002,True,False,shot,phase_outcome_dense,1
2007721,95,12400,12543,medium_block,1478.1000000000001,True,False,shot,phase_outcome_dense,1
2007721,96,12543,12670,high_block,2095.4813,True,False,shot,phase_outcome_dense,1
2007721,97,12670,12889,medium_block,1916.62405,True,False,shot,phase_outcome_dense,1
2007721,98,12889,13144,low_block,990.2034,True,False,shot,phase_outcome_dense,1
2007721,103,13891,13975,high_block,2295.986,False,False,other,phase_outcome_dense,0
2007721,104,13975,13999,medium_block,1880.1198499999998,False,False,other,phase_outcome_dense,0
2007721,105,14193,14427,medium_block,1483.001475,False,False,progression,phase_outcome_dense,1
2007721,106,14427,14446,low_block,1210.19795,False,False,progression,phase_outcome_dense,1
2007721,107,14446,14618,high_block,3019.43295,False,False,other,phase_outcome_dense,0
2007721,111,14736,14999,medium_block,1680.8817999999999,False,False,other,phase_outcome_dense,0
2007721,112,14999,15009,low_block,1489.84775,False,False,other,phase_outcome_dense,0
2007721,113,15009,15109,medium_block,1491.9940000000001,False,False,progression,phase_outcome_dense,1
2007721,114,15109,15173,low_block,1376.4078000000002,False,False,progression,phase_outcome_dense,1
2007721,115,15173,15424,medium_block,2341.5409500000005,False,False,other,phase_outcome_dense,0
2007721,119,15589,15637,medium_block,1426.52625,True,False,shot,phase_outcome_dense,1
2007721,120,15637,15680,low_block,1501.0782,True,False,shot,phase_outcome_dense,1
2007721,121,15680,15786,medium_block,2598.9738,False,False,other,phase_outcome_dense,0
2007721,122,15989,16222,medium_block,2369.981,False,False,other,phase_outcome_dense,0
2007721,126,16406,16607,medium_block,1600.271825,False,False,regain,phase_outcome_dense,0
2007721,128,16824,16854,medium_block,1729.644375,False,False,regain,phase_outcome_dense,0
2007721,129,16854,16966,high_block,2277.9675,False,False,regain,phase_outcome_dense,0
2007721,130,16966,16989,medium_block,2779.785,False,False,other,phase_outcome_dense,0
2007721,131,16989,17074,medium_block,1897.9312500000003,False,False,other,phase_outcome_dense,0
2007721,134,17107,17267,medium_block,2241.0649,True,False,shot,phase_outcome_dense,1
2007721,135,17267,17323,high_block,2126.76975,True,False,shot,phase_outcome_dense,1
2007721,136,17323,17443,medium_block,1564.1225000000002,True,False,shot,phase_outcome_dense,1
2007721,137,17443,17852,low_block,996.907,True,False,shot,phase_outcome_dense,1
2007721,138,18140,18417,medium_block,1364.0925,False,False,other,phase_outcome_dense,0
2007721,139,18417,18626,low_block,1156.0877249999999,False,False,other,phase_outcome_dense,0
2007721,140,18626,18649,medium_block,1056.212625,False,False,other,phase_outcome_dense,0
2007721,141,18649,18750,low_block,1157.614,False,False,other,phase_outcome_dense,0
2007721,143,18884,18974,medium_block,3115.4091,False,False,other,phase_outcome_dense,0
2007721,144,19036,19294,medium_block,1940.6479999999997,False,False,other,phase_outcome_dense,0
2007721,145,19294,19350,low_block,1882.9342,False,False,other,phase_outcome_dense,0
2007721,150,19720,19959,medium_block,1645.3272249999998,False,False,other,phase_outcome_dense,0
2007721,152,20161,20217,low_block,1150.485825,False,False,progression,phase_outcome_dense,1
2007721,153,20217,20447,high_block,3197.975999999999,False,False,regain,phase_outcome_dense,0
2007721,154,20447,20509,medium_block,2622.0426000000007,False,False,regain,phase_outcome_dense,0
2007721,159,20963,21133,medium_block,1516.7220000000002,False,False,other,phase_outcome_dense,0
2007721,160,21133,21183,low_block,1268.0634,False,False,other,phase_outcome_dense,0
2007721,161,21284,21340,low_block,898.190975,True,False,shot,phase_outcome_dense,1
2007721,162,21340,21438,medium_block,1307.7351,True,False,shot,phase_outcome_dense,1
2007721,163,21438,21719,low_block,1360.1224000000002,True,False,shot,phase_outcome_dense,1
2007721,164,21719,21753,medium_block,1245.83705,True,False,shot,phase_outcome_dense,1
2007721,165,21753,21867,low_block,1083.3301500000002,True,False,shot,phase_outcome_dense,1
2007721,168,22700,22745,medium_block,1015.0748500000002,False,False,regain,phase_outcome_dense,0
2007721,174,23346,23584,medium_block,1366.9038,False,False,other,phase_outcome_dense,0
2007721,175,23584,23658,low_block,1118.1302,False,False,other,phase_outcome_dense,0
2007721,176,23733,23833,low_block,1170.20925,False,False,other,phase_outcome_dense,0
2007721,177,23833,23843,medium_block,1262.0369,False,False,other,phase_outcome_dense,0
2007721,178,23843,23868,low_block,1586.9887999999999,False,False,other,phase_outcome_dense,0
2007721,179,23868,23874,medium_block,1795.5081249999998,False,False,other,phase_outcome_dense,0
2007721,180,24037,24050,medium_block,1898.6834999999999,False,False,other,phase_outcome_dense,0
2007721,181,24050,24094,high_block,2070.39885,False,False,other,phase_outcome_dense,0
2007721,182,24094,24176,medium_block,2272.4735,False,False,other,phase_outcome_dense,0
2007721,183,24176,24236,high_block,2258.026575,False,False,other,phase_outcome_dense,0
2007721,184,24236,24295,medium_block,1993.8842499999996,False,False,regain,phase_outcome_dense,0
2007721,186,24454,24481,low_block,1088.0910999999999,False,False,other,phase_outcome_dense,0
2007721,187,24481,24554,medium_block,1294.1990250000001,False,False,other,phase_outcome_dense,0
2007721,188,24554,24595,low_block,1398.5634999999997,False,False,progression,phase_outcome_dense,1
2007721,189,24595,24635,medium_block,1435.38525,False,False,progression,phase_outcome_dense,1
2007721,190,25061,25120,medium_block,921.9694499999999,False,False,other,phase_outcome_dense,0
2007721,191,25120,25272,high_block,2259.0,False,False,progression,phase_outcome_dense,1
2007721,193,25306,25481,medium_block,2226.486625,True,False,shot,phase_outcome_dense,1
2007721,195,25510,25517,medium_block,1687.8837,True,False,shot,phase_outcome_dense,1
2007721,196,25517,25632,low_block,1194.92055,True,False,shot,phase_outcome_dense,1
2007721,199,26053,26196,medium_block,1499.557625,False,False,other,phase_outcome_dense,0
2007721,200,26196,26266,low_block,1191.7216999999998,False,False,other,phase_outcome_dense,0
2007721,202,26390,26406,low_block,1296.4825250000001,False,False,other,phase_outcome_dense,0
2007721,203,26406,26460,medium_block,1267.31875,False,False,other,phase_outcome_dense,0
2007721,204,26460,26546,low_block,1265.7248000000002,False,False,other,phase_outcome_dense,0
2007721,205,26546,26567,medium_block,1248.2802,False,False,other,phase_outcome_dense,0
2007721,206,26567,26596,low_block,1452.69695,False,False,other,phase_outcome_dense,0
2007721,207,26596,26667,medium_block,1593.96895,False,False,other,phase_outcome_dense,0
2007721,211,26761,26887,low_block,880.6392,True,False,shot,phase_outcome_dense,1
2007721,213,27709,27770,high_block,1591.027125,False,False,other,phase_outcome_dense,0
2007721,216,27843,27914,medium_block,1301.20695,False,False,other,phase_outcome_dense,0
2007721,217,28196,28205,low_block,1245.10925,False,False,other,phase_outcome_dense,0
2007721,218,28205,28317,medium_block,1510.4421,False,False,regain,phase_outcome_dense,0
2007721,220,28507,28524,medium_block,1947.7381,False,False,other,phase_outcome_dense,0
2007721,221,28524,28568,high_block,2036.4772500000001,False,False,other,phase_outcome_dense,0
2007721,222,28568,28586,medium_block,2191.1334749999996,False,False,other,phase_outcome_dense,0
2007721,223,28683,28790,medium_block,1678.485,False,False,progression,phase_outcome_dense,1
2007721,224,28790,28959,low_block,1287.64125,False,False,progression,phase_outcome_dense,1
2007721,225,28959,29031,high_block,2094.84355,False,False,regain,phase_outcome_dense,0
2007721,227,29068,29160,medium_block,2072.19285,False,False,progression,phase_outcome_dense,1
2007721,228,29275,29359,high_block,2626.4070000000006,False,False,other,phase_outcome_dense,0
2007721,232,29971,30186,low_block,1622.5541999999998,False,False,other,phase_outcome_dense,0
2007721,234,30328,30445,medium_block,1384.23555,False,False,other,phase_outcome_dense,0
2007721,235,30445,30524,low_block,1337.289275,False,False,other,phase_outcome_dense,0
2007721,236,30524,30600,medium_block,1748.0740750000002,False,False,disruption,phase_outcome_dense,0
2007721,237,30661,30785,medium_block,1760.1344,False,False,other,phase_outcome_dense,0
2007721,238,30785,30860,low_block,1184.6191500000002,False,False,progression,phase_outcome_dense,1
2007721,241,30921,31062,medium_block,1655.221575,False,False,other,phase_outcome_dense,0
2007721,242,31062,31134,low_block,1534.45075,False,False,other,phase_outcome_dense,0
2007721,243,31134,31465,medium_block,1282.309675,False,False,other,phase_outcome_dense,0
2007721,244,31465,31500,low_block,1044.28625,False,False,progression,phase_outcome_dense,1
2007721,245,31836,31844,medium_block,2781.1317,False,False,other,phase_outcome_dense,0
2007721,246,31844,31869,medium_block,1605.3491999999999,False,False,other,phase_outcome_dense,0
2007721,247,31869,31918,low_block,1924.3514500000003,False,False,other,phase_outcome_dense,0
2007721,248,31918,31922,medium_block,2241.98805,False,False,other,phase_outcome_dense,0
2007721,249,31975,31980,low_block,1723.2624999999998,False,False,other,phase_outcome_dense,0
2007721,250,31980,32036,medium_block,1580.2684,False,False,other,phase_outcome_dense,0
2007721,251,32036,32077,low_block,1199.7796,False,False,other,phase_outcome_dense,0
2007721,253,32419,32505,low_block,1062.677,False,False,other,phase_outcome_dense,0
2007721,254,32505,32523,medium_block,1254.8961749999999,False,False,other,phase_outcome_dense,0
2007721,255,32523,32531,low_block,1410.2266,False,False,progression,phase_outcome_dense,1
2007721,256,32531,32538,medium_block,1436.5620000000004,False,False,progression,phase_outcome_dense,1
2007721,257,32538,32748,low_block,912.6215749999999,False,False,progression,phase_outcome_dense,1
2007721,258,32748,32992,medium_block,1663.6425,False,False,progression,phase_outcome_dense,1
2007721,259,32992,33044,low_block,1356.957,False,False,progression,phase_outcome_dense,1
2007721,260,33044,33114,high_block,2694.2623,False,False,other,phase_outcome_dense,0
2007721,261,33114,33191,medium_block,2296.2036249999996,False,False,other,phase_outcome_dense,0
2007721,264,33445,33471,low_block,1190.438025,True,False,shot,phase_outcome_dense,1
2007721,266,33840,33844,medium_block,1646.9750000000001,False,False,other,phase_outcome_dense,0
2007721,267,33844,33912,high_block,1834.8381499999998,False,False,other,phase_outcome_dense,0
2007721,268,33912,33992,medium_block,1850.4483,False,False,other,phase_outcome_dense,0
2007721,269,33992,34034,low_block,1578.2212250000002,False,False,other,phase_outcome_dense,0
2007721,270,34034,34110,medium_block,1372.057675,False,False,other,phase_outcome_dense,0
2007721,271,34110,34199,low_block,1237.9142,False,False,other,phase_outcome_dense,0
2007721,274,34666,34722,medium_block,1875.2087999999999,False,False,regain,phase_outcome_dense,0
2007721,275,34722,34818,medium_block,1707.9936000000002,False,False,other,phase_outcome_dense,0
2007721,276,34818,34840,low_block,1523.1752999999999,False,False,progression,phase_outcome_dense,1
2007721,277,34924,34964,high_block,1969.3913,False,False,regain,phase_outcome_dense,0
2007721,280,35008,35050,low_block,1442.72625,False,False,other,phase_outcome_dense,0
2007721,281,35050,35183,medium_block,1261.32335,False,False,other,phase_outcome_dense,0
2007721,282,35183,35249,low_block,996.1885500000001,False,False,other,phase_outcome_dense,0
2007721,284,35350,35352,medium_block,2017.675,False,False,other,phase_outcome_dense,0
2007721,285,35352,35381,low_block,1754.2756250000002,False,False,other,phase_outcome_dense,0
2007721,286,35381,35488,medium_block,1461.20665,False,False,regain,phase_outcome_dense,0
2007721,288,35497,35553,medium_block,1486.79565,False,False,other,phase_outcome_dense,0
2007721,289,35553,35629,low_block,1170.7258,False,False,progression,phase_outcome_dense,1
2007721,291,35735,35783,medium_block,1512.3909750000003,False,False,other,phase_outcome_dense,0
2007721,292,35783,35911,low_block,1327.2775499999998,False,False,other,phase_outcome_dense,0
2007721,293,35911,35926,medium_block,1122.519175,False,False,other,phase_outcome_dense,0
2007721,294,35926,36020,low_block,1294.3776999999998,False,False,regain,phase_outcome_dense,0
2007721,295,36020,36117,medium_block,1566.686,False,False,regain,phase_outcome_dense,0
2007721,300,36565,36768,medium_block,1697.5278749999998,False,False,other,phase_outcome_dense,0
2007721,301,36768,36961,low_block,1018.02225,False,False,other,phase_outcome_dense,0
2007721,302,37482,37661,low_block,1165.02425,False,False,other,phase_outcome_dense,0
2007721,303,37661,37719,medium_block,1491.1038250000001,False,False,other,phase_outcome_dense,0
2007721,305,37744,37784,low_block,1277.1249999999998,False,False,other,phase_outcome_dense,0
2007721,309,38437,38537,medium_block,1541.1856500000001,True,False,shot,phase_outcome_dense,1
2007721,310,38537,38561,low_block,968.8341749999998,True,False,shot,phase_outcome_dense,1
2007721,316,39623,39727,low_block,2285.0557,False,False,other,phase_outcome_dense,0
2007721,318,39842,39959,low_block,1204.7173500000001,False,False,other,phase_outcome_dense,0
2007721,322,40476,40663,medium_block,1686.818375,False,False,regain,phase_outcome_dense,0
2007721,324,40791,40803,medium_block,2008.9008000000001,False,False,other,phase_outcome_dense,0
2007721,325,40803,40900,high_block,2542.4181249999997,False,False,regain,phase_outcome_dense,0
2007721,326,40900,40910,medium_block,3068.7959750000005,False,False,progression,phase_outcome_dense,1
2007721,328,40929,41216,medium_block,2194.36685,False,False,progression,phase_outcome_dense,1
2007721,330,41327,41416,high_block,2543.9117,False,False,other,phase_outcome_dense,0
2007721,332,41525,41655,medium_block,1910.120375,False,False,other,phase_outcome_dense,0
2007721,336,42124,42269,medium_block,1653.4975,True,False,shot,phase_outcome_dense,1
2007721,337,42269,42432,low_block,1599.6498499999998,True,False,shot,phase_outcome_dense,1
2007721,338,42432,42444,medium_block,1783.5388999999998,True,False,shot,phase_outcome_dense,1
2007721,339,42444,42501,low_block,1456.45135,False,False,progression,phase_outcome_dense,1
2007721,340,42501,42656,high_block,2461.50615,False,False,other,phase_outcome_dense,0
2007721,341,42656,42706,medium_block,2430.6624249999995,False,False,other,phase_outcome_dense,0
2007721,342,42706,42766,low_block,2180.788,False,False,other,phase_outcome_dense,0
2007721,345,44254,44331,medium_block,1654.2988,False,False,other,phase_outcome_dense,0
2007721,348,44424,44480,low_block,1961.7942500000001,False,False,other,phase_outcome_dense,0
2007721,349,44480,44558,medium_block,1595.9424,False,False,other,phase_outcome_dense,0
2007721,353,46018,46164,high_block,1742.08125,False,False,disruption,phase_outcome_dense,0
2007721,354,46164,46170,medium_block,2244.8138999999996,False,False,other,phase_outcome_dense,0
2007721,355,46343,46346,medium_block,2336.6355750000002,False,False,other,phase_outcome_dense,0
2007721,356,46346,46505,high_block,2281.9808,False,False,other,phase_outcome_dense,0
2007721,357,46505,46735,medium_block,2249.9638,False,False,other,phase_outcome_dense,0
2007721,359,47969,48072,medium_block,1326.0511999999999,False,False,other,phase_outcome_dense,0
2007721,361,48107,48304,medium_block,1396.5368250000004,False,False,other,phase_outcome_dense,0
2007721,362,48304,48351,low_block,1802.6025750000003,False,False,other,phase_outcome_dense,0
2007721,363,48351,48354,medium_block,1537.2867999999999,False,False,progression,phase_outcome_dense,1
2007721,364,48354,48443,low_block,1265.87085,False,False,progression,phase_outcome_dense,1
2007721,366,49035,49123,high_block,2749.175,False,False,regain,phase_outcome_dense,0
2007721,367,49123,49144,medium_block,2152.511575,False,False,regain,phase_outcome_dense,0
2007721,372,49384,49849,medium_block,2346.951825,False,False,regain,phase_outcome_dense,0
2007721,373,49849,50067,medium_block,3032.876925,False,False,regain,phase_outcome_dense,0
2007721,375,50648,50788,medium_block,1766.2087999999999,False,False,progression,phase_outcome_dense,1
2007721,376,50788,50904,low_block,1587.7052999999999,False,False,progression,phase_outcome_dense,1
2007721,377,51111,51196,medium_block,1835.9655750000002,False,False,other,phase_outcome_dense,0
2007721,378,51196,51304,low_block,1358.1874000000003,False,False,other,phase_outcome_dense,0
2007721,379,51400,51465,low_block,966.6673999999999,False,False,progression,phase_outcome_dense,1
2007721,380,51465,51494,high_block,2911.5445,False,False,progression,phase_outcome_dense,1
2007721,381,51494,51579,medium_block,2348.40615,False,False,progression,phase_outcome_dense,1
2007721,382,51663,51821,medium_block,1713.5707500000003,False,False,other,phase_outcome_dense,0
2007721,383,51821,51838,low_block,1425.764925,False,False,other,phase_outcome_dense,0
2007721,384,51895,52079,low_block,1413.0133,False,False,regain,phase_outcome_dense,0
2007721,385,52079,52214,medium_block,1690.43195,False,False,regain,phase_outcome_dense,0
2007721,392,53056,53079,medium_block,1745.9247,False,False,other,phase_outcome_dense,0
2007721,393,53079,53202,high_block,2600.44755,False,False,regain,phase_outcome_dense,0
2007721,395,53235,53239,medium_block,2757.59025,False,False,other,phase_outcome_dense,0
2007721,396,53239,53435,high_block,2453.3536999999997,False,False,other,phase_outcome_dense,0
2007721,397,53435,53534,medium_block,2163.023575,False,False,other,phase_outcome_dense,0
2007721,398,53566,53597,low_block,1536.805025,False,False,other,phase_outcome_dense,0
2007721,399,53597,53626,medium_block,1366.8397750000001,False,False,other,phase_outcome_dense,0
2007721,400,53626,53763,low_block,1251.53755,False,False,progression,phase_outcome_dense,1
2007721,403,53840,53910,medium_block,1878.4206000000004,False,False,progression,phase_outcome_dense,1
2007721,405,53974,54194,medium_block,1811.02115,True,True,goal,phase_outcome_dense,1
2007721,406,54194,54277,low_block,1390.42575,True,True,goal,phase_outcome_dense,1
2007721,407,55047,55071,medium_block,1973.7732000000003,False,False,other,phase_outcome_dense,0
2007721,415,55728,55771,medium_block,2094.3658250000003,False,False,other,phase_outcome_dense,0
2007721,416,55771,55841,low_block,1960.46975,False,False,other,phase_outcome_dense,0
2007721,419,56283,56441,high_block,1831.0825,False,False,progression,phase_outcome_dense,1
2007721,420,56441,56528,medium_block,2007.7067250000002,False,False,disruption,phase_outcome_dense,0
2007721,421,56644,56654,medium_block,1709.4475750000001,False,False,other,phase_outcome_dense,0
2007721,422,56654,56750,high_block,2298.720875,False,False,progression,phase_outcome_dense,1
2007721,424,56775,56790,medium_block,2642.452,False,False,other,phase_outcome_dense,0
2007721,425,56790,56838,high_block,2981.1135249999998,False,False,other,phase_outcome_dense,0
2007721,428,57394,57436,low_block,1025.2878750000002,False,False,other,phase_outcome_dense,0
2010085,0,12,37,medium_block,1961.2459999999999,False,False,other,phase_outcome_dense,0
2010085,5,449,530,medium_block,1274.8049999999998,False,False,other,phase_outcome_dense,0
2010085,6,530,552,low_block,1662.2943750000002,False,False,other,phase_outcome_dense,0
2010085,7,552,624,medium_block,1809.185625,False,False,progression,phase_outcome_dense,1
2010085,11,1278,1333,medium_block,1205.117925,False,False,other,phase_outcome_dense,0
2010085,12,1333,1381,low_block,1441.2783,False,False,progression,phase_outcome_dense,1
2010085,13,1381,1468,high_block,2312.4972,False,False,regain,phase_outcome_dense,0
2010085,20,1789,1799,medium_block,1564.2078750000003,False,False,other,phase_outcome_dense,0
2010085,21,1799,1879,high_block,1990.9716000000003,False,False,other,phase_outcome_dense,0
2010085,22,1879,1882,medium_block,2473.1080500000003,False,False,other,phase_outcome_dense,0
2010085,23,1956,2113,medium_block,1621.4417999999998,False,False,other,phase_outcome_dense,0
2010085,24,2113,2177,low_block,1361.9862,False,False,other,phase_outcome_dense,0
2010085,25,2177,2196,medium_block,1145.1307,False,False,other,phase_outcome_dense,0
2010085,26,2196,2502,low_block,1064.0191,False,False,progression,phase_outcome_dense,1
2010085,28,4029,4034,medium_block,2033.558,False,False,other,phase_outcome_dense,0
2010085,29,4034,4093,high_block,2189.9105,False,False,other,phase_outcome_dense,0
2010085,30,4093,4133,medium_block,2181.86,False,False,other,phase_outcome_dense,0
2010085,33,5548,5581,high_block,2347.3289,False,False,other,phase_outcome_dense,0
2010085,36,5773,5775,medium_block,1868.4338750000002,False,False,other,phase_outcome_dense,0
2010085,37,5775,5904,high_block,2410.62525,False,False,other,phase_outcome_dense,0
2010085,39,6058,6186,medium_block,1838.8890000000001,False,False,disruption,phase_outcome_dense,0
2010085,41,6366,6681,medium_block,1955.1842750000003,False,False,disruption,phase_outcome_dense,0
2010085,42,6681,6938,medium_block,1779.1352,False,False,other,phase_outcome_dense,0
2010085,43,6938,6995,low_block,2397.6099,False,False,other,phase_outcome_dense,0
2010085,45,7062,7240,medium_block,1614.0603000000003,False,False,regain,phase_outcome_dense,0
2010085,47,7537,7544,medium_block,1905.1959499999996,False,False,other,phase_outcome_dense,0
2010085,48,7544,7660,high_block,2101.71045,False,False,other,phase_outcome_dense,0
2010085,49,7660,7727,medium_block,2060.7246,False,False,progression,phase_outcome_dense,1
2010085,51,7776,7825,medium_block,1931.4916499999997,False,False,other,phase_outcome_dense,0
2010085,52,7825,7960,low_block,1542.1039999999996,False,False,other,phase_outcome_dense,0
2010085,53,7960,7974,medium_block,1364.5899249999998,False,False,other,phase_outcome_dense,0
2010085,54,7974,7991,low_block,1427.4423,False,False,progression,phase_outcome_dense,1
2010085,55,7991,8193,medium_block,2295.5449000000003,False,False,other,phase_outcome_dense,0
2010085,56,8193,8296,low_block,1356.5178999999996,False,False,other,phase_outcome_dense,0
2010085,57,8296,8355,medium_block,1358.7209999999998,False,False,other,phase_outcome_dense,0
2010085,58,8355,8445,low_block,1246.6235250000002,False,False,progression,phase_outcome_dense,1
2010085,59,8798,8902,high_block,2859.5276499999995,False,False,regain,phase_outcome_dense,0
2010085,60,8902,8943,medium_block,2108.8704999999995,False,False,other,phase_outcome_dense,0
2010085,61,8943,9123,low_block,1473.8135999999997,False,False,other,phase_outcome_dense,0
2010085,62,9123,9432,medium_block,1437.9156,False,False,other,phase_outcome_dense,0
2010085,63,9432,9454,low_block,1654.30825,False,False,other,phase_outcome_dense,0
2010085,68,10477,10478,medium_block,2161.1754,False,False,other,phase_outcome_dense,0
2010085,69,10478,10597,high_block,2492.9190000000003,False,False,regain,phase_outcome_dense,0
2010085,70,10597,10690,low_block,1821.4355999999996,False,False,progression,phase_outcome_dense,1
2010085,71,10690,10841,medium_block,2670.433075,False,False,other,phase_outcome_dense,0
2010085,73,10983,11067,medium_block,1767.9622,False,False,regain,phase_outcome_dense,0
2010085,74,11067,11150,high_block,2592.154125,False,False,regain,phase_outcome_dense,0
2010085,76,11188,11452,medium_block,2508.905625,False,False,progression,phase_outcome_dense,1
2010085,77,11452,11474,low_block,2193.7050999999997,False,False,progression,phase_outcome_dense,1
2010085,78,11496,11530,high_block,2838.4081,False,False,regain,phase_outcome_dense,0
2010085,80,11570,11612,medium_block,2007.9891250000005,False,False,regain,phase_outcome_dense,0
2010085,81,11612,11618,medium_block,2182.8177,True,False,shot,phase_outcome_dense,1
2010085,82,11618,11899,low_block,1154.5279999999998,True,False,shot,phase_outcome_dense,1
2010085,84,12545,12555,medium_block,,False,False,other,phase_outcome_dense,0
2010085,86,12674,12875,high_block,2218.0205,False,False,other,phase_outcome_dense,0
2010085,87,12875,12926,medium_block,2073.84465,False,False,other,phase_outcome_dense,0
2010085,88,12926,12969,low_block,1958.6869249999997,False,False,other,phase_outcome_dense,0
2010085,89,13182,13407,low_block,957.66,False,False,other,phase_outcome_dense,0
2010085,90,13541,13865,low_block,664.311725,True,False,shot,phase_outcome_dense,1
2010085,91,14178,14183,high_block,2915.3014000000003,False,False,other,phase_outcome_dense,0
2010085,92,14183,14288,medium_block,2324.3423,False,False,other,phase_outcome_dense,0
2010085,94,14354,14551,medium_block,1919.6938499999999,False,False,other,phase_outcome_dense,0
2010085,95,14551,14575,low_block,1729.8834000000002,False,False,regain,phase_outcome_dense,0
2010085,96,14575,14822,medium_block,1877.1543749999998,False,False,regain,phase_outcome_dense,0
2010085,97,14822,14873,high_block,2325.0815,False,False,regain,phase_outcome_dense,0
2010085,98,14873,14875,medium_block,2421.6174499999997,False,False,other,phase_outcome_dense,0
2010085,100,14952,15426,low_block,1195.2425250000001,False,False,other,phase_outcome_dense,0
2010085,101,15426,15613,medium_block,1330.615,False,False,other,phase_outcome_dense,0
2010085,102,15613,16019,low_block,1090.1802500000001,False,False,other,phase_outcome_dense,0
2010085,104,16079,16163,low_block,1041.08435,False,False,progression,phase_outcome_dense,1
2010085,105,16163,16232,high_block,3067.4594999999995,False,False,progression,phase_outcome_dense,1
2010085,106,16420,16505,low_block,987.6959999999998,False,False,other,phase_outcome_dense,0
2010085,109,17883,17896,medium_block,1708.7780000000002,False,False,other,phase_outcome_dense,0
2010085,110,17896,17924,high_block,1958.00625,False,False,other,phase_outcome_dense,0
2010085,114,18368,18425,medium_block,1323.501025,False,False,progression,phase_outcome_dense,1
2010085,115,18425,18445,low_block,1508.4024,False,False,progression,phase_outcome_dense,1
2010085,116,18445,18486,high_block,2203.2057999999997,False,False,other,phase_outcome_dense,0
2010085,117,18486,18556,medium_block,1958.9831999999997,False,False,other,phase_outcome_dense,0
2010085,118,18556,18630,high_block,2000.1563999999998,False,False,other,phase_outcome_dense,0
2010085,119,18630,18697,medium_block,1844.2568999999999,False,False,progression,phase_outcome_dense,1
2010085,120,18697,19337,medium_block,2331.398475,False,False,regain,phase_outcome_dense,0
2010085,122,19496,19516,low_block,1287.442,False,False,other,phase_outcome_dense,0
2010085,123,19516,19708,medium_block,1490.78655,False,False,disruption,phase_outcome_dense,0
2010085,125,19741,19787,medium_block,1939.1798999999999,False,False,other,phase_outcome_dense,0
2010085,126,19787,19819,low_block,1724.28355,False,False,other,phase_outcome_dense,0
2010085,127,19819,20032,medium_block,1921.9128,False,False,disruption,phase_outcome_dense,0
2010085,128,20222,20249,low_block,1075.9056,False,False,other,phase_outcome_dense,0
2010085,129,20249,20299,medium_block,1356.970925,False,False,other,phase_outcome_dense,0
2010085,132,20534,20772,low_block,686.8863749999999,False,False,other,phase_outcome_dense,0
2010085,133,21465,21505,low_block,898.61235,False,False,other,phase_outcome_dense,0
2010085,134,21505,21623,medium_block,1508.1109000000004,False,False,other,phase_outcome_dense,0
2010085,135,21623,21719,high_block,2062.5319999999997,False,False,other,phase_outcome_dense,0
2010085,136,21719,21893,medium_block,1748.628225,False,False,other,phase_outcome_dense,0
2010085,140,22149,22190,low_block,1370.3998,False,False,other,phase_outcome_dense,0
2010085,141,22190,22290,medium_block,1440.5459999999998,False,False,progression,phase_outcome_dense,1
2010085,143,22300,22366,low_block,1512.3586250000003,False,False,other,phase_outcome_dense,0
2010085,144,22366,22599,medium_block,1711.3680000000004,False,False,other,phase_outcome_dense,0
2010085,145,22599,22656,low_block,1678.7254499999997,False,False,other,phase_outcome_dense,0
2010085,147,22674,22767,low_block,1271.7232,False,False,other,phase_outcome_dense,0
2010085,148,22767,22790,medium_block,1234.470375,False,False,other,phase_outcome_dense,0
2010085,149,22790,22839,low_block,1312.8807,False,False,other,phase_outcome_dense,0
2010085,150,22839,22975,medium_block,1704.449625,False,False,other,phase_outcome_dense,0
2010085,151,22975,23004,low_block,1888.4229,False,False,other,phase_outcome_dense,0
2010085,152,23004,23157,medium_block,1857.60225,False,False,progression,phase_outcome_dense,1
2010085,153,23157,23327,high_block,3021.75795,False,False,progression,phase_outcome_dense,1
2010085,155,23360,23414,medium_block,2223.417625,False,False,other,phase_outcome_dense,0
2010085,156,23414,23480,high_block,2347.46375,False,False,other,phase_outcome_dense,0
2010085,157,23480,23504,medium_block,2830.7579749999995,False,False,other,phase_outcome_dense,0
2010085,158,23703,23800,high_block,2739.6381000000006,True,False,shot,phase_outcome_dense,1
2010085,159,23800,23817,medium_block,2565.9460000000004,True,False,shot,phase_outcome_dense,1
2010085,160,23817,23842,high_block,2064.3257249999997,True,False,shot,phase_outcome_dense,1
2010085,161,23842,23892,medium_block,1637.1565,True,False,shot,phase_outcome_dense,1
2010085,162,23892,23954,high_block,1821.3996,True,False,shot,phase_outcome_dense,1
2010085,163,23954,24005,medium_block,2095.011,True,False,shot,phase_outcome_dense,1
2010085,164,24005,24103,low_block,1272.910275,True,False,shot,phase_outcome_dense,1
2010085,166,24454,24509,medium_block,1455.8427,False,False,other,phase_outcome_dense,0
2010085,170,24815,24911,medium_block,1463.2133999999999,False,False,regain,phase_outcome_dense,0
2010085,171,24911,24966,high_block,2105.489,False,False,regain,phase_outcome_dense,0
2010085,174,25026,25092,medium_block,2115.4608,False,False,progression,phase_outcome_dense,1
2010085,175,25201,25296,medium_block,1845.5435499999999,False,False,other,phase_outcome_dense,0
2010085,176,25296,25352,high_block,2170.9026,False,False,other,phase_outcome_dense,0
2010085,177,25352,25371,medium_block,2148.9317499999997,False,False,other,phase_outcome_dense,0
2010085,182,25551,25653,medium_block,1830.7701,False,False,other,phase_outcome_dense,0
2010085,184,26598,26692,high_block,2362.3815,False,False,other,phase_outcome_dense,0
2010085,185,26692,26701,medium_block,2431.6415249999995,False,False,other,phase_outcome_dense,0
2010085,186,26701,26905,medium_block,2640.6636000000003,False,False,regain,phase_outcome_dense,0
2010085,187,26905,26999,high_block,2148.0843999999997,False,False,regain,phase_outcome_dense,0
2010085,188,26999,27055,medium_block,1813.3126250000003,False,False,regain,phase_outcome_dense,0
2010085,190,28796,28890,low_block,1593.1505,False,False,other,phase_outcome_dense,0
2010085,191,28890,28978,medium_block,1725.9893749999999,False,False,other,phase_outcome_dense,0
2010085,192,28978,29006,high_block,2377.185,False,False,regain,phase_outcome_dense,0
2010085,193,29006,29048,medium_block,2580.7715749999998,False,False,regain,phase_outcome_dense,0
2010085,196,29139,29171,medium_block,1518.7916,False,False,other,phase_outcome_dense,0
2010085,197,29171,29378,low_block,1404.2475,False,False,other,phase_outcome_dense,0
2010085,198,29378,29404,medium_block,1567.187475,False,False,progression,phase_outcome_dense,1
2010085,199,29404,29540,high_block,2623.63185,False,False,other,phase_outcome_dense,0
2010085,202,29733,29857,medium_block,1611.5877249999999,False,False,other,phase_outcome_dense,0
2010085,203,29857,29900,low_block,1381.4361000000001,False,False,progression,phase_outcome_dense,1
2010085,208,30344,30366,medium_block,1188.348525,False,False,other,phase_outcome_dense,0
2010085,209,30366,30473,high_block,2025.1488250000002,False,False,regain,phase_outcome_dense,0
2010085,211,30503,30760,medium_block,2555.4296249999998,False,False,progression,phase_outcome_dense,1
2010085,212,30760,30923,high_block,3208.293,False,False,regain,phase_outcome_dense,0
2010085,216,31349,31430,low_block,969.3075499999999,False,False,other,phase_outcome_dense,0
2010085,217,31430,31505,medium_block,1687.9995,False,False,other,phase_outcome_dense,0
2010085,218,31505,31539,high_block,2740.42835,False,False,progression,phase_outcome_dense,1
2010085,220,31581,31684,medium_block,2238.5640000000003,False,False,other,phase_outcome_dense,0
2010085,221,31684,31761,high_block,2385.7019999999998,False,False,other,phase_outcome_dense,0
2010085,222,31761,31820,medium_block,2349.4705750000003,False,False,progression,phase_outcome_dense,1
2010085,223,31820,31936,low_block,1381.9103499999999,False,False,progression,phase_outcome_dense,1
2010085,224,31936,32036,high_block,2440.309825,False,False,progression,phase_outcome_dense,1
2010085,226,32072,32084,medium_block,2668.6851750000005,False,False,other,phase_outcome_dense,0
2010085,227,32084,32156,high_block,2594.9432,False,False,other,phase_outcome_dense,0
2010085,228,32156,32242,medium_block,2195.433125,False,False,other,phase_outcome_dense,0
2010085,231,33197,33219,low_block,557.7189999999999,True,False,shot,phase_outcome_dense,1
2010085,232,33219,33419,high_block,2092.4509500000004,False,False,progression,phase_outcome_dense,1
2010085,234,33458,33478,medium_block,2025.5320000000004,True,False,shot,phase_outcome_dense,1
2010085,235,33478,33569,high_block,2519.4285,True,False,shot,phase_outcome_dense,1
2010085,236,33569,33626,medium_block,2731.1838749999997,True,False,shot,phase_outcome_dense,1
2010085,237,33626,33783,low_block,1243.0596,True,False,shot,phase_outcome_dense,1
2010085,240,33855,33880,medium_block,1750.356,True,False,shot,phase_outcome_dense,1
2010085,242,34997,35007,medium_block,,False,False,other,phase_outcome_dense,0
2010085,243,35008,35114,medium_block,1038.8985750000002,False,False,other,phase_outcome_dense,0
2010085,246,35349,35438,medium_block,1525.35435,False,False,progression,phase_outcome_dense,1
2010085,248,35798,35855,medium_block,2077.29375,True,False,shot,phase_outcome_dense,1
2010085,249,35855,35954,low_block,1164.4269,True,False,shot,phase_outcome_dense,1
2010085,251,36050,36505,low_block,928.8757,False,False,other,phase_outcome_dense,0
2010085,252,36580,36845,low_block,1160.8914500000003,True,False,shot,phase_outcome_dense,1
2010085,253,36845,37078,medium_block,1674.6029999999998,True,False,shot,phase_outcome_dense,1
2010085,254,37078,37138,low_block,1252.0703999999998,True,False,shot,phase_outcome_dense,1
2010085,256,37424,37442,medium_block,1882.0402499999998,False,False,other,phase_outcome_dense,0
2010085,257,37442,37504,high_block,1984.1981250000001,False,False,regain,phase_outcome_dense,0
2010085,258,37504,37553,medium_block,2422.409,False,False,regain,phase_outcome_dense,0
2010085,260,37573,37639,high_block,2810.4950000000003,False,False,regain,phase_outcome_dense,0
2010085,263,37693,37775,medium_block,2125.9796250000004,False,False,other,phase_outcome_dense,0
2010085,264,37775,37806,low_block,1826.9060000000002,False,False,other,phase_outcome_dense,0
2010085,265,37806,37881,medium_block,1590.94065,False,False,other,phase_outcome_dense,0
2010085,266,37881,37905,low_block,1630.687875,False,False,other,phase_outcome_dense,0
2010085,267,37905,37952,medium_block,1467.79275,False,False,other,phase_outcome_dense,0
2010085,268,37952,38102,low_block,950.4054,False,False,progression,phase_outcome_dense,1
2010085,269,38102,38220,high_block,2298.279425,False,False,regain,phase_outcome_dense,0
2010085,270,38220,38232,medium_block,2067.8985000000002,False,False,regain,phase_outcome_dense,0
2010085,271,38232,38317,high_block,2222.0235249999996,False,False,regain,phase_outcome_dense,0
2010085,272,38317,38346,medium_block,2250.86855,False,False,regain,phase_outcome_dense,0
2010085,273,38346,38348,low_block,2159.073325,False,False,other,phase_outcome_dense,0
2010085,274,38348,38378,medium_block,2064.9006,False,False,other,phase_outcome_dense,0
2010085,275,38378,38428,low_block,1821.4693750000001,False,False,other,phase_outcome_dense,0
2010085,276,38428,38567,medium_block,1806.1681750000002,False,False,other,phase_outcome_dense,0
2010085,277,38567,38615,low_block,1841.6692499999997,False,False,progression,phase_outcome_dense,1
2010085,279,38983,39068,low_block,1341.140625,False,False,other,phase_outcome_dense,0
2010085,281,39381,39386,high_block,2386.29085,False,False,other,phase_outcome_dense,0
2010085,285,39702,39841,high_block,2156.583625,False,False,other,phase_outcome_dense,0
2010085,286,39841,39863,medium_block,2120.9055000000003,False,False,other,phase_outcome_dense,0
2010085,287,40028,40193,medium_block,1653.71205,False,False,other,phase_outcome_dense,0
2010085,288,40193,40234,low_block,1499.7867,False,False,progression,phase_outcome_dense,1
2010085,289,40234,40259,high_block,2387.1352,False,False,other,phase_outcome_dense,0
2010085,290,40259,40419,medium_block,1898.3832,False,False,progression,phase_outcome_dense,1
2010085,291,40419,40553,low_block,1320.462,False,False,progression,phase_outcome_dense,1
2010085,292,40553,40622,high_block,2492.501,False,False,progression,phase_outcome_dense,1
2010085,293,40737,40798,low_block,774.7782,False,False,progression,phase_outcome_dense,1
2010085,295,40916,41047,high_block,2134.259925,False,False,regain,phase_outcome_dense,0
2010085,296,41047,41077,medium_block,1850.4781000000003,False,False,regain,phase_outcome_dense,0
2010085,298,41172,41350,low_block,1225.03185,False,False,other,phase_outcome_dense,0
2010085,299,41350,41417,medium_block,1586.6986499999998,False,False,other,phase_outcome_dense,0
2010085,300,41417,41471,low_block,1846.24865,False,False,progression,phase_outcome_dense,1
2010085,302,41554,41886,medium_block,2129.2264499999997,False,False,progression,phase_outcome_dense,1
2010085,303,41886,41925,low_block,1823.5392000000002,False,False,progression,phase_outcome_dense,1
2010085,313,43395,43681,medium_block,1743.94875,False,False,disruption,phase_outcome_dense,0
2010085,314,43681,43751,low_block,1329.0893250000001,False,False,progression,phase_outcome_dense,1
2010085,315,43751,43861,high_block,2175.1747499999997,False,False,regain,phase_outcome_dense,0
2010085,316,43861,43990,low_block,1962.906925,False,False,other,phase_outcome_dense,0
2010085,317,43990,44035,medium_block,1754.9379000000001,False,False,other,phase_outcome_dense,0
2010085,318,44035,44071,low_block,1716.21315,False,False,other,phase_outcome_dense,0
2010085,319,44071,44094,medium_block,1539.57615,False,False,other,phase_outcome_dense,0
2010085,320,44094,44151,low_block,1585.2407999999998,False,False,other,phase_outcome_dense,0
2010085,321,44151,44252,medium_block,1601.7749999999999,False,False,progression,phase_outcome_dense,1
2010085,322,44252,44484,low_block,1256.3968,False,False,progression,phase_outcome_dense,1
2010085,324,44767,45108,medium_block,1905.7242249999997,False,False,disruption,phase_outcome_dense,0
2010085,325,45108,45112,low_block,1958.6893499999999,False,False,other,phase_outcome_dense,0
2010085,326,45112,45159,medium_block,2122.0847750000003,False,False,other,phase_outcome_dense,0
2010085,327,45159,45214,high_block,2678.3779999999997,False,False,other,phase_outcome_dense,0
2010085,328,45214,45234,medium_block,2997.6045,False,False,progression,phase_outcome_dense,1
2010085,330,45260,45329,high_block,2701.9001999999996,False,False,other,phase_outcome_dense,0
2010085,331,45329,45471,medium_block,2313.7688,False,False,other,phase_outcome_dense,0
2010085,332,45471,45540,high_block,2486.919375,False,False,progression,phase_outcome_dense,1
2010085,334,45652,45662,medium_block,2710.4371,False,False,other,phase_outcome_dense,0
2010085,335,47361,47398,high_block,3013.392125,False,False,disruption,phase_outcome_dense,0
2010085,336,47398,47419,medium_block,2568.5092999999997,False,False,disruption,phase_outcome_dense,0
2010085,340,47880,47913,medium_block,1421.16675,False,False,other,phase_outcome_dense,0
2010085,341,47913,48052,low_block,1853.9775,False,False,other,phase_outcome_dense,0
2010085,344,48548,48726,medium_block,1359.20355,False,False,other,phase_outcome_dense,0
2010085,345,48726,48786,high_block,2453.7780000000002,False,False,other,phase_outcome_dense,0
2010085,346,48786,48912,medium_block,2346.1765,False,False,other,phase_outcome_dense,0
2010085,347,48912,48930,low_block,1852.3382000000001,False,False,other,phase_outcome_dense,0
2010085,350,49027,49047,medium_block,2034.5129499999998,False,False,other,phase_outcome_dense,0
2010085,351,49047,49115,high_block,2577.3478499999997,False,False,other,phase_outcome_dense,0
2010085,352,49115,49206,medium_block,2275.66365,False,False,progression,phase_outcome_dense,1
2010085,353,49206,49258,low_block,1567.889125,False,False,progression,phase_outcome_dense,1
2010085,354,49258,49373,high_block,2225.100325,False,False,regain,phase_outcome_dense,0
2010085,355,49373,49383,medium_block,2104.8780500000003,False,False,other,phase_outcome_dense,0
2010085,356,49383,49524,medium_block,1665.5750999999996,False,False,other,phase_outcome_dense,0
2010085,357,49580,49683,medium_block,1953.1173500000002,False,False,progression,phase_outcome_dense,1
2010085,359,50064,50138,low_block,1051.2952000000002,False,False,other,phase_outcome_dense,0
2010085,360,50138,50211,medium_block,1171.5240000000001,False,False,other,phase_outcome_dense,0
2010085,361,50211,50469,low_block,1474.1629500000004,False,False,other,phase_outcome_dense,0
2010085,362,50469,50518,medium_block,2078.355275,False,False,disruption,phase_outcome_dense,0
2010085,364,50569,50730,low_block,1847.1488500000003,False,False,other,phase_outcome_dense,0
2010085,365,50730,50800,medium_block,1298.723625,False,False,other,phase_outcome_dense,0
2010085,366,50800,50837,low_block,1452.35025,False,False,other,phase_outcome_dense,0
2010085,367,50837,50937,medium_block,1512.9957750000003,False,False,other,phase_outcome_dense,0
2010085,368,50937,50992,low_block,1459.95775,False,False,other,phase_outcome_dense,0
2010085,369,50992,51078,medium_block,1393.10325,False,False,other,phase_outcome_dense,0
2010085,370,51078,51148,low_block,1481.6673,False,False,other,phase_outcome_dense,0
2010085,371,51148,51356,medium_block,1688.9775000000002,False,False,other,phase_outcome_dense,0
2010085,372,51356,51401,low_block,1633.45455,False,False,other,phase_outcome_dense,0
2010085,373,51401,51559,medium_block,1460.269125,False,False,other,phase_outcome_dense,0
2010085,374,51559,51785,low_block,1155.0124000000003,False,False,other,phase_outcome_dense,0
2010085,381,52950,52994,high_block,2143.9638,False,False,other,phase_outcome_dense,0
2010085,382,52994,53072,medium_block,2251.0526000000004,False,False,other,phase_outcome_dense,0
2010085,383,53072,53103,low_block,2115.26415,False,False,other,phase_outcome_dense,0
2010085,385,54288,54317,medium_block,1494.42975,False,False,other,phase_outcome_dense,0
2010085,388,54743,54785,medium_block,1130.1875999999997,False,False,other,phase_outcome_dense,0
2010085,391,55031,55079,medium_block,1124.5653,False,False,progression,phase_outcome_dense,1
2010085,393,55096,55211,medium_block,1693.9260000000002,False,False,disruption,phase_outcome_dense,0
2010085,394,55211,55286,medium_block,2390.40315,False,False,regain,phase_outcome_dense,0
2010085,395,55286,55336,high_block,1861.5169500000002,False,False,regain,phase_outcome_dense,0
2010085,400,56661,56663,medium_block,1702.4988,False,False,other,phase_outcome_dense,0
2010085,401,56663,56740,high_block,1909.31625,False,False,other,phase_outcome_dense,0
2010085,404,56996,57033,medium_block,1292.8851750000001,False,False,regain,phase_outcome_dense,0
2010085,405,57033,57069,high_block,1808.1712,False,False,regain,phase_outcome_dense,0
2010085,413,57951,58066,high_block,3001.4807999999994,False,False,other,phase_outcome_dense,0
2010085,415,58138,58162,high_block,2847.8111999999996,False,False,other,phase_outcome_dense,0
2010085,416,58162,58256,medium_block,2094.128575,False,False,progression,phase_outcome_dense,1
2010085,418,58289,58426,medium_block,1609.5185999999999,False,False,other,phase_outcome_dense,0
2010085,419,58426,58519,high_block,2137.5389250000003,False,False,other,phase_outcome_dense,0
2010085,420,58519,58604,medium_block,2507.5674,False,False,progression,phase_outcome_dense,1
2010085,422,58669,58861,low_block,1038.6898999999999,True,False,shot,phase_outcome_dense,1
2011166,0,2318,2499,medium_block,1876.8446999999999,True,False,shot,phase_outcome_dense,1
2011166,1,2499,2520,high_block,2283.234,True,False,shot,phase_outcome_dense,1
2011166,3,2549,2623,medium_block,1819.2886,True,False,shot,phase_outcome_dense,1
2011166,4,2623,2724,low_block,1155.941775,True,False,shot,phase_outcome_dense,1
2011166,6,3089,3312,medium_block,1479.3118000000002,False,False,other,phase_outcome_dense,0
2011166,8,3365,3399,medium_block,2173.28265,False,False,regain,phase_outcome_dense,0
2011166,9,3399,3493,high_block,2142.3498250000002,False,False,regain,phase_outcome_dense,0
2011166,10,3493,3533,low_block,1581.1523000000002,False,False,other,phase_outcome_dense,0
2011166,11,3533,3576,medium_block,1332.2433749999998,False,False,progression,phase_outcome_dense,1
2011166,12,3576,3612,low_block,1489.38,False,False,progression,phase_outcome_dense,1
2011166,13,3712,3817,medium_block,1566.7344,False,False,regain,phase_outcome_dense,0
2011166,14,3817,3856,high_block,2153.7589,False,False,regain,phase_outcome_dense,0
2011166,17,4113,4166,low_block,741.0725,True,True,goal,phase_outcome_dense,1
2011166,18,4790,4890,medium_block,1472.2470250000001,False,False,regain,phase_outcome_dense,0
2011166,19,4890,4917,medium_block,2677.01105,False,False,other,phase_outcome_dense,0
2011166,20,4917,5057,high_block,2473.1703,False,False,regain,phase_outcome_dense,0
2011166,21,5057,5058,medium_block,2134.614,False,False,other,phase_outcome_dense,0
2011166,24,5146,5156,low_block,935.3025499999999,True,False,shot,phase_outcome_dense,1
2011166,26,5286,5439,low_block,963.2565,False,False,progression,phase_outcome_dense,1
2011166,30,6214,6302,high_block,2084.696275,False,False,other,phase_outcome_dense,0
2011166,31,6302,6307,medium_block,1925.6834999999999,False,False,other,phase_outcome_dense,0
2011166,32,6307,6452,high_block,1849.8202249999997,False,False,regain,phase_outcome_dense,0
2011166,33,6452,6482,medium_block,1763.949375,False,False,regain,phase_outcome_dense,0
2011166,34,6482,6594,medium_block,2256.6713,False,False,other,phase_outcome_dense,0
2011166,35,6594,6634,low_block,1300.016325,False,False,other,phase_outcome_dense,0
2011166,40,7084,7096,low_block,911.580925,False,False,other,phase_outcome_dense,0
2011166,41,7096,7222,medium_block,1275.85,False,False,other,phase_outcome_dense,0
2011166,42,7222,7255,low_block,1557.16125,False,False,other,phase_outcome_dense,0
2011166,43,7255,7329,medium_block,1631.1488000000002,False,False,other,phase_outcome_dense,0
2011166,44,7329,7383,low_block,1719.7696,False,False,other,phase_outcome_dense,0
2011166,45,7383,7464,medium_block,1559.0322,False,False,other,phase_outcome_dense,0
2011166,46,7464,7624,low_block,1339.0941249999998,False,False,other,phase_outcome_dense,0
2011166,47,7624,7635,medium_block,1270.6246500000002,False,False,other,phase_outcome_dense,0
2011166,48,7635,7680,low_block,1239.2901,False,False,other,phase_outcome_dense,0
2011166,51,7940,8135,high_block,2092.140625,True,True,goal,phase_outcome_dense,1
2011166,52,8135,8192,medium_block,1911.5086250000002,True,True,goal,phase_outcome_dense,1
2011166,53,8192,8242,low_block,1791.23065,True,True,goal,phase_outcome_dense,1
2011166,54,8852,9264,medium_block,1698.3030749999998,False,False,other,phase_outcome_dense,0
2011166,55,9264,9281,low_block,1929.4183999999998,False,False,other,phase_outcome_dense,0
2011166,56,9281,9467,medium_block,1651.7223,False,False,progression,phase_outcome_dense,1
2011166,57,9467,9504,low_block,1247.247225,False,False,progression,phase_outcome_dense,1
2011166,58,9504,9559,high_block,2400.530575,False,False,other,phase_outcome_dense,0
2011166,59,9559,9585,medium_block,1787.8934,False,False,progression,phase_outcome_dense,1
2011166,61,9784,9807,medium_block,1639.2948,False,False,other,phase_outcome_dense,0
2011166,63,10016,10186,medium_block,1695.9081,False,False,regain,phase_outcome_dense,0
2011166,64,10186,10234,medium_block,2866.3327000000004,True,False,shot,phase_outcome_dense,1
2011166,65,10234,10309,high_block,2076.2703,True,False,shot,phase_outcome_dense,1
2011166,66,10309,10406,medium_block,1761.6021,True,False,shot,phase_outcome_dense,1
2011166,67,10406,10552,low_block,1159.6929,True,False,shot,phase_outcome_dense,1
2011166,68,10552,10583,high_block,2277.170775,False,False,other,phase_outcome_dense,0
2011166,69,10583,10606,medium_block,1623.803625,False,False,other,phase_outcome_dense,0
2011166,70,10606,10690,high_block,2008.396,False,False,other,phase_outcome_dense,0
2011166,71,10690,10715,medium_block,2574.4821999999995,False,False,other,phase_outcome_dense,0
2011166,72,10988,11103,high_block,2766.698,False,False,other,phase_outcome_dense,0
2011166,73,11275,11338,high_block,1884.6879999999999,False,False,progression,phase_outcome_dense,1
2011166,74,11338,11348,medium_block,1894.08355,False,False,progression,phase_outcome_dense,1
2011166,75,11348,11373,low_block,1894.2616000000003,False,False,regain,phase_outcome_dense,0
2011166,76,11373,11397,medium_block,2140.4025,False,False,regain,phase_outcome_dense,0
2011166,79,11681,11776,low_block,972.9601499999999,False,False,other,phase_outcome_dense,0
2011166,81,11906,11968,low_block,1362.2580000000003,False,False,progression,phase_outcome_dense,1
2011166,85,12359,12391,medium_block,1516.7715,False,False,other,phase_outcome_dense,0
2011166,86,12391,12449,low_block,1091.217625,False,False,other,phase_outcome_dense,0
2011166,90,12561,12593,low_block,1059.28275,False,False,other,phase_outcome_dense,0
2011166,91,12593,12629,medium_block,1456.921775,False,False,other,phase_outcome_dense,0
2011166,92,12629,12650,low_block,1751.5088500000004,False,False,other,phase_outcome_dense,0
2011166,93,12650,12779,medium_block,1822.5050499999998,False,False,other,phase_outcome_dense,0
2011166,94,12838,12842,low_block,1676.0187999999998,False,False,other,phase_outcome_dense,0
2011166,95,12842,13020,medium_block,1727.51935,False,False,progression,phase_outcome_dense,1
2011166,97,13068,13219,low_block,1595.0359500000002,False,False,other,phase_outcome_dense,0
2011166,98,13219,13318,medium_block,1343.6807999999996,False,False,other,phase_outcome_dense,0
2011166,99,13318,13364,low_block,1212.755775,False,False,other,phase_outcome_dense,0
2011166,100,13722,13766,medium_block,1844.763175,False,False,other,phase_outcome_dense,0
2011166,101,13766,13835,high_block,2025.61615,False,False,other,phase_outcome_dense,0
2011166,102,13835,13902,medium_block,2204.6886,False,False,other,phase_outcome_dense,0
2011166,103,13961,14089,medium_block,2071.72425,False,False,other,phase_outcome_dense,0
2011166,104,14089,14137,low_block,1912.67185,False,False,other,phase_outcome_dense,0
2011166,106,14369,14384,medium_block,2371.3423500000004,False,False,other,phase_outcome_dense,0
2011166,107,14384,14428,high_block,2597.7217,False,False,other,phase_outcome_dense,0
2011166,110,14603,14692,medium_block,1515.8064499999998,False,False,other,phase_outcome_dense,0
2011166,111,14692,14710,low_block,1371.0972,False,False,other,phase_outcome_dense,0
2011166,112,14710,14756,medium_block,1202.961,False,False,other,phase_outcome_dense,0
2011166,113,14756,14912,low_block,1066.8528,False,False,other,phase_outcome_dense,0
2011166,116,15433,15457,low_block,761.32685,False,False,other,phase_outcome_dense,0
2011166,118,16019,16025,medium_block,,False,False,progression,phase_outcome_dense,1
2011166,119,16025,16056,low_block,1278.9488249999997,False,False,progression,phase_outcome_dense,1
2011166,120,16056,16112,high_block,2210.123,False,False,other,phase_outcome_dense,0
2011166,128,17796,17819,high_block,1702.3152,False,False,other,phase_outcome_dense,0
2011166,129,17819,17858,medium_block,1724.16125,False,False,other,phase_outcome_dense,0
2011166,130,17858,17878,low_block,1627.7382000000002,False,False,other,phase_outcome_dense,0
2011166,131,17878,17923,medium_block,1593.5456,False,False,other,phase_outcome_dense,0
2011166,132,17923,17998,low_block,1333.19025,False,False,progression,phase_outcome_dense,1
2011166,133,17998,18041,high_block,2221.1931250000002,False,False,disruption,phase_outcome_dense,0
2011166,134,18041,18080,medium_block,1920.9799999999996,False,False,disruption,phase_outcome_dense,0
2011166,136,18657,18725,high_block,2063.5048,False,False,other,phase_outcome_dense,0
2011166,137,18725,18835,medium_block,2041.8767999999998,False,False,other,phase_outcome_dense,0
2011166,139,18888,19004,medium_block,2633.6699999999996,False,False,other,phase_outcome_dense,0
2011166,143,19279,19325,medium_block,1858.0574999999997,False,False,other,phase_outcome_dense,0
2011166,144,19325,19343,low_block,2329.534875,False,False,progression,phase_outcome_dense,1
2011166,146,19552,19628,medium_block,1647.5293750000003,False,False,other,phase_outcome_dense,0
2011166,147,19628,19727,low_block,1529.4093750000002,False,False,other,phase_outcome_dense,0
2011166,148,19727,19755,medium_block,1172.3625,False,False,other,phase_outcome_dense,0
2011166,149,19755,19885,low_block,1093.273025,False,False,other,phase_outcome_dense,0
2011166,150,19885,19909,medium_block,1272.9796,False,False,other,phase_outcome_dense,0
2011166,151,19909,20021,low_block,1206.0078749999998,False,False,other,phase_outcome_dense,0
2011166,155,21181,21265,low_block,1384.645675,False,False,other,phase_outcome_dense,0
2011166,157,21297,21642,medium_block,1899.9974000000002,False,False,other,phase_outcome_dense,0
2011166,158,21642,21758,low_block,1697.6778,False,False,other,phase_outcome_dense,0
2011166,160,21967,22036,medium_block,2359.8582,True,False,shot,phase_outcome_dense,1
2011166,161,22036,22055,low_block,1780.0857749999998,True,False,shot,phase_outcome_dense,1
2011166,164,22635,22641,medium_block,,False,False,other,phase_outcome_dense,0
2011166,165,22641,22827,low_block,917.1399,False,False,other,phase_outcome_dense,0
2011166,168,23204,23259,medium_block,1151.17875,False,False,progression,phase_outcome_dense,1
2011166,169,23259,23263,medium_block,1710.3450000000003,True,False,shot,phase_outcome_dense,1
2011166,170,23263,23330,high_block,2375.7008,True,False,shot,phase_outcome_dense,1
2011166,172,23355,23378,medium_block,2792.4397999999997,True,False,shot,phase_outcome_dense,1
2011166,173,23378,23463,low_block,1755.1673999999998,True,False,shot,phase_outcome_dense,1
2011166,175,24006,24219,low_block,651.01335,True,False,shot,phase_outcome_dense,1
2011166,176,24560,24613,medium_block,1104.43305,False,False,progression,phase_outcome_dense,1
2011166,178,24619,24656,medium_block,1282.72545,False,False,other,phase_outcome_dense,0
2011166,179,24656,24741,low_block,1145.7143999999998,False,False,other,phase_outcome_dense,0
2011166,184,25041,25067,medium_block,1894.4455000000003,False,False,other,phase_outcome_dense,0
2011166,185,25067,25187,high_block,2424.8385000000003,False,False,other,phase_outcome_dense,0
2011166,186,25187,25285,medium_block,2650.6672499999995,False,False,other,phase_outcome_dense,0
2011166,187,25285,25421,low_block,1712.538,False,False,progression,phase_outcome_dense,1
2011166,188,27095,27137,high_block,2559.8300000000004,False,False,other,phase_outcome_dense,0
2011166,189,27137,27197,medium_block,2103.4348999999997,False,False,regain,phase_outcome_dense,0
2011166,192,27712,27868,high_block,2417.5975,False,False,disruption,phase_outcome_dense,0
2011166,193,27868,27961,medium_block,1849.8296250000003,False,False,disruption,phase_outcome_dense,0
2011166,195,28114,28191,high_block,2295.9936000000002,False,False,other,phase_outcome_dense,0
2011166,197,28397,28573,medium_block,1914.5839999999998,False,False,disruption,phase_outcome_dense,0
2011166,198,28946,28979,high_block,2039.09475,False,False,other,phase_outcome_dense,0
2011166,199,28979,29066,medium_block,1833.5725,False,False,other,phase_outcome_dense,0
2011166,201,29218,29288,low_block,1494.689625,False,False,other,phase_outcome_dense,0
2011166,203,29851,29862,low_block,230.056,True,True,goal,phase_outcome_dense,1
2011166,204,30532,30598,medium_block,1704.2471,False,False,regain,phase_outcome_dense,0
2011166,207,30709,30788,low_block,1160.2284750000001,False,False,other,phase_outcome_dense,0
2011166,209,41090,41182,medium_block,1644.3578499999999,False,False,other,phase_outcome_dense,0
2011166,210,41182,41423,high_block,2329.52785,False,False,regain,phase_outcome_dense,0
2011166,211,41423,41461,medium_block,2729.7756,False,False,regain,phase_outcome_dense,0
2011166,214,41823,41883,medium_block,1636.4900000000002,True,False,shot,phase_outcome_dense,1
2011166,215,41883,42015,low_block,2083.6440000000002,False,False,progression,phase_outcome_dense,1
2011166,217,42070,42080,high_block,2549.335225,False,False,other,phase_outcome_dense,0
2011166,218,42080,42135,medium_block,2102.3842,False,False,other,phase_outcome_dense,0
2011166,222,42313,42473,low_block,1368.581025,False,False,other,phase_outcome_dense,0
2011166,223,42473,42588,medium_block,1501.3762499999998,False,False,progression,phase_outcome_dense,1
2011166,225,42839,42842,medium_block,,False,False,other,phase_outcome_dense,0
2011166,226,42842,42908,low_block,1118.5478,False,False,other,phase_outcome_dense,0
2011166,229,43076,43240,medium_block,1474.7151500000002,False,False,other,phase_outcome_dense,0
2011166,230,43240,43268,low_block,1407.6153000000002,False,False,progression,phase_outcome_dense,1
2011166,231,43375,43415,high_block,2930.0169500000006,False,False,progression,phase_outcome_dense,1
2011166,232,43415,43540,low_block,3027.09015,False,False,other,phase_outcome_dense,0
2011166,234,43628,43725,low_block,811.7183,True,False,shot,phase_outcome_dense,1
2011166,236,44511,44574,medium_block,1530.6637499999997,False,False,other,phase_outcome_dense,0
2011166,237,44574,44606,high_block,1892.9155500000002,False,False,other,phase_outcome_dense,0
2011166,239,44633,44696,medium_block,1789.0596,False,False,other,phase_outcome_dense,0
2011166,241,44957,45005,low_block,1259.7167999999997,False,False,other,phase_outcome_dense,0
2011166,242,45005,45008,medium_block,1270.8120749999998,False,False,other,phase_outcome_dense,0
2011166,243,45008,45078,medium_block,2073.70185,False,False,other,phase_outcome_dense,0
2011166,244,45078,45093,low_block,1976.988,False,False,other,phase_outcome_dense,0
2011166,245,45093,45094,medium_block,1959.2518,False,False,other,phase_outcome_dense,0
2011166,246,45272,45285,low_block,1131.5679499999999,True,False,shot,phase_outcome_dense,1
2011166,247,45285,45372,medium_block,1345.8441,True,False,shot,phase_outcome_dense,1
2011166,248,45372,45490,low_block,1200.958,True,False,shot,phase_outcome_dense,1
2011166,250,45958,46143,medium_block,2117.9519999999998,False,False,disruption,phase_outcome_dense,0
2011166,251,46143,46188,high_block,2591.48175,False,False,disruption,phase_outcome_dense,0
2011166,252,46188,46189,medium_block,2339.6837,False,False,other,phase_outcome_dense,0
2011166,255,46298,46354,high_block,2176.4135250000004,False,False,progression,phase_outcome_dense,1
2011166,256,46354,46399,medium_block,2072.978,False,False,regain,phase_outcome_dense,0
2011166,257,46399,46455,medium_block,2065.2183,False,False,regain,phase_outcome_dense,0
2011166,260,46641,46674,medium_block,1898.2651500000002,False,False,other,phase_outcome_dense,0
2011166,261,46674,46883,high_block,2255.784,False,False,other,phase_outcome_dense,0
2011166,262,46883,46885,medium_block,2700.622575,False,False,other,phase_outcome_dense,0
2011166,263,47709,47764,medium_block,2055.7286750000003,False,False,other,phase_outcome_dense,0
2011166,264,47764,47842,low_block,1720.5730749999998,False,False,other,phase_outcome_dense,0
2011166,268,49071,49182,medium_block,1821.8333749999997,False,False,regain,phase_outcome_dense,0
2011166,269,49182,49330,medium_block,2189.97735,False,False,other,phase_outcome_dense,0
2011166,271,49440,49815,low_block,1915.0755000000001,True,False,shot,phase_outcome_dense,1
2011166,272,49815,49905,high_block,2743.9988999999996,False,False,disruption,phase_outcome_dense,0
2011166,280,50546,50563,medium_block,2349.9449999999997,False,False,other,phase_outcome_dense,0
2011166,281,50563,50664,high_block,2478.9599000000003,False,False,progression,phase_outcome_dense,1
2011166,282,50664,50834,low_block,1205.18715,False,False,other,phase_outcome_dense,0
2011166,284,51577,51588,medium_block,2135.1812,False,False,other,phase_outcome_dense,0
2011166,288,51706,51821,medium_block,1350.5840500000002,True,False,shot,phase_outcome_dense,1
2011166,289,51821,52025,low_block,1303.420425,True,False,shot,phase_outcome_dense,1
2011166,294,53549,53656,medium_block,1784.1836999999998,False,False,other,phase_outcome_dense,0
2011166,295,53656,53682,high_block,2005.83765,False,False,other,phase_outcome_dense,0
2011166,296,53682,53739,medium_block,1926.1935000000003,False,False,regain,phase_outcome_dense,0
2011166,297,53739,53871,high_block,2385.5072499999997,False,False,regain,phase_outcome_dense,0
2011166,299,53900,53972,high_block,2230.2837,False,False,other,phase_outcome_dense,0
2011166,300,53972,54060,medium_block,2082.0638750000003,False,False,other,phase_outcome_dense,0
2011166,301,54060,54067,low_block,2059.5412499999998,False,False,other,phase_outcome_dense,0
2011166,305,54584,54711,medium_block,1567.98405,True,False,shot,phase_outcome_dense,1
2011166,306,54711,54948,low_block,876.0979500000001,True,False,shot,phase_outcome_dense,1
2011166,308,55443,55454,medium_block,1297.8818999999999,False,False,other,phase_outcome_dense,0
2011166,309,55454,55565,high_block,1439.4676,False,False,other,phase_outcome_dense,0
2011166,311,55595,55602,medium_block,1463.7959,False,False,progression,phase_outcome_dense,1
2011166,312,55602,55669,low_block,1206.66,False,False,progression,phase_outcome_dense,1
2011166,315,56168,56196,medium_block,1448.3390500000003,False,False,other,phase_outcome_dense,0
2011166,316,56196,56286,high_block,1888.7632500000002,False,False,other,phase_outcome_dense,0
2011166,317,56286,56341,medium_block,2054.085,False,False,disruption,phase_outcome_dense,0
2011166,318,56341,56399,high_block,2032.489375,False,False,other,phase_outcome_dense,0
2011166,319,56399,56455,medium_block,2314.7437499999996,False,False,other,phase_outcome_dense,0
2011166,320,56455,56618,low_block,2024.14605,False,False,other,phase_outcome_dense,0
2011166,322,57113,57116,low_block,1234.951625,False,False,other,phase_outcome_dense,0
2011166,323,57116,57148,medium_block,1521.1862749999998,False,False,other,phase_outcome_dense,0
2011166,324,57148,57166,high_block,1926.1312500000004,False,False,other,phase_outcome_dense,0
2011166,327,57229,57261,medium_block,1516.8624,True,False,shot,phase_outcome_dense,1
2011166,328,57261,57388,low_block,1277.7240000000002,True,False,shot,phase_outcome_dense,1
2011166,330,57717,57782,medium_block,1555.689,False,False,progression,phase_outcome_dense,1
2011166,331,57782,57839,medium_block,1764.4660000000001,False,False,other,phase_outcome_dense,0
2011166,332,57839,57870,high_block,1606.7519999999997,False,False,other,phase_outcome_dense,0
2011166,333,57870,57991,medium_block,1967.1025000000002,False,False,regain,phase_outcome_dense,0
2011166,335,58047,58139,low_block,1513.0360499999997,False,False,other,phase_outcome_dense,0
2011166,336,58139,58156,medium_block,1174.0608750000001,False,False,other,phase_outcome_dense,0
2011166,338,58403,58429,medium_block,1645.3004999999998,False,False,other,phase_outcome_dense,0
2011166,339,58429,58464,high_block,1651.3392000000001,False,False,other,phase_outcome_dense,0
2011166,340,58464,58525,medium_block,1797.57765,False,False,other,phase_outcome_dense,0
2011166,341,58525,58532,low_block,1769.3554,False,False,other,phase_outcome_dense,0
2011166,343,59230,59314,medium_block,1922.8044000000002,False,False,regain,phase_outcome_dense,0
2011166,344,59314,59366,high_block,2233.10925,False,False,regain,phase_outcome_dense,0
2011166,345,59366,59367,medium_block,2356.857,False,False,other,phase_outcome_dense,0
2011166,346,59367,59438,medium_block,1882.5507,False,False,regain,phase_outcome_dense,0
2011166,347,59438,59474,medium_block,2198.91,False,False,other,phase_outcome_dense,0
2011166,348,59474,59587,high_block,2512.9615499999995,False,False,other,phase_outcome_dense,0
2011166,354,60047,60068,medium_block,3179.860225,False,False,regain,phase_outcome_dense,0
2011166,355,60068,60100,high_block,2637.2532,False,False,regain,phase_outcome_dense,0
2011166,356,60100,60121,medium_block,2265.6552500000003,False,False,regain,phase_outcome_dense,0
2011166,359,60269,60314,low_block,1665.9782999999998,False,False,other,phase_outcome_dense,0
2011166,360,60314,60415,medium_block,1482.7887,False,False,other,phase_outcome_dense,0
2011166,361,60415,60532,low_block,1488.2868,False,False,other,phase_outcome_dense,0
2011166,365,62109,62303,low_block,753.51915,False,False,other,phase_outcome_dense,0
2011166,376,63714,63783,high_block,2486.5346000000004,False,False,progression,phase_outcome_dense,1
2011166,378,63826,63909,medium_block,1451.8917,False,False,progression,phase_outcome_dense,1
2011166,380,64021,64089,high_block,2303.5447000000004,False,False,other,phase_outcome_dense,0
2011166,381,64089,64103,medium_block,2279.0805,False,False,other,phase_outcome_dense,0
2011166,382,64103,64226,medium_block,1857.6437500000002,False,False,other,phase_outcome_dense,0
2011166,385,64478,64532,low_block,1396.42875,False,False,other,phase_outcome_dense,0
2011166,386,64532,64567,medium_block,1475.4654000000003,False,False,other,phase_outcome_dense,0
2011166,387,64567,64571,low_block,1518.0231250000002,False,False,other,phase_outcome_dense,0
2011166,390,64659,64725,medium_block,1675.46275,False,False,other,phase_outcome_dense,0
2011166,392,64758,64772,medium_block,1561.34245,False,False,progression,phase_outcome_dense,1
2011166,393,64772,65017,low_block,1146.1612499999999,False,False,progression,phase_outcome_dense,1
2011166,395,65474,65512,medium_block,1251.9873,True,False,shot,phase_outcome_dense,1
2011166,396,65512,65643,low_block,1208.7066750000001,True,False,shot,phase_outcome_dense,1
2011166,398,65972,66038,medium_block,1405.5844,False,False,other,phase_outcome_dense,0
2011166,399,66230,66279,low_block,1153.128375,False,False,other,phase_outcome_dense,0
2011166,400,66279,66299,medium_block,1262.5395750000002,False,False,progression,phase_outcome_dense,1
2011166,401,66299,66334,low_block,1037.646225,False,False,progression,phase_outcome_dense,1
2011166,402,66334,66460,high_block,2960.99895,False,False,progression,phase_outcome_dense,1
2011166,404,66493,66660,medium_block,2090.4939,False,False,other,phase_outcome_dense,0
2011166,405,66660,66692,low_block,1241.7855499999998,False,False,other,phase_outcome_dense,0
2011166,415,68486,68566,high_block,1699.75455,False,False,other,phase_outcome_dense,0
2011166,416,68566,68627,medium_block,1766.8105999999998,False,False,progression,phase_outcome_dense,1
2011166,417,68627,68643,low_block,1705.9548000000004,False,False,progression,phase_outcome_dense,1
2011166,423,69277,69363,medium_block,1393.46515,False,False,other,phase_outcome_dense,0
2011166,429,69837,69880,high_block,2236.5479250000003,False,False,other,phase_outcome_dense,0
2011166,431,69909,69979,medium_block,1316.5828,False,False,other,phase_outcome_dense,0
2011166,434,70612,70646,medium_block,1391.84175,False,False,other,phase_outcome_dense,0
2011166,438,71152,71249,low_block,1245.3181749999999,False,False,other,phase_outcome_dense,0
2013725,0,4043,4382,medium_block,1564.1405999999997,False,False,other,phase_outcome_dense,0
2013725,1,4382,4411,high_block,1896.6457,False,False,other,phase_outcome_dense,0
2013725,6,4698,4769,low_block,946.291625,False,False,other,phase_outcome_dense,0
2013725,7,4769,5019,medium_block,1364.8904749999997,False,False,other,phase_outcome_dense,0
2013725,8,5019,5092,low_block,1473.7010000000002,False,False,progression,phase_outcome_dense,1
2013725,11,5490,5541,medium_block,1230.6349,False,False,other,phase_outcome_dense,0
2013725,12,5541,5583,low_block,1516.6935,False,False,other,phase_outcome_dense,0
2013725,16,7575,7624,medium_block,2156.9513,False,False,other,phase_outcome_dense,0
2013725,17,7624,7693,high_block,2611.6278749999997,False,False,regain,phase_outcome_dense,0
2013725,18,7693,7695,medium_block,2845.6419,False,False,progression,phase_outcome_dense,1
2013725,21,8107,8120,medium_block,1452.7053749999998,False,False,other,phase_outcome_dense,0
2013725,22,8120,8396,low_block,1421.7168,False,False,regain,phase_outcome_dense,0
2013725,23,8396,8490,medium_block,1573.112,False,False,regain,phase_outcome_dense,0
2013725,24,8490,8494,medium_block,2977.5931499999997,False,False,other,phase_outcome_dense,0
2013725,25,8494,8589,high_block,2974.6847000000002,False,False,other,phase_outcome_dense,0
2013725,28,8820,8886,low_block,908.6437500000001,False,False,regain,phase_outcome_dense,0
2013725,29,8886,8910,medium_block,1387.421875,False,False,regain,phase_outcome_dense,0
2013725,30,8910,9164,medium_block,2864.84655,False,False,progression,phase_outcome_dense,1
2013725,32,9191,9260,high_block,2552.61315,False,False,disruption,phase_outcome_dense,0
2013725,34,9554,9641,medium_block,1473.9932000000003,False,False,other,phase_outcome_dense,0
2013725,35,9641,9688,high_block,2222.7291,False,False,other,phase_outcome_dense,0
2013725,37,9724,9779,medium_block,2321.6486000000004,False,False,other,phase_outcome_dense,0
2013725,38,9913,10002,medium_block,1677.9246,False,False,other,phase_outcome_dense,0
2013725,39,10002,10027,low_block,1589.77665,False,False,other,phase_outcome_dense,0
2013725,42,10164,10221,medium_block,1676.6703999999997,False,False,other,phase_outcome_dense,0
2013725,43,10221,10275,low_block,1535.8096249999999,False,False,other,phase_outcome_dense,0
2013725,47,10899,10910,medium_block,1853.6491999999998,False,False,progression,phase_outcome_dense,1
2013725,48,10910,10951,low_block,1646.2343250000004,False,False,progression,phase_outcome_dense,1
2013725,49,10951,11040,medium_block,2410.3467,False,False,other,phase_outcome_dense,0
2013725,50,11110,11241,medium_block,2031.5152,False,False,other,phase_outcome_dense,0
2013725,51,11241,11280,high_block,1999.8514499999999,False,False,other,phase_outcome_dense,0
2013725,52,11280,11311,medium_block,1905.3429,False,False,other,phase_outcome_dense,0
2013725,54,11338,11380,low_block,1748.1418,False,False,other,phase_outcome_dense,0
2013725,55,11455,11509,low_block,932.795675,False,False,other,phase_outcome_dense,0
2013725,57,11580,11828,medium_block,1564.2462500000001,False,False,other,phase_outcome_dense,0
2013725,58,11828,11861,low_block,1280.3312,False,False,other,phase_outcome_dense,0
2013725,59,11861,11912,medium_block,1154.23915,False,False,progression,phase_outcome_dense,1
2013725,61,12320,12587,medium_block,1433.3586,False,False,other,phase_outcome_dense,0
2013725,62,12587,12598,low_block,1385.2320499999998,False,False,other,phase_outcome_dense,0
2013725,64,12964,13007,medium_block,2023.483975,False,False,other,phase_outcome_dense,0
2013725,67,13063,13098,medium_block,2613.1825999999996,False,False,other,phase_outcome_dense,0
2013725,68,13098,13209,high_block,2130.0531250000004,False,False,other,phase_outcome_dense,0
2013725,69,13209,13271,medium_block,1738.7574500000003,False,False,other,phase_outcome_dense,0
2013725,70,13271,13387,low_block,1087.8714,False,False,other,phase_outcome_dense,0
2013725,74,14149,14233,medium_block,1180.225425,True,False,shot,phase_outcome_dense,1
2013725,75,14233,14244,low_block,1265.1701999999998,False,False,other,phase_outcome_dense,0
2013725,80,14977,15044,medium_block,1294.2461250000001,False,False,regain,phase_outcome_dense,0
2013725,82,15066,15398,medium_block,1988.2240499999998,False,False,regain,phase_outcome_dense,0
2013725,86,16082,16293,high_block,2110.02115,False,False,other,phase_outcome_dense,0
2013725,87,16293,16485,medium_block,1776.6737249999999,False,False,other,phase_outcome_dense,0
2013725,88,16485,16589,high_block,2329.588625,False,False,other,phase_outcome_dense,0
2013725,89,16589,16625,medium_block,2519.0475,False,False,progression,phase_outcome_dense,1
2013725,90,16688,16853,medium_block,1707.6265000000003,False,False,regain,phase_outcome_dense,0
2013725,92,16887,16901,medium_block,1739.59725,False,False,other,phase_outcome_dense,0
2013725,93,16901,16951,low_block,1682.3505,False,False,other,phase_outcome_dense,0
2013725,95,17456,17753,high_block,2687.1879,False,False,regain,phase_outcome_dense,0
2013725,96,17753,17763,medium_block,3123.6969999999997,False,False,regain,phase_outcome_dense,0
2013725,99,18050,18071,medium_block,1236.87675,False,False,other,phase_outcome_dense,0
2013725,101,18184,18426,medium_block,1888.2603749999998,False,False,progression,phase_outcome_dense,1
2013725,103,18458,18577,medium_block,2418.344775,False,False,disruption,phase_outcome_dense,0
2013725,104,18890,19054,medium_block,1762.1660000000002,False,False,other,phase_outcome_dense,0
2013725,108,19169,19436,medium_block,1892.0083000000002,False,False,regain,phase_outcome_dense,0
2013725,112,19779,19932,high_block,2316.9778,False,False,regain,phase_outcome_dense,0
2013725,114,19977,20043,high_block,2628.264925,False,False,other,phase_outcome_dense,0
2013725,115,20174,20285,high_block,2244.8657,False,False,other,phase_outcome_dense,0
2013725,116,20285,20313,medium_block,2285.0457499999998,False,False,other,phase_outcome_dense,0
2013725,117,20617,20749,medium_block,1937.7625,False,False,regain,phase_outcome_dense,0
2013725,118,20749,20773,high_block,2135.6844,False,False,regain,phase_outcome_dense,0
2013725,119,20773,20777,medium_block,2325.4492,False,False,other,phase_outcome_dense,0
2013725,120,20777,20799,high_block,2360.5631999999996,False,False,regain,phase_outcome_dense,0
2013725,121,20799,20807,medium_block,2371.5713,False,False,other,phase_outcome_dense,0
2013725,122,20807,20851,medium_block,2477.008125,False,False,other,phase_outcome_dense,0
2013725,126,21622,21759,low_block,1193.682375,True,False,shot,phase_outcome_dense,1
2013725,127,21759,21796,medium_block,1571.22,False,False,other,phase_outcome_dense,0
2013725,128,21796,21908,high_block,2182.7823,False,False,other,phase_outcome_dense,0
2013725,129,21908,21915,medium_block,2568.2226,False,False,other,phase_outcome_dense,0
2013725,130,21930,22003,low_block,1536.84375,False,False,other,phase_outcome_dense,0
2013725,131,22003,22088,medium_block,1584.19565,False,False,other,phase_outcome_dense,0
2013725,132,22127,22292,medium_block,1749.42625,False,False,regain,phase_outcome_dense,0
2013725,133,22292,22318,high_block,2141.9903999999997,False,False,regain,phase_outcome_dense,0
2013725,136,22407,22442,medium_block,2316.57965,True,False,shot,phase_outcome_dense,1
2013725,137,22442,22520,low_block,1580.4243000000001,True,False,shot,phase_outcome_dense,1
2013725,140,23173,23195,medium_block,1574.72585,False,False,other,phase_outcome_dense,0
2013725,141,23195,23238,high_block,1852.0246499999996,False,False,other,phase_outcome_dense,0
2013725,143,23261,23341,medium_block,2503.5587499999997,False,False,progression,phase_outcome_dense,1
2013725,144,23341,23534,low_block,1248.524175,False,False,progression,phase_outcome_dense,1
2013725,145,23694,23855,medium_block,2075.8396000000002,True,False,shot,phase_outcome_dense,1
2013725,147,23882,23916,low_block,2165.6562,True,False,shot,phase_outcome_dense,1
2013725,149,24266,24300,medium_block,1490.8958,False,False,progression,phase_outcome_dense,1
2013725,150,24426,24435,medium_block,1796.766125,False,False,other,phase_outcome_dense,0
2013725,151,24435,24487,high_block,2415.05235,False,False,regain,phase_outcome_dense,0
2013725,153,24509,24872,medium_block,2372.01415,False,False,other,phase_outcome_dense,0
2013725,154,24872,24929,low_block,1648.762375,False,False,other,phase_outcome_dense,0
2013725,157,25085,25195,low_block,833.384025,False,False,progression,phase_outcome_dense,1
2013725,158,25624,25969,high_block,2370.7965000000004,False,False,regain,phase_outcome_dense,0
2013725,159,25969,26024,low_block,1732.3011000000001,False,False,other,phase_outcome_dense,0
2013725,160,26024,26216,medium_block,1905.6494000000002,False,False,progression,phase_outcome_dense,1
2013725,161,26216,26300,medium_block,2303.586675,True,False,shot,phase_outcome_dense,1
2013725,162,26300,26326,low_block,1540.4004499999999,False,False,progression,phase_outcome_dense,1
2013725,167,26828,26883,medium_block,1692.76555,False,False,regain,phase_outcome_dense,0
2013725,168,26883,26932,high_block,2207.3670500000003,False,False,regain,phase_outcome_dense,0
2013725,169,26932,26951,medium_block,2479.02015,False,False,other,phase_outcome_dense,0
2013725,172,27118,27199,high_block,2753.392275,False,False,regain,phase_outcome_dense,0
2013725,175,27282,27356,medium_block,3414.6042,False,False,other,phase_outcome_dense,0
2013725,178,28399,28439,medium_block,2377.9449,False,False,other,phase_outcome_dense,0
2013725,181,28541,28777,medium_block,2092.5371,False,False,other,phase_outcome_dense,0
2013725,182,28939,28967,medium_block,2148.0227999999997,False,False,progression,phase_outcome_dense,1
2013725,183,29027,29036,medium_block,1818.9045,False,False,other,phase_outcome_dense,0
2013725,184,29036,29083,high_block,2080.044175,False,False,regain,phase_outcome_dense,0
2013725,185,29083,29093,medium_block,2390.324175,False,False,other,phase_outcome_dense,0
2013725,188,29172,29261,high_block,2061.1954999999994,False,False,other,phase_outcome_dense,0
2013725,189,29261,29264,medium_block,2088.1223500000006,False,False,other,phase_outcome_dense,0
2013725,193,29759,29823,high_block,1881.0337499999998,False,False,other,phase_outcome_dense,0
2013725,200,30158,30167,medium_block,1290.0615,False,False,other,phase_outcome_dense,0
2013725,201,30167,30254,high_block,1808.8355,False,False,disruption,phase_outcome_dense,0
2013725,204,30592,30622,medium_block,1399.6383749999998,False,False,regain,phase_outcome_dense,0
2013725,205,30622,30692,high_block,2010.0123000000003,False,False,regain,phase_outcome_dense,0
2013725,207,30723,30742,medium_block,2797.628,False,False,other,phase_outcome_dense,0
2013725,208,30742,30831,high_block,2603.82835,False,False,other,phase_outcome_dense,0
2013725,209,30831,30846,medium_block,2058.39645,False,False,progression,phase_outcome_dense,1
2013725,211,30869,30960,high_block,2200.83225,False,False,regain,phase_outcome_dense,0
2013725,212,30960,30963,medium_block,2591.4574,False,False,other,phase_outcome_dense,0
2013725,214,31020,31054,low_block,1325.4731999999997,False,False,other,phase_outcome_dense,0
2013725,215,31054,31103,medium_block,1296.9619249999998,False,False,other,phase_outcome_dense,0
2013725,216,31103,31142,low_block,1357.1855749999997,False,False,other,phase_outcome_dense,0
2013725,217,31142,31162,medium_block,1330.925325,False,False,other,phase_outcome_dense,0
2013725,218,31162,31246,low_block,1432.817325,False,False,progression,phase_outcome_dense,1
2013725,219,31246,31287,medium_block,2941.6800000000003,False,False,other,phase_outcome_dense,0
2013725,222,31362,31391,medium_block,1417.904925,False,False,other,phase_outcome_dense,0
2013725,223,31391,31497,high_block,1860.6588000000004,False,False,other,phase_outcome_dense,0
2013725,224,31497,31512,medium_block,2025.211425,False,False,other,phase_outcome_dense,0
2013725,225,31829,31863,medium_block,1984.7362500000002,False,False,other,phase_outcome_dense,0
2013725,226,31921,31931,medium_block,2101.999,False,False,other,phase_outcome_dense,0
2013725,227,40960,41103,medium_block,1706.65695,False,False,other,phase_outcome_dense,0
2013725,233,41408,41439,medium_block,1184.6052,False,False,progression,phase_outcome_dense,1
2013725,234,41439,41456,low_block,1092.7180500000002,False,False,progression,phase_outcome_dense,1
2013725,235,41456,41670,high_block,2541.1468499999996,False,False,other,phase_outcome_dense,0
2013725,236,41833,41859,high_block,2303.3752,False,False,other,phase_outcome_dense,0
2013725,241,42095,42206,high_block,2348.6451000000006,False,False,other,phase_outcome_dense,0
2013725,242,42206,42279,medium_block,1951.7028500000001,False,False,other,phase_outcome_dense,0
2013725,243,42279,42303,low_block,1567.10715,False,False,other,phase_outcome_dense,0
2013725,246,42998,43091,medium_block,1657.815125,False,False,progression,phase_outcome_dense,1
2013725,247,43091,43148,high_block,2718.4201999999996,False,False,other,phase_outcome_dense,0
2013725,248,43148,43188,medium_block,2275.7431,False,False,other,phase_outcome_dense,0
2013725,253,43749,43753,medium_block,1955.8915500000003,False,False,other,phase_outcome_dense,0
2013725,254,43753,43849,high_block,2478.182675,False,False,regain,phase_outcome_dense,0
2013725,257,44255,44338,medium_block,1554.0801,False,False,other,phase_outcome_dense,0
2013725,259,44485,44486,low_block,2267.9132,False,False,other,phase_outcome_dense,0
2013725,260,44486,44518,medium_block,1942.9332999999997,False,False,other,phase_outcome_dense,0
2013725,261,44518,44570,low_block,1389.35125,False,False,progression,phase_outcome_dense,1
2013725,263,44917,44938,medium_block,2667.2167999999997,False,False,other,phase_outcome_dense,0
2013725,267,45186,45337,medium_block,1344.3944,False,False,progression,phase_outcome_dense,1
2013725,268,45337,45441,high_block,3010.565625,False,False,other,phase_outcome_dense,0
2013725,269,45441,45452,medium_block,2835.76425,False,False,progression,phase_outcome_dense,1
2013725,270,45452,45583,low_block,2480.5704499999997,False,False,other,phase_outcome_dense,0
2013725,272,45601,45637,low_block,1108.5018750000002,False,False,other,phase_outcome_dense,0
2013725,273,45637,46015,medium_block,1584.535425,False,False,progression,phase_outcome_dense,1
2013725,275,46047,46324,high_block,3302.145,False,False,regain,phase_outcome_dense,0
2013725,278,46905,46947,high_block,2808.06525,False,False,regain,phase_outcome_dense,0
2013725,280,46969,46986,medium_block,2577.394575,False,False,regain,phase_outcome_dense,0
2013725,283,47142,47340,medium_block,1783.77,False,False,other,phase_outcome_dense,0
2013725,284,47420,47491,medium_block,2124.7504000000004,False,False,progression,phase_outcome_dense,1
2013725,285,47491,47523,medium_block,3156.0844,False,False,other,phase_outcome_dense,0
2013725,286,47523,47584,low_block,2418.5081250000003,False,False,other,phase_outcome_dense,0
2013725,287,47584,47633,medium_block,1929.26595,False,False,other,phase_outcome_dense,0
2013725,288,47633,47655,high_block,2128.69465,False,False,other,phase_outcome_dense,0
2013725,290,47677,47823,medium_block,1973.7675,False,False,regain,phase_outcome_dense,0
2013725,292,47930,48080,high_block,2481.8334,False,False,regain,phase_outcome_dense,0
2013725,293,48080,48110,medium_block,2678.741325,False,False,regain,phase_outcome_dense,0
2013725,304,49545,49616,medium_block,1718.5613999999998,False,False,regain,phase_outcome_dense,0
2013725,305,49616,49648,medium_block,3054.0908999999997,False,False,other,phase_outcome_dense,0
2013725,306,49648,49711,high_block,2435.74125,False,False,regain,phase_outcome_dense,0
2013725,307,49711,49757,medium_block,2068.704,False,False,regain,phase_outcome_dense,0
2013725,308,49757,49771,medium_block,2296.39675,False,False,other,phase_outcome_dense,0
2013725,309,49771,49852,high_block,2767.9739999999997,False,False,other,phase_outcome_dense,0
2013725,310,49852,49886,medium_block,2938.35375,False,False,progression,phase_outcome_dense,1
2013725,311,49886,50029,medium_block,2505.33765,False,False,other,phase_outcome_dense,0
2013725,312,50029,50059,low_block,1954.26465,False,False,other,phase_outcome_dense,0
2013725,314,50622,50786,medium_block,2352.991,False,False,progression,phase_outcome_dense,1
2013725,315,50836,50894,low_block,1289.4508749999998,False,False,other,phase_outcome_dense,0
2013725,318,51176,51239,medium_block,1708.6053,False,False,other,phase_outcome_dense,0
2013725,320,51269,51287,medium_block,1748.1393000000003,False,False,other,phase_outcome_dense,0
2013725,321,51287,51381,low_block,1488.139375,False,False,other,phase_outcome_dense,0
2013725,323,51551,51664,medium_block,2511.630325,False,False,progression,phase_outcome_dense,1
2013725,324,51664,51701,low_block,2039.26695,False,False,progression,phase_outcome_dense,1
2013725,325,51825,51891,high_block,2164.9435750000002,True,False,shot,phase_outcome_dense,1
2013725,329,52760,52792,medium_block,1344.4375,False,False,other,phase_outcome_dense,0
2013725,330,52792,52826,high_block,1752.3890000000004,False,False,other,phase_outcome_dense,0
2013725,332,52852,52910,medium_block,1706.5597500000001,False,False,other,phase_outcome_dense,0
2013725,335,53021,53238,low_block,1491.6629750000002,False,False,other,phase_outcome_dense,0
2013725,338,53615,53678,high_block,1935.914625,False,False,other,phase_outcome_dense,0
2013725,344,53795,53895,medium_block,1943.913,False,False,other,phase_outcome_dense,0
2013725,345,53895,53952,high_block,2025.2004999999997,False,False,other,phase_outcome_dense,0
2013725,346,53952,53992,medium_block,2300.3290500000003,False,False,other,phase_outcome_dense,0
2013725,350,54241,54250,medium_block,1958.3313749999998,False,False,other,phase_outcome_dense,0
2013725,351,54250,54322,high_block,2381.9259750000006,False,False,regain,phase_outcome_dense,0
2013725,354,54545,54629,medium_block,1367.2989000000002,True,False,shot,phase_outcome_dense,1
2013725,355,54629,54675,low_block,1568.03025,True,False,shot,phase_outcome_dense,1
2013725,356,54675,54877,medium_block,1713.804375,True,False,shot,phase_outcome_dense,1
2013725,357,54877,54941,low_block,1286.0639500000002,True,False,shot,phase_outcome_dense,1
2013725,359,55026,55144,low_block,1100.835775,False,False,other,phase_outcome_dense,0
2013725,360,55144,55395,medium_block,1853.87125,False,False,progression,phase_outcome_dense,1
2013725,362,55437,55562,medium_block,1535.0548,False,False,other,phase_outcome_dense,0
2013725,364,56046,56378,low_block,997.1757999999999,False,False,progression,phase_outcome_dense,1
2013725,366,56439,56447,medium_block,2791.21005,True,False,shot,phase_outcome_dense,1
2013725,367,56447,56570,high_block,2868.52525,True,False,shot,phase_outcome_dense,1
2013725,368,56570,56670,medium_block,2341.496,True,False,shot,phase_outcome_dense,1
2013725,369,56670,56931,low_block,2380.809375,True,False,shot,phase_outcome_dense,1
2013725,370,56931,57064,medium_block,2381.9594250000005,False,False,other,phase_outcome_dense,0
2013725,371,57064,57119,high_block,2324.7716250000003,False,False,other,phase_outcome_dense,0
2013725,372,57319,57435,high_block,2706.062975,True,False,shot,phase_outcome_dense,1
2013725,373,57435,57457,low_block,2412.6719999999996,True,False,shot,phase_outcome_dense,1
2013725,374,57730,57780,high_block,3146.1469999999995,False,False,other,phase_outcome_dense,0
2013725,376,57997,58003,medium_block,,False,False,other,phase_outcome_dense,0
2013725,377,58003,58029,low_block,1494.5439999999996,False,False,other,phase_outcome_dense,0
2013725,378,58029,58031,medium_block,1425.03045,False,False,progression,phase_outcome_dense,1
2013725,380,58105,58148,high_block,2262.0845,False,False,other,phase_outcome_dense,0
2013725,383,58200,58327,medium_block,1668.5115999999998,False,False,other,phase_outcome_dense,0
2013725,387,58420,58476,high_block,2123.0901999999996,False,False,other,phase_outcome_dense,0
2013725,388,58476,58518,medium_block,2262.4161999999997,False,False,other,phase_outcome_dense,0
2013725,393,59404,59482,low_block,1187.3836000000001,False,False,regain,phase_outcome_dense,0
2013725,394,59482,59567,medium_block,1570.0163999999997,False,False,regain,phase_outcome_dense,0
2013725,397,59821,59847,high_block,2418.939075,False,False,other,phase_outcome_dense,0
2013725,398,59847,59867,medium_block,2048.8315000000002,False,False,progression,phase_outcome_dense,1
2013725,399,59867,60053,low_block,1369.26825,False,False,other,phase_outcome_dense,0
2013725,402,60385,60452,medium_block,1810.7745750000001,False,False,regain,phase_outcome_dense,0
2013725,408,60793,60895,medium_block,2082.5808749999997,False,False,regain,phase_outcome_dense,0
2013725,409,60895,61060,medium_block,2560.9415999999997,False,False,other,phase_outcome_dense,0
2013725,410,61060,61100,high_block,2365.4398499999998,False,False,other,phase_outcome_dense,0
2013725,411,61100,61204,medium_block,1865.4105,False,False,other,phase_outcome_dense,0
2013725,412,61204,61250,low_block,1368.3040999999998,False,False,other,phase_outcome_dense,0
2013725,415,61730,61939,medium_block,2632.9852499999997,False,False,regain,phase_outcome_dense,0
2013725,418,62189,62320,low_block,743.94125,False,False,other,phase_outcome_dense,0
2013725,423,63025,63074,medium_block,1208.6318,True,False,shot,phase_outcome_dense,1
2013725,424,63074,63121,low_block,1143.57915,True,False,shot,phase_outcome_dense,1
2013725,425,63360,63432,high_block,3093.0359999999996,False,False,progression,phase_outcome_dense,1
2013725,426,63432,63476,low_block,1851.844,False,False,other,phase_outcome_dense,0
2013725,427,63476,63568,medium_block,1542.8534000000002,False,False,other,phase_outcome_dense,0
2013725,428,63568,63736,low_block,2490.8714999999997,False,False,other,phase_outcome_dense,0
2013725,429,63736,63849,medium_block,1559.5469999999998,False,False,progression,phase_outcome_dense,1
2013725,430,63849,63874,low_block,1399.7034999999998,False,False,progression,phase_outcome_dense,1
2013725,432,63902,63919,medium_block,1523.06465,False,False,regain,phase_outcome_dense,0
2013725,433,63919,64051,high_block,2015.50725,False,False,regain,phase_outcome_dense,0
2013725,434,64051,64055,medium_block,2293.8302750000003,False,False,regain,phase_outcome_dense,0
2013725,440,65217,65278,low_block,1053.327375,False,False,other,phase_outcome_dense,0
2013725,441,65278,65318,medium_block,1414.4507999999998,False,False,other,phase_outcome_dense,0
2013725,442,65318,65405,high_block,2200.74925,False,False,other,phase_outcome_dense,0
2013725,443,65405,65501,medium_block,2308.9072499999997,False,False,other,phase_outcome_dense,0
2013725,444,65951,65959,medium_block,1262.1443749999999,False,False,other,phase_outcome_dense,0
2013725,445,65959,66068,low_block,1347.0128,False,False,other,phase_outcome_dense,0
2013725,447,66660,66733,high_block,1856.1342999999997,False,False,other,phase_outcome_dense,0
2013725,448,66733,66751,medium_block,2597.0723999999996,False,False,other,phase_outcome_dense,0
2013725,452,66871,66973,medium_block,1860.0749999999998,False,False,other,phase_outcome_dense,0
2013725,454,66995,67031,medium_block,1854.1856250000003,False,False,other,phase_outcome_dense,0
2013725,455,67197,67303,low_block,885.0039,True,False,shot,phase_outcome_dense,1
2013725,458,67837,68002,medium_block,1977.8290500000003,False,False,other,phase_outcome_dense,0
2013725,459,68066,68155,medium_block,1365.7536,False,False,other,phase_outcome_dense,0
2013725,461,68422,68452,medium_block,1390.1814,False,False,other,phase_outcome_dense,0
2013725,462,68452,68493,low_block,1374.0744,False,False,other,phase_outcome_dense,0
2013725,463,68551,68666,low_block,1323.8526,False,False,other,phase_outcome_dense,0
2013725,468,68990,69009,low_block,1057.4401,False,False,other,phase_outcome_dense,0
2013725,469,69009,69016,medium_block,1103.2,False,False,other,phase_outcome_dense,0
2013725,470,69016,69077,low_block,1089.0462,False,False,other,phase_outcome_dense,0
2013725,471,69166,69200,medium_block,1084.0912500000002,False,False,other,phase_outcome_dense,0
2013725,472,69200,69331,low_block,796.4325,False,False,other,phase_outcome_dense,0
2013725,475,69432,69469,medium_block,2903.9265000000005,False,False,other,phase_outcome_dense,0
2013725,476,69469,69512,low_block,2432.30125,False,False,other,phase_outcome_dense,0
2015213,0,2212,2274,medium_block,1801.5584999999999,False,False,disruption,phase_outcome_dense,0
2015213,2,2477,2541,high_block,1938.622475,False,False,other,phase_outcome_dense,0
2015213,7,3059,3076,medium_block,1331.832325,False,False,other,phase_outcome_dense,0
2015213,10,3103,3300,medium_block,2154.9855999999995,False,False,other,phase_outcome_dense,0
2015213,11,3300,3413,low_block,1455.5,False,False,other,phase_outcome_dense,0
2015213,12,3413,3459,medium_block,1168.99205,False,False,progression,phase_outcome_dense,1
2015213,14,3852,3928,medium_block,1614.5584,False,False,other,phase_outcome_dense,0
2015213,15,3928,4102,high_block,2337.9987,False,False,progression,phase_outcome_dense,1
2015213,17,4331,4452,high_block,2712.7295999999997,False,False,regain,phase_outcome_dense,0
2015213,21,4562,4683,medium_block,1946.4819499999999,False,False,regain,phase_outcome_dense,0
2015213,22,4683,4911,high_block,2810.2368,False,False,regain,phase_outcome_dense,0
2015213,23,4911,4918,medium_block,2717.5603,False,False,regain,phase_outcome_dense,0
2015213,24,4918,4948,high_block,2608.7090999999996,False,False,regain,phase_outcome_dense,0
2015213,25,4948,4962,medium_block,2467.977425,False,False,other,phase_outcome_dense,0
2015213,26,4962,4966,medium_block,2296.258025,False,False,other,phase_outcome_dense,0
2015213,27,4966,4982,low_block,1992.7908000000002,False,False,other,phase_outcome_dense,0
2015213,28,4982,4992,medium_block,1660.176,False,False,other,phase_outcome_dense,0
2015213,29,4992,5119,low_block,1490.7508500000001,False,False,other,phase_outcome_dense,0
2015213,30,5119,5134,medium_block,1342.528125,False,False,other,phase_outcome_dense,0
2015213,31,5134,5229,low_block,1202.5365000000002,False,False,progression,phase_outcome_dense,1
2015213,32,5229,5567,high_block,3115.3914,False,False,other,phase_outcome_dense,0
2015213,33,5567,5609,medium_block,1260.24245,False,False,other,phase_outcome_dense,0
2015213,38,5944,6175,high_block,2425.1167499999997,False,False,regain,phase_outcome_dense,0
2015213,39,6175,6194,medium_block,2468.916525,False,False,regain,phase_outcome_dense,0
2015213,40,6194,6248,high_block,2881.1135000000004,False,False,regain,phase_outcome_dense,0
2015213,42,6274,6575,medium_block,2479.1390000000006,False,False,other,phase_outcome_dense,0
2015213,43,6575,6640,high_block,2520.1885,False,False,other,phase_outcome_dense,0
2015213,44,6640,6961,medium_block,2338.254375,False,False,regain,phase_outcome_dense,0
2015213,45,6961,7031,high_block,2376.4775999999997,False,False,regain,phase_outcome_dense,0
2015213,46,7031,7032,medium_block,2723.328,False,False,progression,phase_outcome_dense,1
2015213,51,7330,7431,medium_block,1497.461575,False,False,progression,phase_outcome_dense,1
2015213,52,7431,7487,medium_block,2765.273375,False,False,other,phase_outcome_dense,0
2015213,53,7487,7729,high_block,2195.3405000000002,False,False,progression,phase_outcome_dense,1
2015213,55,7758,7974,high_block,2455.7994999999996,False,False,other,phase_outcome_dense,0
2015213,56,7974,8018,medium_block,2205.7854,False,False,progression,phase_outcome_dense,1
2015213,58,8058,8091,medium_block,1932.7763999999997,False,False,regain,phase_outcome_dense,0
2015213,59,8091,8147,medium_block,1835.036825,False,False,other,phase_outcome_dense,0
2015213,60,8147,8355,high_block,2097.7619000000004,False,False,progression,phase_outcome_dense,1
2015213,62,8400,8443,high_block,3073.874375,False,False,other,phase_outcome_dense,0
2015213,63,8443,8504,medium_block,2388.81405,False,False,progression,phase_outcome_dense,1
2015213,64,8961,9015,low_block,1195.68085,False,False,other,phase_outcome_dense,0
2015213,65,9015,9053,medium_block,1388.38725,False,False,progression,phase_outcome_dense,1
2015213,66,9053,9054,medium_block,2546.9718,False,False,other,phase_outcome_dense,0
2015213,67,9054,9184,high_block,2837.234,False,False,progression,phase_outcome_dense,1
2015213,68,9237,9353,medium_block,1942.31345,False,False,other,phase_outcome_dense,0
2015213,69,9353,9397,high_block,2217.754875,False,False,other,phase_outcome_dense,0
2015213,70,9397,9410,medium_block,2388.7080749999996,False,False,other,phase_outcome_dense,0
2015213,71,9682,9725,medium_block,1868.7012000000002,False,False,other,phase_outcome_dense,0
2015213,72,9725,9765,high_block,2290.382325,False,False,other,phase_outcome_dense,0
2015213,73,9765,9766,medium_block,2647.1445,False,False,other,phase_outcome_dense,0
2015213,74,9823,9829,medium_block,2247.1998000000003,False,False,other,phase_outcome_dense,0
2015213,75,9829,9904,high_block,2551.6974,False,False,progression,phase_outcome_dense,1
2015213,76,10025,10165,medium_block,1942.9488,False,False,progression,phase_outcome_dense,1
2015213,77,10165,10211,medium_block,2252.082,False,False,progression,phase_outcome_dense,1
2015213,78,10211,10334,medium_block,1973.6196,False,False,other,phase_outcome_dense,0
2015213,80,10518,10533,medium_block,2626.6301999999996,False,False,other,phase_outcome_dense,0
2015213,81,10533,10637,low_block,1995.5208000000005,False,False,other,phase_outcome_dense,0
2015213,82,10637,10822,medium_block,1940.103425,False,False,disruption,phase_outcome_dense,0
2015213,83,10822,10902,high_block,2422.26405,False,False,disruption,phase_outcome_dense,0
2015213,84,10902,10915,medium_block,2487.3232499999995,False,False,disruption,phase_outcome_dense,0
2015213,90,11327,11394,high_block,2035.79325,False,False,other,phase_outcome_dense,0
2015213,92,11554,11579,medium_block,1374.6582499999997,False,False,other,phase_outcome_dense,0
2015213,93,11579,11648,low_block,1283.4433999999999,False,False,other,phase_outcome_dense,0
2015213,95,11927,12019,high_block,2290.3439000000003,False,False,regain,phase_outcome_dense,0
2015213,96,12019,12058,medium_block,2270.547625,False,False,regain,phase_outcome_dense,0
2015213,99,12196,12202,medium_block,1471.1100249999997,False,False,other,phase_outcome_dense,0
2015213,100,12202,12215,low_block,1484.2149,False,False,other,phase_outcome_dense,0
2015213,101,12215,12330,medium_block,1821.6682999999998,False,False,other,phase_outcome_dense,0
2015213,102,12330,12405,high_block,2634.28605,False,False,other,phase_outcome_dense,0
2015213,103,12405,12410,medium_block,3043.34855,False,False,other,phase_outcome_dense,0
2015213,104,12574,12641,low_block,1461.67675,False,False,progression,phase_outcome_dense,1
2015213,105,12641,12675,high_block,2773.0604,False,False,other,phase_outcome_dense,0
2015213,106,12675,12703,medium_block,2401.50165,False,False,other,phase_outcome_dense,0
2015213,107,12793,12798,medium_block,1687.048,False,False,other,phase_outcome_dense,0
2015213,108,12798,12873,high_block,2366.2806499999997,False,False,regain,phase_outcome_dense,0
2015213,110,13695,13757,medium_block,1771.0406999999998,False,False,regain,phase_outcome_dense,0
2015213,111,13757,13791,high_block,2195.4024000000004,False,False,regain,phase_outcome_dense,0
2015213,114,13991,14013,medium_block,1415.84625,False,False,other,phase_outcome_dense,0
2015213,115,14013,14065,high_block,1628.02605,False,False,other,phase_outcome_dense,0
2015213,117,14102,14240,medium_block,2174.290175,False,False,disruption,phase_outcome_dense,0
2015213,118,14415,14480,high_block,2005.28145,False,False,regain,phase_outcome_dense,0
2015213,119,14480,14518,medium_block,2162.0343749999997,False,False,regain,phase_outcome_dense,0
2015213,123,14774,14881,high_block,2555.1793249999996,False,False,other,phase_outcome_dense,0
2015213,126,15124,15192,low_block,1146.4096,True,False,shot,phase_outcome_dense,1
2015213,129,16260,16303,medium_block,1866.2868,False,False,regain,phase_outcome_dense,0
2015213,130,16303,16336,high_block,2178.7972999999997,False,False,regain,phase_outcome_dense,0
2015213,140,17369,17425,high_block,2150.89875,False,False,progression,phase_outcome_dense,1
2015213,142,17466,17572,high_block,2638.8636749999996,False,False,other,phase_outcome_dense,0
2015213,147,18056,18122,low_block,894.51725,True,False,shot,phase_outcome_dense,1
2015213,148,18263,18336,high_block,2512.94,False,False,regain,phase_outcome_dense,0
2015213,149,18336,18373,medium_block,2207.7405,False,False,regain,phase_outcome_dense,0
2015213,152,18683,18747,medium_block,1301.0582749999999,False,False,other,phase_outcome_dense,0
2015213,153,18837,18912,medium_block,1300.0007999999998,False,False,progression,phase_outcome_dense,1
2015213,154,18912,18974,low_block,1338.4440000000002,False,False,progression,phase_outcome_dense,1
2015213,155,18974,19074,high_block,2473.2675000000004,False,False,other,phase_outcome_dense,0
2015213,156,19074,19135,medium_block,2172.53785,False,False,other,phase_outcome_dense,0
2015213,157,19135,19322,high_block,2436.6342,False,False,other,phase_outcome_dense,0
2015213,158,19322,19384,medium_block,2401.6462,False,False,progression,phase_outcome_dense,1
2015213,159,19384,19405,low_block,1871.3463999999997,False,False,progression,phase_outcome_dense,1
2015213,160,19405,19445,high_block,2404.633725,False,False,other,phase_outcome_dense,0
2015213,161,19445,19490,medium_block,2220.1146,False,False,other,phase_outcome_dense,0
2015213,162,19521,19552,medium_block,1841.40795,False,False,other,phase_outcome_dense,0
2015213,163,19552,19618,low_block,1719.596875,False,False,other,phase_outcome_dense,0
2015213,164,19618,19931,medium_block,2105.85975,False,False,other,phase_outcome_dense,0
2015213,170,20796,20849,medium_block,1623.558425,False,False,progression,phase_outcome_dense,1
2015213,171,20849,20904,low_block,1273.64525,False,False,progression,phase_outcome_dense,1
2015213,172,20904,20958,high_block,2191.221625,False,False,other,phase_outcome_dense,0
2015213,173,20958,20965,medium_block,2234.709,False,False,other,phase_outcome_dense,0
2015213,176,21745,21839,high_block,1510.70235,False,False,regain,phase_outcome_dense,0
2015213,177,21839,21847,medium_block,1796.1153749999999,False,False,other,phase_outcome_dense,0
2015213,178,21847,21911,medium_block,1641.3347500000002,False,False,other,phase_outcome_dense,0
2015213,179,21911,21962,high_block,2244.2776,False,False,progression,phase_outcome_dense,1
2015213,180,21962,22199,medium_block,2271.8007000000002,False,False,progression,phase_outcome_dense,1
2015213,181,22199,22234,medium_block,2660.71725,False,False,disruption,phase_outcome_dense,0
2015213,182,22234,22291,high_block,2714.002275,False,False,disruption,phase_outcome_dense,0
2015213,184,22314,22385,medium_block,2351.6732,False,False,other,phase_outcome_dense,0
2015213,185,22385,22491,low_block,1734.12875,False,False,other,phase_outcome_dense,0
2015213,186,22491,22720,medium_block,1683.195075,False,False,regain,phase_outcome_dense,0
2015213,189,22914,23010,medium_block,1441.6212500000001,False,False,progression,phase_outcome_dense,1
2015213,190,23010,23031,low_block,1496.4846,False,False,progression,phase_outcome_dense,1
2015213,191,23031,23329,high_block,2627.1915000000004,True,False,shot,phase_outcome_dense,1
2015213,192,23329,23386,medium_block,2629.649875,True,False,shot,phase_outcome_dense,1
2015213,193,23386,23440,low_block,1988.828,True,False,shot,phase_outcome_dense,1
2015213,194,23440,23600,high_block,2601.153,False,False,disruption,phase_outcome_dense,0
2015213,196,23632,23674,medium_block,1986.96525,False,False,other,phase_outcome_dense,0
2015213,198,23715,24031,medium_block,1798.7355999999997,False,False,other,phase_outcome_dense,0
2015213,199,24031,24437,low_block,1636.0266,False,False,other,phase_outcome_dense,0
2015213,200,24437,24460,medium_block,1356.083575,True,False,shot,phase_outcome_dense,1
2015213,201,24460,24478,low_block,1398.08565,True,False,shot,phase_outcome_dense,1
2015213,202,24478,24699,medium_block,1636.1559749999997,True,False,shot,phase_outcome_dense,1
2015213,203,24699,24763,low_block,1743.2993999999999,True,False,shot,phase_outcome_dense,1
2015213,204,24990,25019,medium_block,2586.8975,False,False,other,phase_outcome_dense,0
2015213,205,25019,25059,high_block,2112.694125,False,False,other,phase_outcome_dense,0
2015213,206,25059,25142,medium_block,1883.8690000000001,False,False,other,phase_outcome_dense,0
2015213,209,25229,25246,low_block,1169.583,False,False,other,phase_outcome_dense,0
2015213,210,25246,25263,medium_block,1205.867475,False,False,other,phase_outcome_dense,0
2015213,211,25263,25335,low_block,1229.713475,False,False,other,phase_outcome_dense,0
2015213,212,25335,25407,medium_block,1292.3311749999998,False,False,other,phase_outcome_dense,0
2015213,213,25407,25466,low_block,1069.341,False,False,other,phase_outcome_dense,0
2015213,216,25830,25868,low_block,1179.3453749999999,False,False,other,phase_outcome_dense,0
2015213,217,25868,25922,medium_block,1439.8382250000002,False,False,other,phase_outcome_dense,0
2015213,218,25922,25975,high_block,2036.7811000000002,False,False,regain,phase_outcome_dense,0
2015213,219,25975,25993,medium_block,2510.6271,False,False,regain,phase_outcome_dense,0
2015213,221,26013,26016,medium_block,2889.336575,False,False,other,phase_outcome_dense,0
2015213,222,26016,26212,high_block,2844.5084999999995,False,False,regain,phase_outcome_dense,0
2015213,223,26212,26229,medium_block,2692.16415,False,False,progression,phase_outcome_dense,1
2015213,225,26657,26719,medium_block,1140.8565000000003,False,False,progression,phase_outcome_dense,1
2015213,226,26905,27061,medium_block,1629.7057000000002,False,False,regain,phase_outcome_dense,0
2015213,228,27103,27245,medium_block,2197.8015,False,False,other,phase_outcome_dense,0
2015213,229,27245,27267,low_block,2060.9597249999997,False,False,other,phase_outcome_dense,0
2015213,231,27342,27352,low_block,1608.6825,False,False,other,phase_outcome_dense,0
2015213,232,27352,27405,medium_block,1756.443375,False,False,other,phase_outcome_dense,0
2015213,233,27405,27481,high_block,2335.3951500000003,False,False,regain,phase_outcome_dense,0
2015213,234,27481,27510,medium_block,2627.5692999999997,False,False,regain,phase_outcome_dense,0
2015213,235,27510,27604,high_block,2471.4759,False,False,regain,phase_outcome_dense,0
2015213,236,27604,27659,medium_block,2062.447625,False,False,regain,phase_outcome_dense,0
2015213,237,27659,27789,medium_block,2229.296,False,False,other,phase_outcome_dense,0
2015213,238,28534,28642,medium_block,1781.5812,False,False,other,phase_outcome_dense,0
2015213,240,28671,28748,low_block,1323.991875,False,False,progression,phase_outcome_dense,1
2015213,242,28792,28829,medium_block,1802.9599500000002,False,False,other,phase_outcome_dense,0
2015213,243,28829,28887,low_block,1561.3826000000001,False,False,other,phase_outcome_dense,0
2015213,250,29637,29643,medium_block,1860.38775,False,False,other,phase_outcome_dense,0
2015213,251,29643,29786,high_block,2204.2328,False,False,regain,phase_outcome_dense,0
2015213,253,29821,29880,medium_block,1917.2848500000002,False,False,regain,phase_outcome_dense,0
2015213,254,29880,29947,medium_block,2334.8935749999996,False,False,other,phase_outcome_dense,0
2015213,255,30218,30258,medium_block,876.64325,False,False,other,phase_outcome_dense,0
2015213,257,30387,30419,low_block,1008.0172249999998,False,False,other,phase_outcome_dense,0
2015213,259,30653,30682,medium_block,2463.547475,False,False,progression,phase_outcome_dense,1
2015213,261,30763,30999,high_block,2608.66365,False,False,other,phase_outcome_dense,0
2015213,262,30999,31006,medium_block,1981.5391,False,False,other,phase_outcome_dense,0
2015213,263,40281,40332,medium_block,1859.9636249999999,False,False,other,phase_outcome_dense,0
2015213,267,40663,40683,medium_block,1764.5784,False,False,other,phase_outcome_dense,0
2015213,268,40683,40746,high_block,2067.9575250000003,False,False,disruption,phase_outcome_dense,0
2015213,269,40746,40752,medium_block,2376.73305,False,False,other,phase_outcome_dense,0
2015213,272,40903,40983,low_block,1014.7491250000002,True,False,shot,phase_outcome_dense,1
2015213,273,40983,41010,medium_block,854.3117500000002,True,False,shot,phase_outcome_dense,1
2015213,274,41010,41041,low_block,860.7914999999999,True,False,shot,phase_outcome_dense,1
2015213,275,41223,41256,high_block,2592.6159,False,False,other,phase_outcome_dense,0
2015213,278,41519,41554,low_block,1062.144,False,False,other,phase_outcome_dense,0
2015213,279,41554,41645,medium_block,1362.677625,False,False,regain,phase_outcome_dense,0
2015213,282,41690,41871,medium_block,1557.8703750000002,False,False,regain,phase_outcome_dense,0
2015213,285,42118,42168,medium_block,2291.116875,False,False,other,phase_outcome_dense,0
2015213,287,42370,42408,medium_block,1528.9344,False,False,other,phase_outcome_dense,0
2015213,288,42408,42533,high_block,2254.67035,False,False,regain,phase_outcome_dense,0
2015213,289,42533,42574,medium_block,2503.0719,False,False,regain,phase_outcome_dense,0
2015213,291,43298,43454,medium_block,1804.85375,False,False,other,phase_outcome_dense,0
2015213,292,43532,43618,medium_block,1890.654675,True,False,shot,phase_outcome_dense,1
2015213,293,43618,43675,high_block,2143.88225,True,False,shot,phase_outcome_dense,1
2015213,294,43675,43750,medium_block,1944.613125,True,False,shot,phase_outcome_dense,1
2015213,295,43750,43772,low_block,1421.3206,False,False,progression,phase_outcome_dense,1
2015213,296,43950,43986,high_block,2574.7246,False,False,progression,phase_outcome_dense,1
2015213,298,44008,44016,low_block,2573.21295,False,False,other,phase_outcome_dense,0
2015213,299,44016,44070,medium_block,1912.7214,False,False,other,phase_outcome_dense,0
2015213,300,44070,44118,low_block,1402.004175,False,False,other,phase_outcome_dense,0
2015213,301,44118,44178,medium_block,1480.744,False,False,other,phase_outcome_dense,0
2015213,305,44319,44380,medium_block,2135.327125,True,False,shot,phase_outcome_dense,1
2015213,306,44380,44414,low_block,1874.41865,True,False,shot,phase_outcome_dense,1
2015213,307,44414,44483,high_block,2490.65355,False,False,other,phase_outcome_dense,0
2015213,308,44483,44545,medium_block,2452.37085,False,False,other,phase_outcome_dense,0
2015213,309,44815,44976,medium_block,1906.8551999999997,False,False,regain,phase_outcome_dense,0
2015213,310,44976,45006,high_block,2160.611,False,False,regain,phase_outcome_dense,0
2015213,314,45104,45376,high_block,2877.769125,False,False,other,phase_outcome_dense,0
2015213,315,45376,45449,medium_block,2798.5293999999994,False,False,other,phase_outcome_dense,0
2015213,318,46256,46312,low_block,1058.2377,False,False,other,phase_outcome_dense,0
2015213,322,46699,46748,medium_block,1779.9002,False,False,other,phase_outcome_dense,0
2015213,323,46748,46786,low_block,1791.9875,False,False,other,phase_outcome_dense,0
2015213,325,47346,47466,high_block,2377.721775,False,False,other,phase_outcome_dense,0
2015213,326,47466,47500,medium_block,2529.1735,False,False,other,phase_outcome_dense,0
2015213,328,47794,47816,medium_block,1498.339625,True,False,shot,phase_outcome_dense,1
2015213,329,47816,47868,high_block,1849.56915,True,False,shot,phase_outcome_dense,1
2015213,330,47868,47878,medium_block,2104.5263750000004,True,False,shot,phase_outcome_dense,1
2015213,331,47878,47892,high_block,2102.0175000000004,True,False,shot,phase_outcome_dense,1
2015213,332,47892,47961,medium_block,1988.6383750000002,True,False,shot,phase_outcome_dense,1
2015213,333,47961,48025,low_block,1304.6973,True,False,shot,phase_outcome_dense,1
2015213,334,48329,48387,high_block,2847.7412,False,False,other,phase_outcome_dense,0
2015213,336,48423,48607,medium_block,2256.7132500000002,False,False,regain,phase_outcome_dense,0
2015213,337,48607,48671,high_block,2512.338,False,False,other,phase_outcome_dense,0
2015213,338,48671,48806,medium_block,1976.726475,False,False,other,phase_outcome_dense,0
2015213,351,51945,51965,low_block,1304.8728,False,False,other,phase_outcome_dense,0
2015213,352,51965,51986,medium_block,1415.9972750000002,False,False,other,phase_outcome_dense,0
2015213,353,51986,52005,low_block,1472.823,False,False,other,phase_outcome_dense,0
2015213,355,52414,52555,high_block,2746.061175,False,False,regain,phase_outcome_dense,0
2015213,357,52579,52591,medium_block,2839.6639999999998,False,False,other,phase_outcome_dense,0
2015213,358,52591,52718,high_block,2473.694,False,False,other,phase_outcome_dense,0
2015213,359,52718,52942,medium_block,2206.6406999999995,False,False,other,phase_outcome_dense,0
2015213,362,53219,53261,medium_block,1185.3054000000002,False,False,other,phase_outcome_dense,0
2015213,363,53261,53312,low_block,1648.8296749999997,False,False,other,phase_outcome_dense,0
2015213,364,53312,53347,medium_block,2003.7968999999996,False,False,other,phase_outcome_dense,0
2015213,365,53347,53415,high_block,2260.85475,False,False,other,phase_outcome_dense,0
2015213,367,53449,53513,medium_block,2059.2802500000003,False,False,other,phase_outcome_dense,0
2015213,368,53513,53700,low_block,1481.7516,False,False,other,phase_outcome_dense,0
2015213,370,53958,54203,medium_block,2092.016,False,False,other,phase_outcome_dense,0
2015213,372,54408,54446,medium_block,1303.5370249999999,True,False,shot,phase_outcome_dense,1
2015213,373,54446,54488,low_block,1264.509125,True,False,shot,phase_outcome_dense,1
2015213,374,54951,55022,high_block,2625.7972,False,False,regain,phase_outcome_dense,0
2015213,376,55055,55104,medium_block,1918.156075,False,False,other,phase_outcome_dense,0
2015213,377,55104,55143,low_block,1876.5084,False,False,other,phase_outcome_dense,0
2015213,378,55143,55151,medium_block,2055.2194,False,False,progression,phase_outcome_dense,1
2015213,380,55315,55530,high_block,2736.6756,False,False,other,phase_outcome_dense,0
2015213,381,55530,55543,medium_block,2183.0440500000004,False,False,other,phase_outcome_dense,0
2015213,382,55543,55569,low_block,2387.6159999999995,False,False,other,phase_outcome_dense,0
2015213,383,55569,55737,medium_block,1775.5853000000002,False,False,disruption,phase_outcome_dense,0
2015213,384,56475,56498,medium_block,449.1585,False,False,progression,phase_outcome_dense,1
2015213,385,56498,56521,high_block,1665.5766750000005,False,False,progression,phase_outcome_dense,1
2015213,386,56521,56594,medium_block,1523.9258999999997,False,False,progression,phase_outcome_dense,1
2015213,387,56594,56651,high_block,2553.9804,False,False,other,phase_outcome_dense,0
2015213,388,56651,56735,medium_block,2321.3308500000003,False,False,regain,phase_outcome_dense,0
2015213,390,56835,56975,medium_block,1843.532,False,False,regain,phase_outcome_dense,0
2015213,391,56975,57230,medium_block,2027.7212499999998,False,False,other,phase_outcome_dense,0
2015213,393,57824,57878,high_block,2753.48915,False,False,disruption,phase_outcome_dense,0
2015213,395,57917,57954,medium_block,2238.3018,False,False,progression,phase_outcome_dense,1
2015213,396,57954,58026,medium_block,1931.447375,False,False,regain,phase_outcome_dense,0
2015213,401,58851,58938,medium_block,1329.96745,False,False,other,phase_outcome_dense,0
2015213,402,58938,58983,low_block,1478.4070000000002,False,False,other,phase_outcome_dense,0
2015213,403,58983,59178,medium_block,1666.2975000000001,False,False,progression,phase_outcome_dense,1
2015213,405,59210,59272,medium_block,1851.5632500000002,False,False,other,phase_outcome_dense,0
2015213,414,60666,60738,medium_block,1314.2427,False,False,progression,phase_outcome_dense,1
2015213,415,60873,60932,medium_block,1936.4746,False,False,other,phase_outcome_dense,0
2015213,417,61046,61235,low_block,869.9402999999999,False,False,other,phase_outcome_dense,0
2015213,419,62283,62361,medium_block,1262.3410000000001,False,False,other,phase_outcome_dense,0
2015213,423,63151,63299,medium_block,1345.2881499999999,False,False,other,phase_outcome_dense,0
2015213,424,63299,63385,low_block,1211.1616,False,False,other,phase_outcome_dense,0
2015213,425,63385,63488,medium_block,1620.5079,False,False,regain,phase_outcome_dense,0
2015213,426,63488,63537,high_block,2178.6662000000006,False,False,regain,phase_outcome_dense,0
2015213,427,63537,63557,medium_block,2257.811325,False,False,regain,phase_outcome_dense,0
2015213,429,63755,63865,medium_block,1651.911525,False,False,other,phase_outcome_dense,0
2015213,431,63889,63897,medium_block,1703.8177500000002,False,False,other,phase_outcome_dense,0
2015213,432,63897,63942,low_block,1545.707475,False,False,other,phase_outcome_dense,0
2015213,435,64423,64437,low_block,1022.1506250000001,False,False,other,phase_outcome_dense,0
2015213,436,64437,64535,medium_block,1326.10845,False,False,progression,phase_outcome_dense,1
2015213,437,64535,64559,low_block,1626.12385,False,False,progression,phase_outcome_dense,1
2015213,438,64736,64788,high_block,2824.9179000000004,False,False,progression,phase_outcome_dense,1
2015213,440,64930,64934,medium_block,1736.5738000000001,False,False,other,phase_outcome_dense,0
2015213,441,64934,64984,high_block,2232.4944,False,False,regain,phase_outcome_dense,0
2015213,444,65069,65199,medium_block,1797.4183750000002,False,False,regain,phase_outcome_dense,0
2015213,447,65867,65877,medium_block,,False,False,other,phase_outcome_dense,0
2015213,448,65909,65957,medium_block,1413.5154,False,False,progression,phase_outcome_dense,1
2015213,450,65986,66020,medium_block,1565.5665,False,False,other,phase_outcome_dense,0
2015213,451,66020,66092,high_block,2063.481,False,False,regain,phase_outcome_dense,0
2015213,452,66092,66147,medium_block,2098.875,False,False,regain,phase_outcome_dense,0
2015213,460,67005,67070,low_block,1731.4106249999998,False,False,progression,phase_outcome_dense,1
2015213,462,67182,67281,medium_block,1672.2515250000001,False,False,other,phase_outcome_dense,0
2015213,463,67281,67324,low_block,1426.38335,False,False,other,phase_outcome_dense,0
2015213,465,67541,67598,low_block,1241.764425,False,False,progression,phase_outcome_dense,1
2015213,466,67811,67816,medium_block,1080.61265,False,False,other,phase_outcome_dense,0
2015213,467,67816,67870,low_block,913.0932750000001,False,False,progression,phase_outcome_dense,1
2015213,468,67870,68066,high_block,2031.7614,False,False,other,phase_outcome_dense,0
2015213,469,68066,68068,medium_block,2122.6169999999997,False,False,other,phase_outcome_dense,0
2015213,476,68749,68768,low_block,1000.5653000000001,False,False,other,phase_outcome_dense,0
2015213,477,68768,68870,medium_block,1425.7964499999998,False,False,other,phase_outcome_dense,0
2015213,478,68870,68926,low_block,1310.8576499999997,False,False,other,phase_outcome_dense,0
2015213,480,69043,69046,medium_block,3020.5714000000003,False,False,other,phase_outcome_dense,0
2015213,481,69046,69083,high_block,3037.51155,False,False,other,phase_outcome_dense,0
2015213,482,69083,69091,medium_block,3016.9403749999997,False,False,progression,phase_outcome_dense,1
2015213,484,69443,69456,high_block,1439.3253999999997,False,False,other,phase_outcome_dense,0
2015213,485,69456,69534,medium_block,1304.010675,False,False,other,phase_outcome_dense,0
2015213,487,70203,70303,medium_block,1901.1270249999998,False,False,other,phase_outcome_dense,0
2015213,488,70502,70610,low_block,921.5578499999999,True,True,goal,phase_outcome_dense,1
2015213,489,71270,71306,medium_block,1725.2531999999999,False,False,other,phase_outcome_dense,0
2016236,3,1292,1352,medium_block,1444.9149,False,False,other,phase_outcome_dense,0
2016236,8,1505,1593,low_block,924.3722,False,False,other,phase_outcome_dense,0
2016236,9,1593,1667,medium_block,1300.631325,False,False,regain,phase_outcome_dense,0
2016236,12,1712,1735,low_block,1117.61895,False,False,other,phase_outcome_dense,0
2016236,13,1735,1801,medium_block,1397.2793999999997,False,False,disruption,phase_outcome_dense,0
2016236,15,1826,1884,low_block,1410.8525249999998,False,False,other,phase_outcome_dense,0
2016236,16,1884,1944,medium_block,1550.7720000000002,False,False,other,phase_outcome_dense,0
2016236,18,1972,2011,medium_block,1511.3587499999999,False,False,progression,phase_outcome_dense,1
2016236,19,2011,2112,medium_block,2540.511,False,False,other,phase_outcome_dense,0
2016236,23,2470,2545,low_block,466.4509,True,True,goal,phase_outcome_dense,1
2016236,24,3306,3388,medium_block,1783.3269,False,False,progression,phase_outcome_dense,1
2016236,25,3388,3441,medium_block,2034.2084999999997,False,False,regain,phase_outcome_dense,0
2016236,28,3760,3811,medium_block,852.7713999999999,False,False,progression,phase_outcome_dense,1
2016236,29,3811,3987,low_block,785.7621,False,False,progression,phase_outcome_dense,1
2016236,30,4168,4274,medium_block,1530.585,True,False,shot,phase_outcome_dense,1
2016236,31,4274,4311,low_block,1548.89455,False,False,progression,phase_outcome_dense,1
2016236,32,4655,4672,medium_block,2544.6972,False,False,progression,phase_outcome_dense,1
2016236,33,4672,4730,low_block,2058.0790500000003,False,False,progression,phase_outcome_dense,1
2016236,34,4730,4855,medium_block,2710.47075,False,False,progression,phase_outcome_dense,1
2016236,36,4899,4962,high_block,2537.3516999999997,False,False,regain,phase_outcome_dense,0
2016236,38,4981,5064,low_block,1662.720525,False,False,other,phase_outcome_dense,0
2016236,39,5064,5173,medium_block,1474.8425249999998,False,False,other,phase_outcome_dense,0
2016236,40,5173,5225,low_block,1394.5373,False,False,other,phase_outcome_dense,0
2016236,42,5790,5801,medium_block,1232.7525,False,False,other,phase_outcome_dense,0
2016236,43,5801,5919,low_block,1863.3555,False,False,progression,phase_outcome_dense,1
2016236,45,5939,5998,medium_block,2024.3456,False,False,disruption,phase_outcome_dense,0
2016236,46,6044,6101,medium_block,1554.22925,True,False,shot,phase_outcome_dense,1
2016236,47,6101,6152,low_block,1144.949725,True,False,shot,phase_outcome_dense,1
2016236,49,6771,6805,medium_block,1338.025725,False,False,other,phase_outcome_dense,0
2016236,53,7025,7062,high_block,3012.75,False,False,other,phase_outcome_dense,0
2016236,54,7062,7186,medium_block,2671.3908000000006,False,False,regain,phase_outcome_dense,0
2016236,55,7186,7223,medium_block,2242.29225,False,False,disruption,phase_outcome_dense,0
2016236,56,7223,7240,high_block,2264.7131,False,False,disruption,phase_outcome_dense,0
2016236,57,7240,7270,medium_block,2220.59525,False,False,disruption,phase_outcome_dense,0
2016236,59,7552,7645,high_block,2615.8464,False,False,other,phase_outcome_dense,0
2016236,60,7645,7784,medium_block,2071.6773,False,False,other,phase_outcome_dense,0
2016236,61,7784,7807,low_block,1607.6537999999998,False,False,other,phase_outcome_dense,0
2016236,62,7807,7896,medium_block,1520.5629999999999,False,False,progression,phase_outcome_dense,1
2016236,63,7896,7924,low_block,1284.28125,False,False,progression,phase_outcome_dense,1
2016236,64,7924,7988,high_block,2657.799725,False,False,progression,phase_outcome_dense,1
2016236,66,8024,8085,medium_block,1763.3898,True,False,shot,phase_outcome_dense,1
2016236,67,8085,8183,low_block,1454.035125,True,False,shot,phase_outcome_dense,1
2016236,68,9032,9042,medium_block,1470.6275999999998,False,False,other,phase_outcome_dense,0
2016236,72,9524,9652,high_block,1866.096375,False,False,other,phase_outcome_dense,0
2016236,73,9652,9882,medium_block,1521.8292000000004,False,False,other,phase_outcome_dense,0
2016236,74,9882,10078,low_block,1103.4042499999998,False,False,progression,phase_outcome_dense,1
2016236,76,10121,10125,low_block,1118.213525,True,False,shot,phase_outcome_dense,1
2016236,77,10125,10235,medium_block,1315.76625,True,False,shot,phase_outcome_dense,1
2016236,78,10235,10297,low_block,1223.9667000000002,True,False,shot,phase_outcome_dense,1
2016236,80,11824,11828,medium_block,1146.2522,True,False,shot,phase_outcome_dense,1
2016236,81,11828,12064,low_block,688.1308,True,False,shot,phase_outcome_dense,1
2016236,82,12194,12244,high_block,2645.7803999999996,False,False,progression,phase_outcome_dense,1
2016236,84,12501,12586,high_block,2549.1479000000004,False,False,other,phase_outcome_dense,0
2016236,85,12586,12643,medium_block,1752.7582499999999,False,False,other,phase_outcome_dense,0
2016236,86,12643,13088,low_block,1180.52935,False,False,other,phase_outcome_dense,0
2016236,88,13879,13928,medium_block,2094.902875,False,False,regain,phase_outcome_dense,0
2016236,93,14190,14221,low_block,904.7996999999999,False,False,other,phase_outcome_dense,0
2016236,94,14221,14277,medium_block,1617.5339999999999,False,False,other,phase_outcome_dense,0
2016236,95,14277,14309,high_block,2235.816,False,False,other,phase_outcome_dense,0
2016236,101,14713,15032,medium_block,1717.0511999999999,False,False,progression,phase_outcome_dense,1
2016236,103,15061,15220,low_block,1184.41375,False,False,other,phase_outcome_dense,0
2016236,104,15220,15333,medium_block,1378.40725,False,False,other,phase_outcome_dense,0
2016236,105,15333,15469,low_block,2125.7323999999994,False,False,other,phase_outcome_dense,0
2016236,109,15695,15755,high_block,2761.6551500000005,False,False,progression,phase_outcome_dense,1
2016236,110,15955,16011,low_block,567.884775,False,False,other,phase_outcome_dense,0
2016236,116,16581,16635,low_block,877.72125,False,False,other,phase_outcome_dense,0
2016236,117,16635,17003,medium_block,1397.4654,False,False,other,phase_outcome_dense,0
2016236,118,17003,17068,low_block,1309.148325,False,False,other,phase_outcome_dense,0
2016236,120,17116,17148,medium_block,1077.6402,False,False,other,phase_outcome_dense,0
2016236,121,17148,17224,low_block,1955.4277499999998,False,False,other,phase_outcome_dense,0
2016236,125,17729,17851,high_block,2412.1322500000006,False,False,other,phase_outcome_dense,0
2016236,127,18241,18254,medium_block,1845.1500499999997,False,False,other,phase_outcome_dense,0
2016236,128,18254,18340,high_block,2122.7808000000005,False,False,other,phase_outcome_dense,0
2016236,129,18340,18354,medium_block,2253.57015,False,False,other,phase_outcome_dense,0
2016236,135,18519,18642,medium_block,1808.88435,False,False,progression,phase_outcome_dense,1
2016236,136,19072,19258,medium_block,1735.9379999999999,False,False,other,phase_outcome_dense,0
2016236,137,19258,19329,low_block,2279.58055,False,False,other,phase_outcome_dense,0
2016236,138,19329,19387,medium_block,1699.7019500000001,False,False,other,phase_outcome_dense,0
2016236,139,19387,19450,low_block,1478.07475,False,False,other,phase_outcome_dense,0
2016236,140,19450,19513,medium_block,1384.9901249999998,False,False,progression,phase_outcome_dense,1
2016236,141,19513,19617,medium_block,2191.0152000000003,True,True,goal,phase_outcome_dense,1
2016236,142,19617,19665,low_block,1288.7765499999998,True,True,goal,phase_outcome_dense,1
2016236,143,20541,20592,medium_block,1862.87985,False,False,other,phase_outcome_dense,0
2016236,147,20849,20880,medium_block,1670.968925,False,False,other,phase_outcome_dense,0
2016236,148,20880,21057,high_block,2144.1348,False,False,other,phase_outcome_dense,0
2016236,149,21820,21898,medium_block,1463.6218,False,False,regain,phase_outcome_dense,0
2016236,151,21916,21967,low_block,1363.386375,False,False,other,phase_outcome_dense,0
2016236,152,21967,22024,medium_block,1415.4021000000002,False,False,regain,phase_outcome_dense,0
2016236,154,22110,22118,medium_block,2268.0092499999996,False,False,other,phase_outcome_dense,0
2016236,155,22118,22255,low_block,2038.101775,False,False,other,phase_outcome_dense,0
2016236,156,22255,22332,medium_block,1644.707625,False,False,other,phase_outcome_dense,0
2016236,157,22332,22373,low_block,1538.9088,False,False,other,phase_outcome_dense,0
2016236,158,22432,22833,medium_block,1419.7004249999998,False,False,progression,phase_outcome_dense,1
2016236,159,22833,22869,low_block,1368.0138499999996,False,False,progression,phase_outcome_dense,1
2016236,160,22869,22946,medium_block,2507.806,False,False,other,phase_outcome_dense,0
2016236,161,23101,23146,medium_block,1839.9363,False,False,progression,phase_outcome_dense,1
2016236,163,23169,23241,low_block,1236.38645,False,False,progression,phase_outcome_dense,1
2016236,164,23241,23316,high_block,2412.14165,False,False,regain,phase_outcome_dense,0
2016236,166,23343,23384,medium_block,1940.0496249999999,False,False,other,phase_outcome_dense,0
2016236,167,23384,23679,high_block,1957.742375,False,False,other,phase_outcome_dense,0
2016236,168,23679,23754,medium_block,1792.992,False,False,other,phase_outcome_dense,0
2016236,171,23853,24001,medium_block,1808.9945500000001,False,False,disruption,phase_outcome_dense,0
2016236,172,24001,24024,high_block,2197.76085,False,False,disruption,phase_outcome_dense,0
2016236,173,24024,24026,medium_block,2555.7823500000004,False,False,other,phase_outcome_dense,0
2016236,174,24104,24499,medium_block,2014.96185,False,False,other,phase_outcome_dense,0
2016236,175,24499,24535,high_block,2165.188,False,False,progression,phase_outcome_dense,1
2016236,177,24563,24709,medium_block,1943.9399999999998,False,False,other,phase_outcome_dense,0
2016236,178,24960,24985,medium_block,2055.27675,False,False,other,phase_outcome_dense,0
2016236,179,24985,25097,high_block,2685.308,False,False,other,phase_outcome_dense,0
2016236,180,25097,25187,medium_block,2290.5826,False,False,other,phase_outcome_dense,0
2016236,181,25280,25407,low_block,660.746925,False,False,disruption,phase_outcome_dense,0
2016236,182,25407,25452,high_block,1877.7629000000002,False,False,disruption,phase_outcome_dense,0
2016236,183,25452,25470,medium_block,1856.2143999999998,False,False,disruption,phase_outcome_dense,0
2016236,184,25470,25490,medium_block,2024.659175,False,False,other,phase_outcome_dense,0
2016236,185,25490,25572,high_block,2619.1025000000004,False,False,other,phase_outcome_dense,0
2016236,186,25572,25621,medium_block,2846.5061250000003,False,False,progression,phase_outcome_dense,1
2016236,187,25621,26084,medium_block,2298.5172,False,False,other,phase_outcome_dense,0
2016236,191,26430,26441,medium_block,3038.994,False,False,other,phase_outcome_dense,0
2016236,192,26441,26488,high_block,2833.6814999999997,False,False,other,phase_outcome_dense,0
2016236,194,26540,26629,medium_block,1681.342425,False,False,progression,phase_outcome_dense,1
2016236,195,26940,26999,high_block,2830.0580000000004,False,False,other,phase_outcome_dense,0
2016236,197,27023,27059,medium_block,2446.28955,False,False,other,phase_outcome_dense,0
2016236,198,27059,27089,low_block,2142.265125,False,False,other,phase_outcome_dense,0
2016236,200,27376,27669,high_block,3044.7911999999997,False,False,disruption,phase_outcome_dense,0
2016236,203,28192,28200,medium_block,,False,False,other,phase_outcome_dense,0
2016236,204,28200,28281,low_block,881.869,False,False,other,phase_outcome_dense,0
2016236,206,28458,28622,high_block,2186.6245000000004,False,False,regain,phase_outcome_dense,0
2016236,208,28896,29017,medium_block,1763.8314000000003,False,False,regain,phase_outcome_dense,0
2016236,216,30657,30691,low_block,1265.0418,False,False,other,phase_outcome_dense,0
2016236,217,30691,30765,medium_block,1394.1840499999998,False,False,other,phase_outcome_dense,0
2016236,221,31260,31357,low_block,545.597375,True,False,shot,phase_outcome_dense,1
2016236,224,31486,31607,low_block,1685.4747,False,False,progression,phase_outcome_dense,1
2016236,225,31607,31727,high_block,2316.0768,False,False,other,phase_outcome_dense,0
2016236,226,41074,41246,high_block,1979.8023749999998,False,False,other,phase_outcome_dense,0
2016236,227,41246,41306,medium_block,1761.6921,False,False,progression,phase_outcome_dense,1
2016236,229,41335,41449,medium_block,1757.0058,False,False,other,phase_outcome_dense,0
2016236,230,41449,41547,high_block,2138.071,False,False,other,phase_outcome_dense,0
2016236,231,41547,41577,medium_block,2394.41815,False,False,other,phase_outcome_dense,0
2016236,236,41919,42105,medium_block,1967.8365000000001,False,False,other,phase_outcome_dense,0
2016236,239,42157,42249,medium_block,1974.4296000000002,False,False,progression,phase_outcome_dense,1
2016236,240,42249,42293,medium_block,1623.96395,False,False,regain,phase_outcome_dense,0
2016236,241,42293,42375,high_block,2101.0751999999998,False,False,regain,phase_outcome_dense,0
2016236,242,42375,42387,medium_block,2339.3524500000003,False,False,other,phase_outcome_dense,0
2016236,243,42387,42686,medium_block,2103.5101000000004,False,False,other,phase_outcome_dense,0
2016236,247,42792,42849,high_block,2322.1852499999995,False,False,other,phase_outcome_dense,0
2016236,248,42849,42860,medium_block,2146.0813000000003,False,False,progression,phase_outcome_dense,1
2016236,250,43176,43191,medium_block,,False,False,other,phase_outcome_dense,0
2016236,251,43191,43292,low_block,1509.3160999999998,False,False,other,phase_outcome_dense,0
2016236,252,43292,43323,medium_block,1227.8901,False,False,other,phase_outcome_dense,0
2016236,253,43323,43324,low_block,1333.3056,False,False,other,phase_outcome_dense,0
2016236,254,43324,43341,medium_block,1396.4040000000002,False,False,other,phase_outcome_dense,0
2016236,255,43341,43370,low_block,1527.6863999999998,False,False,other,phase_outcome_dense,0
2016236,257,43839,43849,medium_block,2246.0478,False,False,other,phase_outcome_dense,0
2016236,258,44158,44237,high_block,2726.2584000000006,False,False,regain,phase_outcome_dense,0
2016236,259,44237,44242,medium_block,2706.0134500000004,False,False,other,phase_outcome_dense,0
2016236,265,44438,44522,medium_block,1821.46995,False,False,other,phase_outcome_dense,0
2016236,266,44522,44539,low_block,1569.8228,False,False,progression,phase_outcome_dense,1
2016236,268,44590,44721,low_block,1338.74575,False,False,other,phase_outcome_dense,0
2016236,275,45724,45765,medium_block,1485.68875,False,False,progression,phase_outcome_dense,1
2016236,276,45765,45816,low_block,1617.2023500000003,False,False,progression,phase_outcome_dense,1
2016236,277,46068,46081,medium_block,2291.1432999999997,False,False,progression,phase_outcome_dense,1
2016236,279,46106,46215,medium_block,1909.49825,False,False,other,phase_outcome_dense,0
2016236,280,46215,46224,low_block,1584.824,False,False,other,phase_outcome_dense,0
2016236,281,46224,46275,medium_block,1486.1697499999998,False,False,other,phase_outcome_dense,0
2016236,282,46275,46348,low_block,1263.736275,False,False,other,phase_outcome_dense,0
2016236,283,46348,46360,medium_block,1103.7642,False,False,other,phase_outcome_dense,0
2016236,284,46360,46386,low_block,1260.0315,False,False,other,phase_outcome_dense,0
2016236,285,46386,46408,medium_block,1436.7382999999998,False,False,other,phase_outcome_dense,0
2016236,286,46408,46429,low_block,1493.463,False,False,other,phase_outcome_dense,0
2016236,287,46429,46752,medium_block,1685.376325,False,False,regain,phase_outcome_dense,0
2016236,288,46752,46799,high_block,2003.34915,False,False,regain,phase_outcome_dense,0
2016236,289,46799,46804,medium_block,2189.96445,False,False,regain,phase_outcome_dense,0
2016236,291,46840,46964,high_block,3093.4721999999997,False,False,other,phase_outcome_dense,0
2016236,292,47119,47177,high_block,2594.3408,False,False,other,phase_outcome_dense,0
2016236,293,47177,47212,medium_block,2672.1852000000003,False,False,other,phase_outcome_dense,0
2016236,294,47463,47494,low_block,1691.3886,False,False,other,phase_outcome_dense,0
2016236,295,47494,47505,medium_block,1622.9721000000002,False,False,other,phase_outcome_dense,0
2016236,296,47505,47661,low_block,1191.3247,False,False,other,phase_outcome_dense,0
2016236,297,47755,47839,low_block,1074.742425,False,False,other,phase_outcome_dense,0
2016236,298,47839,47948,medium_block,1484.3191499999998,False,False,regain,phase_outcome_dense,0
2016236,300,47972,48030,medium_block,1373.9801999999997,False,False,other,phase_outcome_dense,0
2016236,301,48030,48083,low_block,1254.148,False,False,other,phase_outcome_dense,0
2016236,302,48083,48188,medium_block,1421.7784000000001,False,False,other,phase_outcome_dense,0
2016236,303,48188,48262,low_block,1280.175975,False,False,other,phase_outcome_dense,0
2016236,310,49815,49988,medium_block,1760.426625,False,False,other,phase_outcome_dense,0
2016236,313,50689,50741,medium_block,1897.8156,False,False,progression,phase_outcome_dense,1
2016236,315,50778,50886,high_block,2408.5005,False,False,regain,phase_outcome_dense,0
2016236,316,50886,50899,medium_block,1907.6560250000002,False,False,regain,phase_outcome_dense,0
2016236,319,52089,52234,medium_block,2116.6567499999996,False,False,disruption,phase_outcome_dense,0
2016236,320,52234,52277,high_block,2675.8399500000005,False,False,disruption,phase_outcome_dense,0
2016236,325,52598,52779,medium_block,1425.2399999999998,False,False,other,phase_outcome_dense,0
2016236,327,53298,53394,medium_block,1278.7137,False,False,progression,phase_outcome_dense,1
2016236,329,53486,53655,medium_block,1594.9809999999998,False,False,regain,phase_outcome_dense,0
2016236,330,53655,53672,high_block,2126.8158,False,False,regain,phase_outcome_dense,0
2016236,333,53713,53731,medium_block,2044.6585000000002,False,False,other,phase_outcome_dense,0
2016236,334,53731,53786,low_block,1762.60435,False,False,other,phase_outcome_dense,0
2016236,335,53786,53809,medium_block,1599.6216000000002,False,False,other,phase_outcome_dense,0
2016236,336,53809,53845,high_block,1812.9752,False,False,progression,phase_outcome_dense,1
2016236,337,53845,54029,medium_block,1635.3710999999998,False,False,progression,phase_outcome_dense,1
2016236,338,54029,54234,high_block,2889.9934,False,False,other,phase_outcome_dense,0
2016236,340,54255,54326,medium_block,2200.274375,False,False,progression,phase_outcome_dense,1
2016236,341,54326,54390,low_block,1859.9295000000002,False,False,progression,phase_outcome_dense,1
2016236,342,54390,54467,high_block,2855.7237,False,False,regain,phase_outcome_dense,0
2016236,345,54522,54644,low_block,1677.646775,False,False,progression,phase_outcome_dense,1
2016236,347,54850,54897,high_block,2658.7148,False,False,other,phase_outcome_dense,0
2016236,348,54897,54902,medium_block,2596.38605,False,False,other,phase_outcome_dense,0
2016236,349,54990,55023,medium_block,1491.8400000000001,False,False,other,phase_outcome_dense,0
2016236,350,55023,55057,high_block,1850.8917,False,False,other,phase_outcome_dense,0
2016236,351,55057,55147,medium_block,2115.65275,False,False,regain,phase_outcome_dense,0
2016236,352,55147,55200,high_block,2384.42265,False,False,regain,phase_outcome_dense,0
2016236,354,55226,55309,medium_block,2093.465,False,False,other,phase_outcome_dense,0
2016236,355,55309,55369,low_block,1079.7732,False,False,other,phase_outcome_dense,0
2016236,358,55954,56009,high_block,2984.83515,False,False,other,phase_outcome_dense,0
2016236,359,56009,56063,medium_block,2364.8799999999997,False,False,other,phase_outcome_dense,0
2016236,360,56063,56100,low_block,1516.287525,False,False,other,phase_outcome_dense,0
2016236,361,56100,56142,medium_block,1472.562,False,False,other,phase_outcome_dense,0
2016236,362,56142,56203,low_block,1612.215525,False,False,other,phase_outcome_dense,0
2016236,363,56203,56254,medium_block,1505.94255,False,False,other,phase_outcome_dense,0
2016236,364,56254,56306,low_block,1464.115175,False,False,other,phase_outcome_dense,0
2016236,365,56306,56470,medium_block,1363.2477500000002,False,False,progression,phase_outcome_dense,1
2016236,366,56470,56511,low_block,1368.2271999999998,False,False,progression,phase_outcome_dense,1
2016236,367,56511,56547,high_block,3055.6051999999995,False,False,other,phase_outcome_dense,0
2016236,368,56547,56637,medium_block,2422.9913500000002,False,False,other,phase_outcome_dense,0
2016236,369,56637,56683,low_block,1924.285875,False,False,progression,phase_outcome_dense,1
2016236,370,56683,56804,high_block,2186.2487000000006,False,False,other,phase_outcome_dense,0
2016236,371,56804,56848,medium_block,2143.4666,False,False,progression,phase_outcome_dense,1
2016236,372,56848,56921,medium_block,2793.7251,False,False,progression,phase_outcome_dense,1
2016236,373,56921,56966,high_block,2410.236675,False,False,other,phase_outcome_dense,0
2016236,374,56966,57103,medium_block,1989.7573500000003,False,False,other,phase_outcome_dense,0
2016236,375,57103,57175,low_block,1482.3212250000004,False,False,progression,phase_outcome_dense,1
2016236,377,57332,57343,medium_block,,False,False,other,phase_outcome_dense,0
2016236,378,57343,57386,low_block,889.0479750000002,False,False,other,phase_outcome_dense,0
2016236,382,57717,58022,low_block,1215.2873249999998,False,False,progression,phase_outcome_dense,1
2016236,384,58067,58095,medium_block,1787.336875,True,False,shot,phase_outcome_dense,1
2016236,385,58095,58187,high_block,2176.9373499999997,True,False,shot,phase_outcome_dense,1
2016236,386,58187,58250,medium_block,1939.1558750000004,True,False,shot,phase_outcome_dense,1
2016236,387,58250,58282,low_block,1590.1313750000002,True,False,shot,phase_outcome_dense,1
2016236,388,58487,58518,high_block,3072.16175,False,False,progression,phase_outcome_dense,1
2016236,390,58551,58669,medium_block,1771.5852000000002,False,False,other,phase_outcome_dense,0
2016236,391,58669,58747,low_block,1207.2125999999998,False,False,other,phase_outcome_dense,0
2016236,392,58747,58798,medium_block,1346.99215,False,False,other,phase_outcome_dense,0
2016236,393,58798,58803,low_block,1441.1852,False,False,other,phase_outcome_dense,0
2016236,394,58803,58877,medium_block,1564.7189999999998,False,False,other,phase_outcome_dense,0
2016236,395,58877,58918,low_block,1598.809,False,False,progression,phase_outcome_dense,1
2016236,396,59098,59141,high_block,2905.0645250000002,False,False,other,phase_outcome_dense,0
2016236,397,59141,59144,medium_block,2755.0280749999997,False,False,other,phase_outcome_dense,0
2016236,398,59144,59271,low_block,2277.7072500000004,False,False,other,phase_outcome_dense,0
2016236,401,59865,59922,medium_block,2207.3547,False,False,progression,phase_outcome_dense,1
2016236,402,59922,60014,medium_block,1840.5708750000003,False,False,progression,phase_outcome_dense,1
2016236,404,60027,60179,medium_block,1702.3952500000003,False,False,regain,phase_outcome_dense,0
2016236,406,60259,60278,medium_block,1701.3247499999995,False,False,other,phase_outcome_dense,0
2016236,407,60278,60334,high_block,1775.67225,False,False,other,phase_outcome_dense,0
2016236,408,60334,60357,medium_block,1976.42835,False,False,other,phase_outcome_dense,0
2016236,409,60417,60445,medium_block,2082.1813750000006,False,False,regain,phase_outcome_dense,0
2016236,410,60445,60550,high_block,2564.772,False,False,regain,phase_outcome_dense,0
2016236,413,60607,60701,medium_block,1978.5704,True,True,goal,phase_outcome_dense,1
2016236,414,60701,60897,low_block,1304.822025,True,True,goal,phase_outcome_dense,1
2016236,415,61452,61564,medium_block,1947.4,False,False,regain,phase_outcome_dense,0
2016236,416,61564,61576,medium_block,2799.2557,False,False,other,phase_outcome_dense,0
2016236,417,61576,61656,high_block,2693.3435499999996,False,False,other,phase_outcome_dense,0
2016236,420,61684,61728,medium_block,2166.3346250000004,True,False,shot,phase_outcome_dense,1
2016236,421,61728,61852,low_block,1473.2831999999999,True,False,shot,phase_outcome_dense,1
2016236,423,62290,62629,medium_block,1669.46325,False,False,regain,phase_outcome_dense,0
2016236,425,62669,62762,medium_block,1944.3164999999997,False,False,regain,phase_outcome_dense,0
2016236,426,62762,63016,medium_block,2409.3071999999997,False,False,progression,phase_outcome_dense,1
2016236,427,63016,63053,low_block,1669.5578999999998,False,False,progression,phase_outcome_dense,1
2016236,428,63053,63103,high_block,2516.5939000000003,False,False,other,phase_outcome_dense,0
2016236,433,63572,63666,high_block,2694.7848,False,False,regain,phase_outcome_dense,0
2016236,435,63740,63932,high_block,2022.2007,False,False,other,phase_outcome_dense,0
2016236,436,63932,63935,medium_block,1720.1535999999999,False,False,other,phase_outcome_dense,0
2016236,437,63935,64003,high_block,2565.8242,False,False,progression,phase_outcome_dense,1
2016236,438,64003,64092,medium_block,2545.9237500000004,False,False,progression,phase_outcome_dense,1
2016236,439,64227,64441,medium_block,1531.74,False,False,other,phase_outcome_dense,0
2016236,440,64441,64495,low_block,1473.8524999999997,False,False,other,phase_outcome_dense,0
2016236,442,64893,64956,low_block,1422.2446,False,False,other,phase_outcome_dense,0
2016236,446,65467,65530,low_block,973.6072500000001,False,False,other,phase_outcome_dense,0
2016236,447,65704,65743,low_block,1308.3525000000002,True,False,shot,phase_outcome_dense,1
2016236,448,65743,65961,high_block,2110.7661,False,False,other,phase_outcome_dense,0
2016236,449,65961,66126,medium_block,1946.5447500000002,False,False,progression,phase_outcome_dense,1
2016236,450,66126,66199,low_block,1644.93615,False,False,progression,phase_outcome_dense,1
2016236,454,66827,66883,high_block,2034.01725,False,False,other,phase_outcome_dense,0
2016236,455,66883,66933,medium_block,1921.4999999999998,False,False,other,phase_outcome_dense,0
2016236,460,67616,67661,medium_block,2320.1197500000003,False,False,other,phase_outcome_dense,0
2016236,462,67725,67851,medium_block,1773.173675,False,False,progression,phase_outcome_dense,1
2016236,464,67883,67898,medium_block,1827.4498500000002,False,False,other,phase_outcome_dense,0
2016236,465,67898,67961,high_block,2262.0464999999995,False,False,progression,phase_outcome_dense,1
2016236,468,68362,68431,high_block,2256.7187499999995,False,False,other,phase_outcome_dense,0
2016236,478,69897,69953,low_block,828.5590500000002,True,False,shot,phase_outcome_dense,1
2016236,479,69953,70188,medium_block,2342.8729500000004,False,False,other,phase_outcome_dense,0
2017461,0,2511,2539,medium_block,1590.2800000000002,False,False,other,phase_outcome_dense,0
2017461,3,2590,2679,low_block,902.05355,True,False,shot,phase_outcome_dense,1
2017461,5,2901,2943,medium_block,1664.5035750000002,False,False,other,phase_outcome_dense,0
2017461,6,2943,2985,high_block,1692.5272,False,False,other,phase_outcome_dense,0
2017461,9,3061,3139,medium_block,1425.4703999999997,False,False,other,phase_outcome_dense,0
2017461,12,3204,3230,medium_block,1374.8005,False,False,other,phase_outcome_dense,0
2017461,13,3230,3268,low_block,923.1360000000001,False,False,progression,phase_outcome_dense,1
2017461,15,3420,3510,high_block,2480.1153,False,False,other,phase_outcome_dense,0
2017461,16,3510,3653,medium_block,2245.761,False,False,other,phase_outcome_dense,0
2017461,17,3785,3823,medium_block,1885.1548,False,False,regain,phase_outcome_dense,0
2017461,18,3823,3869,high_block,2418.7582999999995,False,False,regain,phase_outcome_dense,0
2017461,20,3905,4080,medium_block,1978.6807999999999,False,False,other,phase_outcome_dense,0
2017461,28,4638,4826,medium_block,1684.5389749999997,False,False,progression,phase_outcome_dense,1
2017461,30,4855,4936,medium_block,2087.9826000000003,False,False,other,phase_outcome_dense,0
2017461,31,5320,5358,medium_block,1206.5616,False,False,other,phase_outcome_dense,0
2017461,32,5358,5379,low_block,1192.630125,False,False,other,phase_outcome_dense,0
2017461,33,5416,5540,medium_block,1488.0552500000001,False,False,regain,phase_outcome_dense,0
2017461,34,5540,5549,medium_block,2632.0649999999996,False,False,other,phase_outcome_dense,0
2017461,35,5549,5604,high_block,2680.027525,False,False,progression,phase_outcome_dense,1
2017461,37,5622,5707,medium_block,1657.6526999999999,False,False,other,phase_outcome_dense,0
2017461,40,6070,6197,low_block,804.5107250000001,False,False,other,phase_outcome_dense,0
2017461,41,6274,6465,low_block,1493.2197250000002,False,False,other,phase_outcome_dense,0
2017461,43,6507,6799,low_block,952.2958000000002,True,False,shot,phase_outcome_dense,1
2017461,45,6823,6862,medium_block,993.092,True,False,shot,phase_outcome_dense,1
2017461,46,6862,7079,low_block,737.6517000000001,True,False,shot,phase_outcome_dense,1
2017461,49,7531,7674,medium_block,1466.14545,False,False,regain,phase_outcome_dense,0
2017461,53,8547,8613,medium_block,1031.1486,False,False,other,phase_outcome_dense,0
2017461,54,8613,8693,medium_block,1489.224,False,False,progression,phase_outcome_dense,1
2017461,55,8693,8739,high_block,2020.0536000000002,False,False,progression,phase_outcome_dense,1
2017461,56,8882,8948,medium_block,1687.1224,False,False,other,phase_outcome_dense,0
2017461,57,8948,8977,high_block,2564.0706,False,False,other,phase_outcome_dense,0
2017461,58,8977,8979,medium_block,2764.3440000000005,False,False,other,phase_outcome_dense,0
2017461,59,9165,9268,medium_block,1814.2488,True,False,shot,phase_outcome_dense,1
2017461,60,9268,9344,low_block,1710.9697500000004,False,False,progression,phase_outcome_dense,1
2017461,62,9733,9827,medium_block,1436.6879999999999,False,False,progression,phase_outcome_dense,1
2017461,63,9827,9851,low_block,1524.3305,False,False,progression,phase_outcome_dense,1
2017461,64,9851,9994,high_block,2403.44825,False,False,other,phase_outcome_dense,0
2017461,65,9994,10293,medium_block,2002.5711999999999,False,False,other,phase_outcome_dense,0
2017461,66,10293,10341,high_block,1700.0835250000002,False,False,other,phase_outcome_dense,0
2017461,67,10341,10348,medium_block,1636.0891,False,False,other,phase_outcome_dense,0
2017461,68,10587,10726,medium_block,2153.5074,False,False,progression,phase_outcome_dense,1
2017461,69,10726,10757,low_block,2154.0843999999997,False,False,progression,phase_outcome_dense,1
2017461,70,10757,10877,medium_block,2448.9042249999998,True,False,shot,phase_outcome_dense,1
2017461,71,10877,11093,low_block,1363.040775,False,False,other,phase_outcome_dense,0
2017461,72,11093,11102,medium_block,945.0059999999999,False,False,other,phase_outcome_dense,0
2017461,73,11102,11104,low_block,1016.8922500000001,False,False,other,phase_outcome_dense,0
2017461,74,11104,11184,medium_block,1237.5102500000003,False,False,other,phase_outcome_dense,0
2017461,75,11184,11214,low_block,1459.21,False,False,other,phase_outcome_dense,0
2017461,76,11214,11281,medium_block,1292.2521500000003,False,False,other,phase_outcome_dense,0
2017461,77,11281,11315,low_block,1071.30145,False,False,progression,phase_outcome_dense,1
2017461,79,11369,11575,medium_block,1495.69555,False,False,progression,phase_outcome_dense,1
2017461,81,11593,11611,low_block,1830.636,False,False,other,phase_outcome_dense,0
2017461,82,11611,11772,medium_block,1768.408375,False,False,other,phase_outcome_dense,0
2017461,84,11814,12080,medium_block,1637.7504,False,False,other,phase_outcome_dense,0
2017461,85,12080,12171,low_block,1231.804175,False,False,other,phase_outcome_dense,0
2017461,86,12171,12394,medium_block,1553.288,False,False,other,phase_outcome_dense,0
2017461,87,12394,12422,low_block,1609.2254249999999,False,False,other,phase_outcome_dense,0
2017461,93,13725,13817,medium_block,1332.62595,False,False,progression,phase_outcome_dense,1
2017461,95,13850,13884,medium_block,2268.2158249999998,True,False,shot,phase_outcome_dense,1
2017461,96,13884,13937,low_block,1776.8466,True,False,shot,phase_outcome_dense,1
2017461,98,14433,14456,medium_block,1269.0548999999999,False,False,other,phase_outcome_dense,0
2017461,99,14456,14481,high_block,1693.1425000000002,False,False,other,phase_outcome_dense,0
2017461,103,14917,15114,high_block,2681.249375,False,False,regain,phase_outcome_dense,0
2017461,106,15164,15251,high_block,2324.3835,True,False,shot,phase_outcome_dense,1
2017461,108,15276,15327,medium_block,2425.9519999999993,True,False,shot,phase_outcome_dense,1
2017461,109,15327,15399,low_block,1590.710425,True,False,shot,phase_outcome_dense,1
2017461,110,15399,15466,high_block,1672.7713500000002,True,False,shot,phase_outcome_dense,1
2017461,111,15466,15535,medium_block,1747.93905,True,False,shot,phase_outcome_dense,1
2017461,112,15535,15574,low_block,2036.3962500000002,True,False,shot,phase_outcome_dense,1
2017461,113,15574,15802,medium_block,2183.9148999999998,False,False,progression,phase_outcome_dense,1
2017461,114,15802,15836,low_block,1758.2052999999999,False,False,progression,phase_outcome_dense,1
2017461,116,16563,16603,medium_block,1399.3200000000002,False,False,disruption,phase_outcome_dense,0
2017461,117,16849,16860,medium_block,1153.379,False,False,other,phase_outcome_dense,0
2017461,118,16860,17092,high_block,1433.4992,False,False,other,phase_outcome_dense,0
2017461,119,17092,17158,medium_block,1810.62675,False,False,other,phase_outcome_dense,0
2017461,120,17158,17184,low_block,2056.5967499999997,False,False,other,phase_outcome_dense,0
2017461,124,17778,17899,medium_block,1757.8200499999998,False,False,other,phase_outcome_dense,0
2017461,125,17899,17919,high_block,1824.901,False,False,other,phase_outcome_dense,0
2017461,126,17919,17936,medium_block,1750.6200000000001,False,False,other,phase_outcome_dense,0
2017461,128,18055,18162,medium_block,1892.6958750000001,False,False,progression,phase_outcome_dense,1
2017461,130,18202,18273,medium_block,2285.4643499999997,False,False,other,phase_outcome_dense,0
2017461,131,18525,18627,medium_block,2130.6262,False,False,other,phase_outcome_dense,0
2017461,132,18787,18970,medium_block,1637.57475,False,False,other,phase_outcome_dense,0
2017461,133,18970,18996,low_block,1561.5811749999998,False,False,other,phase_outcome_dense,0
2017461,134,18996,19070,medium_block,1462.6012500000002,False,False,progression,phase_outcome_dense,1
2017461,135,19070,19206,low_block,1143.8217000000002,False,False,progression,phase_outcome_dense,1
2017461,139,20051,20180,high_block,1956.6828,False,False,other,phase_outcome_dense,0
2017461,140,20180,20201,medium_block,1841.7875000000001,False,False,other,phase_outcome_dense,0
2017461,143,21113,21118,medium_block,1416.6525,False,False,other,phase_outcome_dense,0
2017461,144,21118,21197,low_block,1247.5458,False,False,other,phase_outcome_dense,0
2017461,145,21197,21269,medium_block,1161.704125,False,False,other,phase_outcome_dense,0
2017461,146,21269,21380,low_block,1213.9632,False,False,other,phase_outcome_dense,0
2017461,147,21380,21413,medium_block,1359.8604,False,False,other,phase_outcome_dense,0
2017461,148,21413,21436,low_block,1601.3088000000002,False,False,other,phase_outcome_dense,0
2017461,149,21436,21572,medium_block,2008.330025,False,False,other,phase_outcome_dense,0
2017461,153,21925,22043,medium_block,1543.58175,False,False,progression,phase_outcome_dense,1
2017461,154,22043,22145,high_block,2894.3823249999996,False,False,other,phase_outcome_dense,0
2017461,155,22145,22204,medium_block,2419.5996,False,False,other,phase_outcome_dense,0
2017461,156,22518,22552,medium_block,1827.3183,True,False,shot,phase_outcome_dense,1
2017461,157,22552,22572,low_block,1795.4816,True,False,shot,phase_outcome_dense,1
2017461,158,22572,22792,medium_block,1708.2600750000004,True,False,shot,phase_outcome_dense,1
2017461,160,22825,22953,low_block,1423.038725,True,False,shot,phase_outcome_dense,1
2017461,163,23420,23429,medium_block,1656.75535,False,False,other,phase_outcome_dense,0
2017461,164,23429,23563,high_block,1861.6429499999997,False,False,other,phase_outcome_dense,0
2017461,165,23563,23672,medium_block,2068.8540000000003,False,False,other,phase_outcome_dense,0
2017461,168,23993,24030,medium_block,1561.8626000000002,False,False,regain,phase_outcome_dense,0
2017461,170,24088,24168,medium_block,1788.9752999999998,False,False,regain,phase_outcome_dense,0
2017461,175,24892,25116,medium_block,2165.2509999999997,False,False,other,phase_outcome_dense,0
2017461,176,25116,25149,low_block,1712.0726999999997,False,False,other,phase_outcome_dense,0
2017461,177,25149,25204,medium_block,1507.089025,False,False,other,phase_outcome_dense,0
2017461,178,25204,25253,low_block,1478.6468,False,False,other,phase_outcome_dense,0
2017461,179,25253,25313,medium_block,1428.603075,False,False,progression,phase_outcome_dense,1
2017461,180,25313,25413,high_block,3257.257575,False,False,progression,phase_outcome_dense,1
2017461,181,25670,25755,low_block,489.72,False,False,other,phase_outcome_dense,0
2017461,183,26033,26051,low_block,618.7338000000001,False,False,other,phase_outcome_dense,0
2017461,184,26051,26074,medium_block,833.7786000000001,False,False,other,phase_outcome_dense,0
2017461,185,26074,26101,low_block,1095.5371,False,False,other,phase_outcome_dense,0
2017461,186,26101,26186,medium_block,1422.9386999999997,False,False,other,phase_outcome_dense,0
2017461,187,26186,26221,low_block,1652.177475,False,False,other,phase_outcome_dense,0
2017461,193,26963,27042,low_block,882.8900249999999,False,False,progression,phase_outcome_dense,1
2017461,194,27224,27235,medium_block,1775.9508750000002,False,False,other,phase_outcome_dense,0
2017461,195,27235,27289,high_block,2058.049825,False,False,regain,phase_outcome_dense,0
2017461,196,27289,27292,medium_block,2360.2425,False,False,other,phase_outcome_dense,0
2017461,197,27292,27355,low_block,1711.794525,False,False,other,phase_outcome_dense,0
2017461,198,27355,27509,medium_block,1561.9322,False,False,regain,phase_outcome_dense,0
2017461,206,28305,28313,medium_block,1717.8548750000002,True,False,shot,phase_outcome_dense,1
2017461,207,28313,28524,low_block,1360.3873250000001,True,False,shot,phase_outcome_dense,1
2017461,208,28524,28791,medium_block,1990.9656,False,False,other,phase_outcome_dense,0
2017461,211,29202,29256,low_block,1149.9334000000001,False,False,other,phase_outcome_dense,0
2017461,215,29607,29634,low_block,798.66595,False,False,other,phase_outcome_dense,0
2017461,216,29634,29672,medium_block,1304.4020500000001,False,False,other,phase_outcome_dense,0
2017461,217,29672,29731,high_block,1905.2115499999998,False,False,other,phase_outcome_dense,0
2017461,218,29731,29756,medium_block,2306.4734999999996,False,False,other,phase_outcome_dense,0
2017461,219,30114,30148,medium_block,972.187125,False,False,other,phase_outcome_dense,0
2017461,222,39670,39707,medium_block,1761.7223250000002,False,False,other,phase_outcome_dense,0
2017461,226,39884,39983,medium_block,1728.1725500000002,False,False,other,phase_outcome_dense,0
2017461,227,39983,40052,low_block,2380.4155,False,False,other,phase_outcome_dense,0
2017461,228,40052,40159,medium_block,1789.0332250000001,False,False,other,phase_outcome_dense,0
2017461,229,40159,40236,high_block,2136.0753,False,False,other,phase_outcome_dense,0
2017461,233,40572,40806,low_block,965.1791999999999,False,False,other,phase_outcome_dense,0
2017461,235,41072,41110,medium_block,947.224975,False,False,other,phase_outcome_dense,0
2017461,236,41110,41453,low_block,1333.92285,False,False,other,phase_outcome_dense,0
2017461,237,41453,41519,medium_block,1648.8975999999998,False,False,other,phase_outcome_dense,0
2017461,242,42077,42122,medium_block,1653.9392,False,False,progression,phase_outcome_dense,1
2017461,244,42167,42169,medium_block,1903.538,False,False,other,phase_outcome_dense,0
2017461,245,42169,42240,high_block,2451.2288,False,False,regain,phase_outcome_dense,0
2017461,249,42398,42477,medium_block,1809.0511999999999,False,False,other,phase_outcome_dense,0
2017461,250,42477,42502,low_block,1832.0537,False,False,other,phase_outcome_dense,0
2017461,255,44231,44240,high_block,1518.213375,False,False,other,phase_outcome_dense,0
2017461,256,44240,44360,medium_block,1374.7589999999998,False,False,other,phase_outcome_dense,0
2017461,257,44360,44388,low_block,1176.5371499999999,False,False,progression,phase_outcome_dense,1
2017461,259,44433,44541,low_block,1246.7707,False,False,other,phase_outcome_dense,0
2017461,261,44599,44834,medium_block,1695.2978249999999,False,False,regain,phase_outcome_dense,0
2017461,264,45305,45367,medium_block,1437.3188,False,False,other,phase_outcome_dense,0
2017461,265,45367,45403,high_block,1932.9650749999998,False,False,other,phase_outcome_dense,0
2017461,271,45748,45816,medium_block,1815.2373750000002,False,False,regain,phase_outcome_dense,0
2017461,274,45895,45955,low_block,1504.1550499999998,False,False,progression,phase_outcome_dense,1
2017461,276,47593,47605,high_block,1478.1039999999998,False,False,other,phase_outcome_dense,0
2017461,278,47646,47712,medium_block,1409.5900000000001,False,False,other,phase_outcome_dense,0
2017461,281,47852,47905,low_block,923.7843999999999,False,False,other,phase_outcome_dense,0
2017461,282,47905,47919,medium_block,1115.2975,False,False,other,phase_outcome_dense,0
2017461,283,47919,47955,low_block,1063.7991000000002,False,False,other,phase_outcome_dense,0
2017461,285,48911,48957,low_block,1277.6377499999999,False,False,disruption,phase_outcome_dense,0
2017461,286,48957,48979,medium_block,1544.5122,False,False,disruption,phase_outcome_dense,0
2017461,291,49515,49563,low_block,1197.5346250000002,False,False,regain,phase_outcome_dense,0
2017461,292,49563,49651,medium_block,1353.7640000000001,False,False,regain,phase_outcome_dense,0
2017461,297,50232,50319,high_block,1830.6875750000002,False,False,other,phase_outcome_dense,0
2017461,298,50319,50410,medium_block,1786.4005499999996,False,False,other,phase_outcome_dense,0
2017461,301,50826,50941,low_block,346.70629999999994,True,True,goal,phase_outcome_dense,1
2017461,302,52148,52178,medium_block,1818.2373,False,False,progression,phase_outcome_dense,1
2017461,304,52211,52297,medium_block,2134.391,False,False,regain,phase_outcome_dense,0
2017461,306,52335,52399,medium_block,1754.13365,True,False,shot,phase_outcome_dense,1
2017461,307,52399,52529,low_block,1734.3076,True,False,shot,phase_outcome_dense,1
2017461,310,52890,52969,medium_block,1359.7869999999998,False,False,progression,phase_outcome_dense,1
2017461,311,52969,52994,low_block,1468.0049999999999,False,False,progression,phase_outcome_dense,1
2017461,312,52994,53044,high_block,2417.8972,False,False,other,phase_outcome_dense,0
2017461,313,53044,53350,medium_block,2034.0608,False,False,other,phase_outcome_dense,0
2017461,317,54252,54256,medium_block,1352.7107999999998,False,False,progression,phase_outcome_dense,1
2017461,319,54269,54316,medium_block,1446.4091250000001,False,False,other,phase_outcome_dense,0
2017461,320,54316,54463,low_block,1278.1336500000002,False,False,progression,phase_outcome_dense,1
2017461,322,54521,54638,low_block,866.8250499999999,False,False,progression,phase_outcome_dense,1
2017461,326,55192,55385,high_block,1913.60205,False,False,other,phase_outcome_dense,0
2017461,332,55574,55649,medium_block,2202.0129,False,False,progression,phase_outcome_dense,1
2017461,333,55649,55668,low_block,1775.1584,False,False,progression,phase_outcome_dense,1
2017461,335,56058,56149,medium_block,1753.6694,False,False,progression,phase_outcome_dense,1
2017461,336,56149,56165,low_block,1444.45275,False,False,progression,phase_outcome_dense,1
2017461,337,56505,56531,medium_block,1891.386,False,False,other,phase_outcome_dense,0
2017461,338,56531,56543,low_block,1895.2588500000002,False,False,other,phase_outcome_dense,0
2017461,339,56571,56661,low_block,1177.68365,False,False,other,phase_outcome_dense,0
2017461,342,57078,57114,medium_block,2077.6392,False,False,progression,phase_outcome_dense,1
2017461,344,57139,57211,high_block,3196.6286250000003,False,False,other,phase_outcome_dense,0
2017461,345,57211,57256,medium_block,2890.5992500000007,False,False,other,phase_outcome_dense,0
2017461,348,58001,58056,low_block,833.1594,False,False,progression,phase_outcome_dense,1
2017461,351,58114,58213,medium_block,1448.5623750000002,False,False,progression,phase_outcome_dense,1
2017461,352,58213,58217,medium_block,3440.272125,False,False,other,phase_outcome_dense,0
2017461,353,58217,58236,high_block,3219.9019999999996,False,False,regain,phase_outcome_dense,0
2017461,354,58236,58359,medium_block,2575.96875,False,False,regain,phase_outcome_dense,0
2017461,358,58817,59008,medium_block,1458.1145,False,False,other,phase_outcome_dense,0
2017461,359,59008,59273,low_block,1279.0566,False,False,other,phase_outcome_dense,0
2017461,367,61338,61342,medium_block,1477.03675,False,False,other,phase_outcome_dense,0
2017461,368,61342,61440,high_block,1781.874525,False,False,other,phase_outcome_dense,0
2017461,369,61440,61510,medium_block,1961.67995,False,False,progression,phase_outcome_dense,1
2017461,370,61510,62018,low_block,1598.3813999999998,False,False,regain,phase_outcome_dense,0
2017461,371,62018,62062,high_block,2326.9636,False,False,regain,phase_outcome_dense,0
2017461,372,62062,62116,medium_block,2076.7181,False,False,regain,phase_outcome_dense,0
2017461,373,62116,62202,medium_block,1948.1748,False,False,other,phase_outcome_dense,0
2017461,374,62202,62263,low_block,2120.5181250000005,False,False,other,phase_outcome_dense,0
2017461,378,63312,63374,medium_block,1189.8176,False,False,other,phase_outcome_dense,0
2017461,379,63374,63506,low_block,827.1759,False,False,other,phase_outcome_dense,0
2017461,384,64340,64401,high_block,2086.4998,False,False,other,phase_outcome_dense,0
2017461,386,64623,64659,high_block,2224.213425,False,False,other,phase_outcome_dense,0
2017461,387,64659,64806,medium_block,1680.609375,False,False,other,phase_outcome_dense,0
2017461,388,64806,64894,low_block,1318.1831249999998,False,False,other,phase_outcome_dense,0
2017461,389,64894,64960,medium_block,1300.13485,False,False,other,phase_outcome_dense,0
2017461,391,65345,65510,medium_block,1721.06745,False,False,other,phase_outcome_dense,0
2017461,394,65554,65692,low_block,1064.089125,False,False,progression,phase_outcome_dense,1
2017461,395,65692,65865,high_block,2831.2018,False,False,other,phase_outcome_dense,0
2017461,396,65865,65868,medium_block,2430.5640750000002,False,False,progression,phase_outcome_dense,1
2017461,398,65934,66103,medium_block,1878.648125,False,False,other,phase_outcome_dense,0
2017461,402,66627,66698,low_block,992.7319500000001,False,False,other,phase_outcome_dense,0
2017461,409,66985,67152,medium_block,1893.4252999999997,False,False,other,phase_outcome_dense,0
2017461,410,67152,67195,low_block,1250.9960999999998,False,False,other,phase_outcome_dense,0
2017461,412,67811,67830,low_block,1764.367125,False,False,progression,phase_outcome_dense,1
2017461,413,67957,68019,medium_block,2254.5991,False,False,other,phase_outcome_dense,0
2017461,416,68098,68180,medium_block,1576.314375,False,False,other,phase_outcome_dense,0
2017461,419,68293,68359,medium_block,1572.6892500000001,False,False,regain,phase_outcome_dense,0
2017461,420,68359,68466,medium_block,2178.6424,False,False,progression,phase_outcome_dense,1
2017461,421,68466,68566,medium_block,1901.6679000000001,True,False,shot,phase_outcome_dense,1
2017461,422,68566,68824,low_block,1133.7116999999998,True,False,shot,phase_outcome_dense,1
2017461,426,69339,69415,low_block,1080.8041249999999,False,False,progression,phase_outcome_dense,1
2017461,428,69511,69568,high_block,2585.459625,True,False,shot,phase_outcome_dense,1
2017461,429,69568,69651,medium_block,1995.382,True,False,shot,phase_outcome_dense,1
2017461,430,69651,69868,low_block,1121.1143000000002,True,False,shot,phase_outcome_dense,1
2017461,431,70304,70314,medium_block,1983.5706,False,False,other,phase_outcome_dense,0
