match_id,frame_start,frame_end,dist,beaten_by_movement,label,label_fire,shot,goal,player_position,event_subtype,team_out_of_possession_phase_type
1874553,303,305,2.34,False,proximity_intent_debt,0,False,False,LDM,other,low_block
1874553,884,892,2.37,False,proximity_intent_debt,0,False,False,RW,other,high_block
1874553,1687,1687,1.45,False,proximity_intent_debt,0,False,False,LDM,other,chaotic
1874553,2957,3014,1.68,False,proximity_intent_debt,0,False,False,LW,other,defending_quick_break
1874553,3195,3218,1.41,False,proximity_intent_debt,0,True,True,LDM,recovery_press,medium_block
1874553,4263,4289,2.51,False,proximity_intent_debt,0,False,False,RDM,pressure,low_block
1874553,4961,4993,1.61,False,proximity_intent_debt,0,False,False,AM,counter_press,medium_block
1874553,4994,5003,2.8,False,proximity_intent_debt,0,False,False,AM,counter_press,medium_block
1874553,5352,5364,2.31,False,proximity_intent_debt,0,False,False,LDM,pressing,medium_block
1874553,5731,5754,1.87,False,proximity_intent_debt,0,False,False,CF,other,chaotic
1874553,7227,7264,2.85,False,proximity_intent_debt,0,False,False,LB,recovery_press,low_block
1874553,7299,7317,2.05,False,proximity_intent_debt,0,False,False,AM,recovery_press,chaotic
1874553,11649,11679,2.65,False,proximity_intent_debt,0,False,False,RCB,pressure,low_block
1874553,12078,12151,2.72,False,proximity_intent_debt,0,False,False,RDM,other,low_block
1874553,12119,12145,2.28,False,proximity_intent_debt,0,False,False,RB,other,low_block
1874553,12221,12232,2.79,False,proximity_intent_debt,0,False,False,CF,recovery_press,medium_block
1874553,14651,14662,1.69,False,proximity_intent_debt,0,False,False,RDM,pressure,defending_quick_break
1874553,15370,15460,2.15,False,proximity_intent_debt,0,False,False,LW,recovery_press,medium_block
1874553,15976,15981,2.38,False,proximity_intent_debt,0,False,False,LDM,other,low_block
1874553,16060,16069,1.91,False,proximity_intent_debt,0,False,False,RDM,other,chaotic
1874553,16365,16387,2.91,False,proximity_intent_debt,0,False,False,RDM,pressure,low_block
1874553,16488,16520,2.35,False,proximity_intent_debt,0,False,False,RDM,pressure,low_block
1874553,16506,16520,2.77,False,proximity_intent_debt,0,False,False,CF,pressure,low_block
1874553,16711,16713,1.12,False,proximity_intent_debt,0,True,False,RCB,other,low_block
1874553,17464,17466,0.81,False,proximity_intent_debt,0,False,False,RB,counter_press,high_block
1874553,17767,17777,1.75,False,proximity_intent_debt,0,False,False,RB,recovery_press,low_block
1874553,17876,17917,1.71,False,proximity_intent_debt,0,False,False,RDM,other,chaotic
1874553,18080,18097,4.88,True,proximity_intent_debt,0,True,False,RB,recovery_press,low_block
1874553,18750,18758,1.96,False,proximity_intent_debt,0,False,False,LDM,other,medium_block
1874553,18952,18972,0.75,False,proximity_intent_debt,0,False,False,LDM,other,medium_block
1874553,19276,19279,2.84,False,proximity_intent_debt,0,True,True,RCB,other,defending_quick_break
1874553,21594,21605,2.13,False,proximity_intent_debt,0,False,False,LB,other,disruption
1874553,21612,21628,1.12,False,proximity_intent_debt,0,False,False,LDM,other,low_block
1874553,21630,21634,2.01,False,proximity_intent_debt,0,False,False,AM,pressure,low_block
1874553,21731,21752,2.04,False,proximity_intent_debt,0,False,False,RB,other,chaotic
1874553,23093,23105,2.66,False,proximity_intent_debt,0,False,False,CF,other,low_block
1874553,26385,26427,1.2,False,proximity_intent_debt,0,False,False,AM,other,medium_block
1874553,26420,26446,2.58,False,proximity_intent_debt,0,False,False,CF,other,medium_block
1874553,26448,26467,1.75,False,proximity_intent_debt,0,False,False,RDM,recovery_press,medium_block
1874553,26469,26501,1.68,False,proximity_intent_debt,0,False,False,LW,other,chaotic
1874553,26997,27009,2.95,False,proximity_intent_debt,0,False,False,RW,recovery_press,low_block
1874553,27010,27058,1.11,False,proximity_intent_debt,0,False,False,AM,other,chaotic
1874553,28333,28347,0.72,False,proximity_intent_debt,0,False,False,LB,other,chaotic
1874553,28349,28352,1.44,False,proximity_intent_debt,0,False,False,RW,other,medium_block
1874553,28349,28352,2.26,False,proximity_intent_debt,0,False,False,CF,other,medium_block
1874553,28354,28362,2.42,False,proximity_intent_debt,0,False,False,RDM,counter_press,medium_block
1874553,28364,28369,2.06,False,proximity_intent_debt,0,False,False,CF,other,medium_block
1874553,28371,28396,1.7,False,proximity_intent_debt,0,False,False,CF,other,chaotic
1874553,30439,30465,1.75,False,proximity_intent_debt,0,False,False,LW,other,chaotic
1874553,30760,30783,1.56,False,proximity_intent_debt,0,False,False,RW,pressure,low_block
1874553,31233,31287,2.76,False,proximity_intent_debt,0,False,False,RW,other,defending_set_play
1874553,31593,31662,1.46,False,proximity_intent_debt,0,False,False,LB,pressure,low_block
1874553,31674,31688,2.41,False,proximity_intent_debt,0,False,False,LDM,pressure,low_block
1874553,31699,31727,2.53,False,proximity_intent_debt,0,False,False,RW,counter_press,defending_transition
1874553,31979,31987,1.45,False,proximity_intent_debt,0,False,False,RDM,pressing,high_block
1874553,32631,32652,1.03,False,proximity_intent_debt,0,False,False,CF,other,high_block
1874553,32763,32782,0.68,False,proximity_intent_debt,0,False,False,LB,other,chaotic
1874553,32777,32782,2.0,False,proximity_intent_debt,0,False,False,RDM,other,chaotic
1874553,32784,32809,0.92,False,proximity_intent_debt,0,False,False,RW,counter_press,medium_block
1874553,33111,33120,2.57,False,proximity_intent_debt,0,False,False,LCB,recovery_press,low_block
1874553,33161,33194,2.9,False,proximity_intent_debt,0,False,False,RCB,recovery_press,low_block
1874553,33277,33281,2.68,False,proximity_intent_debt,0,True,False,RCB,pressure,low_block
1874553,33298,33309,5.14,True,proximity_intent_debt,0,True,False,RCB,recovery_press,low_block
1874553,34237,34252,2.75,False,proximity_intent_debt,0,False,False,RCB,other,chaotic
1874553,35087,35091,2.79,False,proximity_intent_debt,0,False,False,LDM,pressure,low_block
1874553,35865,35915,2.36,False,proximity_intent_debt,0,False,False,RCB,recovery_press,low_block
1874553,36960,36967,2.63,False,proximity_intent_debt,0,False,False,RCB,pressing,medium_block
1874553,37837,37852,1.24,False,proximity_intent_debt,0,False,False,RCB,pressure,low_block
1874553,37927,37935,2.69,False,proximity_intent_debt,0,False,False,LW,recovery_press,low_block
1874553,38679,38702,2.4,False,proximity_intent_debt,0,False,False,CF,other,medium_block
1874553,40196,40210,2.78,False,proximity_intent_debt,0,False,False,LDM,other,medium_block
1874553,40393,40426,4.86,True,proximity_intent_debt,0,False,False,LB,recovery_press,low_block
1874553,41141,41156,2.29,False,proximity_intent_debt,0,True,False,RB,other,low_block
1874553,41571,41615,2.01,False,proximity_intent_debt,0,False,False,RCB,recovery_press,medium_block
1874553,43243,43247,1.83,False,proximity_intent_debt,0,False,False,LDM,counter_press,medium_block
1874553,43317,43323,2.5,False,proximity_intent_debt,0,False,False,LDM,pressure,low_block
1874553,43542,43552,1.81,False,proximity_intent_debt,0,False,False,RW,other,chaotic
1874553,43590,43606,2.47,False,proximity_intent_debt,0,False,False,RW,counter_press,medium_block
1874553,43655,43717,1.04,False,proximity_intent_debt,0,False,False,RCB,recovery_press,low_block
1874553,44758,44827,1.81,False,proximity_intent_debt,0,False,False,RB,recovery_press,low_block
1874553,45538,45545,1.74,False,proximity_intent_debt,0,False,False,CF,other,chaotic
1874553,45635,45664,1.86,False,proximity_intent_debt,0,False,False,RCB,pressure,chaotic
1874553,46630,46647,0.79,False,proximity_intent_debt,0,False,False,LW,other,disruption
1874553,46851,46898,1.52,False,proximity_intent_debt,0,False,False,CF,pressing,medium_block
1874553,47252,47267,1.21,False,proximity_intent_debt,0,False,False,RDM,other,medium_block
1874553,47358,47375,2.29,False,proximity_intent_debt,0,False,False,RDM,other,medium_block
1874553,47504,47508,2.7,False,proximity_intent_debt,0,False,False,LDM,pressing,medium_block
1874553,47510,47512,1.74,False,proximity_intent_debt,0,True,False,RW,pressure,low_block
1874553,49130,49137,2.22,False,proximity_intent_debt,0,False,False,CF,pressure,chaotic
1874553,50188,50210,1.43,False,proximity_intent_debt,0,False,False,RCB,pressing,medium_block
1874553,50215,50232,1.39,False,proximity_intent_debt,0,True,False,LW,pressure,defending_quick_break
1874553,50233,50233,2.77,False,proximity_intent_debt,0,True,False,LW,pressure,defending_quick_break
1874553,50282,50307,2.12,False,proximity_intent_debt,0,True,False,RCB,recovery_press,defending_quick_break
1874553,51065,51115,2.65,False,proximity_intent_debt,0,False,False,RCB,other,low_block
1874553,51943,51954,1.75,False,proximity_intent_debt,0,False,False,RDM,pressure,low_block
1874553,51998,52005,2.49,False,proximity_intent_debt,0,False,False,LDM,other,high_block
1874553,52006,52019,2.5,False,proximity_intent_debt,0,False,False,LDM,other,high_block
1874553,52216,52225,5.2,True,proximity_intent_debt,0,False,False,LB,recovery_press,low_block
1874553,52715,52748,3.39,True,proximity_intent_debt,0,True,False,RCB,pressure,low_block
1874553,54314,54330,3.48,True,proximity_intent_debt,0,False,False,RB,recovery_press,low_block
1874553,54900,54910,2.24,False,proximity_intent_debt,0,False,False,RDM,pressing,medium_block
1874553,55176,55207,2.63,False,proximity_intent_debt,0,False,False,RCB,other,chaotic
1874553,55946,55952,1.68,False,proximity_intent_debt,0,False,False,AM,other,disruption
1874553,56396,56415,2.53,False,proximity_intent_debt,0,False,False,AM,pressing,medium_block
1874553,59017,59018,2.34,False,proximity_intent_debt,0,False,False,AM,other,chaotic
1874553,59371,59377,1.85,False,proximity_intent_debt,0,False,False,AM,other,chaotic
1874553,59495,59509,0.72,False,proximity_intent_debt,0,False,False,AM,other,low_block
1886347,313,320,2.16,False,proximity_intent_debt,0,False,False,RB,pressure,low_block
1886347,769,777,2.89,False,proximity_intent_debt,0,False,False,LDM,pressing,medium_block
1886347,779,795,2.42,False,proximity_intent_debt,0,False,False,CF,recovery_press,medium_block
1886347,1424,1442,2.43,True,proximity_intent_debt,1,True,False,LCB,recovery_press,low_block
1886347,1546,1565,1.08,False,proximity_intent_debt,0,False,False,LW,other,high_block
1886347,1612,1614,2.15,False,proximity_intent_debt,0,False,False,LDM,other,medium_block
1886347,1668,1715,0.66,False,proximity_intent_debt,0,False,False,AM,other,high_block
1886347,2840,2860,1.77,False,proximity_intent_debt,0,False,False,LCB,other,chaotic
1886347,2861,2862,2.87,False,proximity_intent_debt,0,False,False,CF,other,low_block
1886347,3054,3064,2.07,False,proximity_intent_debt,0,False,False,LCB,pressure,low_block
1886347,4172,4183,2.41,False,proximity_intent_debt,0,True,False,LDM,counter_press,medium_block
1886347,4224,4235,3.64,True,proximity_intent_debt,0,True,False,RDM,recovery_press,low_block
1886347,4427,4437,2.31,False,proximity_intent_debt,0,False,False,DM,other,medium_block
1886347,5387,5412,1.63,False,proximity_intent_debt,0,False,False,CF,other,medium_block
1886347,6210,6217,2.45,False,proximity_intent_debt,0,False,False,AM,other,medium_block
1886347,6367,6400,0.19,False,proximity_intent_debt,0,False,False,CF,counter_press,medium_block
1886347,6838,6866,0.96,False,proximity_intent_debt,0,False,False,CF,pressing,medium_block
1886347,8877,8886,1.09,False,proximity_intent_debt,0,False,False,CF,counter_press,medium_block
1886347,10724,10739,1.15,True,proximity_intent_debt,1,False,False,RW,recovery_press,low_block
1886347,10740,10754,0.95,False,proximity_intent_debt,0,False,False,LW,other,high_block
1886347,11777,11815,1.79,False,proximity_intent_debt,0,False,False,CF,other,high_block
1886347,11848,11856,1.88,False,proximity_intent_debt,0,False,False,RW,pressing,medium_block
1886347,12013,12051,1.07,False,proximity_intent_debt,0,False,False,AM,other,chaotic
1886347,12142,12202,1.81,False,proximity_intent_debt,0,True,False,RCB,pressure,defending_set_play
1886347,12384,12389,1.46,False,proximity_intent_debt,0,False,False,AM,other,medium_block
1886347,12654,12661,2.53,False,proximity_intent_debt,0,False,False,RDM,pressing,medium_block
1886347,12705,12761,2.23,False,proximity_intent_debt,0,True,False,RCB,recovery_press,low_block
1886347,15236,15267,2.99,False,proximity_intent_debt,0,False,False,LW,pressure,medium_block
1886347,15586,15587,2.06,False,proximity_intent_debt,0,False,False,AM,recovery_press,medium_block
1886347,16192,16192,1.15,False,proximity_intent_debt,0,False,False,CF,other,disruption
1886347,16792,16804,4.68,True,proximity_intent_debt,0,True,False,RW,recovery_press,defending_set_play
1886347,16806,16813,0.71,True,proximity_intent_debt,1,True,False,RB,other,defending_set_play
1886347,16806,16813,2.06,True,proximity_intent_debt,1,True,False,LCB,other,defending_set_play
1886347,16806,16813,1.01,True,proximity_intent_debt,1,True,False,LB,other,defending_set_play
1886347,16968,17017,0.89,False,proximity_intent_debt,0,False,False,RW,other,chaotic
1886347,17630,17634,2.93,False,proximity_intent_debt,0,False,False,RDM,recovery_press,medium_block
1886347,17642,17669,1.82,False,proximity_intent_debt,0,False,False,AM,pressing,medium_block
1886347,17864,17894,1.14,False,proximity_intent_debt,0,False,False,AM,other,medium_block
1886347,18049,18058,2.82,False,proximity_intent_debt,0,False,False,LCB,pressing,medium_block
1886347,18111,18117,2.57,False,proximity_intent_debt,0,False,False,RB,pressure,low_block
1886347,18133,18140,2.95,False,proximity_intent_debt,0,False,False,LW,other,disruption
1886347,18329,18346,0.72,False,proximity_intent_debt,0,False,False,RB,recovery_press,low_block
1886347,19485,19508,2.76,False,proximity_intent_debt,0,False,False,AM,pressure,low_block
1886347,20078,20187,6.23,True,proximity_intent_debt,0,False,False,RB,other,low_block
1886347,20272,20327,1.86,False,proximity_intent_debt,0,False,False,RCB,other,low_block
1886347,20481,20500,2.94,False,proximity_intent_debt,0,False,False,AM,pressure,low_block
1886347,21397,21416,0.88,False,proximity_intent_debt,0,False,False,CF,other,chaotic
1886347,21750,21757,2.57,False,proximity_intent_debt,0,False,False,RDM,pressing,medium_block
1886347,21759,21789,1.88,False,proximity_intent_debt,0,False,False,LB,other,chaotic
1886347,22192,22242,0.28,True,proximity_intent_debt,1,False,False,LCB,recovery_press,defending_direct
1886347,22919,22962,2.79,False,proximity_intent_debt,0,False,False,RDM,pressure,defending_set_play
1886347,23038,23070,2.88,False,proximity_intent_debt,0,False,False,RW,pressure,low_block
1886347,23349,23378,0.86,False,proximity_intent_debt,0,False,False,RDM,other,defending_quick_break
1886347,24732,24749,2.09,False,proximity_intent_debt,0,False,False,RDM,other,chaotic
1886347,26193,26211,2.32,True,proximity_intent_debt,1,False,False,LCB,recovery_press,low_block
1886347,27534,27559,2.78,False,proximity_intent_debt,0,False,False,CF,other,low_block
1886347,27561,27579,1.62,False,proximity_intent_debt,0,False,False,RB,pressure,low_block
1886347,27574,27579,2.65,False,proximity_intent_debt,0,False,False,AM,other,low_block
1886347,27581,27598,1.77,False,proximity_intent_debt,0,False,False,LW,other,chaotic
1886347,27600,27625,2.55,False,proximity_intent_debt,0,False,False,LCB,pressure,chaotic
1886347,27626,27647,1.44,False,proximity_intent_debt,0,False,False,CF,other,chaotic
1886347,27649,27664,1.91,False,proximity_intent_debt,0,False,False,RCB,recovery_press,chaotic
1886347,27649,27671,2.34,False,proximity_intent_debt,0,False,False,LCB,other,chaotic
1886347,27649,27671,1.16,False,proximity_intent_debt,0,False,False,LW,other,chaotic
1886347,28022,28039,2.07,False,proximity_intent_debt,0,False,False,RDM,other,low_block
1886347,28041,28056,1.82,False,proximity_intent_debt,0,False,False,LDM,pressure,low_block
1886347,29229,29234,2.53,False,proximity_intent_debt,0,False,False,CF,recovery_press,low_block
1886347,29303,29311,2.47,False,proximity_intent_debt,0,False,False,LDM,pressure,low_block
1886347,29391,29401,1.96,False,proximity_intent_debt,0,False,False,CF,counter_press,high_block
1886347,29403,29411,2.86,False,proximity_intent_debt,0,False,False,AM,counter_press,high_block
1886347,29413,29430,1.9,False,proximity_intent_debt,0,False,False,CF,pressing,medium_block
1886347,29431,29433,2.42,False,proximity_intent_debt,0,False,False,CF,other,medium_block
1886347,30027,30087,0.85,False,proximity_intent_debt,0,False,False,LDM,counter_press,medium_block
1886347,30285,30293,2.44,False,proximity_intent_debt,0,False,False,LB,other,chaotic
1886347,30931,30942,1.65,False,proximity_intent_debt,0,False,False,RCB,other,low_block
1886347,31118,31130,2.86,False,proximity_intent_debt,0,False,False,RCB,pressing,medium_block
1886347,31132,31157,2.9,False,proximity_intent_debt,0,False,False,AM,recovery_press,medium_block
1886347,32005,32023,2.52,False,proximity_intent_debt,0,False,False,DM,other,defending_set_play
1886347,32381,32394,2.83,False,proximity_intent_debt,0,False,False,AM,pressure,chaotic
1886347,32565,32583,1.28,False,proximity_intent_debt,0,False,False,RB,other,low_block
1886347,32581,32583,2.5,False,proximity_intent_debt,0,False,False,AM,other,low_block
1886347,32668,32706,2.55,False,proximity_intent_debt,0,False,False,AM,pressing,medium_block
1886347,33945,33956,2.96,False,proximity_intent_debt,0,False,False,CF,other,chaotic
1886347,34053,34076,2.92,False,proximity_intent_debt,0,False,False,RB,other,low_block
1886347,34380,34413,2.59,True,proximity_intent_debt,1,False,False,LDM,recovery_press,low_block
1886347,35325,35340,2.8,False,proximity_intent_debt,0,False,False,AM,other,chaotic
1886347,36013,36013,1.09,False,proximity_intent_debt,0,False,False,AM,counter_press,medium_block
1886347,36516,36553,2.16,False,proximity_intent_debt,0,False,False,RCB,pressure,low_block
1886347,37714,37739,4.81,True,proximity_intent_debt,0,False,False,RCB,recovery_press,low_block
1886347,39894,40039,1.44,False,proximity_intent_debt,0,False,False,LB,other,defending_set_play
1886347,40235,40243,2.37,False,proximity_intent_debt,0,False,False,LCB,other,low_block
1886347,40245,40271,1.21,False,proximity_intent_debt,0,False,False,AM,recovery_press,low_block
1886347,41748,41785,2.42,False,proximity_intent_debt,0,False,False,LCB,recovery_press,medium_block
1886347,42495,42506,2.84,False,proximity_intent_debt,0,False,False,CF,other,chaotic
1886347,44196,44210,2.92,False,proximity_intent_debt,0,False,False,LW,other,medium_block
1886347,44420,44461,1.97,False,proximity_intent_debt,0,True,False,LCB,other,low_block
1886347,44877,44918,1.55,False,proximity_intent_debt,0,False,False,RCB,recovery_press,defending_quick_break
1886347,44919,44925,0.6,False,proximity_intent_debt,0,False,False,CF,other,high_block
1886347,44991,44994,2.59,False,proximity_intent_debt,0,False,False,LW,pressure,high_block
1886347,45367,45398,1.41,False,proximity_intent_debt,0,False,False,AM,recovery_press,medium_block
1886347,45444,45444,0.39,False,proximity_intent_debt,0,False,False,LW,other,medium_block
1886347,47437,47472,1.22,False,proximity_intent_debt,0,False,False,RW,pressure,low_block
1886347,47474,47510,2.75,False,proximity_intent_debt,0,False,False,LDM,other,low_block
1886347,47549,47553,7.21,True,proximity_intent_debt,0,False,False,LDM,recovery_press,low_block
1886347,47715,47720,1.7,False,proximity_intent_debt,0,False,False,RCB,pressure,low_block
1886347,48426,48432,2.6,False,proximity_intent_debt,0,False,False,AM,pressing,medium_block
1886347,48446,48450,2.25,False,proximity_intent_debt,0,False,False,CF,recovery_press,medium_block
1886347,49104,49134,1.62,False,proximity_intent_debt,0,False,False,LB,pressing,medium_block
1886347,49580,49585,2.28,False,proximity_intent_debt,0,False,False,RW,recovery_press,chaotic
1886347,49743,49751,1.96,False,proximity_intent_debt,0,False,False,RW,counter_press,medium_block
1886347,49897,49935,2.21,False,proximity_intent_debt,0,False,False,LB,pressing,medium_block
1886347,50149,50163,0.52,False,proximity_intent_debt,0,False,False,LW,counter_press,high_block
1886347,52487,52488,2.22,False,proximity_intent_debt,0,False,False,LW,pressure,low_block
1886347,52801,52806,0.79,False,proximity_intent_debt,0,True,False,RCB,other,low_block
1886347,55802,55852,5.31,True,proximity_intent_debt,0,False,False,RDM,recovery_press,defending_direct
1886347,56503,56527,0.98,False,proximity_intent_debt,0,True,False,AM,other,defending_set_play
1886347,56932,56979,6.29,True,proximity_intent_debt,0,False,False,AM,recovery_press,low_block
1886347,57020,57034,2.63,False,proximity_intent_debt,0,False,False,RB,counter_press,high_block
1886347,57085,57108,0.46,False,proximity_intent_debt,0,False,False,RCB,other,chaotic
1886347,57301,57353,2.04,False,proximity_intent_debt,0,False,False,CF,counter_press,medium_block
1886347,57704,57736,1.91,False,proximity_intent_debt,0,False,False,CF,other,chaotic
1886347,58321,58389,3.0,False,proximity_intent_debt,0,False,False,RB,recovery_press,medium_block
1886347,58543,58549,2.81,False,proximity_intent_debt,0,False,False,LCB,pressure,low_block
1899585,1329,1350,0.91,False,proximity_intent_debt,0,False,False,RCB,pressure,low_block
1899585,1465,1473,1.42,False,proximity_intent_debt,0,False,False,RM,other,low_block
1899585,1483,1509,1.48,False,proximity_intent_debt,0,False,False,RCB,pressure,low_block
1899585,1523,1524,2.89,False,proximity_intent_debt,0,False,False,RM,recovery_press,low_block
1899585,1685,1695,2.6,False,proximity_intent_debt,0,False,False,RM,pressure,low_block
1899585,1797,1825,1.54,False,proximity_intent_debt,0,False,False,CB,recovery_press,chaotic
1899585,2181,2212,2.31,False,proximity_intent_debt,0,True,False,RWB,pressure,defending_set_play
1899585,2440,2441,2.16,False,proximity_intent_debt,0,False,False,RCB,pressure,low_block
1899585,3144,3149,1.87,False,proximity_intent_debt,0,False,False,RM,other,medium_block
1899585,3162,3165,2.01,False,proximity_intent_debt,0,False,False,LM,pressing,medium_block
1899585,3207,3228,1.96,False,proximity_intent_debt,0,False,False,RB,other,chaotic
1899585,3682,3683,1.43,False,proximity_intent_debt,0,False,False,RW,recovery_press,defending_transition
1899585,3845,3860,1.81,False,proximity_intent_debt,0,False,False,RF,other,defending_direct
1899585,3963,3968,2.0,False,proximity_intent_debt,0,False,False,CF,pressing,medium_block
1899585,4148,4155,2.06,False,proximity_intent_debt,0,False,False,LM,recovery_press,chaotic
1899585,4156,4174,1.48,False,proximity_intent_debt,0,False,False,RF,counter_press,medium_block
1899585,4240,4241,0.93,False,proximity_intent_debt,0,False,False,LW,other,chaotic
1899585,4528,4532,1.91,False,proximity_intent_debt,0,False,False,RCB,other,low_block
1899585,4576,4584,2.84,False,proximity_intent_debt,0,False,False,LM,other,low_block
1899585,4640,4647,2.98,False,proximity_intent_debt,0,False,False,CF,pressure,disruption
1899585,4835,4847,2.33,False,proximity_intent_debt,0,False,False,LCB,pressure,low_block
1899585,4954,4987,1.75,False,proximity_intent_debt,0,False,False,CF,recovery_press,low_block
1899585,4967,4989,2.96,False,proximity_intent_debt,0,False,False,RF,other,low_block
1899585,5376,5381,1.98,False,proximity_intent_debt,0,False,False,LWB,other,chaotic
1899585,5398,5408,0.69,False,proximity_intent_debt,0,False,False,RB,other,high_block
1899585,5417,5455,2.87,False,proximity_intent_debt,0,False,False,RM,counter_press,high_block
1899585,5456,5483,2.27,False,proximity_intent_debt,0,False,False,RW,other,high_block
1899585,6150,6154,1.31,False,proximity_intent_debt,0,False,False,RW,other,chaotic
1899585,6482,6501,2.7,False,proximity_intent_debt,0,False,False,RM,other,defending_set_play
1899585,6489,6506,2.96,False,proximity_intent_debt,0,False,False,RB,other,defending_set_play
1899585,6934,6955,0.81,False,proximity_intent_debt,0,False,False,LM,other,defending_set_play
1899585,6963,6968,2.42,False,proximity_intent_debt,0,False,False,LM,recovery_press,defending_set_play
1899585,6965,6968,2.5,False,proximity_intent_debt,0,False,False,LW,recovery_press,defending_set_play
1899585,7136,7148,2.52,False,proximity_intent_debt,0,False,False,RM,pressure,chaotic
1899585,7136,7148,2.57,False,proximity_intent_debt,0,False,False,RW,other,chaotic
1899585,7334,7348,1.9,False,proximity_intent_debt,0,False,False,RW,recovery_press,low_block
1899585,7381,7396,2.13,False,proximity_intent_debt,0,False,False,CF,other,chaotic
1899585,8666,8677,1.83,False,proximity_intent_debt,0,False,False,LWB,pressure,low_block
1899585,9397,9424,2.87,False,proximity_intent_debt,0,False,False,LM,pressure,disruption
1899585,9431,9466,0.96,False,proximity_intent_debt,0,True,False,LM,other,low_block
1899585,9468,9471,2.94,False,proximity_intent_debt,0,True,False,CB,pressure,low_block
1899585,9582,9622,2.75,False,proximity_intent_debt,0,False,False,LM,pressure,low_block
1899585,9635,9642,2.15,False,proximity_intent_debt,0,False,False,LF,other,low_block
1899585,10756,10756,0.43,False,proximity_intent_debt,0,False,False,RF,other,chaotic
1899585,11599,11636,1.42,False,proximity_intent_debt,0,False,False,LW,other,high_block
1899585,14203,14228,2.48,False,proximity_intent_debt,0,False,False,LB,recovery_press,defending_quick_break
1899585,14619,14627,2.78,False,proximity_intent_debt,0,False,False,LM,pressure,low_block
1899585,14645,14650,2.9,False,proximity_intent_debt,0,False,False,CF,recovery_press,low_block
1899585,14652,14677,0.95,False,proximity_intent_debt,0,False,False,RB,pressure,low_block
1899585,17030,17036,2.94,False,proximity_intent_debt,0,False,False,LCB,counter_press,medium_block
1899585,17168,17185,2.65,False,proximity_intent_debt,0,False,False,RW,recovery_press,low_block
1899585,18075,18093,1.2,False,proximity_intent_debt,0,True,True,LWB,other,low_block
1899585,19644,19685,4.6,True,proximity_intent_debt,0,False,False,LB,recovery_press,defending_direct
1899585,19686,19697,2.8,False,proximity_intent_debt,0,False,False,RWB,pressure,chaotic
1899585,20095,20133,2.09,False,proximity_intent_debt,0,False,False,LM,recovery_press,chaotic
1899585,20647,20649,2.46,False,proximity_intent_debt,0,False,False,RCB,pressure,low_block
1899585,20699,20749,1.74,False,proximity_intent_debt,0,False,False,RF,counter_press,medium_block
1899585,21224,21254,1.37,False,proximity_intent_debt,0,False,False,CF,pressing,high_block
1899585,21818,21832,1.19,False,proximity_intent_debt,0,False,False,RF,recovery_press,low_block
1899585,22039,22042,2.94,False,proximity_intent_debt,0,False,False,RWB,other,low_block
1899585,22493,22501,0.56,False,proximity_intent_debt,0,False,False,RM,other,chaotic
1899585,22799,22817,2.14,False,proximity_intent_debt,0,False,False,LM,counter_press,medium_block
1899585,22852,22879,2.62,False,proximity_intent_debt,0,False,False,CB,pressing,medium_block
1899585,23149,23166,1.65,False,proximity_intent_debt,0,True,False,RCB,other,low_block
1899585,23240,23257,0.23,False,proximity_intent_debt,0,True,False,RM,recovery_press,defending_quick_break
1899585,26554,26570,1.51,False,proximity_intent_debt,0,False,False,LM,other,high_block
1899585,26554,26570,2.74,False,proximity_intent_debt,0,False,False,RM,other,high_block
1899585,26573,26576,2.96,False,proximity_intent_debt,0,False,False,CF,other,high_block
1899585,26578,26583,3.0,False,proximity_intent_debt,0,False,False,LCB,pressing,high_block
1899585,27294,27300,4.65,True,proximity_intent_debt,0,True,False,CB,other,low_block
1899585,28716,28737,2.66,False,proximity_intent_debt,0,False,False,RW,recovery_press,low_block
1899585,30705,30712,1.51,False,proximity_intent_debt,0,False,False,LW,other,medium_block
1899585,31225,31246,2.97,False,proximity_intent_debt,0,True,False,RW,other,defending_transition
1899585,31294,31331,3.37,True,proximity_intent_debt,0,True,False,RB,recovery_press,defending_transition
1899585,31800,31845,2.59,False,proximity_intent_debt,0,False,False,CF,pressure,low_block
1899585,34083,34083,1.81,False,proximity_intent_debt,0,False,False,RW,recovery_press,high_block
1899585,35301,35314,0.17,False,proximity_intent_debt,0,False,False,RW,other,chaotic
1899585,35805,35814,2.13,False,proximity_intent_debt,0,False,False,RM,other,chaotic
1899585,36067,36102,2.95,False,proximity_intent_debt,0,False,False,LM,pressing,medium_block
1899585,36210,36253,1.03,False,proximity_intent_debt,0,False,False,LM,other,medium_block
1899585,36399,36438,1.39,False,proximity_intent_debt,0,False,False,LWB,pressure,low_block
1899585,36944,36979,2.48,False,proximity_intent_debt,0,False,False,LB,counter_press,high_block
1899585,37173,37198,1.45,False,proximity_intent_debt,0,True,False,RCB,recovery_press,low_block
1899585,38120,38126,2.88,False,proximity_intent_debt,0,False,False,RWB,recovery_press,medium_block
1899585,38298,38306,2.85,False,proximity_intent_debt,0,False,False,RF,other,chaotic
1899585,39127,39141,1.91,False,proximity_intent_debt,0,False,False,CF,recovery_press,medium_block
1899585,39161,39162,2.03,False,proximity_intent_debt,0,False,False,CF,counter_press,medium_block
1899585,39179,39189,1.67,False,proximity_intent_debt,0,False,False,RW,counter_press,medium_block
1899585,41281,41294,2.6,False,proximity_intent_debt,0,False,False,RF,other,chaotic
1899585,41630,41640,2.98,False,proximity_intent_debt,0,False,False,LCB,other,defending_transition
1899585,41660,41673,6.57,True,proximity_intent_debt,0,False,False,LCB,recovery_press,defending_transition
1899585,41682,41705,2.5,False,proximity_intent_debt,0,False,False,CF,counter_press,high_block
1899585,41682,41705,2.23,False,proximity_intent_debt,0,False,False,LF,counter_press,high_block
1899585,41760,41779,2.45,False,proximity_intent_debt,0,False,False,LW,pressure,chaotic
1899585,41780,41808,2.26,False,proximity_intent_debt,0,False,False,CF,other,chaotic
1899585,42935,42969,2.4,False,proximity_intent_debt,0,False,False,CF,recovery_press,low_block
1899585,42991,42997,1.82,False,proximity_intent_debt,0,False,False,LM,counter_press,defending_transition
1899585,43024,43055,1.44,False,proximity_intent_debt,0,True,False,CF,pressure,defending_transition
1899585,43427,43457,1.76,False,proximity_intent_debt,0,False,False,CF,recovery_press,medium_block
1899585,43432,43457,2.88,False,proximity_intent_debt,0,False,False,RM,recovery_press,medium_block
1899585,45269,45304,2.25,False,proximity_intent_debt,0,False,False,LF,other,chaotic
1899585,46139,46149,2.9,False,proximity_intent_debt,0,False,False,LB,pressure,low_block
1899585,46253,46261,2.84,False,proximity_intent_debt,0,False,False,CF,other,chaotic
1899585,46490,46508,1.27,False,proximity_intent_debt,0,True,False,LB,other,low_block
1899585,48616,48634,2.15,True,proximity_intent_debt,1,False,False,LCB,recovery_press,defending_transition
1899585,51222,51250,1.9,False,proximity_intent_debt,0,False,False,LM,counter_press,high_block
1899585,51252,51297,0.65,False,proximity_intent_debt,0,False,False,LM,pressing,high_block
1899585,51298,51298,1.37,False,proximity_intent_debt,0,False,False,RB,other,high_block
1899585,51298,51299,1.9,False,proximity_intent_debt,0,False,False,LW,other,high_block
1899585,51298,51308,2.55,False,proximity_intent_debt,0,False,False,RM,pressing,high_block
1899585,51512,51536,1.36,False,proximity_intent_debt,0,False,False,LF,recovery_press,low_block
1899585,52744,52765,2.62,False,proximity_intent_debt,0,False,False,RM,other,chaotic
1899585,53728,53738,1.84,False,proximity_intent_debt,0,False,False,CF,other,medium_block
1899585,53954,53966,1.75,False,proximity_intent_debt,0,False,False,RM,other,defending_transition
1899585,53968,54053,1.47,False,proximity_intent_debt,0,False,False,RCB,other,defending_transition
1899585,54054,54055,1.35,False,proximity_intent_debt,0,False,False,CF,other,chaotic
1899585,54313,54328,1.86,False,proximity_intent_debt,0,False,False,RM,recovery_press,low_block
1899585,54387,54411,1.25,False,proximity_intent_debt,0,False,False,LF,other,chaotic
1899585,54412,54425,1.16,False,proximity_intent_debt,0,False,False,RM,other,chaotic
1899585,54506,54526,0.36,True,proximity_intent_debt,1,False,False,LF,recovery_press,low_block
1899585,55798,55823,1.0,False,proximity_intent_debt,0,False,False,LCB,counter_press,medium_block
1899585,55835,55862,2.14,False,proximity_intent_debt,0,False,False,RW,other,chaotic
1899585,55864,55875,0.98,False,proximity_intent_debt,0,False,False,RW,other,chaotic
1899585,55887,55888,1.13,False,proximity_intent_debt,0,True,False,RCB,other,low_block
1899585,56440,56518,1.97,False,proximity_intent_debt,0,False,False,RCB,other,low_block
1899585,57180,57200,2.97,False,proximity_intent_debt,0,False,False,RW,pressing,medium_block
1899585,57406,57428,2.0,False,proximity_intent_debt,0,False,False,CF,recovery_press,low_block
1899585,57430,57453,2.55,False,proximity_intent_debt,0,False,False,CB,pressure,low_block
1899585,57638,57678,2.19,False,proximity_intent_debt,0,False,False,LF,recovery_press,chaotic
1899585,57679,57716,1.34,False,proximity_intent_debt,0,True,False,LW,pressure,low_block
1899585,57783,57799,1.63,True,proximity_intent_debt,1,True,False,LB,pressure,low_block
1899585,59162,59226,2.16,False,proximity_intent_debt,0,False,False,LW,counter_press,medium_block
1899585,59227,59241,2.05,False,proximity_intent_debt,0,False,False,RM,other,medium_block
1925299,471,477,1.59,False,proximity_intent_debt,0,False,False,LW,pressure,low_block
1925299,479,537,2.35,False,proximity_intent_debt,0,False,False,LB,other,low_block
1925299,539,567,2.12,True,proximity_intent_debt,1,False,False,LB,recovery_press,low_block
1925299,1245,1272,2.69,False,proximity_intent_debt,0,False,False,LDM,counter_press,high_block
1925299,1263,1272,2.73,False,proximity_intent_debt,0,False,False,AM,counter_press,high_block
1925299,4455,4465,1.22,False,proximity_intent_debt,0,False,False,CF,other,low_block
1925299,4934,4934,2.21,False,proximity_intent_debt,0,False,False,RDM,other,disruption
1925299,4943,4945,2.95,False,proximity_intent_debt,0,False,False,CF,other,disruption
1925299,4947,4969,1.64,False,proximity_intent_debt,0,False,False,LW,pressure,chaotic
1925299,5385,5389,2.88,False,proximity_intent_debt,0,False,False,RW,other,medium_block
1925299,5660,5669,1.61,False,proximity_intent_debt,0,False,False,CF,other,chaotic
1925299,5660,5669,2.51,False,proximity_intent_debt,0,False,False,LW,pressure,chaotic
1925299,6699,6738,1.63,False,proximity_intent_debt,0,False,False,RCB,recovery_press,medium_block
1925299,6916,6939,1.22,False,proximity_intent_debt,0,False,False,RDM,other,low_block
1925299,7012,7034,2.75,False,proximity_intent_debt,0,False,False,LDM,recovery_press,low_block
1925299,8536,8561,1.85,False,proximity_intent_debt,0,False,False,RDM,other,chaotic
1925299,8563,8573,1.27,False,proximity_intent_debt,0,False,False,LCB,other,chaotic
1925299,8776,8777,1.53,False,proximity_intent_debt,0,False,False,RW,other,defending_quick_break
1925299,8983,8995,1.55,False,proximity_intent_debt,0,False,False,LM,recovery_press,low_block
1925299,11972,11976,1.5,False,proximity_intent_debt,0,False,False,AM,pressing,high_block
1925299,11978,12001,1.0,False,proximity_intent_debt,0,False,False,LB,other,high_block
1925299,12002,12013,2.67,False,proximity_intent_debt,0,False,False,RW,other,chaotic
1925299,12138,12142,1.97,False,proximity_intent_debt,0,False,False,RW,pressing,medium_block
1925299,12249,12249,1.84,False,proximity_intent_debt,0,False,False,LW,other,medium_block
1925299,13182,13216,0.81,False,proximity_intent_debt,0,False,False,LW,counter_press,medium_block
1925299,17784,17803,2.37,True,proximity_intent_debt,1,False,False,LM,recovery_press,low_block
1925299,20400,20459,2.2,False,proximity_intent_debt,0,False,False,CF,counter_press,high_block
1925299,20524,20547,1.76,False,proximity_intent_debt,0,False,False,RB,other,chaotic
1925299,20653,20688,1.64,False,proximity_intent_debt,0,False,False,RW,recovery_press,chaotic
1925299,20775,20786,2.64,False,proximity_intent_debt,0,False,False,RB,counter_press,medium_block
1925299,23137,23145,2.47,False,proximity_intent_debt,0,False,False,CF,other,medium_block
1925299,23575,23582,2.56,False,proximity_intent_debt,0,False,False,RDM,pressure,low_block
1925299,23645,23671,2.54,True,proximity_intent_debt,1,False,False,LCB,recovery_press,chaotic
1925299,23660,23671,2.15,False,proximity_intent_debt,0,False,False,LB,recovery_press,chaotic
1925299,24126,24141,2.45,False,proximity_intent_debt,0,False,False,LM,other,low_block
1925299,24456,24481,1.55,False,proximity_intent_debt,0,False,False,RCB,other,low_block
1925299,26766,26821,1.43,False,proximity_intent_debt,0,False,False,RW,counter_press,high_block
1925299,27095,27114,1.91,False,proximity_intent_debt,0,False,False,LB,other,low_block
1925299,27122,27133,1.24,False,proximity_intent_debt,0,False,False,LB,other,low_block
1925299,27135,27204,1.05,False,proximity_intent_debt,0,False,False,LCB,other,low_block
1925299,27601,27615,1.11,False,proximity_intent_debt,0,False,False,LW,other,medium_block
1925299,29540,29578,1.14,False,proximity_intent_debt,0,False,False,RW,other,chaotic
1925299,29772,29791,2.98,False,proximity_intent_debt,0,False,False,LB,pressure,chaotic
1925299,29793,29809,2.84,False,proximity_intent_debt,0,False,False,RM,other,low_block
1925299,29867,29873,1.81,False,proximity_intent_debt,0,False,False,CF,other,chaotic
1925299,29918,29920,2.9,False,proximity_intent_debt,0,False,False,AM,other,chaotic
1925299,30974,30977,2.41,False,proximity_intent_debt,0,False,False,LW,other,low_block
1925299,31280,31297,1.65,False,proximity_intent_debt,0,False,False,LB,recovery_press,chaotic
1925299,31299,31318,2.63,False,proximity_intent_debt,0,False,False,RDM,other,chaotic
1925299,31822,31837,2.65,False,proximity_intent_debt,0,False,False,LW,recovery_press,low_block
1925299,31839,31850,1.99,False,proximity_intent_debt,0,False,False,LB,other,low_block
1925299,31839,31850,3.0,False,proximity_intent_debt,0,False,False,LW,recovery_press,low_block
1925299,32010,32025,1.68,False,proximity_intent_debt,0,False,False,LB,other,low_block
1925299,33734,33745,0.44,False,proximity_intent_debt,0,False,False,LCB,other,chaotic
1925299,33932,33949,2.62,False,proximity_intent_debt,0,False,False,RB,other,chaotic
1925299,35007,35012,2.63,False,proximity_intent_debt,0,True,False,LCB,other,defending_quick_break
1925299,35007,35012,2.84,False,proximity_intent_debt,0,True,False,RCB,other,defending_quick_break
1925299,36061,36084,2.33,False,proximity_intent_debt,0,False,False,RW,counter_press,high_block
1925299,37215,37216,2.65,False,proximity_intent_debt,0,False,False,RW,other,medium_block
1925299,37326,37347,2.9,False,proximity_intent_debt,0,False,False,LCB,pressure,low_block
1925299,39467,39468,2.43,False,proximity_intent_debt,0,False,False,LM,other,low_block
1925299,39470,39473,1.67,False,proximity_intent_debt,0,False,False,CF,recovery_press,low_block
1925299,39719,39740,1.12,False,proximity_intent_debt,0,False,False,LDM,other,medium_block
1925299,39934,39950,2.31,False,proximity_intent_debt,0,False,False,LB,pressure,low_block
1925299,43566,43585,2.98,False,proximity_intent_debt,0,False,False,RDM,pressure,low_block
1925299,44277,44283,6.25,True,proximity_intent_debt,0,True,True,LB,recovery_press,low_block
1925299,46491,46497,2.53,False,proximity_intent_debt,0,True,False,RM,other,low_block
1925299,47056,47078,1.43,True,proximity_intent_debt,1,False,False,LW,recovery_press,low_block
1925299,47080,47113,2.19,False,proximity_intent_debt,0,False,False,RW,recovery_press,low_block
1925299,47551,47580,2.93,False,proximity_intent_debt,0,False,False,AM,recovery_press,chaotic
1925299,47997,48015,2.18,False,proximity_intent_debt,0,False,False,LM,pressure,chaotic
1925299,48036,48041,2.62,False,proximity_intent_debt,0,False,False,CF,other,chaotic
1925299,48092,48124,0.4,False,proximity_intent_debt,0,False,False,RW,recovery_press,chaotic
1925299,48311,48314,2.72,False,proximity_intent_debt,0,False,False,LM,other,low_block
1925299,48316,48335,2.91,False,proximity_intent_debt,0,False,False,RW,other,disruption
1925299,48337,48341,2.64,False,proximity_intent_debt,0,False,False,LW,other,disruption
1925299,48346,48379,1.56,False,proximity_intent_debt,0,False,False,LB,other,low_block
1925299,49642,49664,0.88,False,proximity_intent_debt,0,False,False,LDM,other,medium_block
1925299,50243,50246,2.39,False,proximity_intent_debt,0,False,False,AM,recovery_press,low_block
1925299,50523,50547,2.67,True,proximity_intent_debt,1,True,False,LW,recovery_press,defending_quick_break
1925299,51867,51881,0.68,True,proximity_intent_debt,1,False,False,LB,recovery_press,low_block
1925299,53119,53163,1.33,False,proximity_intent_debt,0,False,False,LCB,other,defending_set_play
1925299,53120,53163,2.94,False,proximity_intent_debt,0,False,False,RW,other,defending_set_play
1925299,53475,53527,1.09,False,proximity_intent_debt,0,False,False,LW,other,chaotic
1925299,53529,53577,1.47,False,proximity_intent_debt,0,False,False,RW,other,medium_block
1925299,53919,53927,2.92,False,proximity_intent_debt,0,False,False,RDM,pressure,chaotic
1925299,53928,53942,2.07,False,proximity_intent_debt,0,False,False,CF,counter_press,high_block
1925299,53986,54010,2.71,False,proximity_intent_debt,0,False,False,RM,recovery_press,medium_block
1925299,54011,54032,0.89,False,proximity_intent_debt,0,False,False,CF,other,medium_block
1925299,54612,54613,2.86,False,proximity_intent_debt,0,False,False,LM,pressure,low_block
1925299,55984,56026,0.51,False,proximity_intent_debt,0,False,False,CF,other,high_block
1925299,56749,56764,1.93,False,proximity_intent_debt,0,True,False,LW,pressure,defending_set_play
1925299,56766,56787,1.11,False,proximity_intent_debt,0,True,False,LW,other,defending_set_play
1925299,56783,56787,2.58,False,proximity_intent_debt,0,True,False,RB,other,defending_set_play
1925299,57025,57038,2.38,False,proximity_intent_debt,0,True,False,RDM,other,defending_quick_break
1925299,57338,57379,0.59,False,proximity_intent_debt,0,False,False,RW,other,chaotic
1925299,58251,58262,1.89,False,proximity_intent_debt,0,False,False,LB,other,low_block
1925299,60102,60138,1.7,False,proximity_intent_debt,0,False,False,CF,recovery_press,low_block
1925299,61111,61134,2.5,False,proximity_intent_debt,0,False,False,RDM,other,high_block
1925299,61136,61156,2.59,False,proximity_intent_debt,0,False,False,LDM,other,high_block
1927964,92,155,2.34,False,proximity_intent_debt,0,False,False,RM,other,medium_block
1927964,1241,1305,5.15,True,proximity_intent_debt,0,False,False,LB,other,low_block
1927964,2411,2469,3.96,True,proximity_intent_debt,0,False,False,LB,recovery_press,defending_direct
1927964,4024,4036,1.9,False,proximity_intent_debt,0,False,False,RCB,other,low_block
1927964,4063,4089,2.53,False,proximity_intent_debt,0,False,False,RW,recovery_press,chaotic
1927964,4090,4108,0.63,False,proximity_intent_debt,0,False,False,LM,counter_press,medium_block
1927964,4620,4627,2.9,False,proximity_intent_debt,0,True,False,RM,other,low_block
1927964,5446,5501,2.67,False,proximity_intent_debt,0,True,True,RCB,recovery_press,defending_transition
1927964,5547,5551,2.63,True,proximity_intent_debt,1,True,True,LM,recovery_press,defending_transition
1927964,6486,6490,2.96,False,proximity_intent_debt,0,False,False,LW,recovery_press,medium_block
1927964,8536,8552,4.44,True,proximity_intent_debt,0,False,False,RCB,recovery_press,low_block
1927964,10006,10048,1.83,False,proximity_intent_debt,0,True,False,CB,recovery_press,low_block
1927964,10713,10736,2.1,False,proximity_intent_debt,0,False,False,CF,counter_press,medium_block
1927964,11029,11035,2.17,False,proximity_intent_debt,0,False,False,LWB,pressure,medium_block
1927964,11469,11495,0.85,False,proximity_intent_debt,0,False,False,LWB,other,medium_block
1927964,11496,11497,1.94,False,proximity_intent_debt,0,False,False,RW,other,chaotic
1927964,11514,11537,2.49,False,proximity_intent_debt,0,False,False,CF,pressure,chaotic
1927964,12698,12722,1.4,False,proximity_intent_debt,0,False,False,LCB,other,medium_block
1927964,15468,15503,0.97,False,proximity_intent_debt,0,False,False,LM,other,low_block
1927964,15695,15722,1.26,False,proximity_intent_debt,0,False,False,RB,counter_press,medium_block
1927964,15901,15916,2.14,False,proximity_intent_debt,0,False,False,LCB,pressure,low_block
1927964,15937,15968,0.92,False,proximity_intent_debt,0,False,False,LB,other,low_block
1927964,16635,16643,2.98,False,proximity_intent_debt,0,False,False,RM,recovery_press,low_block
1927964,16760,16765,2.29,False,proximity_intent_debt,0,False,False,RWB,pressure,low_block
1927964,16782,16802,1.56,False,proximity_intent_debt,0,False,False,RWB,other,low_block
1927964,17381,17423,1.77,False,proximity_intent_debt,0,False,False,LCB,other,chaotic
1927964,19349,19363,2.19,False,proximity_intent_debt,0,False,False,CB,pressure,low_block
1927964,19380,19400,2.6,False,proximity_intent_debt,0,False,False,RM,recovery_press,low_block
1927964,19406,19408,2.23,False,proximity_intent_debt,0,False,False,CF,other,medium_block
1927964,20661,20666,2.86,False,proximity_intent_debt,0,False,False,RW,counter_press,high_block
1927964,22565,22579,2.09,False,proximity_intent_debt,0,False,False,RM,other,chaotic
1927964,24366,24392,1.53,False,proximity_intent_debt,0,False,False,CF,pressure,chaotic
1927964,24713,24736,1.5,False,proximity_intent_debt,0,False,False,CF,recovery_press,medium_block
1927964,24818,24837,1.9,False,proximity_intent_debt,0,False,False,RM,recovery_press,medium_block
1927964,25524,25524,0.72,False,proximity_intent_debt,0,False,False,LM,other,chaotic
1927964,26418,26439,1.36,False,proximity_intent_debt,0,False,False,RM,other,chaotic
1927964,26728,26762,2.82,False,proximity_intent_debt,0,False,False,LB,pressing,medium_block
1927964,27211,27264,2.88,False,proximity_intent_debt,0,False,False,CF,recovery_press,low_block
1927964,28508,28510,2.47,False,proximity_intent_debt,0,False,False,CF,recovery_press,chaotic
1927964,28540,28546,1.62,False,proximity_intent_debt,0,False,False,LW,counter_press,medium_block
1927964,28868,28881,2.88,False,proximity_intent_debt,0,False,False,CB,pressing,medium_block
1927964,29165,29201,1.24,False,proximity_intent_debt,0,False,False,RW,other,chaotic
1927964,30644,30656,2.63,False,proximity_intent_debt,0,False,False,LW,recovery_press,disruption
1927964,30658,30704,1.14,False,proximity_intent_debt,0,False,False,RW,other,chaotic
1927964,31613,31621,0.41,False,proximity_intent_debt,0,False,False,RM,other,medium_block
1927964,32908,32923,2.39,False,proximity_intent_debt,0,False,False,RM,recovery_press,low_block
1927964,32996,33001,3.0,False,proximity_intent_debt,0,True,False,RM,pressure,low_block
1927964,34189,34194,2.35,False,proximity_intent_debt,0,False,False,RM,pressure,low_block
1927964,34790,34814,1.24,False,proximity_intent_debt,0,False,False,CF,counter_press,medium_block
1927964,34986,35034,1.93,False,proximity_intent_debt,0,True,False,RW,pressure,low_block
1927964,36601,36616,1.51,True,proximity_intent_debt,1,True,True,LCB,recovery_press,defending_quick_break
1927964,37910,37926,2.59,False,proximity_intent_debt,0,True,False,RCB,pressure,low_block
1927964,37920,37927,2.72,False,proximity_intent_debt,0,True,False,RWB,other,low_block
1927964,38006,38009,1.77,False,proximity_intent_debt,0,True,False,CB,other,low_block
1927964,38418,38440,0.55,False,proximity_intent_debt,0,False,False,RB,pressing,medium_block
1927964,40304,40308,2.55,False,proximity_intent_debt,0,False,False,RCB,pressing,medium_block
1927964,40659,40682,2.09,False,proximity_intent_debt,0,True,False,RW,recovery_press,low_block
1927964,40786,40792,3.09,True,proximity_intent_debt,0,True,True,CB,other,low_block
1927964,40786,40792,2.77,False,proximity_intent_debt,0,True,True,RW,recovery_press,low_block
1927964,44013,44013,1.61,False,proximity_intent_debt,0,False,False,RM,counter_press,defending_transition
1927964,44040,44042,2.99,False,proximity_intent_debt,0,False,False,CF,counter_press,defending_transition
1927964,45129,45212,1.72,False,proximity_intent_debt,0,True,False,RWB,recovery_press,medium_block
1927964,45264,45277,5.22,True,proximity_intent_debt,0,True,False,LCB,recovery_press,low_block
1927964,46590,46601,2.24,False,proximity_intent_debt,0,True,False,LB,other,low_block
1927964,46603,46611,3.8,True,proximity_intent_debt,0,True,False,DM,recovery_press,low_block
1927964,47153,47167,2.0,False,proximity_intent_debt,0,False,False,LW,counter_press,high_block
1927964,48229,48288,2.44,True,proximity_intent_debt,1,False,False,RW,recovery_press,low_block
1927964,48484,48485,2.24,False,proximity_intent_debt,0,False,False,CF,other,high_block
1927964,48787,48813,1.17,False,proximity_intent_debt,0,False,False,DM,other,chaotic
1927964,49305,49315,1.89,False,proximity_intent_debt,0,False,False,CF,other,medium_block
1927964,49441,49453,2.15,False,proximity_intent_debt,0,False,False,LW,other,chaotic
1927964,50289,50299,2.24,False,proximity_intent_debt,0,False,False,LM,pressing,medium_block
1927964,51144,51158,2.38,False,proximity_intent_debt,0,False,False,RWB,pressing,high_block
1927964,51534,51541,1.18,False,proximity_intent_debt,0,False,False,LB,other,defending_transition
1927964,51605,51612,2.69,False,proximity_intent_debt,0,False,False,LCB,recovery_press,defending_transition
1927964,52511,52524,2.94,False,proximity_intent_debt,0,False,False,RW,other,low_block
1927964,52959,52966,2.71,False,proximity_intent_debt,0,False,False,LM,other,defending_quick_break
1927964,52968,52987,2.59,True,proximity_intent_debt,1,False,False,RCB,other,defending_quick_break
1927964,52983,52987,2.93,False,proximity_intent_debt,0,False,False,DM,other,defending_quick_break
1927964,53360,53369,2.21,False,proximity_intent_debt,0,False,False,RM,pressure,chaotic
1927964,53669,53700,2.09,False,proximity_intent_debt,0,False,False,CF,other,high_block
1927964,54890,54925,1.5,False,proximity_intent_debt,0,False,False,LW,recovery_press,chaotic
1927964,55602,55606,2.55,False,proximity_intent_debt,0,False,False,LM,counter_press,defending_transition
1927964,56157,56185,0.34,False,proximity_intent_debt,0,False,False,RCB,other,low_block
1927964,56887,56907,2.5,False,proximity_intent_debt,0,False,False,RW,other,chaotic
1927964,57052,57062,1.66,False,proximity_intent_debt,0,True,False,LB,other,defending_quick_break
1927964,57064,57076,2.16,True,proximity_intent_debt,1,True,False,RW,recovery_press,defending_quick_break
1927964,57071,57076,3.31,True,proximity_intent_debt,0,True,False,CB,other,defending_quick_break
1927964,57097,57098,2.2,False,proximity_intent_debt,0,False,False,LW,other,low_block
1953632,493,500,0.85,False,proximity_intent_debt,0,False,False,RF,other,chaotic
1953632,2033,2051,0.86,False,proximity_intent_debt,0,False,False,RWB,other,chaotic
1953632,2052,2061,1.55,False,proximity_intent_debt,0,False,False,LF,other,chaotic
1953632,3536,3539,3.77,True,proximity_intent_debt,0,False,False,RWB,recovery_press,defending_direct
1953632,3556,3560,1.73,False,proximity_intent_debt,0,False,False,LF,counter_press,high_block
1953632,4059,4063,2.26,False,proximity_intent_debt,0,False,False,CF,other,high_block
1953632,5948,5951,1.86,False,proximity_intent_debt,0,False,False,LB,other,chaotic
1953632,7014,7018,2.83,False,proximity_intent_debt,0,False,False,DM,pressing,medium_block
1953632,9215,9230,1.17,False,proximity_intent_debt,0,False,False,RM,other,chaotic
1953632,10494,10552,2.61,False,proximity_intent_debt,0,False,False,LF,counter_press,high_block
1953632,11429,11453,0.65,False,proximity_intent_debt,0,False,False,CB,other,low_block
1953632,11648,11650,1.44,False,proximity_intent_debt,0,False,False,LM,other,medium_block
1953632,11648,11655,1.95,False,proximity_intent_debt,0,False,False,DM,other,medium_block
1953632,12305,12324,1.56,False,proximity_intent_debt,0,False,False,CF,recovery_press,low_block
1953632,14892,14893,2.55,False,proximity_intent_debt,0,False,False,LCB,other,chaotic
1953632,14985,15001,1.87,False,proximity_intent_debt,0,False,False,LM,other,chaotic
1953632,16218,16227,1.84,False,proximity_intent_debt,0,False,False,LM,other,low_block
1953632,18437,18485,1.11,False,proximity_intent_debt,0,False,False,LM,recovery_press,chaotic
1953632,19003,19022,1.22,False,proximity_intent_debt,0,False,False,CB,other,low_block
1953632,22709,22732,1.64,False,proximity_intent_debt,0,False,False,LM,other,medium_block
1953632,22807,22818,1.41,False,proximity_intent_debt,0,False,False,RB,pressing,medium_block
1953632,23144,23155,1.92,False,proximity_intent_debt,0,True,False,CB,other,defending_quick_break
1953632,23216,23229,1.82,False,proximity_intent_debt,0,True,False,RW,recovery_press,defending_quick_break
1953632,24227,24228,1.97,False,proximity_intent_debt,0,False,False,LM,other,chaotic
1953632,25132,25149,2.99,False,proximity_intent_debt,0,False,False,LF,recovery_press,low_block
1953632,25147,25149,2.62,False,proximity_intent_debt,0,False,False,RM,pressure,low_block
1953632,25194,25195,1.33,False,proximity_intent_debt,0,False,False,RCB,other,defending_transition
1953632,27868,27882,0.69,False,proximity_intent_debt,0,False,False,LW,other,low_block
1953632,28043,28083,1.18,False,proximity_intent_debt,0,False,False,RM,other,high_block
1953632,30749,30760,1.93,False,proximity_intent_debt,0,False,False,LM,pressing,medium_block
1953632,32075,32086,2.96,False,proximity_intent_debt,0,False,False,LWB,pressure,low_block
1953632,32613,32645,2.14,False,proximity_intent_debt,0,False,False,RCB,other,medium_block
1953632,32646,32689,1.35,False,proximity_intent_debt,0,False,False,LF,other,medium_block
1953632,33052,33092,0.66,False,proximity_intent_debt,0,False,False,LF,other,chaotic
1953632,33879,33937,2.46,False,proximity_intent_debt,0,False,False,DM,pressure,low_block
1953632,34950,34980,0.25,False,proximity_intent_debt,0,False,False,RCB,other,chaotic
1953632,36400,36406,2.9,False,proximity_intent_debt,0,False,False,LF,pressure,medium_block
1953632,36736,36736,2.29,False,proximity_intent_debt,0,False,False,LW,other,chaotic
1953632,38531,38550,1.89,False,proximity_intent_debt,0,False,False,RM,counter_press,high_block
1953632,40263,40272,1.19,False,proximity_intent_debt,0,False,False,LCB,pressing,medium_block
1953632,40311,40326,2.82,False,proximity_intent_debt,0,False,False,DM,counter_press,medium_block
1953632,40568,40586,0.33,False,proximity_intent_debt,0,True,False,RF,other,defending_quick_break
1953632,41120,41153,2.66,False,proximity_intent_debt,0,False,False,RM,pressure,chaotic
1953632,41372,41404,1.53,False,proximity_intent_debt,0,False,False,LM,recovery_press,low_block
1953632,44775,44822,5.33,True,proximity_intent_debt,0,False,False,LCB,recovery_press,defending_transition
1953632,47583,47589,2.93,False,proximity_intent_debt,0,False,False,RB,counter_press,medium_block
1953632,47757,47781,1.65,False,proximity_intent_debt,0,False,False,RW,other,chaotic
1953632,49134,49153,1.23,False,proximity_intent_debt,0,False,False,RW,counter_press,medium_block
1953632,49909,49910,2.76,False,proximity_intent_debt,0,True,False,LW,other,defending_set_play
1953632,49911,49913,2.82,False,proximity_intent_debt,0,True,False,CB,other,defending_set_play
1953632,49911,49921,2.55,False,proximity_intent_debt,0,True,False,LW,other,defending_set_play
1953632,49911,49921,2.39,False,proximity_intent_debt,0,True,False,RW,other,defending_set_play
1953632,50649,50682,1.64,False,proximity_intent_debt,0,False,False,RCB,counter_press,medium_block
1953632,50674,50682,2.56,False,proximity_intent_debt,0,False,False,LF,counter_press,medium_block
1953632,53531,53535,2.96,False,proximity_intent_debt,0,False,False,RM,recovery_press,medium_block
1953632,54336,54355,2.78,False,proximity_intent_debt,0,False,False,RCB,pressure,low_block
1953632,54369,54395,2.88,False,proximity_intent_debt,0,False,False,RCB,pressure,low_block
1953632,55270,55277,2.37,False,proximity_intent_debt,0,True,False,LW,other,low_block
1953632,55749,55816,2.54,True,proximity_intent_debt,1,False,False,CB,pressure,low_block
1953632,56253,56280,1.04,False,proximity_intent_debt,0,False,False,LW,other,low_block
1953632,56401,56407,2.79,False,proximity_intent_debt,0,False,False,LW,recovery_press,low_block
1953632,56902,56907,2.73,False,proximity_intent_debt,0,False,False,RCB,pressure,low_block
1953632,57892,57930,1.11,False,proximity_intent_debt,0,False,False,RM,recovery_press,medium_block
1953632,57962,57988,2.42,False,proximity_intent_debt,0,False,False,RWB,other,chaotic
1959846,511,522,2.74,False,proximity_intent_debt,0,False,False,LW,other,chaotic
1959846,523,534,0.6,False,proximity_intent_debt,0,False,False,RM,other,chaotic
1959846,535,551,1.83,False,proximity_intent_debt,0,False,False,RB,pressure,chaotic
1959846,847,848,1.96,False,proximity_intent_debt,0,False,False,RB,counter_press,medium_block
1959846,1364,1377,0.66,False,proximity_intent_debt,0,False,False,CF,other,chaotic
1959846,1700,1705,2.88,False,proximity_intent_debt,0,False,False,RM,other,chaotic
1959846,1730,1730,3.0,False,proximity_intent_debt,0,False,False,LW,other,chaotic
1959846,1821,1835,2.83,False,proximity_intent_debt,0,False,False,RM,pressure,medium_block
1959846,3497,3505,1.91,False,proximity_intent_debt,0,True,False,CF,counter_press,defending_quick_break
1959846,4002,4026,1.15,True,proximity_intent_debt,1,True,True,RCB,recovery_press,low_block
1959846,4002,4026,2.31,True,proximity_intent_debt,1,True,True,RW,recovery_press,low_block
1959846,4806,4832,1.8,False,proximity_intent_debt,0,False,False,LW,recovery_press,chaotic
1959846,5312,5318,5.27,True,proximity_intent_debt,0,True,False,RB,recovery_press,low_block
1959846,6085,6109,1.15,False,proximity_intent_debt,0,True,False,RCB,recovery_press,low_block
1959846,7968,7985,1.09,False,proximity_intent_debt,0,False,False,CF,counter_press,high_block
1959846,8011,8020,2.94,False,proximity_intent_debt,0,False,False,RM,counter_press,high_block
1959846,8022,8040,1.71,False,proximity_intent_debt,0,False,False,RB,recovery_press,medium_block
1959846,8041,8049,0.85,False,proximity_intent_debt,0,False,False,LW,other,defending_quick_break
1959846,8235,8255,1.17,False,proximity_intent_debt,0,True,False,LCB,other,low_block
1959846,8238,8255,2.27,False,proximity_intent_debt,0,True,False,LM,recovery_press,low_block
1959846,8257,8282,3.42,True,proximity_intent_debt,0,True,False,RCB,other,low_block
1959846,9081,9088,2.78,False,proximity_intent_debt,0,True,True,CF,recovery_press,low_block
1959846,9108,9114,1.69,False,proximity_intent_debt,0,True,True,RCB,other,low_block
1959846,10544,10548,2.81,False,proximity_intent_debt,0,False,False,LW,counter_press,defending_transition
1959846,10561,10582,2.27,False,proximity_intent_debt,0,False,False,LM,counter_press,defending_transition
1959846,10630,10648,1.64,False,proximity_intent_debt,0,False,False,LW,other,defending_transition
1959846,11041,11083,1.34,True,proximity_intent_debt,1,True,False,LB,other,low_block
1959846,12825,12850,2.08,True,proximity_intent_debt,1,False,False,RW,recovery_press,low_block
1959846,13862,13883,2.81,False,proximity_intent_debt,0,False,False,LB,pressure,low_block
1959846,15523,15549,2.26,False,proximity_intent_debt,0,False,False,RB,other,low_block
1959846,15550,15561,0.68,False,proximity_intent_debt,0,False,False,LW,other,medium_block
1959846,15563,15592,1.89,False,proximity_intent_debt,0,False,False,LW,counter_press,medium_block
1959846,15941,15960,1.01,False,proximity_intent_debt,0,False,False,CF,other,disruption
1959846,15979,15986,1.98,False,proximity_intent_debt,0,True,False,RCB,pressure,low_block
1959846,18688,18720,2.39,False,proximity_intent_debt,0,True,False,RM,pressure,defending_quick_break
1959846,19014,19038,1.45,False,proximity_intent_debt,0,False,False,LW,counter_press,defending_quick_break
1959846,19040,19060,2.85,False,proximity_intent_debt,0,False,False,CF,counter_press,defending_quick_break
1959846,19163,19214,0.91,False,proximity_intent_debt,0,False,False,RW,other,medium_block
1959846,19272,19279,2.14,False,proximity_intent_debt,0,False,False,LCB,pressure,defending_quick_break
1959846,20356,20377,2.26,False,proximity_intent_debt,0,False,False,LW,other,chaotic
1959846,20451,20482,5.92,True,proximity_intent_debt,0,True,False,LB,recovery_press,low_block
1959846,20777,20787,1.4,False,proximity_intent_debt,0,True,False,RCB,other,low_block
1959846,21268,21269,1.4,False,proximity_intent_debt,0,False,False,LM,other,chaotic
1959846,21598,21613,1.62,True,proximity_intent_debt,1,False,False,LM,recovery_press,low_block
1959846,24282,24340,0.48,False,proximity_intent_debt,0,False,False,RCB,pressing,medium_block
1959846,24630,24648,2.93,False,proximity_intent_debt,0,False,False,LCB,pressure,low_block
1959846,25949,26011,2.17,False,proximity_intent_debt,0,False,False,LW,other,high_block
1959846,26486,26495,2.37,False,proximity_intent_debt,0,False,False,RW,recovery_press,high_block
1959846,27282,27289,1.3,False,proximity_intent_debt,0,False,False,LB,other,low_block
1959846,27309,27330,1.23,False,proximity_intent_debt,0,False,False,LM,recovery_press,low_block
1959846,27461,27468,2.64,False,proximity_intent_debt,0,False,False,CF,pressure,low_block
1959846,27781,27797,1.32,False,proximity_intent_debt,0,False,False,RCB,pressing,medium_block
1959846,29215,29217,2.85,False,proximity_intent_debt,0,False,False,RCB,other,defending_set_play
1959846,29215,29239,2.53,False,proximity_intent_debt,0,False,False,RB,other,defending_set_play
1959846,29306,29311,0.59,False,proximity_intent_debt,0,True,False,RW,recovery_press,defending_set_play
1959846,29313,29351,0.81,True,proximity_intent_debt,1,True,False,CF,other,low_block
1959846,30044,30063,1.7,False,proximity_intent_debt,0,False,False,RB,other,low_block
1959846,30100,30152,2.48,False,proximity_intent_debt,0,True,False,LB,pressure,low_block
1959846,30184,30222,4.54,True,proximity_intent_debt,0,True,False,RM,recovery_press,low_block
1959846,30237,30243,1.04,True,proximity_intent_debt,1,True,False,LCB,pressure,low_block
1959846,31146,31148,2.92,False,proximity_intent_debt,0,False,False,LW,other,low_block
1959846,31170,31233,2.22,False,proximity_intent_debt,0,False,False,LM,other,defending_transition
1959846,31324,31350,2.58,True,proximity_intent_debt,1,True,False,RCB,other,low_block
1959846,31790,31803,1.76,False,proximity_intent_debt,0,False,False,LB,pressure,chaotic
1959846,33942,33951,0.45,False,proximity_intent_debt,0,False,False,LM,counter_press,medium_block
1959846,35650,35675,0.75,False,proximity_intent_debt,0,False,False,RCB,other,medium_block
1959846,35711,35753,4.23,True,proximity_intent_debt,0,False,False,LCB,recovery_press,low_block
1959846,35761,35763,2.29,False,proximity_intent_debt,0,False,False,RCB,recovery_press,low_block
1959846,35988,36017,0.63,False,proximity_intent_debt,0,False,False,RCB,other,low_block
1959846,37041,37063,2.06,False,proximity_intent_debt,0,False,False,LB,pressure,low_block
1959846,37041,37063,0.74,False,proximity_intent_debt,0,False,False,LM,other,low_block
1959846,37056,37063,2.76,False,proximity_intent_debt,0,False,False,LW,other,low_block
1959846,37288,37299,2.94,False,proximity_intent_debt,0,False,False,LB,recovery_press,low_block
1959846,38321,38342,2.01,False,proximity_intent_debt,0,False,False,RCB,recovery_press,low_block
1959846,38321,38353,2.92,False,proximity_intent_debt,0,False,False,LB,other,low_block
1959846,38848,38853,2.16,False,proximity_intent_debt,0,True,False,LCB,pressure,low_block
1959846,38848,38865,1.19,False,proximity_intent_debt,0,True,False,RCB,pressure,low_block
1959846,38866,38867,2.52,False,proximity_intent_debt,0,True,False,RCB,other,low_block
1959846,38866,38867,2.91,False,proximity_intent_debt,0,True,False,RW,other,low_block
1959846,38905,38906,6.67,True,proximity_intent_debt,0,True,False,LB,recovery_press,low_block
1959846,38908,38911,1.34,True,proximity_intent_debt,1,True,False,LCB,other,low_block
1959846,39075,39085,2.44,False,proximity_intent_debt,0,False,False,LCB,pressure,low_block
1959846,40000,40017,0.93,False,proximity_intent_debt,0,True,False,LW,recovery_press,low_block
1959846,40522,40540,2.85,False,proximity_intent_debt,0,False,False,RM,pressing,high_block
1959846,40548,40556,2.57,False,proximity_intent_debt,0,False,False,CF,other,high_block
1959846,40653,40672,2.02,False,proximity_intent_debt,0,False,False,CF,other,low_block
1959846,41100,41117,2.28,False,proximity_intent_debt,0,False,False,RW,other,disruption
1959846,41122,41138,2.18,False,proximity_intent_debt,0,True,False,CF,other,defending_set_play
1959846,41592,41593,2.06,False,proximity_intent_debt,0,False,False,RM,recovery_press,defending_quick_break
1959846,41594,41595,2.55,False,proximity_intent_debt,0,False,False,RW,pressure,chaotic
1959846,41594,41614,1.6,False,proximity_intent_debt,0,False,False,CF,other,chaotic
1959846,41945,41952,2.33,False,proximity_intent_debt,0,False,False,RM,recovery_press,low_block
1959846,42091,42101,2.94,False,proximity_intent_debt,0,False,False,RM,counter_press,defending_transition
1959846,42150,42200,2.9,False,proximity_intent_debt,0,True,True,LB,recovery_press,defending_transition
1959846,43506,43514,2.79,False,proximity_intent_debt,0,False,False,RB,pressure,low_block
1959846,43661,43698,1.22,False,proximity_intent_debt,0,False,False,RW,other,low_block
1959846,43700,43750,3.0,False,proximity_intent_debt,0,False,False,RW,pressure,low_block
1959846,43776,43791,2.31,False,proximity_intent_debt,0,False,False,RM,other,defending_transition
1959846,43886,43906,2.52,False,proximity_intent_debt,0,False,False,CF,other,defending_transition
1959846,44188,44189,0.58,False,proximity_intent_debt,0,False,False,LM,other,defending_transition
1959846,44263,44308,1.87,False,proximity_intent_debt,0,False,False,LW,counter_press,high_block
1959846,44989,45000,2.72,False,proximity_intent_debt,0,False,False,LW,other,defending_transition
1959846,45028,45035,2.0,False,proximity_intent_debt,0,False,False,RCB,recovery_press,defending_transition
1959846,45037,45053,2.04,False,proximity_intent_debt,0,False,False,RM,recovery_press,defending_transition
1959846,45357,45374,1.95,False,proximity_intent_debt,0,False,False,CF,other,defending_transition
1959846,46780,46788,2.03,False,proximity_intent_debt,0,False,False,LCB,pressing,medium_block
1959846,49172,49197,2.92,False,proximity_intent_debt,0,False,False,RM,recovery_press,low_block
1959846,49798,49820,1.63,False,proximity_intent_debt,0,False,False,CF,counter_press,high_block
1959846,51101,51124,1.74,False,proximity_intent_debt,0,False,False,LB,pressing,medium_block
1959846,51236,51250,1.92,False,proximity_intent_debt,0,False,False,RM,pressure,low_block
1959846,51335,51351,2.1,False,proximity_intent_debt,0,False,False,LW,other,high_block
1959846,51520,51534,2.16,False,proximity_intent_debt,0,False,False,LCB,other,medium_block
1959846,51796,51797,1.21,False,proximity_intent_debt,0,False,False,LW,counter_press,defending_transition
1959846,51871,51872,2.62,False,proximity_intent_debt,0,False,False,RW,other,medium_block
1959846,52206,52228,0.26,False,proximity_intent_debt,0,False,False,RCB,other,medium_block
1959846,53523,53549,1.72,True,proximity_intent_debt,1,False,False,RM,recovery_press,low_block
1959846,54393,54415,2.89,False,proximity_intent_debt,0,False,False,RM,pressure,low_block
1959846,54546,54558,2.14,False,proximity_intent_debt,0,False,False,RW,other,chaotic
1959846,54670,54732,2.78,False,proximity_intent_debt,0,True,False,LB,pressure,low_block
1959846,56912,56939,2.95,False,proximity_intent_debt,0,False,False,LW,pressure,chaotic
1959846,57279,57285,1.23,False,proximity_intent_debt,0,False,False,RW,other,low_block
1959846,57382,57387,1.0,False,proximity_intent_debt,0,True,True,RB,other,low_block
1959846,57382,57387,1.17,False,proximity_intent_debt,0,True,True,RCB,pressure,low_block
1959846,58186,58227,1.01,False,proximity_intent_debt,0,True,False,RCB,pressure,low_block
1959846,58326,58351,1.48,False,proximity_intent_debt,0,True,False,RB,other,low_block
1959846,58337,58351,2.1,False,proximity_intent_debt,0,True,False,RCB,other,low_block
1986691,290,295,2.31,False,proximity_intent_debt,0,False,False,LW,other,chaotic
1986691,303,309,1.22,False,proximity_intent_debt,0,False,False,RM,pressure,chaotic
1986691,646,662,1.87,False,proximity_intent_debt,0,True,False,LCB,pressure,low_block
1986691,664,687,1.67,True,proximity_intent_debt,1,True,False,RCB,recovery_press,low_block
1986691,1337,1379,5.45,True,proximity_intent_debt,0,False,False,LCB,recovery_press,low_block
1986691,3169,3186,2.53,False,proximity_intent_debt,0,False,False,CF,other,medium_block
1986691,3723,3738,2.38,False,proximity_intent_debt,0,False,False,RM,other,chaotic
1986691,4755,4765,3.18,True,proximity_intent_debt,0,False,False,LCB,recovery_press,disruption
1986691,5382,5436,3.0,False,proximity_intent_debt,0,False,False,RM,recovery_press,medium_block
1986691,5437,5448,2.8,False,proximity_intent_debt,0,False,False,LM,recovery_press,medium_block
1986691,6563,6567,1.44,False,proximity_intent_debt,0,False,False,LB,other,defending_set_play
1986691,6590,6618,1.95,False,proximity_intent_debt,0,False,False,CF,counter_press,defending_transition
1986691,8309,8352,1.34,False,proximity_intent_debt,0,False,False,RW,recovery_press,low_block
1986691,8474,8504,2.51,False,proximity_intent_debt,0,False,False,LB,counter_press,high_block
1986691,8528,8535,1.66,False,proximity_intent_debt,0,False,False,CF,other,low_block
1986691,9641,9651,2.49,False,proximity_intent_debt,0,False,False,RM,pressing,medium_block
1986691,10938,10965,1.36,False,proximity_intent_debt,0,True,False,LW,pressure,low_block
1986691,11485,11511,1.22,False,proximity_intent_debt,0,False,False,RCB,other,low_block
1986691,12744,12759,0.82,False,proximity_intent_debt,0,False,False,LB,recovery_press,low_block
1986691,13047,13057,2.86,False,proximity_intent_debt,0,False,False,RM,recovery_press,medium_block
1986691,13059,13099,1.05,False,proximity_intent_debt,0,False,False,LM,other,low_block
1986691,13548,13552,2.95,False,proximity_intent_debt,0,False,False,LM,recovery_press,chaotic
1986691,13969,14016,1.6,False,proximity_intent_debt,0,False,False,CF,other,chaotic
1986691,14104,14122,1.92,False,proximity_intent_debt,0,False,False,RCB,pressure,low_block
1986691,14104,14122,2.38,False,proximity_intent_debt,0,False,False,LM,recovery_press,low_block
1986691,14411,14415,1.94,False,proximity_intent_debt,0,False,False,LM,pressing,medium_block
1986691,14593,14603,1.08,False,proximity_intent_debt,0,False,False,RM,pressing,medium_block
1986691,15314,15347,2.67,False,proximity_intent_debt,0,False,False,CF,recovery_press,high_block
1986691,15458,15464,2.15,False,proximity_intent_debt,0,True,False,RB,pressure,low_block
1986691,15542,15545,2.9,False,proximity_intent_debt,0,True,False,RB,pressure,low_block
1986691,15542,15561,2.0,False,proximity_intent_debt,0,True,False,CF,pressure,low_block
1986691,16087,16119,1.71,False,proximity_intent_debt,0,False,False,LM,recovery_press,chaotic
1986691,16132,16138,1.87,False,proximity_intent_debt,0,False,False,CF,other,high_block
1986691,16170,16190,1.96,False,proximity_intent_debt,0,False,False,LCB,pressing,medium_block
1986691,16286,16309,2.14,True,proximity_intent_debt,1,False,False,LB,recovery_press,medium_block
1986691,16369,16380,2.7,False,proximity_intent_debt,0,False,False,RW,recovery_press,low_block
1986691,17406,17459,2.31,False,proximity_intent_debt,0,False,False,CF,pressing,medium_block
1986691,17915,17931,0.65,False,proximity_intent_debt,0,False,False,CF,other,chaotic
1986691,18282,18323,0.92,False,proximity_intent_debt,0,False,False,CF,other,chaotic
1986691,18740,18744,2.8,False,proximity_intent_debt,0,False,False,CF,recovery_press,high_block
1986691,18762,18773,0.62,False,proximity_intent_debt,0,True,False,CF,other,defending_quick_break
1986691,18801,18820,2.21,False,proximity_intent_debt,0,True,False,RCB,other,defending_quick_break
1986691,19203,19209,2.22,False,proximity_intent_debt,0,False,False,LW,other,medium_block
1986691,21649,21664,2.92,False,proximity_intent_debt,0,False,False,RCB,other,medium_block
1986691,21666,21681,2.32,False,proximity_intent_debt,0,False,False,RM,recovery_press,low_block
1986691,21707,21712,2.43,False,proximity_intent_debt,0,False,False,RCB,recovery_press,low_block
1986691,21894,21908,2.42,False,proximity_intent_debt,0,False,False,CF,counter_press,medium_block
1986691,22887,22895,2.13,False,proximity_intent_debt,0,False,False,LCB,other,chaotic
1986691,22897,22913,2.8,False,proximity_intent_debt,0,False,False,LM,other,low_block
1986691,23070,23072,2.54,False,proximity_intent_debt,0,False,False,CF,other,defending_quick_break
1986691,24176,24211,0.95,False,proximity_intent_debt,0,False,False,LB,recovery_press,medium_block
1986691,24306,24342,2.84,False,proximity_intent_debt,0,True,False,RW,pressure,low_block
1986691,24344,24353,0.99,False,proximity_intent_debt,0,True,False,LCB,other,low_block
1986691,25543,25592,1.45,False,proximity_intent_debt,0,True,False,LCB,other,defending_set_play
1986691,25695,25720,0.64,False,proximity_intent_debt,0,False,False,LW,other,chaotic
1986691,25721,25725,0.63,False,proximity_intent_debt,0,False,False,RM,other,high_block
1986691,26421,26434,1.05,False,proximity_intent_debt,0,False,False,LCB,other,low_block
1986691,26636,26648,2.68,False,proximity_intent_debt,0,False,False,LM,pressing,medium_block
1986691,28238,28286,2.59,False,proximity_intent_debt,0,False,False,LB,recovery_press,low_block
1986691,28488,28495,0.75,True,proximity_intent_debt,1,True,False,LCB,other,low_block
1986691,29186,29203,0.91,False,proximity_intent_debt,0,False,False,CF,other,chaotic
1986691,29205,29243,2.06,False,proximity_intent_debt,0,False,False,LW,pressure,chaotic
1986691,30403,30421,1.06,False,proximity_intent_debt,0,True,False,RB,other,defending_quick_break
1986691,30562,30592,2.23,False,proximity_intent_debt,0,True,False,LW,pressure,low_block
1986691,30949,30973,2.99,False,proximity_intent_debt,0,False,False,LCB,other,chaotic
1986691,31085,31091,1.04,False,proximity_intent_debt,0,False,False,LM,recovery_press,medium_block
1986691,32921,32934,2.71,False,proximity_intent_debt,0,False,False,RM,recovery_press,low_block
1986691,34361,34361,0.91,False,proximity_intent_debt,0,True,False,RM,other,defending_transition
1986691,34378,34427,2.49,True,proximity_intent_debt,1,True,False,LB,recovery_press,defending_transition
1986691,36406,36414,2.54,False,proximity_intent_debt,0,False,False,LB,other,chaotic
1986691,36946,36960,2.34,False,proximity_intent_debt,0,False,False,CF,counter_press,defending_transition
1986691,37787,37851,1.77,False,proximity_intent_debt,0,False,False,LM,other,medium_block
1986691,38351,38364,1.91,False,proximity_intent_debt,0,False,False,RW,other,low_block
1986691,39523,39553,1.07,False,proximity_intent_debt,0,True,False,LCB,other,low_block
1986691,39555,39558,1.81,False,proximity_intent_debt,0,True,False,CF,other,low_block
1986691,40092,40103,0.82,False,proximity_intent_debt,0,False,False,RM,other,disruption
1986691,40455,40483,1.52,True,proximity_intent_debt,1,False,False,LCB,recovery_press,low_block
1986691,42602,42618,0.76,False,proximity_intent_debt,0,False,False,LW,recovery_press,chaotic
1986691,43613,43622,2.85,False,proximity_intent_debt,0,False,False,CF,other,defending_transition
1986691,43799,43824,0.76,False,proximity_intent_debt,0,True,False,LW,other,defending_quick_break
1986691,44386,44398,2.05,True,proximity_intent_debt,1,True,False,RCB,other,low_block
1986691,45467,45517,0.93,False,proximity_intent_debt,0,False,False,LB,recovery_press,medium_block
1986691,45554,45558,2.83,False,proximity_intent_debt,0,False,False,RCB,pressing,medium_block
1986691,45890,45907,1.89,False,proximity_intent_debt,0,False,False,RW,pressure,low_block
1986691,46364,46377,1.96,False,proximity_intent_debt,0,False,False,LW,counter_press,high_block
1986691,46417,46420,2.94,False,proximity_intent_debt,0,False,False,LM,counter_press,high_block
1986691,48149,48161,1.43,False,proximity_intent_debt,0,False,False,RW,other,medium_block
1986691,50189,50219,1.94,False,proximity_intent_debt,0,False,False,RB,other,chaotic
1986691,50391,50405,1.15,False,proximity_intent_debt,0,False,False,LW,recovery_press,medium_block
1986691,52784,52795,2.3,False,proximity_intent_debt,0,False,False,RM,counter_press,medium_block
1986691,52797,52823,3.0,False,proximity_intent_debt,0,False,False,LCB,counter_press,medium_block
1986691,53042,53049,2.8,False,proximity_intent_debt,0,False,False,CF,other,high_block
1986691,53271,53294,2.9,False,proximity_intent_debt,0,False,False,LCB,pressing,medium_block
1986691,53295,53342,1.9,False,proximity_intent_debt,0,False,False,CF,pressure,chaotic
1986691,53814,53836,2.59,False,proximity_intent_debt,0,False,False,LW,recovery_press,chaotic
1986691,55701,55702,1.53,False,proximity_intent_debt,0,False,False,RM,other,medium_block
1986691,56889,56897,1.85,False,proximity_intent_debt,0,False,False,LCB,other,low_block
1986691,56903,56910,2.7,False,proximity_intent_debt,0,False,False,CF,other,disruption
1986691,57180,57207,2.34,False,proximity_intent_debt,0,False,False,LM,other,low_block
1986691,57482,57492,2.35,True,proximity_intent_debt,1,True,True,RM,recovery_press,low_block
1986691,58597,58613,1.81,False,proximity_intent_debt,0,False,False,RW,counter_press,defending_transition
1986691,58935,58937,2.6,False,proximity_intent_debt,0,False,False,LM,other,low_block
1996435,239,279,2.23,False,proximity_intent_debt,0,False,False,AM,other,chaotic
1996435,275,279,1.95,False,proximity_intent_debt,0,False,False,LW,other,chaotic
1996435,468,473,2.35,False,proximity_intent_debt,0,False,False,AM,recovery_press,medium_block
1996435,847,867,1.63,False,proximity_intent_debt,0,False,False,CF,other,chaotic
1996435,954,967,2.52,False,proximity_intent_debt,0,False,False,RB,other,low_block
1996435,1445,1492,2.28,False,proximity_intent_debt,0,False,False,RW,pressure,low_block
1996435,1494,1513,1.46,False,proximity_intent_debt,0,False,False,RDM,pressure,low_block
1996435,1894,1899,2.37,False,proximity_intent_debt,0,False,False,CF,pressing,medium_block
1996435,1969,1975,1.49,False,proximity_intent_debt,0,False,False,RW,recovery_press,low_block
1996435,2094,2110,2.35,False,proximity_intent_debt,0,False,False,CF,pressure,low_block
1996435,2316,2337,1.02,False,proximity_intent_debt,0,False,False,LDM,pressure,low_block
1996435,3908,3933,1.88,False,proximity_intent_debt,0,False,False,AM,counter_press,medium_block
1996435,4695,4701,0.91,False,proximity_intent_debt,0,False,False,LW,other,high_block
1996435,6563,6571,1.74,False,proximity_intent_debt,0,False,False,LB,pressing,medium_block
1996435,6636,6647,2.89,False,proximity_intent_debt,0,False,False,RB,other,defending_transition
1996435,6649,6681,2.94,False,proximity_intent_debt,0,False,False,RDM,recovery_press,defending_transition
1996435,6849,6856,2.58,False,proximity_intent_debt,0,False,False,RDM,other,chaotic
1996435,6874,6876,2.2,False,proximity_intent_debt,0,False,False,CF,recovery_press,chaotic
1996435,7042,7062,2.66,False,proximity_intent_debt,0,False,False,LDM,pressing,high_block
1996435,7477,7499,1.66,False,proximity_intent_debt,0,False,False,CF,other,high_block
1996435,7596,7635,5.94,True,proximity_intent_debt,0,False,False,LB,recovery_press,low_block
1996435,8301,8307,2.29,False,proximity_intent_debt,0,False,False,LB,pressure,low_block
1996435,8309,8338,1.47,True,proximity_intent_debt,1,False,False,LDM,recovery_press,low_block
1996435,8319,8336,3.34,True,proximity_intent_debt,0,False,False,LW,recovery_press,low_block
1996435,8342,8367,2.38,False,proximity_intent_debt,0,False,False,LCB,pressure,low_block
1996435,9535,9540,1.83,False,proximity_intent_debt,0,False,False,LW,counter_press,high_block
1996435,9877,9890,2.84,False,proximity_intent_debt,0,False,False,LCB,other,medium_block
1996435,10075,10087,1.27,False,proximity_intent_debt,0,False,False,CF,other,chaotic
1996435,10493,10510,2.5,False,proximity_intent_debt,0,False,False,RCB,recovery_press,medium_block
1996435,11438,11458,1.72,False,proximity_intent_debt,0,False,False,LB,pressing,medium_block
1996435,11470,11488,1.0,False,proximity_intent_debt,0,False,False,LCB,pressing,medium_block
1996435,12402,12408,2.26,False,proximity_intent_debt,0,False,False,LW,other,low_block
1996435,13185,13213,1.64,False,proximity_intent_debt,0,False,False,CF,other,defending_transition
1996435,13308,13337,8.71,True,proximity_intent_debt,0,True,False,RDM,other,defending_transition
1996435,13391,13394,2.89,False,proximity_intent_debt,0,True,False,LW,recovery_press,defending_transition
1996435,15888,15946,2.97,False,proximity_intent_debt,0,True,False,AM,other,low_block
1996435,15916,15922,2.63,False,proximity_intent_debt,0,True,False,LW,other,low_block
1996435,17556,17577,1.9,False,proximity_intent_debt,0,False,False,LCB,pressing,medium_block
1996435,17633,17672,7.84,True,proximity_intent_debt,0,False,False,LB,other,low_block
1996435,18843,18867,2.48,False,proximity_intent_debt,0,False,False,LCB,pressing,medium_block
1996435,18962,18978,2.5,False,proximity_intent_debt,0,False,False,CF,other,chaotic
1996435,19880,19881,1.34,False,proximity_intent_debt,0,False,False,RDM,other,low_block
1996435,20040,20065,2.92,False,proximity_intent_debt,0,False,False,RCB,other,low_block
1996435,20614,20669,2.78,False,proximity_intent_debt,0,False,False,RCB,recovery_press,low_block
1996435,20670,20695,0.96,False,proximity_intent_debt,0,False,False,LW,counter_press,high_block
1996435,20719,20726,0.32,False,proximity_intent_debt,0,False,False,LDM,other,low_block
1996435,22379,22387,2.94,False,proximity_intent_debt,0,False,False,CF,pressing,high_block
1996435,22596,22607,1.34,False,proximity_intent_debt,0,False,False,LDM,counter_press,high_block
1996435,22600,22604,2.96,False,proximity_intent_debt,0,False,False,AM,counter_press,high_block
1996435,23016,23018,2.79,False,proximity_intent_debt,0,False,False,RW,recovery_press,low_block
1996435,23497,23517,1.39,False,proximity_intent_debt,0,False,False,LCB,pressing,medium_block
1996435,23518,23519,2.98,False,proximity_intent_debt,0,False,False,CF,other,medium_block
1996435,24413,24422,1.34,False,proximity_intent_debt,0,False,False,LB,pressure,low_block
1996435,25429,25439,2.14,False,proximity_intent_debt,0,False,False,AM,other,chaotic
1996435,25669,25676,2.98,False,proximity_intent_debt,0,False,False,RDM,pressing,high_block
1996435,27401,27407,2.69,False,proximity_intent_debt,0,False,False,LW,counter_press,defending_quick_break
1996435,28170,28188,2.64,False,proximity_intent_debt,0,True,True,LB,recovery_press,high_block
1996435,28190,28199,0.52,True,proximity_intent_debt,1,True,True,RCB,recovery_press,high_block
1996435,29197,29231,7.01,True,proximity_intent_debt,0,False,False,LB,other,defending_transition
1996435,29440,29455,2.83,False,proximity_intent_debt,0,True,False,RDM,pressure,low_block
1996435,29457,29460,2.77,False,proximity_intent_debt,0,True,False,LDM,recovery_press,low_block
1996435,29462,29480,2.27,False,proximity_intent_debt,0,True,False,RCB,other,low_block
1996435,29462,29480,2.96,False,proximity_intent_debt,0,True,False,RDM,recovery_press,low_block
1996435,31503,31517,2.63,False,proximity_intent_debt,0,False,False,AM,pressing,high_block
1996435,31633,31648,2.64,False,proximity_intent_debt,0,False,False,LDM,pressing,medium_block
1996435,33113,33131,2.67,False,proximity_intent_debt,0,False,False,RW,other,low_block
1996435,33829,33847,2.53,False,proximity_intent_debt,0,False,False,RW,pressure,chaotic
1996435,34136,34157,1.93,False,proximity_intent_debt,0,False,False,RDM,recovery_press,low_block
1996435,35493,35500,2.23,False,proximity_intent_debt,0,False,False,RW,pressing,medium_block
1996435,35607,35617,2.15,False,proximity_intent_debt,0,False,False,RDM,pressure,low_block
1996435,36580,36599,1.38,False,proximity_intent_debt,0,False,False,RCB,other,low_block
1996435,37067,37084,2.93,False,proximity_intent_debt,0,False,False,AM,counter_press,high_block
1996435,38234,38238,2.96,False,proximity_intent_debt,0,False,False,RDM,recovery_press,low_block
1996435,38243,38248,2.57,False,proximity_intent_debt,0,False,False,LDM,recovery_press,low_block
1996435,38277,38288,2.27,False,proximity_intent_debt,0,False,False,LW,pressure,low_block
1996435,38969,38983,1.54,False,proximity_intent_debt,0,False,False,RDM,counter_press,defending_transition
1996435,39031,39064,2.13,False,proximity_intent_debt,0,False,False,RB,recovery_press,defending_transition
1996435,40536,40551,2.01,False,proximity_intent_debt,0,False,False,LCB,pressure,defending_set_play
1996435,40553,40565,2.26,False,proximity_intent_debt,0,False,False,AM,recovery_press,defending_set_play
1996435,41134,41172,2.1,False,proximity_intent_debt,0,False,False,RCB,pressure,low_block
1996435,41186,41187,2.28,False,proximity_intent_debt,0,False,False,RW,recovery_press,low_block
1996435,42336,42344,4.55,True,proximity_intent_debt,0,False,False,LB,other,low_block
1996435,43052,43090,2.69,False,proximity_intent_debt,0,False,False,AM,pressing,high_block
1996435,43148,43162,1.09,False,proximity_intent_debt,0,False,False,CF,pressure,chaotic
1996435,43997,43998,2.24,False,proximity_intent_debt,0,False,False,RW,other,chaotic
1996435,45080,45093,2.95,False,proximity_intent_debt,0,False,False,LDM,counter_press,medium_block
1996435,45222,45253,4.06,True,proximity_intent_debt,0,True,False,LB,other,low_block
1996435,45255,45259,2.29,True,proximity_intent_debt,1,True,False,LCB,other,low_block
1996435,45686,45718,7.13,True,proximity_intent_debt,0,True,True,LB,recovery_press,low_block
1996435,47664,47664,0.45,False,proximity_intent_debt,0,False,False,RB,other,chaotic
1996435,47664,47667,2.84,False,proximity_intent_debt,0,False,False,LW,other,chaotic
1996435,48060,48061,2.84,False,proximity_intent_debt,0,False,False,LW,counter_press,medium_block
1996435,48697,48720,0.74,False,proximity_intent_debt,0,True,False,LCB,recovery_press,low_block
1996435,49412,49446,2.57,False,proximity_intent_debt,0,False,False,RCB,other,low_block
1996435,49439,49446,1.87,False,proximity_intent_debt,0,False,False,RDM,recovery_press,low_block
1996435,49472,49492,2.11,False,proximity_intent_debt,0,False,False,CF,other,chaotic
1996435,49884,49891,0.96,False,proximity_intent_debt,0,False,False,LDM,pressing,high_block
1996435,49912,49920,2.01,False,proximity_intent_debt,0,False,False,LCB,pressing,medium_block
1996435,50696,50715,2.12,False,proximity_intent_debt,0,True,True,RB,recovery_press,low_block
1996435,51882,51884,0.74,False,proximity_intent_debt,0,False,False,CF,other,medium_block
1996435,52046,52073,2.3,False,proximity_intent_debt,0,False,False,RW,recovery_press,medium_block
1996435,52895,52922,0.71,False,proximity_intent_debt,0,False,False,RDM,other,chaotic
1996435,52898,52909,2.99,False,proximity_intent_debt,0,False,False,CF,other,chaotic
1996435,53108,53113,1.83,False,proximity_intent_debt,0,False,False,RDM,recovery_press,medium_block
1996435,53572,53583,3.37,True,proximity_intent_debt,0,False,False,LDM,recovery_press,low_block
1996435,54043,54053,0.65,False,proximity_intent_debt,0,False,False,RDM,other,high_block
1996435,54779,54818,1.65,False,proximity_intent_debt,0,False,False,AM,counter_press,medium_block
1996435,54841,54843,6.57,True,proximity_intent_debt,0,False,False,LB,recovery_press,medium_block
1996435,55160,55175,2.45,False,proximity_intent_debt,0,False,False,LCB,pressing,medium_block
1996435,55711,55731,2.51,False,proximity_intent_debt,0,False,False,LCB,recovery_press,medium_block
1996435,55732,55769,2.71,False,proximity_intent_debt,0,False,False,LCB,other,medium_block
1996435,55732,55769,2.43,False,proximity_intent_debt,0,False,False,AM,other,medium_block
1996435,55770,55770,1.27,False,proximity_intent_debt,0,False,False,AM,other,defending_transition
1996435,55793,55885,0.81,True,proximity_intent_debt,1,True,False,LB,other,defending_transition
1996435,56901,56949,2.94,False,proximity_intent_debt,0,True,False,LCB,other,low_block
1996435,57394,57409,1.44,False,proximity_intent_debt,0,False,False,RDM,other,chaotic
1996436,57,70,1.79,False,proximity_intent_debt,0,False,False,LM,pressing,medium_block
1996436,681,741,1.81,False,proximity_intent_debt,0,False,False,LCB,other,chaotic
1996436,1163,1173,1.91,False,proximity_intent_debt,0,False,False,LM,other,chaotic
1996436,1167,1209,1.95,False,proximity_intent_debt,0,False,False,LW,other,chaotic
1996436,1211,1215,2.85,False,proximity_intent_debt,0,False,False,RB,other,chaotic
1996436,1228,1250,2.56,False,proximity_intent_debt,0,False,False,RM,other,chaotic
1996436,1701,1766,1.66,False,proximity_intent_debt,0,False,False,RCB,other,low_block
1996436,2759,2784,1.96,False,proximity_intent_debt,0,False,False,LB,recovery_press,low_block
1996436,2786,2832,2.83,False,proximity_intent_debt,0,False,False,CF,counter_press,high_block
1996436,2847,2858,1.73,False,proximity_intent_debt,0,False,False,LM,other,low_block
1996436,5072,5116,2.27,False,proximity_intent_debt,0,False,False,LCB,recovery_press,defending_transition
1996436,6325,6362,2.89,False,proximity_intent_debt,0,False,False,AM,pressure,chaotic
1996436,7449,7482,1.57,False,proximity_intent_debt,0,False,False,LW,other,chaotic
1996436,7534,7536,2.57,False,proximity_intent_debt,0,False,False,RW,recovery_press,high_block
1996436,8356,8398,2.72,False,proximity_intent_debt,0,False,False,RB,recovery_press,medium_block
1996436,8453,8466,2.74,False,proximity_intent_debt,0,False,False,RM,recovery_press,low_block
1996436,8453,8466,2.04,False,proximity_intent_debt,0,False,False,RCB,other,low_block
1996436,9840,9867,0.98,False,proximity_intent_debt,0,False,False,RCB,other,medium_block
1996436,10109,10131,0.86,False,proximity_intent_debt,0,False,False,RW,other,chaotic
1996436,10133,10136,2.59,False,proximity_intent_debt,0,False,False,LW,other,chaotic
1996436,10133,10136,2.09,False,proximity_intent_debt,0,False,False,LM,other,chaotic
1996436,11972,12011,2.24,False,proximity_intent_debt,0,False,False,LB,pressing,medium_block
1996436,12125,12135,1.84,False,proximity_intent_debt,0,False,False,AM,pressing,medium_block
1996436,13029,13059,1.53,False,proximity_intent_debt,0,False,False,RM,other,high_block
1996436,13902,13911,1.42,False,proximity_intent_debt,0,False,False,LM,other,high_block
1996436,14132,14151,0.41,False,proximity_intent_debt,0,True,False,CF,other,defending_transition
1996436,14825,14845,2.12,False,proximity_intent_debt,0,False,False,LM,recovery_press,defending_transition
1996436,15656,15662,2.69,False,proximity_intent_debt,0,False,False,RM,counter_press,medium_block
1996436,15755,15771,1.76,False,proximity_intent_debt,0,False,False,AM,other,chaotic
1996436,17044,17051,2.57,False,proximity_intent_debt,0,False,False,RM,recovery_press,disruption
1996436,17404,17452,2.81,False,proximity_intent_debt,0,False,False,RB,other,chaotic
1996436,17487,17511,2.21,False,proximity_intent_debt,0,False,False,RM,recovery_press,chaotic
1996436,18209,18243,2.58,False,proximity_intent_debt,0,False,False,LCB,other,defending_quick_break
1996436,18231,18243,2.51,False,proximity_intent_debt,0,False,False,RCB,other,defending_quick_break
1996436,18318,18323,2.71,False,proximity_intent_debt,0,False,False,RW,other,low_block
1996436,18456,18476,2.29,False,proximity_intent_debt,0,False,False,LM,counter_press,medium_block
1996436,19532,19583,2.86,False,proximity_intent_debt,0,False,False,RCB,recovery_press,low_block
1996436,20041,20078,1.51,False,proximity_intent_debt,0,False,False,RM,other,chaotic
1996436,21683,21714,2.5,False,proximity_intent_debt,0,False,False,RM,recovery_press,defending_quick_break
1996436,23087,23095,1.49,False,proximity_intent_debt,0,False,False,RM,other,medium_block
1996436,23110,23143,1.57,False,proximity_intent_debt,0,False,False,RB,other,medium_block
1996436,23649,23671,7.93,True,proximity_intent_debt,0,False,False,LB,pressure,low_block
1996436,23964,23973,1.72,False,proximity_intent_debt,0,False,False,AM,other,defending_set_play
1996436,23993,24052,2.46,False,proximity_intent_debt,0,False,False,RB,recovery_press,defending_transition
1996436,24389,24411,0.69,False,proximity_intent_debt,0,False,False,RM,other,medium_block
1996436,24600,24617,2.75,False,proximity_intent_debt,0,False,False,LCB,other,medium_block
1996436,25049,25064,2.83,False,proximity_intent_debt,0,False,False,LB,pressing,medium_block
1996436,25580,25587,1.49,False,proximity_intent_debt,0,False,False,LW,other,medium_block
1996436,26091,26121,2.9,False,proximity_intent_debt,0,True,False,RB,pressure,low_block
1996436,26682,26711,1.96,False,proximity_intent_debt,0,True,False,LM,pressure,defending_set_play
1996436,27482,27485,2.97,False,proximity_intent_debt,0,False,False,LM,counter_press,medium_block
1996436,27918,27926,2.08,False,proximity_intent_debt,0,False,False,LM,other,low_block
1996436,27984,28011,2.26,False,proximity_intent_debt,0,False,False,LW,other,disruption
1996436,28305,28312,2.17,False,proximity_intent_debt,0,False,False,RM,other,chaotic
1996436,28305,28318,1.0,False,proximity_intent_debt,0,False,False,LM,other,chaotic
1996436,28320,28324,1.72,False,proximity_intent_debt,0,False,False,CF,other,chaotic
1996436,28320,28324,2.01,False,proximity_intent_debt,0,False,False,LM,other,chaotic
1996436,28449,28479,2.08,True,proximity_intent_debt,1,True,False,RW,recovery_press,low_block
1996436,28481,28524,1.59,False,proximity_intent_debt,0,True,False,RCB,other,low_block
1996436,28553,28568,2.5,False,proximity_intent_debt,0,False,False,RW,other,disruption
1996436,29010,29021,1.48,False,proximity_intent_debt,0,False,False,RW,other,high_block
1996436,29200,29208,2.25,False,proximity_intent_debt,0,True,False,RM,other,low_block
1996436,30261,30268,2.94,False,proximity_intent_debt,0,False,False,AM,recovery_press,medium_block
1996436,30393,30398,2.76,False,proximity_intent_debt,0,False,False,LM,pressure,low_block
1996436,31592,31621,2.97,False,proximity_intent_debt,0,False,False,LB,pressing,medium_block
1996436,32170,32211,1.3,False,proximity_intent_debt,0,False,False,LCB,pressure,defending_transition
1996436,32258,32259,1.23,False,proximity_intent_debt,0,False,False,LW,other,defending_transition
1996436,35524,35532,2.93,False,proximity_intent_debt,0,False,False,RW,other,low_block
1996436,36090,36106,4.9,True,proximity_intent_debt,0,True,False,LCB,recovery_press,low_block
1996436,36858,36900,0.53,False,proximity_intent_debt,0,False,False,CF,pressure,chaotic
1996436,37127,37135,2.94,False,proximity_intent_debt,0,False,False,RM,other,medium_block
1996436,37312,37327,1.34,False,proximity_intent_debt,0,True,False,RM,recovery_press,low_block
1996436,39024,39076,0.72,False,proximity_intent_debt,0,True,False,LCB,other,defending_direct
1996436,39544,39568,2.75,False,proximity_intent_debt,0,False,False,LCB,counter_press,medium_block
1996436,40453,40505,2.58,False,proximity_intent_debt,0,False,False,LB,pressing,medium_block
1996436,40907,40921,2.49,True,proximity_intent_debt,1,True,False,LB,pressure,low_block
1996436,40910,40921,4.34,True,proximity_intent_debt,0,True,False,RCB,other,low_block
1996436,41518,41545,2.69,False,proximity_intent_debt,0,False,False,CF,counter_press,medium_block
1996436,41598,41608,1.75,False,proximity_intent_debt,0,False,False,AM,other,medium_block
1996436,42146,42162,0.49,False,proximity_intent_debt,0,False,False,CF,counter_press,medium_block
1996436,42186,42198,1.56,False,proximity_intent_debt,0,False,False,LW,counter_press,medium_block
1996436,43194,43203,2.87,False,proximity_intent_debt,0,False,False,CF,other,defending_direct
1996436,43595,43611,0.87,False,proximity_intent_debt,0,False,False,LW,recovery_press,medium_block
1996436,44030,44039,2.75,False,proximity_intent_debt,0,False,False,RB,pressing,medium_block
1996436,44040,44082,0.57,False,proximity_intent_debt,0,True,False,LW,other,defending_transition
1996436,44923,44953,0.43,False,proximity_intent_debt,0,False,False,RB,other,low_block
1996436,44955,44964,2.19,False,proximity_intent_debt,0,False,False,RCB,pressure,low_block
1996436,44966,44984,1.77,True,proximity_intent_debt,1,False,False,RB,recovery_press,low_block
1996436,45095,45112,3.41,True,proximity_intent_debt,0,True,False,RB,pressure,low_block
1996436,45109,45112,2.97,False,proximity_intent_debt,0,True,False,LM,recovery_press,low_block
1996436,45584,45629,2.42,False,proximity_intent_debt,0,False,False,RW,pressure,chaotic
1996436,46425,46467,2.87,False,proximity_intent_debt,0,False,False,RW,recovery_press,chaotic
1996436,48806,48808,2.76,False,proximity_intent_debt,0,False,False,LW,pressure,chaotic
1996436,49046,49055,1.74,False,proximity_intent_debt,0,False,False,RM,other,low_block
1996436,49222,49230,2.23,False,proximity_intent_debt,0,False,False,RW,other,chaotic
1996436,50467,50474,1.66,False,proximity_intent_debt,0,False,False,LM,pressure,chaotic
1996436,50467,50474,1.7,False,proximity_intent_debt,0,False,False,LW,pressure,chaotic
1996436,50562,50593,1.9,False,proximity_intent_debt,0,False,False,RB,other,chaotic
1996436,52128,52175,2.66,False,proximity_intent_debt,0,False,False,RW,recovery_press,low_block
1996436,52186,52189,2.94,False,proximity_intent_debt,0,False,False,LM,pressure,low_block
1996436,53786,53787,2.9,False,proximity_intent_debt,0,False,False,CF,counter_press,high_block
1996436,53786,53806,1.69,False,proximity_intent_debt,0,False,False,LW,counter_press,high_block
1996436,53829,53843,2.82,False,proximity_intent_debt,0,False,False,RB,pressing,medium_block
1996436,54100,54144,7.04,True,proximity_intent_debt,0,True,False,LB,other,low_block
1996436,54146,54156,2.0,True,proximity_intent_debt,1,True,False,RCB,recovery_press,low_block
1996436,54146,54156,2.16,True,proximity_intent_debt,1,True,False,RB,recovery_press,low_block
1996436,54420,54474,1.75,False,proximity_intent_debt,0,False,False,RB,pressure,low_block
1996436,54630,54643,1.13,False,proximity_intent_debt,0,False,False,RB,pressing,medium_block
1996436,55080,55124,2.99,False,proximity_intent_debt,0,False,False,RW,recovery_press,low_block
1996436,56068,56081,1.83,False,proximity_intent_debt,0,False,False,RM,other,defending_direct
1996436,56076,56081,2.05,False,proximity_intent_debt,0,False,False,DM,other,defending_direct
1996436,57526,57621,3.36,True,proximity_intent_debt,0,False,False,RB,other,low_block
1996436,57906,57955,0.67,False,proximity_intent_debt,0,True,False,RW,recovery_press,low_block
1996436,58540,58628,1.29,False,proximity_intent_debt,0,True,False,LB,pressure,defending_set_play
1996436,59177,59178,0.62,False,proximity_intent_debt,0,True,False,CF,other,defending_set_play
1996436,59215,59245,1.96,False,proximity_intent_debt,0,True,False,RB,other,defending_set_play
2006229,280,296,0.7,False,proximity_intent_debt,0,False,False,LM,other,chaotic
2006229,1671,1684,2.97,False,proximity_intent_debt,0,False,False,LM,recovery_press,medium_block
2006229,2996,3002,2.51,False,proximity_intent_debt,0,False,False,RB,pressing,medium_block
2006229,3435,3442,2.69,False,proximity_intent_debt,0,False,False,RM,pressure,chaotic
2006229,3444,3466,2.39,False,proximity_intent_debt,0,False,False,LM,pressure,chaotic
2006229,4029,4032,2.22,False,proximity_intent_debt,0,False,False,LB,other,high_block
2006229,4070,4075,2.88,False,proximity_intent_debt,0,False,False,LB,other,high_block
2006229,4077,4122,1.61,False,proximity_intent_debt,0,False,False,CF,recovery_press,high_block
2006229,4621,4636,6.07,True,proximity_intent_debt,0,False,False,LB,recovery_press,low_block
2006229,5777,5792,1.58,False,proximity_intent_debt,0,False,False,LM,pressing,high_block
2006229,7928,7931,2.5,False,proximity_intent_debt,0,False,False,DM,counter_press,defending_quick_break
2006229,7946,7950,2.13,False,proximity_intent_debt,0,False,False,RWB,counter_press,defending_quick_break
2006229,7951,7953,1.08,False,proximity_intent_debt,0,False,False,RM,other,defending_quick_break
2006229,7951,7955,2.29,False,proximity_intent_debt,0,False,False,LM,other,defending_quick_break
2006229,8015,8117,1.18,False,proximity_intent_debt,0,False,False,LWB,other,defending_quick_break
2006229,8859,8875,2.43,False,proximity_intent_debt,0,False,False,CF,pressure,low_block
2006229,10041,10053,1.83,True,proximity_intent_debt,1,False,False,RWB,recovery_press,low_block
2006229,10049,10053,2.36,True,proximity_intent_debt,1,False,False,RCB,other,low_block
2006229,11739,11750,2.23,False,proximity_intent_debt,0,False,False,LM,recovery_press,chaotic
2006229,12607,12607,2.98,False,proximity_intent_debt,0,False,False,RCB,other,chaotic
2006229,12924,12934,1.45,False,proximity_intent_debt,0,False,False,CB,pressure,medium_block
2006229,14164,14192,1.19,False,proximity_intent_debt,0,False,False,CF,other,chaotic
2006229,15539,15554,1.88,False,proximity_intent_debt,0,False,False,LM,pressing,medium_block
2006229,15590,15626,2.2,True,proximity_intent_debt,1,False,False,RCB,recovery_press,low_block
2006229,15691,15732,2.53,False,proximity_intent_debt,0,False,False,RWB,recovery_press,defending_transition
2006229,15706,15709,2.71,False,proximity_intent_debt,0,False,False,LM,recovery_press,defending_transition
2006229,17251,17255,2.14,False,proximity_intent_debt,0,False,False,LM,pressure,chaotic
2006229,17660,17674,2.47,False,proximity_intent_debt,0,False,False,LWB,pressure,low_block
2006229,18729,18746,2.8,False,proximity_intent_debt,0,False,False,LM,pressing,medium_block
2006229,19400,19442,2.51,False,proximity_intent_debt,0,True,True,RWB,other,defending_direct
2006229,20288,20300,2.98,False,proximity_intent_debt,0,False,False,LW,recovery_press,medium_block
2006229,20538,20539,0.5,False,proximity_intent_debt,0,True,False,LCB,other,defending_quick_break
2006229,21623,21627,2.79,False,proximity_intent_debt,0,False,False,LW,other,disruption
2006229,21629,21638,1.72,False,proximity_intent_debt,0,False,False,RM,other,medium_block
2006229,21629,21638,1.63,False,proximity_intent_debt,0,False,False,RWB,other,medium_block
2006229,21676,21677,2.92,False,proximity_intent_debt,0,False,False,CF,recovery_press,low_block
2006229,21956,21965,0.91,False,proximity_intent_debt,0,False,False,CF,other,medium_block
2006229,22014,22037,2.57,False,proximity_intent_debt,0,False,False,RW,recovery_press,medium_block
2006229,22038,22080,2.26,False,proximity_intent_debt,0,False,False,LWB,other,medium_block
2006229,22297,22297,2.02,False,proximity_intent_debt,0,False,False,RW,other,chaotic
2006229,22316,22327,1.62,False,proximity_intent_debt,0,False,False,CF,other,chaotic
2006229,24818,24855,2.22,False,proximity_intent_debt,0,False,False,RM,recovery_press,low_block
2006229,24856,24857,1.38,False,proximity_intent_debt,0,False,False,LB,other,high_block
2006229,24918,24924,2.17,False,proximity_intent_debt,0,False,False,LB,pressure,high_block
2006229,24938,24951,1.51,False,proximity_intent_debt,0,False,False,RM,other,low_block
2006229,24947,24963,2.72,False,proximity_intent_debt,0,False,False,RWB,pressure,low_block
2006229,25027,25053,2.15,False,proximity_intent_debt,0,False,False,DM,pressure,low_block
2006229,25067,25080,2.61,False,proximity_intent_debt,0,False,False,LM,pressure,low_block
2006229,25461,25464,2.68,False,proximity_intent_debt,0,False,False,LM,pressing,medium_block
2006229,26682,26691,2.84,False,proximity_intent_debt,0,False,False,LCB,other,chaotic
2006229,28912,28917,1.59,False,proximity_intent_debt,0,False,False,RM,other,low_block
2006229,28919,28932,1.2,False,proximity_intent_debt,0,False,False,CF,other,low_block
2006229,28992,29060,1.96,False,proximity_intent_debt,0,False,False,LWB,pressure,low_block
2006229,29663,29664,1.43,False,proximity_intent_debt,0,False,False,CF,other,chaotic
2006229,30247,30287,1.18,False,proximity_intent_debt,0,False,False,RB,other,low_block
2006229,30455,30457,2.97,False,proximity_intent_debt,0,False,False,LW,other,low_block
2006229,30530,30537,2.63,False,proximity_intent_debt,0,False,False,CF,pressure,low_block
2006229,31417,31440,1.67,False,proximity_intent_debt,0,False,False,CF,other,low_block
2006229,32223,32233,1.51,False,proximity_intent_debt,0,False,False,LB,other,low_block
2006229,32693,32737,2.8,False,proximity_intent_debt,0,False,False,LCB,pressing,medium_block
2006229,32796,32813,0.29,False,proximity_intent_debt,0,False,False,CF,other,chaotic
2006229,32845,32845,2.88,False,proximity_intent_debt,0,False,False,RCB,other,chaotic
2006229,33651,33659,3.0,False,proximity_intent_debt,0,True,False,CB,other,low_block
2006229,33651,33659,2.47,True,proximity_intent_debt,1,True,False,LCB,other,low_block
2006229,33958,33993,0.8,False,proximity_intent_debt,0,False,False,LCB,other,defending_direct
2006229,35310,35319,1.01,False,proximity_intent_debt,0,False,False,CF,other,high_block
2006229,36263,36264,1.43,False,proximity_intent_debt,0,False,False,CF,other,defending_set_play
2006229,37101,37133,1.93,False,proximity_intent_debt,0,False,False,LCB,counter_press,medium_block
2006229,40109,40127,2.1,False,proximity_intent_debt,0,False,False,CB,pressing,medium_block
2006229,40286,40287,6.41,True,proximity_intent_debt,0,False,False,RCB,recovery_press,low_block
2006229,40313,40322,1.78,False,proximity_intent_debt,0,False,False,RM,other,low_block
2006229,40323,40340,0.92,False,proximity_intent_debt,0,False,False,RM,other,disruption
2006229,41100,41121,2.77,False,proximity_intent_debt,0,False,False,CF,pressing,high_block
2006229,42319,42338,2.23,False,proximity_intent_debt,0,False,False,LWB,other,medium_block
2006229,42340,42395,0.78,False,proximity_intent_debt,0,False,False,LWB,other,medium_block
2006229,42848,42878,1.06,False,proximity_intent_debt,0,True,False,CF,other,low_block
2006229,42875,42878,2.56,False,proximity_intent_debt,0,True,False,RWB,pressure,low_block
2006229,48141,48153,2.95,False,proximity_intent_debt,0,False,False,RM,recovery_press,medium_block
2006229,48763,48771,2.87,False,proximity_intent_debt,0,False,False,RW,pressure,low_block
2006229,49089,49109,1.46,False,proximity_intent_debt,0,False,False,LM,pressing,medium_block
2006229,49169,49179,2.81,False,proximity_intent_debt,0,False,False,DM,other,chaotic
2006229,49180,49198,2.23,False,proximity_intent_debt,0,False,False,DM,pressure,chaotic
2006229,49600,49600,1.92,False,proximity_intent_debt,0,False,False,RW,pressing,medium_block
2006229,49741,49792,2.85,False,proximity_intent_debt,0,False,False,DM,recovery_press,medium_block
2006229,50394,50416,2.9,False,proximity_intent_debt,0,False,False,CF,recovery_press,medium_block
2006229,52218,52243,1.85,False,proximity_intent_debt,0,False,False,RM,pressure,defending_quick_break
2006229,52273,52282,1.58,False,proximity_intent_debt,0,False,False,RB,pressure,defending_quick_break
2006229,52825,52827,2.99,False,proximity_intent_debt,0,False,False,RW,other,low_block
2006229,52834,52838,2.55,False,proximity_intent_debt,0,False,False,RW,counter_press,high_block
2006229,52840,52858,2.77,False,proximity_intent_debt,0,False,False,CF,counter_press,high_block
2006229,53068,53075,2.99,False,proximity_intent_debt,0,False,False,CF,recovery_press,medium_block
2006229,53068,53075,2.77,False,proximity_intent_debt,0,False,False,CF,pressing,medium_block
2006229,54252,54258,2.99,False,proximity_intent_debt,0,False,False,DM,pressure,chaotic
2006229,54710,54711,1.45,False,proximity_intent_debt,0,False,False,LWB,other,chaotic
2006229,55279,55292,2.98,False,proximity_intent_debt,0,False,False,RCB,other,low_block
2006229,55632,55647,2.73,False,proximity_intent_debt,0,False,False,RCB,pressure,chaotic
2006229,55977,55986,1.21,False,proximity_intent_debt,0,False,False,RW,other,chaotic
2006229,55987,55996,1.83,False,proximity_intent_debt,0,False,False,LW,other,medium_block
2006229,55987,55996,2.0,False,proximity_intent_debt,0,False,False,CF,other,medium_block
2006363,800,818,2.8,False,proximity_intent_debt,0,False,False,LCB,pressing,medium_block
2006363,990,1004,2.1,False,proximity_intent_debt,0,False,False,CF,other,chaotic
2006363,1940,1969,2.8,False,proximity_intent_debt,0,False,False,RCB,pressure,medium_block
2006363,3718,3739,2.02,False,proximity_intent_debt,0,False,False,LB,pressure,low_block
2006363,4320,4341,2.62,False,proximity_intent_debt,0,False,False,LW,other,low_block
2006363,4370,4375,2.01,False,proximity_intent_debt,0,False,False,LM,pressure,low_block
2006363,6207,6222,5.0,True,proximity_intent_debt,0,False,False,RCB,pressure,chaotic
2006363,6223,6224,1.81,False,proximity_intent_debt,0,False,False,CF,other,chaotic
2006363,6738,6744,1.88,False,proximity_intent_debt,0,False,False,RCB,pressure,low_block
2006363,6760,6780,2.04,True,proximity_intent_debt,1,False,False,RCB,recovery_press,low_block
2006363,7617,7625,2.25,False,proximity_intent_debt,0,False,False,RB,pressing,medium_block
2006363,7760,7770,1.42,False,proximity_intent_debt,0,False,False,LB,recovery_press,low_block
2006363,7967,8013,1.32,False,proximity_intent_debt,0,False,False,LW,recovery_press,low_block
2006363,8353,8354,2.71,False,proximity_intent_debt,0,False,False,RB,other,chaotic
2006363,9059,9107,1.57,False,proximity_intent_debt,0,False,False,RDM,pressing,medium_block
2006363,12250,12261,0.73,False,proximity_intent_debt,0,False,False,AM,other,high_block
2006363,12459,12475,2.58,False,proximity_intent_debt,0,False,False,LDM,pressure,low_block
2006363,12710,12742,1.36,False,proximity_intent_debt,0,False,False,LB,other,chaotic
2006363,13255,13290,0.84,False,proximity_intent_debt,0,False,False,RCB,pressure,defending_transition
2006363,13291,13292,0.7,False,proximity_intent_debt,0,False,False,RB,other,defending_transition
2006363,13877,13885,2.16,True,proximity_intent_debt,1,True,False,RM,recovery_press,defending_quick_break
2006363,15175,15194,3.0,False,proximity_intent_debt,0,False,False,RB,pressure,low_block
2006363,15296,15306,2.08,False,proximity_intent_debt,0,False,False,LW,recovery_press,low_block
2006363,16213,16215,2.89,False,proximity_intent_debt,0,False,False,LW,other,medium_block
2006363,16216,16246,2.03,False,proximity_intent_debt,0,True,False,RM,other,medium_block
2006363,17013,17016,2.53,False,proximity_intent_debt,0,True,False,RW,other,low_block
2006363,18192,18201,4.59,True,proximity_intent_debt,0,False,False,RB,recovery_press,medium_block
2006363,19529,19542,2.14,False,proximity_intent_debt,0,True,False,LW,other,medium_block
2006363,19584,19594,4.3,True,proximity_intent_debt,0,True,False,RB,recovery_press,low_block
2006363,20001,20016,2.45,False,proximity_intent_debt,0,False,False,RW,other,defending_set_play
2006363,21209,21230,2.54,False,proximity_intent_debt,0,False,False,LCB,other,low_block
2006363,21226,21244,2.8,False,proximity_intent_debt,0,False,False,LW,pressure,low_block
2006363,21603,21611,1.03,False,proximity_intent_debt,0,False,False,RW,other,defending_set_play
2006363,22304,22320,1.55,False,proximity_intent_debt,0,False,False,LDM,pressing,high_block
2006363,23995,24022,2.56,False,proximity_intent_debt,0,False,False,LDM,pressure,chaotic
2006363,24024,24038,2.14,False,proximity_intent_debt,0,False,False,LW,recovery_press,chaotic
2006363,24039,24040,2.98,False,proximity_intent_debt,0,False,False,RM,other,medium_block
2006363,24153,24163,2.95,False,proximity_intent_debt,0,True,True,LB,recovery_press,low_block
2006363,25101,25114,0.6,False,proximity_intent_debt,0,False,False,RCB,other,defending_set_play
2006363,25710,25717,2.22,False,proximity_intent_debt,0,False,False,LW,pressing,medium_block
2006363,25719,25737,0.66,False,proximity_intent_debt,0,False,False,CF,recovery_press,medium_block
2006363,26469,26475,1.71,False,proximity_intent_debt,0,False,False,CF,other,high_block
2006363,26643,26654,0.93,False,proximity_intent_debt,0,False,False,RW,other,defending_transition
2006363,26886,26913,0.78,False,proximity_intent_debt,0,False,False,LB,other,medium_block
2006363,27601,27627,1.9,False,proximity_intent_debt,0,False,False,LB,pressure,medium_block
2006363,27629,27636,2.3,False,proximity_intent_debt,0,False,False,CF,other,medium_block
2006363,28018,28042,2.42,False,proximity_intent_debt,0,False,False,LCB,recovery_press,medium_block
2006363,28424,28430,1.92,False,proximity_intent_debt,0,False,False,LW,recovery_press,low_block
2006363,29005,29010,2.48,False,proximity_intent_debt,0,False,False,AM,other,medium_block
2006363,29193,29202,0.82,False,proximity_intent_debt,0,False,False,CF,other,chaotic
2006363,29251,29271,1.29,False,proximity_intent_debt,0,False,False,RCB,other,chaotic
2006363,29929,29949,1.54,True,proximity_intent_debt,1,True,False,RCB,recovery_press,low_block
2006363,30666,30671,2.6,False,proximity_intent_debt,0,False,False,CF,other,disruption
2006363,30672,30680,1.71,False,proximity_intent_debt,0,False,False,LDM,other,low_block
2006363,31032,31033,1.5,False,proximity_intent_debt,0,False,False,LW,other,high_block
2006363,32115,32120,1.24,False,proximity_intent_debt,0,False,False,LCB,other,low_block
2006363,32122,32134,0.74,True,proximity_intent_debt,1,False,False,LB,recovery_press,low_block
2006363,32692,32706,3.0,False,proximity_intent_debt,0,False,False,LM,other,low_block
2006363,33905,33920,1.63,True,proximity_intent_debt,1,False,False,RM,recovery_press,low_block
2006363,35305,35365,1.22,False,proximity_intent_debt,0,False,False,LW,other,defending_set_play
2006363,37515,37523,1.44,False,proximity_intent_debt,0,True,False,LM,other,defending_quick_break
2006363,37577,37580,1.48,False,proximity_intent_debt,0,True,False,RCB,other,defending_quick_break
2006363,39392,39427,2.81,False,proximity_intent_debt,0,False,False,RDM,other,low_block
2006363,41246,41252,2.23,False,proximity_intent_debt,0,False,False,RM,other,low_block
2006363,41404,41425,1.88,False,proximity_intent_debt,0,False,False,RM,pressure,low_block
2006363,41492,41495,2.87,False,proximity_intent_debt,0,False,False,LW,other,low_block
2006363,42106,42134,1.91,False,proximity_intent_debt,0,False,False,RM,other,low_block
2006363,42225,42233,2.99,False,proximity_intent_debt,0,False,False,AM,counter_press,defending_transition
2006363,42288,42289,2.96,False,proximity_intent_debt,0,False,False,RB,other,defending_transition
2006363,42290,42291,1.67,False,proximity_intent_debt,0,False,False,LW,other,chaotic
2006363,42795,42818,2.15,False,proximity_intent_debt,0,False,False,LDM,other,low_block
2006363,43304,43309,3.0,False,proximity_intent_debt,0,False,False,LDM,pressure,low_block
2006363,44107,44109,0.39,False,proximity_intent_debt,0,False,False,RM,counter_press,medium_block
2006363,44196,44205,2.78,False,proximity_intent_debt,0,False,False,RB,counter_press,medium_block
2006363,44255,44271,1.97,False,proximity_intent_debt,0,False,False,RW,counter_press,high_block
2006363,44523,44538,2.55,False,proximity_intent_debt,0,False,False,CF,other,low_block
2006363,44540,44574,0.63,False,proximity_intent_debt,0,False,False,LCB,other,low_block
2006363,44650,44658,2.04,False,proximity_intent_debt,0,False,False,RB,other,high_block
2006363,44765,44766,2.96,False,proximity_intent_debt,0,False,False,CF,recovery_press,medium_block
2006363,44984,45025,1.84,False,proximity_intent_debt,0,False,False,LCB,recovery_press,low_block
2006363,45829,45829,0.58,False,proximity_intent_debt,0,False,False,CF,other,chaotic
2006363,47562,47563,2.99,False,proximity_intent_debt,0,False,False,RW,other,chaotic
2006363,47826,47858,0.84,False,proximity_intent_debt,0,False,False,CF,other,chaotic
2006363,48601,48605,2.47,False,proximity_intent_debt,0,True,False,RB,pressing,medium_block
2006363,49482,49483,1.7,False,proximity_intent_debt,0,True,False,LW,other,chaotic
2006363,50728,50761,0.89,False,proximity_intent_debt,0,False,False,RW,recovery_press,defending_transition
2006363,50993,51007,2.68,True,proximity_intent_debt,1,True,False,LB,recovery_press,low_block
2006363,51147,51148,2.7,False,proximity_intent_debt,0,False,False,CF,other,low_block
2006363,51150,51152,2.39,False,proximity_intent_debt,0,False,False,LB,other,low_block
2006363,51441,51458,1.71,False,proximity_intent_debt,0,False,False,LB,pressure,low_block
2006363,53456,53492,1.41,False,proximity_intent_debt,0,False,False,RW,other,medium_block
2006363,53543,53555,5.17,True,proximity_intent_debt,0,False,False,RCB,recovery_press,medium_block
2006363,54392,54453,2.33,False,proximity_intent_debt,0,False,False,LB,recovery_press,low_block
2006363,54454,54484,0.28,False,proximity_intent_debt,0,False,False,RW,counter_press,defending_transition
2006363,55666,55692,2.83,False,proximity_intent_debt,0,False,False,LDM,pressing,high_block
2006363,56377,56402,0.51,False,proximity_intent_debt,0,False,False,LW,other,low_block
2006363,57470,57479,2.5,True,proximity_intent_debt,1,False,False,RCB,recovery_press,defending_transition
2006363,57874,57883,2.06,False,proximity_intent_debt,0,False,False,RCB,pressing,medium_block
2006363,57943,57948,2.91,False,proximity_intent_debt,0,False,False,RB,recovery_press,chaotic
2006363,58377,58405,2.53,True,proximity_intent_debt,1,False,False,LW,recovery_press,medium_block
2006363,58377,58405,4.85,True,proximity_intent_debt,0,False,False,LB,recovery_press,medium_block
2007448,124,135,2.66,False,proximity_intent_debt,0,False,False,LM,recovery_press,low_block
2007448,839,849,6.7,True,proximity_intent_debt,0,False,False,LB,recovery_press,defending_transition
2007448,1074,1080,1.82,False,proximity_intent_debt,0,False,False,LM,other,chaotic
2007448,1332,1349,2.93,False,proximity_intent_debt,0,False,False,CF,recovery_press,medium_block
2007448,3437,3446,1.61,False,proximity_intent_debt,0,False,False,RM,recovery_press,low_block
2007448,3453,3456,2.35,False,proximity_intent_debt,0,False,False,LB,other,low_block
2007448,3558,3563,1.99,False,proximity_intent_debt,0,False,False,RW,other,low_block
2007448,3564,3586,1.1,False,proximity_intent_debt,0,False,False,RB,recovery_press,low_block
2007448,6261,6266,2.07,False,proximity_intent_debt,0,False,False,RM,pressure,medium_block
2007448,7616,7673,2.72,False,proximity_intent_debt,0,False,False,RB,recovery_press,defending_transition
2007448,8196,8196,2.08,False,proximity_intent_debt,0,False,False,RM,other,chaotic
2007448,8794,8800,2.01,False,proximity_intent_debt,0,False,False,LW,other,low_block
2007448,8829,8852,1.41,False,proximity_intent_debt,0,False,False,LCB,pressure,low_block
2007448,8853,8856,1.5,False,proximity_intent_debt,0,False,False,CF,other,high_block
2007448,10712,10758,0.84,False,proximity_intent_debt,0,False,False,CF,pressure,chaotic
2007448,10960,10967,2.18,False,proximity_intent_debt,0,False,False,CF,pressure,chaotic
2007448,11152,11167,1.78,False,proximity_intent_debt,0,False,False,LB,pressure,low_block
2007448,11821,11827,2.02,False,proximity_intent_debt,0,False,False,LM,counter_press,medium_block
2007448,11850,11855,2.67,False,proximity_intent_debt,0,False,False,LM,counter_press,medium_block
2007448,12128,12135,1.06,True,proximity_intent_debt,1,True,False,LW,pressure,low_block
2007448,12568,12580,2.17,False,proximity_intent_debt,0,False,False,LM,counter_press,medium_block
2007448,12827,12831,2.85,False,proximity_intent_debt,0,False,False,CF,other,low_block
2007448,12857,12859,2.06,False,proximity_intent_debt,0,False,False,RB,other,low_block
2007448,12958,12966,2.63,False,proximity_intent_debt,0,False,False,LW,other,chaotic
2007448,14798,14818,2.1,False,proximity_intent_debt,0,False,False,CF,recovery_press,defending_set_play
2007448,15160,15180,1.2,False,proximity_intent_debt,0,False,False,LB,other,defending_quick_break
2007448,15425,15439,2.21,False,proximity_intent_debt,0,False,False,RB,pressing,high_block
2007448,17049,17057,2.58,False,proximity_intent_debt,0,False,False,RW,other,low_block
2007448,17097,17116,2.98,False,proximity_intent_debt,0,False,False,RB,pressure,low_block
2007448,17748,17761,2.39,False,proximity_intent_debt,0,False,False,LB,other,low_block
2007448,17763,17779,2.52,False,proximity_intent_debt,0,False,False,LW,other,low_block
2007448,19465,19485,0.97,False,proximity_intent_debt,0,False,False,RM,other,chaotic
2007448,19754,19791,2.99,False,proximity_intent_debt,0,False,False,CF,recovery_press,high_block
2007448,19830,19852,1.08,False,proximity_intent_debt,0,False,False,LB,other,medium_block
2007448,20002,20010,1.56,False,proximity_intent_debt,0,False,False,CF,counter_press,medium_block
2007448,20336,20354,1.39,False,proximity_intent_debt,0,False,False,RW,recovery_press,defending_quick_break
2007448,21303,21308,2.02,False,proximity_intent_debt,0,False,False,LM,recovery_press,defending_transition
2007448,21311,21352,2.77,False,proximity_intent_debt,0,False,False,RM,recovery_press,defending_transition
2007448,21651,21665,1.87,False,proximity_intent_debt,0,True,True,RM,recovery_press,low_block
2007448,21651,21672,1.78,False,proximity_intent_debt,0,True,True,RB,other,low_block
2007448,22750,22785,2.2,False,proximity_intent_debt,0,False,False,RM,pressing,medium_block
2007448,23859,23869,1.48,False,proximity_intent_debt,0,False,False,CF,other,low_block
2007448,24228,24229,2.54,False,proximity_intent_debt,0,False,False,RW,other,medium_block
2007448,24613,24634,2.12,False,proximity_intent_debt,0,False,False,LM,pressure,medium_block
2007448,26274,26301,2.99,False,proximity_intent_debt,0,False,False,LM,recovery_press,medium_block
2007448,29389,29398,2.79,False,proximity_intent_debt,0,False,False,LCB,pressure,medium_block
2007448,30550,30555,2.9,False,proximity_intent_debt,0,False,False,LW,pressure,low_block
2007448,31152,31164,1.73,False,proximity_intent_debt,0,False,False,RM,pressure,medium_block
2007448,31269,31270,2.1,False,proximity_intent_debt,0,False,False,RW,other,defending_transition
2007448,33063,33111,2.69,False,proximity_intent_debt,0,False,False,RW,counter_press,high_block
2007448,33142,33178,0.77,False,proximity_intent_debt,0,False,False,RM,other,chaotic
2007448,33704,33710,2.12,True,proximity_intent_debt,1,False,False,RCB,pressure,low_block
2007448,33712,33715,2.84,False,proximity_intent_debt,0,False,False,CF,pressure,chaotic
2007448,33732,33742,2.07,False,proximity_intent_debt,0,False,False,RW,pressure,chaotic
2007448,33785,33815,1.81,False,proximity_intent_debt,0,False,False,LCB,pressure,low_block
2007448,33819,33824,2.55,False,proximity_intent_debt,0,False,False,CF,other,disruption
2007448,34432,34457,2.29,False,proximity_intent_debt,0,False,False,LB,pressing,medium_block
2007448,34571,34583,1.01,False,proximity_intent_debt,0,False,False,LW,other,chaotic
2007448,37247,37269,2.22,False,proximity_intent_debt,0,False,False,RB,other,low_block
2007448,37368,37398,6.51,True,proximity_intent_debt,0,True,False,RW,recovery_press,low_block
2007448,37584,37586,1.77,False,proximity_intent_debt,0,False,False,LB,recovery_press,low_block
2007448,38517,38551,2.16,False,proximity_intent_debt,0,False,False,RB,counter_press,defending_direct
2007448,38611,38618,2.39,False,proximity_intent_debt,0,False,False,RW,other,defending_direct
2007448,42042,42072,2.54,False,proximity_intent_debt,0,False,False,RW,recovery_press,low_block
2007448,42159,42166,2.38,False,proximity_intent_debt,0,False,False,CF,counter_press,high_block
2007448,43282,43289,2.16,False,proximity_intent_debt,0,False,False,LW,recovery_press,medium_block
2007448,43311,43316,2.56,False,proximity_intent_debt,0,False,False,RCB,other,medium_block
2007448,43318,43337,2.56,False,proximity_intent_debt,0,False,False,LW,pressure,low_block
2007448,43414,43438,2.94,False,proximity_intent_debt,0,False,False,LCB,pressure,low_block
2007448,43731,43733,1.51,False,proximity_intent_debt,0,False,False,CF,other,defending_transition
2007448,45559,45574,1.04,False,proximity_intent_debt,0,False,False,CF,counter_press,high_block
2007448,45900,45916,3.74,True,proximity_intent_debt,0,False,False,LB,recovery_press,low_block
2007448,46069,46073,2.78,False,proximity_intent_debt,0,False,False,RM,recovery_press,defending_transition
2007448,46351,46376,2.94,False,proximity_intent_debt,0,False,False,RM,pressure,low_block
2007448,46764,46765,1.52,False,proximity_intent_debt,0,False,False,RW,other,low_block
2007448,47411,47461,0.96,False,proximity_intent_debt,0,False,False,RW,recovery_press,low_block
2007448,47598,47634,2.3,False,proximity_intent_debt,0,False,False,RW,pressure,low_block
2007448,47770,47800,0.86,False,proximity_intent_debt,0,False,False,LCB,recovery_press,low_block
2007448,49167,49194,2.77,False,proximity_intent_debt,0,False,False,LCB,recovery_press,defending_direct
2007448,50288,50300,1.53,False,proximity_intent_debt,0,False,False,LM,pressing,medium_block
2007448,50698,50712,1.99,True,proximity_intent_debt,1,True,False,RCB,pressure,low_block
2007448,51980,51999,2.02,False,proximity_intent_debt,0,False,False,RW,other,chaotic
2007448,52245,52264,2.38,False,proximity_intent_debt,0,False,False,LB,other,low_block
2007448,52273,52284,1.86,False,proximity_intent_debt,0,False,False,RM,recovery_press,low_block
2007448,52285,52317,0.75,False,proximity_intent_debt,0,False,False,CF,other,chaotic
2007448,56343,56371,2.88,False,proximity_intent_debt,0,True,False,LM,recovery_press,defending_transition
2007448,56421,56443,0.81,True,proximity_intent_debt,1,False,False,LM,recovery_press,defending_transition
2007448,57243,57257,2.7,False,proximity_intent_debt,0,True,False,LB,counter_press,medium_block
2007448,57929,57947,0.31,False,proximity_intent_debt,0,False,False,CF,other,high_block
2007721,747,761,1.08,False,proximity_intent_debt,0,False,False,LM,other,chaotic
2007721,762,789,1.19,False,proximity_intent_debt,0,False,False,CF,counter_press,medium_block
2007721,791,810,2.63,False,proximity_intent_debt,0,False,False,LM,counter_press,medium_block
2007721,1588,1595,5.61,True,proximity_intent_debt,0,True,False,RW,recovery_press,low_block
2007721,3437,3438,1.63,False,proximity_intent_debt,0,False,False,LM,other,chaotic
2007721,3472,3474,2.69,False,proximity_intent_debt,0,False,False,RW,other,medium_block
2007721,4690,4692,6.27,True,proximity_intent_debt,0,False,False,LCB,recovery_press,defending_quick_break
2007721,5126,5149,2.24,False,proximity_intent_debt,0,False,False,LWB,pressure,low_block
2007721,5373,5390,2.57,False,proximity_intent_debt,0,True,True,RCB,recovery_press,low_block
2007721,8795,8804,1.04,False,proximity_intent_debt,0,False,False,RW,recovery_press,defending_transition
2007721,10577,10597,1.87,False,proximity_intent_debt,0,False,False,LWB,recovery_press,low_block
2007721,11577,11599,1.47,False,proximity_intent_debt,0,False,False,RW,recovery_press,low_block
2007721,12906,12924,1.22,True,proximity_intent_debt,1,True,False,RWB,recovery_press,low_block
2007721,12906,12924,4.6,True,proximity_intent_debt,0,True,False,RCB,recovery_press,low_block
2007721,12926,12961,2.5,False,proximity_intent_debt,0,True,False,RM,other,low_block
2007721,13842,13866,1.38,False,proximity_intent_debt,0,False,False,RW,other,chaotic
2007721,13891,13913,0.46,False,proximity_intent_debt,0,False,False,LWB,other,high_block
2007721,14315,14345,2.98,False,proximity_intent_debt,0,False,False,RWB,pressing,medium_block
2007721,15751,15776,1.48,False,proximity_intent_debt,0,False,False,RM,pressure,medium_block
2007721,16493,16524,1.16,False,proximity_intent_debt,0,False,False,RM,pressing,medium_block
2007721,16522,16524,2.74,False,proximity_intent_debt,0,False,False,RW,pressing,medium_block
2007721,16598,16607,2.11,False,proximity_intent_debt,0,False,False,RW,other,chaotic
2007721,17102,17117,2.26,False,proximity_intent_debt,0,False,False,CF,other,medium_block
2007721,17636,17656,2.93,False,proximity_intent_debt,0,False,False,LM,pressure,low_block
2007721,18756,18765,2.97,False,proximity_intent_debt,0,False,False,LW,other,defending_transition
2007721,19663,19681,0.89,False,proximity_intent_debt,0,False,False,RW,other,chaotic
2007721,20713,20715,2.79,False,proximity_intent_debt,0,False,False,CF,pressure,chaotic
2007721,22719,22731,1.66,False,proximity_intent_debt,0,False,False,LCB,pressing,medium_block
2007721,22758,22758,2.28,False,proximity_intent_debt,0,False,False,CF,other,defending_transition
2007721,23332,23361,1.57,False,proximity_intent_debt,0,False,False,LM,other,medium_block
2007721,23424,23460,2.14,False,proximity_intent_debt,0,False,False,RCB,pressing,medium_block
2007721,23782,23788,2.28,False,proximity_intent_debt,0,False,False,CF,other,disruption
2007721,24295,24319,2.28,False,proximity_intent_debt,0,False,False,LW,other,chaotic
2007721,25528,25554,6.52,True,proximity_intent_debt,0,True,False,RWB,recovery_press,low_block
2007721,26690,26696,1.84,False,proximity_intent_debt,0,False,False,RM,other,chaotic
2007721,26851,26855,3.0,False,proximity_intent_debt,0,True,False,RCB,pressure,low_block
2007721,26857,26877,1.9,False,proximity_intent_debt,0,True,False,CB,recovery_press,low_block
2007721,27860,27876,2.79,False,proximity_intent_debt,0,False,False,RB,counter_press,medium_block
2007721,28702,28710,2.93,False,proximity_intent_debt,0,False,False,LM,other,medium_block
2007721,28885,28885,0.74,False,proximity_intent_debt,0,True,False,RW,other,low_block
2007721,28924,28951,2.27,False,proximity_intent_debt,0,True,False,RCB,other,low_block
2007721,29341,29349,1.95,False,proximity_intent_debt,0,False,False,CF,other,high_block
2007721,29973,29980,2.64,False,proximity_intent_debt,0,False,False,LB,other,low_block
2007721,30127,30149,1.8,False,proximity_intent_debt,0,False,False,RW,other,low_block
2007721,30163,30177,1.71,False,proximity_intent_debt,0,False,False,RCB,pressure,disruption
2007721,31048,31104,1.89,False,proximity_intent_debt,0,False,False,RW,recovery_press,low_block
2007721,31296,31325,2.17,False,proximity_intent_debt,0,False,False,RM,pressing,medium_block
2007721,31340,31350,0.9,False,proximity_intent_debt,0,False,False,RM,other,medium_block
2007721,31340,31372,1.1,False,proximity_intent_debt,0,False,False,RW,other,medium_block
2007721,31466,31473,2.98,False,proximity_intent_debt,0,False,False,LB,recovery_press,low_block
2007721,32377,32427,2.64,False,proximity_intent_debt,0,False,False,RCB,other,low_block
2007721,34666,34674,2.83,False,proximity_intent_debt,0,False,False,CF,other,medium_block
2007721,35025,35039,0.76,False,proximity_intent_debt,0,False,False,LW,other,low_block
2007721,35497,35508,1.98,False,proximity_intent_debt,0,False,False,LM,counter_press,medium_block
2007721,35588,35628,2.8,True,proximity_intent_debt,1,False,False,LW,recovery_press,low_block
2007721,35626,35628,2.92,False,proximity_intent_debt,0,False,False,RM,other,low_block
2007721,35856,35860,2.38,False,proximity_intent_debt,0,False,False,RM,pressure,low_block
2007721,36131,36146,2.5,False,proximity_intent_debt,0,True,False,LWB,recovery_press,defending_transition
2007721,36505,36514,2.85,False,proximity_intent_debt,0,False,False,RW,pressure,chaotic
2007721,36780,36781,2.13,False,proximity_intent_debt,0,False,False,LM,other,low_block
2007721,36905,36909,2.79,False,proximity_intent_debt,0,False,False,LB,pressure,low_block
2007721,37484,37507,2.11,False,proximity_intent_debt,0,False,False,LW,other,low_block
2007721,37739,37777,7.7,True,proximity_intent_debt,0,False,False,LW,recovery_press,low_block
2007721,38536,38559,2.83,True,proximity_intent_debt,1,True,False,CB,recovery_press,low_block
2007721,38560,38561,1.02,False,proximity_intent_debt,0,False,False,CF,other,chaotic
2007721,39502,39531,1.12,False,proximity_intent_debt,0,False,False,RCB,recovery_press,defending_transition
2007721,39762,39778,1.84,False,proximity_intent_debt,0,False,False,LB,recovery_press,chaotic
2007721,39961,39970,2.86,False,proximity_intent_debt,0,True,False,RWB,other,defending_transition
2007721,40050,40059,1.97,False,proximity_intent_debt,0,True,False,CB,recovery_press,defending_transition
2007721,41270,41291,1.79,False,proximity_intent_debt,0,False,False,RM,recovery_press,defending_transition
2007721,41327,41379,1.63,False,proximity_intent_debt,0,False,False,LW,counter_press,high_block
2007721,41517,41540,0.93,False,proximity_intent_debt,0,False,False,RW,other,medium_block
2007721,42093,42102,2.73,False,proximity_intent_debt,0,False,False,LCB,other,chaotic
2007721,44431,44433,2.41,False,proximity_intent_debt,0,False,False,RCB,pressure,low_block
2007721,45175,45258,0.78,False,proximity_intent_debt,0,False,False,RM,other,defending_set_play
2007721,45251,45258,2.98,False,proximity_intent_debt,0,False,False,CF,other,defending_set_play
2007721,48421,48441,2.4,True,proximity_intent_debt,1,False,False,CF,recovery_press,low_block
2007721,49144,49161,0.4,False,proximity_intent_debt,0,False,False,RW,other,defending_quick_break
2007721,50754,50804,1.88,False,proximity_intent_debt,0,False,False,LM,recovery_press,low_block
2007721,50806,50834,1.29,True,proximity_intent_debt,1,False,False,LCB,recovery_press,low_block
2007721,51922,51932,2.21,False,proximity_intent_debt,0,False,False,LM,pressure,low_block
2007721,52128,52144,2.19,False,proximity_intent_debt,0,False,False,LM,pressing,medium_block
2007721,52686,52719,2.49,False,proximity_intent_debt,0,False,False,RCB,pressure,chaotic
2007721,52720,52730,1.35,False,proximity_intent_debt,0,False,False,RCB,other,chaotic
2007721,52987,52997,0.29,False,proximity_intent_debt,0,False,False,RWB,other,chaotic
2007721,52998,53019,2.44,False,proximity_intent_debt,0,False,False,LW,other,chaotic
2007721,53021,53030,2.54,False,proximity_intent_debt,0,False,False,LW,counter_press,defending_direct
2007721,53497,53524,2.61,False,proximity_intent_debt,0,False,False,LM,recovery_press,medium_block
2007721,53754,53787,1.45,False,proximity_intent_debt,0,False,False,LW,counter_press,defending_direct
2007721,54190,54214,1.67,True,proximity_intent_debt,1,True,True,RCB,other,low_block
2007721,55152,55188,0.94,False,proximity_intent_debt,0,False,False,LW,other,chaotic
2007721,55175,55188,1.89,False,proximity_intent_debt,0,False,False,LM,other,chaotic
2010085,1297,1308,2.88,False,proximity_intent_debt,0,False,False,LW,counter_press,medium_block
2010085,1334,1369,2.39,True,proximity_intent_debt,1,False,False,LM,recovery_press,low_block
2010085,1486,1528,2.61,False,proximity_intent_debt,0,False,False,RB,pressure,chaotic
2010085,1594,1599,1.75,False,proximity_intent_debt,0,False,False,LF,other,chaotic
2010085,2119,2127,1.39,False,proximity_intent_debt,0,False,False,LCB,pressure,low_block
2010085,4751,4769,1.01,False,proximity_intent_debt,0,False,False,LB,pressure,defending_set_play
2010085,6011,6021,1.68,False,proximity_intent_debt,0,False,False,RM,pressure,chaotic
2010085,6379,6392,2.04,False,proximity_intent_debt,0,False,False,RB,counter_press,medium_block
2010085,6556,6561,2.87,False,proximity_intent_debt,0,False,False,RF,pressing,medium_block
2010085,6609,6615,1.62,False,proximity_intent_debt,0,False,False,DM,pressing,medium_block
2010085,6832,6842,1.86,False,proximity_intent_debt,0,False,False,LWB,pressing,medium_block
2010085,6942,6956,2.54,True,proximity_intent_debt,1,False,False,RCB,recovery_press,low_block
2010085,6995,7015,1.08,False,proximity_intent_debt,0,False,False,RW,other,chaotic
2010085,7994,8101,2.62,False,proximity_intent_debt,0,False,False,LM,other,medium_block
2010085,10456,10464,2.02,False,proximity_intent_debt,0,False,False,LWB,recovery_press,defending_transition
2010085,13184,13199,2.24,False,proximity_intent_debt,0,False,False,LM,other,low_block
2010085,13200,13225,2.95,False,proximity_intent_debt,0,False,False,LM,pressure,low_block
2010085,13543,13551,2.99,False,proximity_intent_debt,0,False,False,RM,other,low_block
2010085,14343,14375,2.38,False,proximity_intent_debt,0,False,False,RF,counter_press,medium_block
2010085,15401,15412,2.85,False,proximity_intent_debt,0,False,False,LWB,pressure,low_block
2010085,15984,15989,1.79,False,proximity_intent_debt,0,False,False,LCB,pressure,low_block
2010085,16054,16108,2.44,False,proximity_intent_debt,0,False,False,LW,pressure,low_block
2010085,16167,16222,1.28,False,proximity_intent_debt,0,False,False,RF,other,high_block
2010085,18285,18312,2.98,False,proximity_intent_debt,0,False,False,LCB,pressure,chaotic
2010085,18456,18460,2.12,False,proximity_intent_debt,0,False,False,CF,counter_press,high_block
2010085,18457,18460,2.38,False,proximity_intent_debt,0,False,False,LF,counter_press,high_block
2010085,18668,18696,2.88,False,proximity_intent_debt,0,False,False,RB,pressure,medium_block
2010085,18697,18738,0.94,False,proximity_intent_debt,0,False,False,LW,recovery_press,medium_block
2010085,19337,19382,1.26,False,proximity_intent_debt,0,False,False,RB,recovery_press,defending_transition
2010085,19588,19603,1.3,False,proximity_intent_debt,0,False,False,DM,pressing,medium_block
2010085,19604,19616,2.61,False,proximity_intent_debt,0,False,False,LF,other,medium_block
2010085,20447,20462,0.47,False,proximity_intent_debt,0,False,False,DM,other,chaotic
2010085,22553,22563,1.56,False,proximity_intent_debt,0,False,False,CB,pressing,medium_block
2010085,24065,24070,1.78,False,proximity_intent_debt,0,True,False,RM,other,low_block
2010085,24496,24499,2.04,False,proximity_intent_debt,0,False,False,LCB,other,medium_block
2010085,25026,25036,1.24,False,proximity_intent_debt,0,False,False,RM,other,medium_block
2010085,25399,25408,2.9,False,proximity_intent_debt,0,False,False,CF,other,chaotic
2010085,25549,25551,1.24,False,proximity_intent_debt,0,False,False,RW,counter_press,medium_block
2010085,29099,29109,2.56,False,proximity_intent_debt,0,False,False,RF,other,chaotic
2010085,29760,29773,2.72,False,proximity_intent_debt,0,False,False,LWB,counter_press,medium_block
2010085,29768,29770,2.96,False,proximity_intent_debt,0,False,False,LM,counter_press,medium_block
2010085,30921,30943,1.66,False,proximity_intent_debt,0,False,False,RWB,other,chaotic
2010085,32999,33050,1.59,False,proximity_intent_debt,0,False,False,LB,other,disruption
2010085,33010,33039,2.74,False,proximity_intent_debt,0,False,False,LCB,other,disruption
2010085,33197,33210,1.86,False,proximity_intent_debt,0,True,False,RW,other,low_block
2010085,33675,33681,2.35,False,proximity_intent_debt,0,True,False,RM,other,low_block
2010085,35765,35818,2.14,False,proximity_intent_debt,0,True,False,CB,other,medium_block
2010085,35840,35846,3.5,True,proximity_intent_debt,0,True,False,LWB,recovery_press,low_block
2010085,35869,35892,8.6,True,proximity_intent_debt,0,True,False,RCB,recovery_press,low_block
2010085,35936,35944,3.66,True,proximity_intent_debt,0,True,False,LWB,recovery_press,low_block
2010085,36122,36169,1.79,False,proximity_intent_debt,0,False,False,CF,pressure,low_block
2010085,36384,36396,2.94,False,proximity_intent_debt,0,False,False,RM,pressure,low_block
2010085,36457,36479,1.94,False,proximity_intent_debt,0,False,False,LWB,recovery_press,low_block
2010085,36996,37003,2.35,False,proximity_intent_debt,0,False,False,RCB,pressing,medium_block
2010085,37588,37610,2.04,False,proximity_intent_debt,0,False,False,CF,counter_press,high_block
2010085,38080,38087,1.36,True,proximity_intent_debt,1,False,False,RWB,other,low_block
2010085,39616,39621,2.81,False,proximity_intent_debt,0,False,False,CF,other,chaotic
2010085,40192,40223,1.55,False,proximity_intent_debt,0,False,False,CB,pressure,low_block
2010085,40225,40229,1.36,False,proximity_intent_debt,0,False,False,RM,other,low_block
2010085,40357,40361,1.4,False,proximity_intent_debt,0,False,False,CF,pressing,medium_block
2010085,40479,40508,2.59,False,proximity_intent_debt,0,False,False,RM,pressure,low_block
2010085,40552,40553,2.54,False,proximity_intent_debt,0,False,False,LWB,other,high_block
2010085,40566,40590,2.79,False,proximity_intent_debt,0,False,False,LM,other,high_block
2010085,40599,40612,2.86,False,proximity_intent_debt,0,False,False,LCB,other,high_block
2010085,40779,40791,1.52,False,proximity_intent_debt,0,False,False,DM,other,low_block
2010085,40882,40942,2.76,False,proximity_intent_debt,0,False,False,LF,counter_press,high_block
2010085,40998,41000,2.76,False,proximity_intent_debt,0,False,False,LF,recovery_press,high_block
2010085,41458,41471,1.23,False,proximity_intent_debt,0,False,False,RF,other,defending_transition
2010085,41550,41561,2.02,False,proximity_intent_debt,0,False,False,CF,other,medium_block
2010085,42816,42849,2.57,False,proximity_intent_debt,0,False,False,LM,other,chaotic
2010085,43394,43407,0.28,False,proximity_intent_debt,0,False,False,LWB,other,medium_block
2010085,43861,43875,1.08,False,proximity_intent_debt,0,False,False,RM,other,low_block
2010085,44214,44235,2.63,False,proximity_intent_debt,0,False,False,CB,pressure,medium_block
2010085,47606,47645,1.0,False,proximity_intent_debt,0,False,False,LCB,other,chaotic
2010085,47897,47934,0.55,False,proximity_intent_debt,0,False,False,LM,recovery_press,low_block
2010085,48797,48801,1.73,False,proximity_intent_debt,0,False,False,LM,recovery_press,medium_block
2010085,49223,49238,2.59,False,proximity_intent_debt,0,False,False,RB,recovery_press,low_block
2010085,50082,50091,2.82,False,proximity_intent_debt,0,False,False,RM,pressure,low_block
2010085,51686,51711,0.6,False,proximity_intent_debt,0,False,False,CB,other,low_block
2010085,53060,53078,2.89,False,proximity_intent_debt,0,False,False,RB,recovery_press,low_block
2010085,54396,54430,2.2,False,proximity_intent_debt,0,False,False,LW,other,chaotic
2010085,54745,54811,1.91,False,proximity_intent_debt,0,False,False,RB,other,chaotic
2010085,54813,54817,2.97,False,proximity_intent_debt,0,False,False,RW,other,chaotic
2010085,57562,57573,1.84,False,proximity_intent_debt,0,False,False,CF,pressure,chaotic
2010085,57611,57625,2.21,False,proximity_intent_debt,0,False,False,RDM,other,chaotic
2010085,58079,58127,2.34,False,proximity_intent_debt,0,False,False,RCB,other,chaotic
2010085,58791,58820,5.76,True,proximity_intent_debt,0,True,False,LM,other,low_block
2011166,2391,2402,2.83,False,proximity_intent_debt,0,False,False,AM,pressure,medium_block
2011166,2551,2575,1.71,False,proximity_intent_debt,0,False,False,AM,recovery_press,medium_block
2011166,2685,2714,1.71,False,proximity_intent_debt,0,True,False,RB,other,low_block
2011166,3560,3577,2.52,False,proximity_intent_debt,0,False,False,AM,recovery_press,low_block
2011166,3714,3755,0.79,False,proximity_intent_debt,0,False,False,RCB,other,medium_block
2011166,3756,3776,2.99,False,proximity_intent_debt,0,False,False,DM,recovery_press,medium_block
2011166,3764,3776,2.65,False,proximity_intent_debt,0,False,False,RM,recovery_press,medium_block
2011166,3901,3902,2.0,False,proximity_intent_debt,0,False,False,LDM,recovery_press,defending_direct
2011166,3903,3904,2.03,False,proximity_intent_debt,0,False,False,CF,other,defending_transition
2011166,4029,4035,1.31,False,proximity_intent_debt,0,False,False,DM,recovery_press,defending_transition
2011166,5372,5429,1.48,False,proximity_intent_debt,0,True,False,RB,pressure,low_block
2011166,7920,7937,1.47,False,proximity_intent_debt,0,False,False,LB,other,chaotic
2011166,7942,7970,1.02,False,proximity_intent_debt,0,False,False,CF,other,high_block
2011166,8059,8069,1.73,False,proximity_intent_debt,0,False,False,LDM,pressing,high_block
2011166,8226,8231,2.44,False,proximity_intent_debt,0,True,True,RCB,other,low_block
2011166,8226,8231,0.85,False,proximity_intent_debt,0,True,True,LCB,recovery_press,low_block
2011166,9550,9580,2.52,False,proximity_intent_debt,0,False,False,RB,recovery_press,medium_block
2011166,9582,9585,2.56,False,proximity_intent_debt,0,False,False,LM,other,chaotic
2011166,9786,9797,1.79,False,proximity_intent_debt,0,False,False,RW,other,medium_block
2011166,10018,10036,2.04,False,proximity_intent_debt,0,False,False,RW,counter_press,medium_block
2011166,10389,10416,1.02,True,proximity_intent_debt,1,True,False,AM,recovery_press,low_block
2011166,11327,11346,1.59,False,proximity_intent_debt,0,False,False,RDM,recovery_press,medium_block
2011166,11339,11346,2.27,False,proximity_intent_debt,0,False,False,RB,recovery_press,medium_block
2011166,11347,11348,2.27,False,proximity_intent_debt,0,False,False,LB,other,low_block
2011166,11397,11407,2.35,False,proximity_intent_debt,0,False,False,CF,pressure,chaotic
2011166,11636,11645,2.48,False,proximity_intent_debt,0,False,False,RDM,other,chaotic
2011166,12542,12544,1.43,False,proximity_intent_debt,0,False,False,LB,other,chaotic
2011166,12561,12561,1.33,False,proximity_intent_debt,0,False,False,AM,other,low_block
2011166,12739,12751,2.07,False,proximity_intent_debt,0,False,False,LB,pressing,medium_block
2011166,12753,12769,1.25,False,proximity_intent_debt,0,False,False,LM,recovery_press,medium_block
2011166,13000,13037,2.28,False,proximity_intent_debt,0,False,False,CF,pressure,chaotic
2011166,13344,13354,2.77,False,proximity_intent_debt,0,False,False,RB,pressure,low_block
2011166,16058,16068,1.63,False,proximity_intent_debt,0,False,False,RB,other,high_block
2011166,16071,16083,1.98,False,proximity_intent_debt,0,False,False,RW,other,high_block
2011166,16084,16086,2.29,False,proximity_intent_debt,0,False,False,AM,counter_press,high_block
2011166,16084,16086,2.11,False,proximity_intent_debt,0,False,False,LDM,counter_press,high_block
2011166,16088,16102,2.67,False,proximity_intent_debt,0,False,False,RB,counter_press,high_block
2011166,16168,16178,1.44,False,proximity_intent_debt,0,False,False,DM,other,chaotic
2011166,16180,16182,2.43,False,proximity_intent_debt,0,False,False,AM,other,chaotic
2011166,16180,16182,2.7,False,proximity_intent_debt,0,False,False,LDM,other,chaotic
2011166,17461,17491,2.37,True,proximity_intent_debt,1,True,False,RCB,recovery_press,defending_quick_break
2011166,17996,18005,2.62,False,proximity_intent_debt,0,False,False,AM,other,high_block
2011166,18306,18327,2.53,True,proximity_intent_debt,1,False,False,LCB,pressure,chaotic
2011166,18306,18327,2.46,True,proximity_intent_debt,1,False,False,DM,recovery_press,chaotic
2011166,18718,18723,2.5,False,proximity_intent_debt,0,False,False,RDM,pressing,high_block
2011166,18878,18907,2.43,False,proximity_intent_debt,0,False,False,LM,counter_press,medium_block
2011166,19241,19251,2.52,False,proximity_intent_debt,0,False,False,LDM,other,chaotic
2011166,19342,19368,1.59,False,proximity_intent_debt,0,False,False,LW,other,chaotic
2011166,21145,21163,0.54,False,proximity_intent_debt,0,False,False,LB,other,chaotic
2011166,21188,21223,2.78,False,proximity_intent_debt,0,True,False,LM,pressure,low_block
2011166,21563,21582,2.56,False,proximity_intent_debt,0,False,False,AM,pressing,medium_block
2011166,21584,21601,1.45,False,proximity_intent_debt,0,False,False,RDM,pressing,medium_block
2011166,21667,21748,2.19,False,proximity_intent_debt,0,False,False,LDM,other,low_block
2011166,21929,21941,2.52,False,proximity_intent_debt,0,False,False,RCB,other,chaotic
2011166,21967,21969,1.74,False,proximity_intent_debt,0,True,False,LB,counter_press,medium_block
2011166,22055,22055,0.69,False,proximity_intent_debt,0,False,False,LW,other,chaotic
2011166,23337,23400,3.43,True,proximity_intent_debt,0,True,False,RCB,recovery_press,low_block
2011166,24205,24209,2.28,False,proximity_intent_debt,0,True,False,RB,other,low_block
2011166,24651,24669,2.34,True,proximity_intent_debt,1,False,False,LDM,recovery_press,low_block
2011166,24719,24730,2.84,False,proximity_intent_debt,0,False,False,LW,recovery_press,low_block
2011166,25059,25063,1.05,False,proximity_intent_debt,0,False,False,AM,other,medium_block
2011166,25176,25217,1.66,False,proximity_intent_debt,0,False,False,RCB,pressing,medium_block
2011166,25229,25276,2.91,False,proximity_intent_debt,0,False,False,LDM,recovery_press,medium_block
2011166,27206,27224,1.28,False,proximity_intent_debt,0,False,False,AM,other,defending_quick_break
2011166,27231,27268,1.87,True,proximity_intent_debt,1,False,False,LW,recovery_press,defending_quick_break
2011166,29044,29062,2.99,False,proximity_intent_debt,0,False,False,RB,pressure,medium_block
2011166,29064,29079,0.54,False,proximity_intent_debt,0,False,False,LW,counter_press,defending_transition
2011166,29064,29079,2.88,False,proximity_intent_debt,0,False,False,LB,counter_press,defending_transition
2011166,29081,29084,2.77,False,proximity_intent_debt,0,False,False,LB,counter_press,defending_transition
2011166,29089,29100,2.95,False,proximity_intent_debt,0,False,False,LCB,counter_press,defending_transition
2011166,29102,29146,0.44,False,proximity_intent_debt,0,False,False,LDM,recovery_press,defending_transition
2011166,31172,31183,2.75,False,proximity_intent_debt,0,True,False,LCB,other,defending_set_play
2011166,31190,31198,5.0,True,proximity_intent_debt,0,True,False,LB,recovery_press,defending_set_play
2011166,41963,41972,2.34,False,proximity_intent_debt,0,False,False,DM,pressure,low_block
2011166,42160,42177,3.48,True,proximity_intent_debt,0,False,False,DM,recovery_press,defending_quick_break
2011166,42178,42179,2.3,False,proximity_intent_debt,0,False,False,CF,other,chaotic
2011166,42225,42226,0.87,False,proximity_intent_debt,0,True,False,RM,other,defending_quick_break
2011166,43668,43677,1.8,False,proximity_intent_debt,0,False,False,RB,pressure,low_block
2011166,43691,43694,2.29,False,proximity_intent_debt,0,False,False,AM,other,low_block
2011166,43717,43724,2.82,False,proximity_intent_debt,0,False,False,CF,other,low_block
2011166,43725,43738,1.26,False,proximity_intent_debt,0,True,True,LB,pressure,defending_transition
2011166,44989,44996,2.24,False,proximity_intent_debt,0,False,False,RDM,pressure,low_block
2011166,44998,45021,1.32,False,proximity_intent_debt,0,False,False,DM,other,medium_block
2011166,45962,45976,2.19,False,proximity_intent_debt,0,False,False,RM,other,medium_block
2011166,46414,46438,2.38,False,proximity_intent_debt,0,False,False,LCB,counter_press,medium_block
2011166,49677,49684,1.9,False,proximity_intent_debt,0,True,False,LM,recovery_press,low_block
2011166,49686,49697,1.4,False,proximity_intent_debt,0,True,False,RB,other,low_block
2011166,50136,50154,2.65,False,proximity_intent_debt,0,False,False,CF,pressure,chaotic
2011166,50549,50553,2.73,False,proximity_intent_debt,0,False,False,CF,other,medium_block
2011166,50677,50681,2.92,False,proximity_intent_debt,0,False,False,LW,other,low_block
2011166,50823,50824,1.82,False,proximity_intent_debt,0,False,False,LW,other,low_block
2011166,51666,51669,2.94,False,proximity_intent_debt,0,False,False,AM,pressure,chaotic
2011166,51824,51858,3.93,True,proximity_intent_debt,0,False,False,RCB,recovery_press,low_block
2011166,53529,53539,1.93,False,proximity_intent_debt,0,False,False,RCB,pressure,chaotic
2011166,53702,53716,1.46,False,proximity_intent_debt,0,False,False,LM,recovery_press,medium_block
2011166,53968,53973,1.15,False,proximity_intent_debt,0,False,False,RCB,pressing,medium_block
2011166,53983,53993,1.98,False,proximity_intent_debt,0,False,False,LW,other,medium_block
2011166,54032,54063,4.14,True,proximity_intent_debt,0,False,False,LCB,recovery_press,low_block
2011166,54065,54090,1.53,False,proximity_intent_debt,0,False,False,RM,other,chaotic
2011166,54609,54637,1.21,False,proximity_intent_debt,0,False,False,LM,pressing,medium_block
2011166,55646,55658,2.29,False,proximity_intent_debt,0,False,False,LB,other,low_block
2011166,57007,57031,4.49,True,proximity_intent_debt,0,False,False,RB,other,defending_set_play
2011166,57781,57782,1.71,False,proximity_intent_debt,0,False,False,LW,other,medium_block
2011166,57797,57801,2.01,False,proximity_intent_debt,0,False,False,LW,other,medium_block
2011166,58572,58650,0.67,False,proximity_intent_debt,0,True,True,RW,recovery_press,defending_transition
2011166,59371,59379,2.94,False,proximity_intent_debt,0,False,False,CF,other,medium_block
2011166,59595,59636,2.78,False,proximity_intent_debt,0,False,False,CF,other,chaotic
2011166,59998,60036,1.25,False,proximity_intent_debt,0,False,False,RW,other,chaotic
2011166,63026,63067,1.06,False,proximity_intent_debt,0,True,False,RW,recovery_press,defending_set_play
2011166,63069,63074,2.94,False,proximity_intent_debt,0,True,False,LW,other,defending_set_play
2011166,63714,63783,1.71,False,proximity_intent_debt,0,False,False,RB,counter_press,defending_direct
2011166,63909,63915,1.22,False,proximity_intent_debt,0,False,False,DM,other,defending_quick_break
2011166,64195,64216,1.91,False,proximity_intent_debt,0,False,False,RB,other,medium_block
2011166,64471,64478,2.28,False,proximity_intent_debt,0,False,False,RM,other,low_block
2011166,64498,64510,2.63,False,proximity_intent_debt,0,False,False,AM,pressure,low_block
2011166,64512,64519,2.36,False,proximity_intent_debt,0,False,False,LM,other,low_block
2011166,64528,64538,1.98,False,proximity_intent_debt,0,False,False,RM,pressing,medium_block
2011166,64555,64570,2.57,False,proximity_intent_debt,0,False,False,RCB,pressure,low_block
2011166,64568,64570,2.25,False,proximity_intent_debt,0,False,False,DM,recovery_press,low_block
2011166,64571,64595,1.16,False,proximity_intent_debt,0,False,False,CF,pressure,chaotic
2011166,65491,65508,2.53,False,proximity_intent_debt,0,False,False,RCB,other,medium_block
2011166,68515,68529,2.8,False,proximity_intent_debt,0,False,False,CF,counter_press,high_block
2011166,69226,69243,0.66,False,proximity_intent_debt,0,False,False,LDM,other,chaotic
2011166,70615,70623,2.59,False,proximity_intent_debt,0,False,False,AM,other,medium_block
2011166,70905,70961,0.77,False,proximity_intent_debt,0,False,False,LM,other,chaotic
2011166,70947,70961,2.21,False,proximity_intent_debt,0,False,False,RB,other,chaotic
2011166,71154,71234,0.97,False,proximity_intent_debt,0,False,False,LCB,other,low_block
2013725,4413,4456,1.22,False,proximity_intent_debt,0,False,False,CF,other,chaotic
2013725,4516,4532,2.2,False,proximity_intent_debt,0,False,False,RWB,other,chaotic
2013725,4925,4937,1.56,False,proximity_intent_debt,0,False,False,LM,pressing,medium_block
2013725,5015,5047,1.27,False,proximity_intent_debt,0,False,False,RWB,recovery_press,low_block
2013725,8765,8806,2.87,False,proximity_intent_debt,0,False,False,RW,other,chaotic
2013725,8908,8942,2.29,False,proximity_intent_debt,0,False,False,LWB,counter_press,medium_block
2013725,9529,9554,2.5,False,proximity_intent_debt,0,False,False,RW,other,medium_block
2013725,10012,10022,2.13,False,proximity_intent_debt,0,False,False,RCB,pressure,low_block
2013725,10178,10179,2.73,False,proximity_intent_debt,0,False,False,LM,counter_press,medium_block
2013725,10799,10799,1.8,False,proximity_intent_debt,0,False,False,LW,other,defending_set_play
2013725,11511,11520,2.11,False,proximity_intent_debt,0,False,False,LCB,other,defending_transition
2013725,11570,11586,2.73,False,proximity_intent_debt,0,False,False,LW,other,medium_block
2013725,12567,12588,0.37,False,proximity_intent_debt,0,False,False,LCB,other,low_block
2013725,14947,14952,2.7,False,proximity_intent_debt,0,False,False,LM,other,chaotic
2013725,15400,15429,1.2,False,proximity_intent_debt,0,False,False,CF,other,chaotic
2013725,15708,15715,3.17,True,proximity_intent_debt,0,True,False,RCB,recovery_press,defending_set_play
2013725,16584,16615,2.78,False,proximity_intent_debt,0,False,False,CB,pressing,medium_block
2013725,17763,17797,0.86,False,proximity_intent_debt,0,False,False,RW,recovery_press,defending_quick_break
2013725,17799,17806,2.7,False,proximity_intent_debt,0,False,False,RCB,other,defending_quick_break
2013725,17808,17865,1.65,False,proximity_intent_debt,0,False,False,RB,recovery_press,defending_quick_break
2013725,19163,19183,1.78,False,proximity_intent_debt,0,False,False,CF,other,medium_block
2013725,19977,20012,1.22,False,proximity_intent_debt,0,False,False,LW,counter_press,high_block
2013725,20302,20303,2.04,False,proximity_intent_debt,0,False,False,LB,pressure,medium_block
2013725,21302,21311,2.65,False,proximity_intent_debt,0,False,False,LW,other,chaotic
2013725,21624,21654,1.77,False,proximity_intent_debt,0,True,False,LCB,other,low_block
2013725,22262,22289,2.72,False,proximity_intent_debt,0,False,False,RM,pressing,medium_block
2013725,22316,22326,1.6,False,proximity_intent_debt,0,False,False,LCB,other,chaotic
2013725,23506,23524,2.4,False,proximity_intent_debt,0,False,False,CF,other,low_block
2013725,24271,24290,2.9,False,proximity_intent_debt,0,False,False,LCB,other,medium_block
2013725,24605,24629,2.36,False,proximity_intent_debt,0,False,False,LM,pressing,medium_block
2013725,24873,24919,8.79,True,proximity_intent_debt,0,False,False,LB,other,low_block
2013725,25101,25113,2.88,False,proximity_intent_debt,0,False,False,CF,other,low_block
2013725,26739,26751,1.34,False,proximity_intent_debt,0,False,False,CF,other,chaotic
2013725,26986,26998,2.73,False,proximity_intent_debt,0,False,False,RWB,recovery_press,defending_quick_break
2013725,28406,28455,2.94,False,proximity_intent_debt,0,False,False,RW,pressure,chaotic
2013725,29167,29190,2.49,False,proximity_intent_debt,0,False,False,RW,other,high_block
2013725,29192,29200,2.71,False,proximity_intent_debt,0,False,False,RM,counter_press,high_block
2013725,29202,29225,1.1,False,proximity_intent_debt,0,False,False,RW,counter_press,high_block
2013725,29227,29233,2.45,False,proximity_intent_debt,0,False,False,RB,other,high_block
2013725,29883,29884,2.37,False,proximity_intent_debt,0,False,False,LWB,other,chaotic
2013725,30433,30446,0.99,False,proximity_intent_debt,0,False,False,LW,other,chaotic
2013725,30839,30861,2.81,False,proximity_intent_debt,0,False,False,LB,pressure,chaotic
2013725,31331,31339,2.52,False,proximity_intent_debt,0,False,False,LW,other,chaotic
2013725,41008,41010,1.28,False,proximity_intent_debt,0,False,False,RM,other,medium_block
2013725,41406,41417,2.05,False,proximity_intent_debt,0,False,False,RW,counter_press,medium_block
2013725,41444,41452,1.57,False,proximity_intent_debt,0,False,False,RB,recovery_press,low_block
2013725,42006,42019,1.84,False,proximity_intent_debt,0,False,False,LB,other,chaotic
2013725,42225,42226,2.01,False,proximity_intent_debt,0,False,False,RM,recovery_press,low_block
2013725,42225,42279,2.52,False,proximity_intent_debt,0,False,False,LM,recovery_press,low_block
2013725,43174,43178,2.73,False,proximity_intent_debt,0,False,False,RM,recovery_press,medium_block
2013725,43895,43904,7.12,True,proximity_intent_debt,0,True,False,RM,recovery_press,defending_quick_break
2013725,44483,44501,2.26,False,proximity_intent_debt,0,False,False,LM,other,medium_block
2013725,44530,44542,2.19,False,proximity_intent_debt,0,False,False,RCB,other,low_block
2013725,44591,44594,1.68,False,proximity_intent_debt,0,True,False,CF,counter_press,defending_transition
2013725,44598,44652,0.86,False,proximity_intent_debt,0,True,False,RM,recovery_press,defending_transition
2013725,44654,44667,2.05,True,proximity_intent_debt,1,True,False,LB,recovery_press,defending_transition
2013725,44972,44984,2.57,False,proximity_intent_debt,0,False,False,RM,pressure,chaotic
2013725,45439,45451,2.14,False,proximity_intent_debt,0,False,False,LCB,pressure,medium_block
2013725,45452,45472,2.43,False,proximity_intent_debt,0,False,False,RW,recovery_press,low_block
2013725,45484,45493,2.39,False,proximity_intent_debt,0,False,False,CF,other,low_block
2013725,45499,45514,2.48,False,proximity_intent_debt,0,False,False,RW,other,low_block
2013725,46324,46331,1.86,False,proximity_intent_debt,0,False,False,LB,other,chaotic
2013725,47679,47705,1.58,False,proximity_intent_debt,0,False,False,LM,recovery_press,medium_block
2013725,49616,49647,0.75,False,proximity_intent_debt,0,False,False,RW,other,medium_block
2013725,49707,49716,2.18,False,proximity_intent_debt,0,False,False,RW,recovery_press,medium_block
2013725,49958,49969,2.93,False,proximity_intent_debt,0,False,False,CF,recovery_press,medium_block
2013725,50762,50776,1.67,False,proximity_intent_debt,0,False,False,LCB,other,medium_block
2013725,52925,52981,1.71,False,proximity_intent_debt,0,False,False,LM,recovery_press,defending_transition
2013725,52982,52984,1.65,False,proximity_intent_debt,0,False,False,LW,other,chaotic
2013725,53711,53730,2.96,False,proximity_intent_debt,0,False,False,LM,other,chaotic
2013725,53732,53734,2.31,False,proximity_intent_debt,0,False,False,LB,pressure,chaotic
2013725,53763,53766,2.52,False,proximity_intent_debt,0,False,False,RWB,other,chaotic
2013725,53768,53785,2.08,False,proximity_intent_debt,0,False,False,CF,other,chaotic
2013725,55560,55589,2.25,False,proximity_intent_debt,0,False,False,RM,pressure,defending_transition
2013725,56048,56059,1.36,False,proximity_intent_debt,0,False,False,LM,other,low_block
2013725,56061,56074,1.87,False,proximity_intent_debt,0,False,False,LCB,pressure,low_block
2013725,56325,56332,1.99,False,proximity_intent_debt,0,False,False,CF,other,low_block
2013725,56359,56415,0.89,False,proximity_intent_debt,0,False,False,CF,other,defending_transition
2013725,56417,56451,1.79,False,proximity_intent_debt,0,False,False,LW,counter_press,high_block
2013725,56574,56588,1.63,False,proximity_intent_debt,0,False,False,RM,pressing,medium_block
2013725,56724,56743,2.15,True,proximity_intent_debt,1,True,False,RM,recovery_press,low_block
2013725,58016,58018,2.4,False,proximity_intent_debt,0,False,False,RWB,pressure,low_block
2013725,58058,58104,4.23,True,proximity_intent_debt,0,False,False,RCB,recovery_press,chaotic
2013725,58109,58148,2.17,False,proximity_intent_debt,0,False,False,LW,counter_press,defending_direct
2013725,58342,58343,1.29,False,proximity_intent_debt,0,False,False,LW,other,chaotic
2013725,58406,58419,2.91,False,proximity_intent_debt,0,False,False,LM,recovery_press,chaotic
2013725,58420,58426,1.06,False,proximity_intent_debt,0,False,False,CF,counter_press,high_block
2013725,59433,59448,1.63,False,proximity_intent_debt,0,False,False,RCB,other,low_block
2013725,59789,59820,1.26,False,proximity_intent_debt,0,False,False,LM,recovery_press,chaotic
2013725,59797,59820,2.68,False,proximity_intent_debt,0,False,False,LB,recovery_press,chaotic
2013725,59821,59839,0.35,False,proximity_intent_debt,0,False,False,LM,counter_press,high_block
2013725,59869,59915,1.73,False,proximity_intent_debt,0,False,False,RM,other,low_block
2013725,59945,59951,2.61,False,proximity_intent_debt,0,False,False,LM,pressure,low_block
2013725,60644,60658,1.29,False,proximity_intent_debt,0,False,False,CF,other,chaotic
2013725,61123,61146,2.72,False,proximity_intent_debt,0,False,False,RB,other,medium_block
2013725,61172,61236,2.65,False,proximity_intent_debt,0,False,False,RCB,other,low_block
2013725,61172,61236,2.91,False,proximity_intent_debt,0,False,False,LM,recovery_press,low_block
2013725,61172,61236,1.31,False,proximity_intent_debt,0,False,False,RM,recovery_press,low_block
2013725,61941,61984,2.91,False,proximity_intent_debt,0,False,False,LW,other,defending_quick_break
2013725,62296,62311,2.51,True,proximity_intent_debt,1,False,False,LM,recovery_press,low_block
2013725,62376,62379,2.39,False,proximity_intent_debt,0,True,False,RCB,recovery_press,defending_transition
2013725,62477,62485,2.28,False,proximity_intent_debt,0,False,False,CF,other,chaotic
2013725,63105,63111,2.23,True,proximity_intent_debt,1,True,False,LM,recovery_press,low_block
2013725,63105,63111,5.25,True,proximity_intent_debt,0,True,False,RM,recovery_press,low_block
2013725,63844,63864,2.68,False,proximity_intent_debt,0,False,False,LW,recovery_press,low_block
2013725,63866,63874,2.93,False,proximity_intent_debt,0,False,False,RWB,other,defending_direct
2013725,63997,64054,1.59,False,proximity_intent_debt,0,False,False,LB,pressing,medium_block
2013725,64055,64082,0.49,False,proximity_intent_debt,0,False,False,AM,other,chaotic
2013725,65198,65217,2.91,False,proximity_intent_debt,0,False,False,CF,other,low_block
2013725,65474,65491,1.37,False,proximity_intent_debt,0,False,False,LM,other,medium_block
2013725,65994,66058,0.6,False,proximity_intent_debt,0,False,False,LCB,pressure,low_block
2013725,66638,66654,1.73,True,proximity_intent_debt,1,True,False,RCB,other,defending_set_play
2013725,68441,68483,2.51,True,proximity_intent_debt,1,False,False,RCB,recovery_press,low_block
2013725,68614,68626,2.82,False,proximity_intent_debt,0,False,False,RM,recovery_press,low_block
2013725,68627,68631,2.59,False,proximity_intent_debt,0,False,False,LW,other,disruption
2013725,68696,68698,1.64,False,proximity_intent_debt,0,False,False,LW,other,chaotic
2013725,68726,68736,1.88,False,proximity_intent_debt,0,False,False,LM,pressure,chaotic
2013725,69196,69200,2.13,False,proximity_intent_debt,0,False,False,LM,pressure,low_block
2013725,69432,69477,1.86,False,proximity_intent_debt,0,False,False,LCB,recovery_press,low_block
2013725,69519,69519,2.14,False,proximity_intent_debt,0,False,False,LW,other,defending_transition
2013725,69609,69662,1.84,True,proximity_intent_debt,1,False,False,RCB,recovery_press,defending_transition
2013725,69644,69662,2.27,False,proximity_intent_debt,0,False,False,LCB,other,defending_transition
2015213,3306,3308,2.52,False,proximity_intent_debt,0,False,False,RB,other,low_block
2015213,4501,4511,2.28,False,proximity_intent_debt,0,False,False,CF,other,chaotic
2015213,4654,4662,2.67,False,proximity_intent_debt,0,False,False,RB,pressing,medium_block
2015213,5873,5900,2.66,False,proximity_intent_debt,0,False,False,LM,other,chaotic
2015213,7944,7952,2.06,False,proximity_intent_debt,0,False,False,LW,recovery_press,high_block
2015213,7999,8017,2.78,False,proximity_intent_debt,0,False,False,LCB,pressure,medium_block
2015213,9055,9128,0.97,False,proximity_intent_debt,0,False,False,LW,pressing,high_block
2015213,10505,10511,0.87,False,proximity_intent_debt,0,False,False,LW,pressure,chaotic
2015213,11277,11326,1.89,False,proximity_intent_debt,0,False,False,RCB,other,chaotic
2015213,11327,11368,0.74,False,proximity_intent_debt,0,False,False,CF,other,high_block
2015213,13811,13816,1.98,False,proximity_intent_debt,0,False,False,LW,other,chaotic
2015213,13993,13996,2.06,False,proximity_intent_debt,0,False,False,LW,other,medium_block
2015213,15044,15072,2.84,False,proximity_intent_debt,0,False,False,LM,recovery_press,chaotic
2015213,15089,15095,2.48,False,proximity_intent_debt,0,False,False,RW,recovery_press,chaotic
2015213,15097,15123,2.53,False,proximity_intent_debt,0,False,False,RCB,other,chaotic
2015213,15124,15153,0.98,False,proximity_intent_debt,0,True,False,CF,other,low_block
2015213,16393,16418,2.9,False,proximity_intent_debt,0,False,False,RB,pressure,chaotic
2015213,16860,16873,2.78,False,proximity_intent_debt,0,False,False,RM,other,chaotic
2015213,16860,16873,1.35,False,proximity_intent_debt,0,False,False,CF,other,chaotic
2015213,17256,17282,1.74,False,proximity_intent_debt,0,False,False,RM,other,chaotic
2015213,18974,19018,1.53,False,proximity_intent_debt,0,False,False,CF,counter_press,high_block
2015213,19019,19020,2.48,False,proximity_intent_debt,0,False,False,CF,counter_press,high_block
2015213,19019,19020,2.0,False,proximity_intent_debt,0,False,False,RW,counter_press,high_block
2015213,19365,19385,2.67,False,proximity_intent_debt,0,False,False,RW,recovery_press,low_block
2015213,19573,19591,2.0,False,proximity_intent_debt,0,False,False,RB,pressure,low_block
2015213,20769,20778,2.86,False,proximity_intent_debt,0,False,False,CF,other,chaotic
2015213,20916,20955,1.98,False,proximity_intent_debt,0,False,False,LW,counter_press,high_block
2015213,21045,21062,1.45,False,proximity_intent_debt,0,False,False,RCB,other,defending_quick_break
2015213,21835,21847,2.79,False,proximity_intent_debt,0,False,False,CF,other,medium_block
2015213,22211,22213,2.78,False,proximity_intent_debt,0,False,False,CF,other,medium_block
2015213,23023,23066,1.38,False,proximity_intent_debt,0,False,False,RW,counter_press,high_block
2015213,23069,23111,0.72,False,proximity_intent_debt,0,False,False,RW,other,high_block
2015213,24088,24104,2.52,False,proximity_intent_debt,0,False,False,RW,other,low_block
2015213,26250,26270,1.06,False,proximity_intent_debt,0,False,False,LW,other,defending_quick_break
2015213,27062,27086,2.64,False,proximity_intent_debt,0,False,False,LB,other,chaotic
2015213,27205,27264,1.25,True,proximity_intent_debt,1,False,False,LB,recovery_press,low_block
2015213,27479,27486,2.13,False,proximity_intent_debt,0,False,False,RCB,pressing,medium_block
2015213,27653,27666,1.99,False,proximity_intent_debt,0,False,False,CF,counter_press,medium_block
2015213,28746,28767,1.03,False,proximity_intent_debt,0,False,False,RM,other,chaotic
2015213,28792,28799,1.61,False,proximity_intent_debt,0,False,False,RW,other,low_block
2015213,29889,29937,1.95,False,proximity_intent_debt,0,False,False,RM,counter_press,medium_block
2015213,40449,40451,0.81,False,proximity_intent_debt,0,False,False,LW,other,chaotic
2015213,41000,41020,2.45,True,proximity_intent_debt,1,True,False,LCB,recovery_press,low_block
2015213,41503,41513,2.37,False,proximity_intent_debt,0,False,False,LW,other,chaotic
2015213,41519,41526,2.16,False,proximity_intent_debt,0,False,False,CF,other,low_block
2015213,41528,41546,2.17,False,proximity_intent_debt,0,False,False,RM,pressure,low_block
2015213,41819,41833,1.88,False,proximity_intent_debt,0,False,False,LB,pressing,medium_block
2015213,41873,41888,2.24,False,proximity_intent_debt,0,False,False,LB,recovery_press,chaotic
2015213,44008,44020,2.16,False,proximity_intent_debt,0,False,False,CF,counter_press,medium_block
2015213,44442,44484,2.5,False,proximity_intent_debt,0,False,False,RM,recovery_press,medium_block
2015213,45439,45486,2.95,False,proximity_intent_debt,0,False,False,RB,recovery_press,defending_transition
2015213,45461,45464,2.35,False,proximity_intent_debt,0,False,False,CF,other,defending_transition
2015213,46258,46270,1.19,False,proximity_intent_debt,0,False,False,RW,other,low_block
2015213,46289,46310,2.83,False,proximity_intent_debt,0,False,False,LM,recovery_press,low_block
2015213,46289,46310,1.59,False,proximity_intent_debt,0,False,False,RW,recovery_press,low_block
2015213,46311,46329,1.57,False,proximity_intent_debt,0,False,False,LW,other,chaotic
2015213,46751,46776,1.14,False,proximity_intent_debt,0,False,False,RB,other,low_block
2015213,47990,48015,2.93,False,proximity_intent_debt,0,True,False,RM,recovery_press,low_block
2015213,48664,48687,1.98,False,proximity_intent_debt,0,False,False,LCB,pressing,medium_block
2015213,48688,48718,2.52,False,proximity_intent_debt,0,False,False,RM,other,medium_block
2015213,48762,48790,2.71,False,proximity_intent_debt,0,False,False,LCB,pressure,medium_block
2015213,53169,53184,0.43,False,proximity_intent_debt,0,False,False,CF,other,defending_direct
2015213,53221,53238,1.0,False,proximity_intent_debt,0,False,False,LM,other,medium_block
2015213,53381,53389,2.71,False,proximity_intent_debt,0,False,False,LM,pressing,high_block
2015213,53700,53735,2.86,False,proximity_intent_debt,0,False,False,RW,other,chaotic
2015213,55551,55597,1.98,False,proximity_intent_debt,0,False,False,LW,counter_press,medium_block
2015213,55651,55687,2.99,False,proximity_intent_debt,0,False,False,LB,pressing,medium_block
2015213,56722,56772,2.04,False,proximity_intent_debt,0,False,False,RB,other,chaotic
2015213,57208,57220,2.13,False,proximity_intent_debt,0,False,False,RM,pressing,medium_block
2015213,57938,57953,1.92,False,proximity_intent_debt,0,False,False,RM,recovery_press,medium_block
2015213,57957,57969,1.01,False,proximity_intent_debt,0,False,False,LW,counter_press,medium_block
2015213,58084,58112,1.06,False,proximity_intent_debt,0,False,False,RM,other,chaotic
2015213,59518,59556,2.08,False,proximity_intent_debt,0,False,False,LCB,recovery_press,chaotic
2015213,63312,63319,1.54,False,proximity_intent_debt,0,False,False,RM,recovery_press,low_block
2015213,63557,63582,1.12,False,proximity_intent_debt,0,False,False,RB,other,chaotic
2015213,64523,64549,6.51,True,proximity_intent_debt,0,False,False,LB,recovery_press,low_block
2015213,65959,66013,1.1,False,proximity_intent_debt,0,False,False,LW,other,medium_block
2015213,67056,67069,1.37,False,proximity_intent_debt,0,False,False,LCB,recovery_press,disruption
2015213,67266,67315,6.61,True,proximity_intent_debt,0,False,False,RB,recovery_press,low_block
2015213,67469,67484,2.16,False,proximity_intent_debt,0,False,False,CF,other,defending_transition
2015213,69089,69091,1.58,False,proximity_intent_debt,0,False,False,CF,other,defending_quick_break
2015213,69551,69559,2.76,False,proximity_intent_debt,0,True,True,RB,counter_press,defending_transition
2015213,69561,69607,2.1,True,proximity_intent_debt,1,True,True,RCB,recovery_press,defending_transition
2015213,70565,70572,1.56,False,proximity_intent_debt,0,True,True,RW,recovery_press,low_block
2015213,70574,70598,0.48,False,proximity_intent_debt,0,True,True,RW,other,low_block
2016236,1505,1513,1.07,False,proximity_intent_debt,0,False,False,LW,other,low_block
2016236,2521,2534,0.69,False,proximity_intent_debt,0,True,True,LM,other,low_block
2016236,3824,3882,7.63,True,proximity_intent_debt,0,False,False,LB,other,low_block
2016236,3952,3977,2.63,False,proximity_intent_debt,0,False,False,LB,recovery_press,low_block
2016236,4205,4211,2.71,False,proximity_intent_debt,0,True,False,RB,recovery_press,medium_block
2016236,4693,4725,2.07,False,proximity_intent_debt,0,False,False,AM,recovery_press,low_block
2016236,5941,5968,1.25,False,proximity_intent_debt,0,False,False,LB,counter_press,medium_block
2016236,6103,6114,3.64,True,proximity_intent_debt,0,True,False,RCB,recovery_press,low_block
2016236,6128,6142,2.31,False,proximity_intent_debt,0,True,False,LW,other,low_block
2016236,6897,6959,2.67,False,proximity_intent_debt,0,False,False,CF,pressure,chaotic
2016236,7186,7200,0.95,False,proximity_intent_debt,0,False,False,RB,other,medium_block
2016236,7905,7914,5.24,True,proximity_intent_debt,0,False,False,LW,recovery_press,low_block
2016236,7942,7977,1.76,False,proximity_intent_debt,0,False,False,RCB,pressure,high_block
2016236,9897,9912,5.58,True,proximity_intent_debt,0,False,False,RW,recovery_press,low_block
2016236,11900,11970,0.96,False,proximity_intent_debt,0,True,False,RB,other,low_block
2016236,12873,12894,1.37,False,proximity_intent_debt,0,False,False,LB,other,low_block
2016236,12919,12926,2.19,False,proximity_intent_debt,0,False,False,RDM,pressure,low_block
2016236,13031,13048,2.43,False,proximity_intent_debt,0,True,True,AM,pressure,low_block
2016236,13053,13074,2.41,False,proximity_intent_debt,0,True,True,RB,other,low_block
2016236,14009,14029,1.34,False,proximity_intent_debt,0,False,False,CF,other,chaotic
2016236,14023,14029,2.93,False,proximity_intent_debt,0,False,False,AM,other,chaotic
2016236,15471,15488,2.16,False,proximity_intent_debt,0,False,False,RDM,other,chaotic
2016236,15957,16005,1.08,False,proximity_intent_debt,0,False,False,RB,other,low_block
2016236,17027,17035,2.09,False,proximity_intent_debt,0,False,False,RCB,other,low_block
2016236,18192,18215,1.26,False,proximity_intent_debt,0,False,False,RB,other,chaotic
2016236,18400,18406,1.54,False,proximity_intent_debt,0,False,False,AM,other,chaotic
2016236,18417,18417,1.48,False,proximity_intent_debt,0,False,False,LM,other,chaotic
2016236,19316,19329,1.89,False,proximity_intent_debt,0,False,False,CF,other,medium_block
2016236,19513,19591,0.94,False,proximity_intent_debt,0,True,True,LDM,other,medium_block
2016236,19639,19653,3.31,True,proximity_intent_debt,0,True,True,LCB,recovery_press,low_block
2016236,20585,20592,2.68,False,proximity_intent_debt,0,False,False,RW,other,defending_transition
2016236,20589,20592,2.57,False,proximity_intent_debt,0,False,False,LCB,other,defending_transition
2016236,20649,20662,1.72,False,proximity_intent_debt,0,False,False,LCB,recovery_press,defending_transition
2016236,20649,20671,0.82,False,proximity_intent_debt,0,False,False,RCB,recovery_press,defending_transition
2016236,22207,22251,1.15,False,proximity_intent_debt,0,False,False,RB,pressure,low_block
2016236,23169,23223,2.79,False,proximity_intent_debt,0,False,False,LDM,other,low_block
2016236,23345,23373,2.23,False,proximity_intent_debt,0,False,False,CF,counter_press,medium_block
2016236,23721,23733,1.72,False,proximity_intent_debt,0,False,False,RDM,pressing,medium_block
2016236,23741,23747,1.44,False,proximity_intent_debt,0,False,False,RCB,other,medium_block
2016236,23762,23769,2.51,False,proximity_intent_debt,0,False,False,LM,pressure,chaotic
2016236,23770,23795,0.98,False,proximity_intent_debt,0,False,False,AM,other,chaotic
2016236,24619,24665,2.83,False,proximity_intent_debt,0,False,False,RB,pressing,medium_block
2016236,25157,25176,1.35,False,proximity_intent_debt,0,False,False,RM,recovery_press,medium_block
2016236,25343,25346,2.8,False,proximity_intent_debt,0,False,False,LW,recovery_press,low_block
2016236,25351,25406,2.54,False,proximity_intent_debt,0,False,False,LCB,pressure,low_block
2016236,25407,25407,1.8,False,proximity_intent_debt,0,False,False,CF,counter_press,high_block
2016236,25472,25505,2.25,False,proximity_intent_debt,0,False,False,CF,counter_press,high_block
2016236,27081,27135,2.82,False,proximity_intent_debt,0,False,False,CF,other,chaotic
2016236,27931,27948,2.93,False,proximity_intent_debt,0,False,False,LB,other,chaotic
2016236,28622,28624,1.71,False,proximity_intent_debt,0,False,False,LB,other,chaotic
2016236,30775,30785,2.78,False,proximity_intent_debt,0,False,False,LM,pressure,chaotic
2016236,31548,31567,1.86,False,proximity_intent_debt,0,True,False,LW,other,low_block
2016236,41294,41301,1.46,False,proximity_intent_debt,0,False,False,LDM,other,medium_block
2016236,42151,42153,1.47,False,proximity_intent_debt,0,False,False,RB,other,chaotic
2016236,42188,42215,2.68,False,proximity_intent_debt,0,False,False,CF,counter_press,medium_block
2016236,42742,42742,1.55,False,proximity_intent_debt,0,False,False,RW,other,chaotic
2016236,42792,42792,1.18,False,proximity_intent_debt,0,False,False,CF,other,high_block
2016236,42932,42937,1.85,False,proximity_intent_debt,0,True,False,LCB,other,defending_quick_break
2016236,44642,44659,2.85,False,proximity_intent_debt,0,False,False,LW,other,disruption
2016236,44661,44673,2.73,False,proximity_intent_debt,0,False,False,RW,other,low_block
2016236,45051,45062,0.86,False,proximity_intent_debt,0,False,False,AM,other,chaotic
2016236,45252,45269,1.0,False,proximity_intent_debt,0,False,False,LB,other,chaotic
2016236,45561,45588,1.71,False,proximity_intent_debt,0,False,False,LM,other,defending_direct
2016236,45657,45670,2.02,False,proximity_intent_debt,0,False,False,CF,other,chaotic
2016236,45752,45783,1.44,False,proximity_intent_debt,0,False,False,LB,recovery_press,low_block
2016236,47518,47528,2.37,False,proximity_intent_debt,0,False,False,LB,pressure,low_block
2016236,47757,47771,2.89,False,proximity_intent_debt,0,False,False,RW,other,low_block
2016236,48190,48226,7.17,True,proximity_intent_debt,0,False,False,LB,recovery_press,low_block
2016236,48257,48310,1.42,False,proximity_intent_debt,0,False,False,RDM,other,defending_transition
2016236,48616,48631,0.95,False,proximity_intent_debt,0,False,False,LDM,other,chaotic
2016236,49868,49887,2.08,False,proximity_intent_debt,0,False,False,AM,other,medium_block
2016236,50899,50937,1.62,False,proximity_intent_debt,0,False,False,RW,other,defending_quick_break
2016236,52120,52120,2.34,False,proximity_intent_debt,0,False,False,CF,other,medium_block
2016236,52478,52479,1.71,False,proximity_intent_debt,0,False,False,RB,other,chaotic
2016236,54390,54408,0.7,False,proximity_intent_debt,0,False,False,LB,other,high_block
2016236,54412,54428,2.84,False,proximity_intent_debt,0,False,False,LW,other,high_block
2016236,54481,54506,2.15,False,proximity_intent_debt,0,False,False,LB,other,chaotic
2016236,54632,54635,2.71,False,proximity_intent_debt,0,False,False,CF,pressure,disruption
2016236,55406,55409,2.7,False,proximity_intent_debt,0,False,False,AM,recovery_press,defending_transition
2016236,57116,57139,1.68,False,proximity_intent_debt,0,False,False,LCB,other,low_block
2016236,58262,58272,1.11,False,proximity_intent_debt,0,True,False,LCB,recovery_press,low_block
2016236,59144,59170,1.35,False,proximity_intent_debt,0,False,False,LW,other,low_block
2016236,60026,60027,1.96,False,proximity_intent_debt,0,False,False,RB,other,medium_block
2016236,62307,62329,1.54,False,proximity_intent_debt,0,False,False,CF,counter_press,medium_block
2016236,62307,62329,2.74,False,proximity_intent_debt,0,False,False,RW,counter_press,medium_block
2016236,63537,63577,2.02,False,proximity_intent_debt,0,False,False,RB,counter_press,high_block
2016236,64895,64903,1.18,False,proximity_intent_debt,0,False,False,RDM,other,low_block
2016236,67510,67529,1.72,False,proximity_intent_debt,0,False,False,LW,other,disruption
2016236,67844,67877,2.09,False,proximity_intent_debt,0,False,False,RW,recovery_press,chaotic
2016236,69077,69088,1.75,False,proximity_intent_debt,0,False,False,CF,other,chaotic
2017461,2625,2669,2.59,True,proximity_intent_debt,1,True,False,RB,recovery_press,low_block
2017461,2856,2870,2.22,False,proximity_intent_debt,0,False,False,LM,other,defending_set_play
2017461,3275,3277,2.89,False,proximity_intent_debt,0,False,False,RW,other,defending_transition
2017461,4278,4287,2.0,False,proximity_intent_debt,0,False,False,CF,other,chaotic
2017461,4373,4414,2.79,False,proximity_intent_debt,0,False,False,LCB,other,chaotic
2017461,4595,4602,2.81,False,proximity_intent_debt,0,False,False,LW,pressure,defending_transition
2017461,4604,4665,0.27,False,proximity_intent_debt,0,False,False,CF,counter_press,medium_block
2017461,4868,4879,2.44,False,proximity_intent_debt,0,False,False,RW,counter_press,medium_block
2017461,5542,5552,1.3,False,proximity_intent_debt,0,False,False,RW,other,high_block
2017461,5700,5727,2.19,False,proximity_intent_debt,0,False,False,LW,recovery_press,chaotic
2017461,5898,5912,3.6,True,proximity_intent_debt,0,True,False,RB,recovery_press,defending_set_play
2017461,5987,6008,1.19,False,proximity_intent_debt,0,False,False,LM,other,defending_set_play
2017461,6429,6438,1.09,False,proximity_intent_debt,0,False,False,LW,other,disruption
2017461,6527,6539,1.31,False,proximity_intent_debt,0,True,False,RB,other,low_block
2017461,6799,6799,2.36,False,proximity_intent_debt,0,False,False,LW,other,chaotic
2017461,6841,6852,2.48,False,proximity_intent_debt,0,False,False,CF,counter_press,medium_block
2017461,6991,6993,2.11,False,proximity_intent_debt,0,True,False,RW,pressure,low_block
2017461,6993,6997,2.39,False,proximity_intent_debt,0,True,False,LM,other,low_block
2017461,7003,7005,2.85,False,proximity_intent_debt,0,True,False,RB,recovery_press,low_block
2017461,7059,7069,2.65,False,proximity_intent_debt,0,True,False,RM,recovery_press,low_block
2017461,7666,7678,2.39,False,proximity_intent_debt,0,False,False,LW,counter_press,defending_transition
2017461,7666,7687,1.94,False,proximity_intent_debt,0,False,False,LDM,counter_press,defending_transition
2017461,9167,9172,2.26,False,proximity_intent_debt,0,False,False,LW,other,medium_block
2017461,9182,9218,0.97,False,proximity_intent_debt,0,False,False,LDM,pressing,medium_block
2017461,9868,9902,2.58,False,proximity_intent_debt,0,False,False,LW,counter_press,high_block
2017461,10258,10265,2.79,False,proximity_intent_debt,0,False,False,RM,pressing,medium_block
2017461,10603,10657,1.23,False,proximity_intent_debt,0,False,False,LW,other,medium_block
2017461,10938,10953,1.96,False,proximity_intent_debt,0,False,False,LB,other,disruption
2017461,11280,11304,2.53,False,proximity_intent_debt,0,False,False,RM,recovery_press,low_block
2017461,11577,11635,2.57,False,proximity_intent_debt,0,False,False,LW,counter_press,medium_block
2017461,11814,11821,1.12,False,proximity_intent_debt,0,False,False,RW,other,medium_block
2017461,12879,12895,2.17,False,proximity_intent_debt,0,True,False,RB,other,defending_set_play
2017461,12881,12895,2.79,False,proximity_intent_debt,0,True,False,LW,other,defending_set_play
2017461,17157,17174,7.21,True,proximity_intent_debt,0,False,False,RW,recovery_press,low_block
2017461,19161,19176,1.41,False,proximity_intent_debt,0,False,False,RW,pressure,low_block
2017461,20234,20247,2.77,False,proximity_intent_debt,0,True,False,LDM,recovery_press,defending_quick_break
2017461,22186,22194,2.43,False,proximity_intent_debt,0,False,False,LB,recovery_press,medium_block
2017461,22820,22833,6.98,True,proximity_intent_debt,0,True,False,LB,recovery_press,low_block
2017461,23588,23601,2.73,False,proximity_intent_debt,0,False,False,LW,pressing,medium_block
2017461,24001,24005,0.62,False,proximity_intent_debt,0,False,False,LCB,other,medium_block
2017461,24786,24802,1.65,False,proximity_intent_debt,0,False,False,AM,other,chaotic
2017461,25345,25403,2.43,False,proximity_intent_debt,0,False,False,RB,pressing,high_block
2017461,26323,26339,1.98,False,proximity_intent_debt,0,False,False,LW,pressure,chaotic
2017461,26337,26343,2.54,False,proximity_intent_debt,0,False,False,AM,other,chaotic
2017461,26345,26349,0.43,False,proximity_intent_debt,0,False,False,LM,other,chaotic
2017461,27227,27265,1.45,False,proximity_intent_debt,0,False,False,LW,other,high_block
2017461,27260,27265,2.99,False,proximity_intent_debt,0,False,False,CF,pressing,high_block
2017461,27505,27519,1.65,False,proximity_intent_debt,0,False,False,RW,other,chaotic
2017461,28246,28276,2.33,False,proximity_intent_debt,0,False,False,RDM,other,chaotic
2017461,28307,28321,2.31,False,proximity_intent_debt,0,False,False,RCB,other,low_block
2017461,28936,28968,0.76,False,proximity_intent_debt,0,False,False,RB,other,chaotic
2017461,29186,29201,2.65,False,proximity_intent_debt,0,False,False,RM,other,chaotic
2017461,29186,29201,2.91,False,proximity_intent_debt,0,False,False,RW,recovery_press,chaotic
2017461,29202,29210,2.65,False,proximity_intent_debt,0,False,False,LDM,other,low_block
2017461,40025,40031,2.23,False,proximity_intent_debt,0,False,False,LW,pressure,disruption
2017461,40349,40367,2.2,False,proximity_intent_debt,0,False,False,RW,recovery_press,chaotic
2017461,40369,40371,1.63,False,proximity_intent_debt,0,False,False,RM,other,defending_direct
2017461,41283,41291,1.37,False,proximity_intent_debt,0,False,False,LM,pressure,low_block
2017461,41627,41674,5.7,True,proximity_intent_debt,0,True,False,RCB,recovery_press,defending_transition
2017461,42385,42413,2.54,False,proximity_intent_debt,0,False,False,RW,counter_press,medium_block
2017461,44543,44550,1.01,False,proximity_intent_debt,0,False,False,RW,other,chaotic
2017461,44561,44562,2.46,False,proximity_intent_debt,0,False,False,RDM,recovery_press,chaotic
2017461,47722,47725,2.68,False,proximity_intent_debt,0,True,False,RM,recovery_press,defending_transition
2017461,47928,47945,2.85,False,proximity_intent_debt,0,False,False,LW,recovery_press,low_block
2017461,49011,49013,2.84,False,proximity_intent_debt,0,False,False,CF,other,chaotic
2017461,49251,49281,0.26,False,proximity_intent_debt,0,False,False,CF,other,chaotic
2017461,49654,49660,2.08,False,proximity_intent_debt,0,False,False,RW,other,chaotic
2017461,49662,49670,1.12,False,proximity_intent_debt,0,False,False,RCB,other,chaotic
2017461,49677,49708,1.27,False,proximity_intent_debt,0,False,False,RCB,recovery_press,chaotic
2017461,50577,50583,1.86,False,proximity_intent_debt,0,False,False,LW,other,chaotic
2017461,52292,52311,1.58,False,proximity_intent_debt,0,False,False,CF,other,chaotic
2017461,52339,52352,2.43,False,proximity_intent_debt,0,True,False,RW,counter_press,medium_block
2017461,52378,52404,2.1,False,proximity_intent_debt,0,True,False,RB,recovery_press,low_block
2017461,52428,52448,2.14,False,proximity_intent_debt,0,True,False,LDM,recovery_press,low_block
2017461,52449,52453,2.02,False,proximity_intent_debt,0,True,False,RDM,other,low_block
2017461,53378,53437,3.91,True,proximity_intent_debt,0,False,False,RCB,recovery_press,defending_transition
2017461,54523,54529,1.61,False,proximity_intent_debt,0,False,False,RM,other,low_block
2017461,54574,54596,2.99,False,proximity_intent_debt,0,False,False,RM,pressure,low_block
2017461,55162,55165,2.69,False,proximity_intent_debt,0,False,False,LW,recovery_press,chaotic
2017461,55560,55565,2.43,False,proximity_intent_debt,0,False,False,RCB,pressure,chaotic
2017461,57116,57191,2.0,False,proximity_intent_debt,0,False,False,CF,counter_press,high_block
2017461,58056,58064,1.25,False,proximity_intent_debt,0,False,False,LW,other,defending_direct
2017461,58260,58321,2.38,False,proximity_intent_debt,0,False,False,CF,pressing,medium_block
2017461,58361,58372,1.69,False,proximity_intent_debt,0,False,False,RM,other,defending_transition
2017461,58374,58395,6.72,True,proximity_intent_debt,0,False,False,RM,recovery_press,defending_transition
2017461,58781,58817,2.78,False,proximity_intent_debt,0,False,False,CF,other,medium_block
2017461,59212,59242,2.12,False,proximity_intent_debt,0,False,False,RM,pressure,low_block
2017461,59264,59270,1.82,False,proximity_intent_debt,0,True,False,LB,pressure,low_block
2017461,59271,59273,2.23,False,proximity_intent_debt,0,False,False,LW,other,chaotic
2017461,61030,61080,0.78,False,proximity_intent_debt,0,False,False,LDM,pressure,chaotic
2017461,61279,61310,1.05,False,proximity_intent_debt,0,False,False,LDM,pressure,chaotic
2017461,61836,61848,1.73,False,proximity_intent_debt,0,False,False,CF,recovery_press,low_block
2017461,61850,61854,2.47,False,proximity_intent_debt,0,False,False,LM,recovery_press,low_block
2017461,62016,62018,2.45,False,proximity_intent_debt,0,False,False,LW,counter_press,high_block
2017461,64940,64950,2.16,False,proximity_intent_debt,0,False,False,LM,recovery_press,medium_block
2017461,66435,66474,2.76,False,proximity_intent_debt,0,False,False,LCB,other,chaotic
2017461,66473,66474,2.94,False,proximity_intent_debt,0,False,False,LDM,recovery_press,chaotic
2017461,66924,66948,2.81,False,proximity_intent_debt,0,False,False,LM,recovery_press,defending_transition
2017461,67050,67063,1.5,False,proximity_intent_debt,0,False,False,LB,pressing,medium_block
2017461,67170,67185,2.27,False,proximity_intent_debt,0,False,False,LCB,recovery_press,low_block
2017461,68457,68466,2.85,False,proximity_intent_debt,0,False,False,RM,other,medium_block
2017461,69384,69407,2.54,False,proximity_intent_debt,0,False,False,LW,pressure,low_block
2017461,69409,69423,0.96,False,proximity_intent_debt,0,True,False,RW,other,defending_transition
2017461,69831,69846,2.29,True,proximity_intent_debt,1,True,False,RCB,other,low_block
