match_id,pressing_chain_index,frame_start,frame_end,chain_end,press_sides,far_runner,far_role,shot,goal,label,label_fire
1874553,0.0,742,1107,unknown,"center,left",1,AM,False,False,weak_side_press_leak,1
1874553,1.0,1496,1597,unknown,"center,right",1,LDM,False,False,weak_side_press_leak,1
1874553,2.0,2663,2752,regain,"center,left,right",1,LB,False,False,weak_side_press_leak,0
1874553,3.0,2887,2955,regain,left,1,LCB,False,False,weak_side_press_leak,0
1874553,4.0,4961,5003,regain,right,1,CF,False,False,weak_side_press_leak,0
1874553,5.0,5315,5406,unknown,center,0,,False,False,weak_side_press_leak,0
1874553,6.0,5630,5696,unknown,left,1,CF,False,False,weak_side_press_leak,1
1874553,7.0,5852,5945,unknown,"center,left,right",1,LW,False,False,weak_side_press_leak,1
1874553,8.0,6451,6499,regain,left,1,RDM,False,False,weak_side_press_leak,0
1874553,9.0,7021,7105,regain,"center,right",1,LW,False,False,weak_side_press_leak,0
1874553,10.0,7160,7225,unknown,"center,left",1,RB,False,False,weak_side_press_leak,1
1874553,11.0,9869,9966,unknown,"center,right",1,LB,False,False,weak_side_press_leak,1
1874553,12.0,11127,11193,unknown,right,1,LW,False,False,weak_side_press_leak,1
1874553,13.0,11493,11599,unknown,"left,right",1,AM,False,False,weak_side_press_leak,1
1874553,14.0,11928,11966,regain,right,0,,False,False,weak_side_press_leak,0
1874553,15.0,11976,12065,regain,left,1,AM,False,False,weak_side_press_leak,0
1874553,16.0,12204,12232,disruption,"center,right",1,RDM,False,False,weak_side_press_leak,1
1874553,17.0,13606,13647,regain,center,0,,False,False,weak_side_press_leak,0
1874553,18.0,14546,14627,regain,"center,left",0,,False,False,weak_side_press_leak,0
1874553,19.0,15467,15499,unknown,right,1,RDM,False,False,weak_side_press_leak,1
1874553,20.0,16934,17076,unknown,left,1,RW,False,False,weak_side_press_leak,1
1874553,21.0,17313,17388,unknown,"center,right",1,LDM,False,False,weak_side_press_leak,1
1874553,22.0,17464,17576,unknown,"center,right",0,,False,False,weak_side_press_leak,0
1874553,23.0,17661,17705,unknown,"center,right",1,LB,False,False,weak_side_press_leak,1
1874553,24.0,17956,18015,unknown,left,1,CF,True,False,weak_side_press_leak,1
1874553,25.0,18922,18951,regain,right,1,LDM,False,False,weak_side_press_leak,0
1874553,26.0,18974,19000,regain,left,0,,False,False,weak_side_press_leak,0
1874553,27.0,19034,19220,unknown,"center,left,right",1,RW,False,False,weak_side_press_leak,1
1874553,28.0,19254,19275,regain,left,0,,False,False,weak_side_press_leak,0
1874553,29.0,20038,20139,regain,"center,left",1,RB,False,False,weak_side_press_leak,0
1874553,30.0,20582,20611,unknown,"center,left",0,,False,False,weak_side_press_leak,0
1874553,31.0,20697,20802,unknown,"center,left",1,LCB,False,False,weak_side_press_leak,1
1874553,32.0,21907,21991,regain,left,1,LDM,False,False,weak_side_press_leak,0
1874553,33.0,22150,22223,unknown,"center,right",1,LB,False,False,weak_side_press_leak,1
1874553,34.0,22430,22723,unknown,"center,left,right",1,LDM,False,False,weak_side_press_leak,1
1874553,35.0,29924,29959,regain,center,0,,False,False,weak_side_press_leak,0
1874553,36.0,30195,30249,unknown,"center,right",1,LDM,False,False,weak_side_press_leak,1
1874553,37.0,31833,32059,unknown,"center,left,right",1,LB,True,False,weak_side_press_leak,1
1874553,38.0,32566,32629,regain,"center,left,right",1,RW,False,False,weak_side_press_leak,0
1874553,39.0,32665,32709,regain,right,0,,False,False,weak_side_press_leak,0
1874553,40.0,33559,33596,regain,left,1,LW,False,False,weak_side_press_leak,0
1874553,41.0,34000,34065,regain,"center,left,right",1,LDM,False,False,weak_side_press_leak,0
1874553,42.0,34077,34136,disruption,left,1,RB,False,False,weak_side_press_leak,1
1874553,43.0,35531,35612,regain,"center,left,right",1,RB,False,False,weak_side_press_leak,0
1874553,44.0,35812,35863,unknown,right,0,,False,False,weak_side_press_leak,0
1874553,45.0,36742,36814,unknown,"center,left",0,,False,False,weak_side_press_leak,0
1874553,46.0,36960,36998,unknown,"center,right",1,LB,False,False,weak_side_press_leak,1
1874553,47.0,37402,37447,unknown,"center,right",1,CF,True,False,weak_side_press_leak,1
1874553,48.0,38707,38739,unknown,left,1,LDM,True,True,weak_side_press_leak,1
1874553,49.0,38853,38874,unknown,center,0,,True,True,weak_side_press_leak,0
1874553,50.0,39690,39785,unknown,"center,right",1,LB,False,False,weak_side_press_leak,1
1874553,51.0,40014,40060,regain,"center,left",1,RW,False,False,weak_side_press_leak,0
1874553,52.0,40073,40210,regain,"center,right",1,LCB,False,False,weak_side_press_leak,0
1874553,53.0,41519,41615,unknown,"center,left",1,RDM,False,False,weak_side_press_leak,1
1874553,54.0,43226,43247,unknown,right,1,RW,False,False,weak_side_press_leak,1
1874553,55.0,43440,43528,regain,"center,right",1,RW,False,False,weak_side_press_leak,0
1874553,56.0,43586,43653,unknown,"center,left,right",1,LB,False,False,weak_side_press_leak,1
1874553,57.0,44528,44756,unknown,"center,right",1,AM,False,False,weak_side_press_leak,1
1874553,58.0,45374,45444,unknown,"center,right",1,LDM,False,False,weak_side_press_leak,1
1874553,59.0,46799,46898,unknown,"center,right",1,LW,False,False,weak_side_press_leak,1
1874553,60.0,47484,47508,unknown,left,1,AM,True,False,weak_side_press_leak,1
1874553,61.0,48611,48722,unknown,"left,right",1,LDM,False,False,weak_side_press_leak,1
1874553,62.0,48984,49030,unknown,"center,left",1,RDM,False,False,weak_side_press_leak,1
1874553,63.0,49919,49958,unknown,"center,left",1,AM,False,False,weak_side_press_leak,1
1874553,64.0,50142,50210,regain,"center,right",1,RW,False,False,weak_side_press_leak,0
1874553,65.0,51616,51807,regain,"center,right",1,LCB,False,False,weak_side_press_leak,0
1874553,66.0,51856,51881,unknown,"center,right",0,,False,False,weak_side_press_leak,0
1874553,67.0,51973,52045,unknown,left,0,,False,False,weak_side_press_leak,0
1874553,68.0,52086,52155,unknown,right,1,RB,False,False,weak_side_press_leak,1
1874553,69.0,53932,54017,regain,"center,right",0,,False,False,weak_side_press_leak,0
1874553,70.0,54096,54178,unknown,"center,left,right",1,RW,True,False,weak_side_press_leak,1
1874553,71.0,54243,54277,unknown,right,1,CF,True,False,weak_side_press_leak,1
1874553,72.0,54881,54910,unknown,"center,right",1,LW,False,False,weak_side_press_leak,1
1874553,73.0,55297,55471,disruption,"center,right",1,LB,False,False,weak_side_press_leak,1
1874553,74.0,55988,56303,unknown,"center,left,right",1,LDM,False,False,weak_side_press_leak,1
1874553,75.0,56371,56420,unknown,"center,right",0,,False,False,weak_side_press_leak,0
1886347,0.0,55,89,disruption,"center,right",1,LW,False,False,weak_side_press_leak,1
1886347,1.0,746,795,disruption,left,0,,False,False,weak_side_press_leak,0
1886347,2.0,1154,1191,unknown,"left,right",1,AM,True,False,weak_side_press_leak,1
1886347,3.0,1231,1343,unknown,"center,left,right",1,LDM,True,False,weak_side_press_leak,1
1886347,4.0,1853,1924,unknown,"center,left",0,,False,False,weak_side_press_leak,0
1886347,5.0,2180,2296,unknown,"center,left",1,RW,False,False,weak_side_press_leak,1
1886347,6.0,2365,2427,unknown,"center,left",1,RB,False,False,weak_side_press_leak,1
1886347,7.0,2881,2921,unknown,left,0,,False,False,weak_side_press_leak,0
1886347,8.0,3633,3690,unknown,left,0,,False,False,weak_side_press_leak,0
1886347,9.0,4386,4425,unknown,right,1,LW,False,False,weak_side_press_leak,1
1886347,10.0,4628,4709,regain,right,0,,False,False,weak_side_press_leak,0
1886347,11.0,5089,5133,regain,"center,left",0,,False,False,weak_side_press_leak,0
1886347,12.0,6193,6346,unknown,"center,left,right",1,AM,False,False,weak_side_press_leak,1
1886347,13.0,6367,6727,unknown,"center,left,right",1,AM,False,False,weak_side_press_leak,1
1886347,14.0,6797,6866,unknown,"center,right",1,AM,False,False,weak_side_press_leak,1
1886347,15.0,7240,7288,unknown,left,0,,False,False,weak_side_press_leak,0
1886347,16.0,8371,8514,unknown,"center,left",1,AM,False,False,weak_side_press_leak,1
1886347,17.0,8848,8919,regain,left,0,,False,False,weak_side_press_leak,0
1886347,18.0,9241,9275,regain,"center,left",0,,False,False,weak_side_press_leak,0
1886347,19.0,9684,9760,unknown,"center,right",1,AM,False,False,weak_side_press_leak,1
1886347,20.0,10153,10185,unknown,right,1,AM,False,False,weak_side_press_leak,1
1886347,21.0,10519,10657,unknown,"center,right",1,AM,False,False,weak_side_press_leak,1
1886347,22.0,10756,10789,unknown,"center,left",0,,False,False,weak_side_press_leak,0
1886347,23.0,11095,11137,unknown,right,1,AM,False,False,weak_side_press_leak,1
1886347,24.0,11821,11856,regain,"center,right",1,LB,False,False,weak_side_press_leak,0
1886347,25.0,12524,12580,unknown,"center,right",0,,False,False,weak_side_press_leak,0
1886347,26.0,12654,12703,unknown,right,1,CF,False,False,weak_side_press_leak,1
1886347,27.0,14654,14714,regain,"center,right",0,,False,False,weak_side_press_leak,0
1886347,28.0,15485,15643,unknown,"center,left,right",1,RCB,True,False,weak_side_press_leak,1
1886347,29.0,17461,17489,unknown,right,1,LB,False,False,weak_side_press_leak,1
1886347,30.0,17542,17669,unknown,"center,right",1,DM,False,False,weak_side_press_leak,1
1886347,31.0,18035,18058,unknown,"center,left",0,,False,False,weak_side_press_leak,0
1886347,32.0,18935,18981,regain,left,0,,False,False,weak_side_press_leak,0
1886347,33.0,19002,19131,unknown,"center,left,right",1,RB,False,False,weak_side_press_leak,1
1886347,34.0,19254,19386,regain,"center,left",1,DM,False,False,weak_side_press_leak,0
1886347,35.0,19406,19483,unknown,"center,right",1,LB,False,False,weak_side_press_leak,1
1886347,36.0,19864,19925,regain,"center,right",0,,False,False,weak_side_press_leak,0
1886347,37.0,20771,20941,unknown,"left,right",1,DM,False,False,weak_side_press_leak,1
1886347,38.0,21631,21757,regain,"center,left,right",1,CF,False,False,weak_side_press_leak,0
1886347,39.0,22041,22187,unknown,"center,left,right",1,LCB,False,False,weak_side_press_leak,1
1886347,40.0,23309,23348,regain,right,1,LW,False,False,weak_side_press_leak,0
1886347,41.0,23905,23969,unknown,center,0,,False,False,weak_side_press_leak,0
1886347,42.0,24042,24150,regain,"center,left,right",1,AM,False,False,weak_side_press_leak,0
1886347,43.0,24272,24313,unknown,right,1,AM,False,False,weak_side_press_leak,1
1886347,44.0,24551,24591,unknown,"center,right",0,,False,False,weak_side_press_leak,0
1886347,45.0,25004,25036,unknown,center,0,,False,False,weak_side_press_leak,0
1886347,46.0,26025,26145,unknown,"center,left",1,RB,False,False,weak_side_press_leak,1
1886347,47.0,26216,26332,unknown,"center,right",1,LW,False,False,weak_side_press_leak,1
1886347,48.0,26814,26848,unknown,"center,left",1,CF,False,False,weak_side_press_leak,1
1886347,49.0,28757,28873,unknown,"center,left,right",1,LB,False,False,weak_side_press_leak,1
1886347,50.0,29376,29522,unknown,left,1,RW,False,False,weak_side_press_leak,1
1886347,51.0,29660,29726,unknown,center,0,,False,False,weak_side_press_leak,0
1886347,52.0,29941,29986,regain,center,0,,False,False,weak_side_press_leak,0
1886347,53.0,30018,30127,unknown,right,1,AM,False,False,weak_side_press_leak,1
1886347,54.0,30295,30358,unknown,"center,right",0,,False,False,weak_side_press_leak,0
1886347,55.0,30784,30843,unknown,left,0,,False,False,weak_side_press_leak,0
1886347,56.0,31087,31157,unknown,right,1,LB,False,False,weak_side_press_leak,1
1886347,57.0,32655,32753,unknown,"center,left",1,RDM,False,False,weak_side_press_leak,1
1886347,58.0,32791,32816,unknown,"center,left",0,,False,False,weak_side_press_leak,0
1886347,59.0,33669,33770,unknown,"center,left,right",1,LW,False,False,weak_side_press_leak,1
1886347,60.0,34327,34348,unknown,right,1,LCB,False,False,weak_side_press_leak,1
1886347,61.0,35193,35238,disruption,"center,right",1,LW,False,False,weak_side_press_leak,1
1886347,62.0,35444,35456,unknown,center,0,,False,False,weak_side_press_leak,0
1886347,63.0,35509,35567,unknown,"center,right",1,LDM,False,False,weak_side_press_leak,1
1886347,64.0,36013,36088,unknown,"center,left",1,DM,False,False,weak_side_press_leak,1
1886347,65.0,36144,36197,unknown,left,1,CF,False,False,weak_side_press_leak,1
1886347,66.0,36308,36377,unknown,"center,left",0,,False,False,weak_side_press_leak,0
1886347,67.0,37170,37218,regain,left,1,LW,False,False,weak_side_press_leak,0
1886347,68.0,38506,38590,unknown,"center,right",1,AM,False,False,weak_side_press_leak,1
1886347,69.0,40874,41009,regain,"center,left",0,,False,False,weak_side_press_leak,0
1886347,70.0,41098,41231,unknown,"center,left,right",1,RW,False,False,weak_side_press_leak,1
1886347,71.0,41710,41785,unknown,"center,left",1,LW,False,False,weak_side_press_leak,1
1886347,72.0,42398,42487,regain,"center,left",0,,False,False,weak_side_press_leak,0
1886347,73.0,42998,43182,unknown,"center,right",1,CF,False,False,weak_side_press_leak,1
1886347,74.0,43828,43937,unknown,"center,left",1,RDM,False,False,weak_side_press_leak,1
1886347,75.0,44243,44313,regain,right,1,AM,False,False,weak_side_press_leak,0
1886347,76.0,44343,44391,unknown,"center,right",1,CF,True,False,weak_side_press_leak,1
1886347,77.0,44765,44799,unknown,right,1,LB,False,False,weak_side_press_leak,1
1886347,78.0,44840,44876,regain,center,0,,False,False,weak_side_press_leak,0
1886347,79.0,45298,45398,unknown,"center,right",1,AM,False,False,weak_side_press_leak,1
1886347,80.0,47927,48001,disruption,left,0,,False,False,weak_side_press_leak,0
1886347,81.0,48426,48464,unknown,left,0,,False,False,weak_side_press_leak,0
1886347,82.0,49060,49134,unknown,"center,left",1,RB,False,False,weak_side_press_leak,1
1886347,83.0,49327,49403,unknown,right,0,,False,False,weak_side_press_leak,0
1886347,84.0,49856,49935,regain,"center,left",1,LW,False,False,weak_side_press_leak,0
1886347,85.0,50149,50204,unknown,"center,left",0,,False,False,weak_side_press_leak,0
1886347,86.0,50400,50455,unknown,"center,left",1,RCB,False,False,weak_side_press_leak,1
1886347,87.0,52701,52752,unknown,"center,right",1,CF,False,False,weak_side_press_leak,1
1886347,88.0,56774,56845,unknown,right,1,AM,False,False,weak_side_press_leak,1
1886347,89.0,56990,57059,regain,right,1,CF,False,False,weak_side_press_leak,0
1886347,90.0,58031,58046,unknown,right,0,,False,False,weak_side_press_leak,0
1886347,91.0,58306,58389,unknown,right,1,CF,False,False,weak_side_press_leak,1
1899585,0.0,37,183,unknown,"center,right",1,LF,False,False,weak_side_press_leak,1
1899585,1.0,243,295,unknown,"left,right",1,RCB,False,False,weak_side_press_leak,1
1899585,2.0,3150,3165,regain,right,0,,False,False,weak_side_press_leak,0
1899585,3.0,3411,3462,regain,"center,left",0,,False,False,weak_side_press_leak,0
1899585,4.0,3963,4012,unknown,left,0,,False,False,weak_side_press_leak,0
1899585,5.0,4156,4193,unknown,right,1,LW,False,False,weak_side_press_leak,1
1899585,6.0,5417,5489,disruption,right,0,,False,False,weak_side_press_leak,0
1899585,7.0,7652,7697,unknown,left,0,,False,False,weak_side_press_leak,0
1899585,8.0,7776,7829,regain,right,0,,False,False,weak_side_press_leak,0
1899585,9.0,7870,7891,unknown,"center,left",0,,False,False,weak_side_press_leak,0
1899585,10.0,8085,8159,disruption,"center,right",1,LB,False,False,weak_side_press_leak,1
1899585,11.0,8931,8951,regain,left,1,RM,False,False,weak_side_press_leak,0
1899585,12.0,9184,9204,regain,"center,left",0,,False,False,weak_side_press_leak,0
1899585,13.0,9251,9275,unknown,left,1,RW,False,False,weak_side_press_leak,1
1899585,14.0,10841,10918,regain,left,1,RM,False,False,weak_side_press_leak,0
1899585,15.0,11262,11316,unknown,"center,right",1,LW,False,False,weak_side_press_leak,1
1899585,16.0,11638,11681,disruption,left,1,CB,False,False,weak_side_press_leak,1
1899585,17.0,15353,15415,regain,right,0,,False,False,weak_side_press_leak,0
1899585,18.0,17966,18005,unknown,"center,right",0,,True,True,weak_side_press_leak,0
1899585,19.0,18950,19007,regain,"center,left",0,,False,False,weak_side_press_leak,0
1899585,20.0,19114,19160,regain,"center,right",1,LF,False,False,weak_side_press_leak,0
1899585,21.0,19552,19685,regain,left,1,LM,False,False,weak_side_press_leak,0
1899585,22.0,20212,20286,regain,left,1,LM,False,False,weak_side_press_leak,0
1899585,23.0,20362,20451,regain,"center,left",1,RCB,False,False,weak_side_press_leak,0
1899585,24.0,21224,21344,unknown,"left,right",1,LWB,False,False,weak_side_press_leak,1
1899585,25.0,21533,21584,disruption,"center,right",1,RM,False,False,weak_side_press_leak,1
1899585,26.0,21678,21704,unknown,"left,right",1,RM,False,False,weak_side_press_leak,1
1899585,27.0,22063,22230,unknown,"left,right",1,RWB,False,False,weak_side_press_leak,1
1899585,28.0,22285,22349,unknown,"center,right",0,,False,False,weak_side_press_leak,0
1899585,29.0,22387,22459,regain,right,1,LM,False,False,weak_side_press_leak,0
1899585,30.0,22522,22574,regain,left,1,RB,False,False,weak_side_press_leak,0
1899585,31.0,22799,22903,regain,"center,left",0,,False,False,weak_side_press_leak,0
1899585,32.0,23922,23966,unknown,left,0,,False,False,weak_side_press_leak,0
1899585,33.0,24721,24880,unknown,"center,right",0,,True,False,weak_side_press_leak,0
1899585,34.0,26578,26604,disruption,left,1,RF,False,False,weak_side_press_leak,1
1899585,35.0,27059,27119,unknown,right,1,CF,True,False,weak_side_press_leak,1
1899585,36.0,28439,28637,unknown,"center,left,right",1,LF,False,False,weak_side_press_leak,1
1899585,37.0,29794,29820,regain,center,0,,False,False,weak_side_press_leak,0
1899585,38.0,30058,30174,regain,"center,right",1,CF,False,False,weak_side_press_leak,0
1899585,39.0,30252,30357,unknown,"center,left",0,,False,False,weak_side_press_leak,0
1899585,40.0,30710,30731,unknown,right,0,,False,False,weak_side_press_leak,0
1899585,41.0,31134,31175,regain,right,0,,False,False,weak_side_press_leak,0
1899585,42.0,31619,31702,regain,left,1,RM,False,False,weak_side_press_leak,0
1899585,43.0,31733,31771,unknown,"center,left",1,CF,False,False,weak_side_press_leak,1
1899585,44.0,32109,32169,unknown,"center,right",1,LW,False,False,weak_side_press_leak,1
1899585,45.0,36061,36102,disruption,right,1,CF,False,False,weak_side_press_leak,1
1899585,46.0,36168,36209,regain,left,0,,False,False,weak_side_press_leak,0
1899585,47.0,36944,37013,unknown,left,1,CF,False,False,weak_side_press_leak,1
1899585,48.0,38071,38138,regain,right,1,LW,False,False,weak_side_press_leak,0
1899585,49.0,38152,38210,unknown,left,1,RW,False,False,weak_side_press_leak,1
1899585,50.0,39076,39160,regain,"center,left",1,RB,False,False,weak_side_press_leak,0
1899585,51.0,39161,39239,regain,"center,left",0,,False,False,weak_side_press_leak,0
1899585,52.0,40283,40423,unknown,"center,right",0,,False,False,weak_side_press_leak,0
1899585,53.0,40463,40495,unknown,left,1,RCB,False,False,weak_side_press_leak,1
1899585,54.0,40699,40771,unknown,"center,right",1,CF,False,False,weak_side_press_leak,1
1899585,55.0,41229,41279,regain,left,0,,False,False,weak_side_press_leak,0
1899585,56.0,41353,41534,unknown,"center,left",0,,False,False,weak_side_press_leak,0
1899585,57.0,41571,41628,regain,center,0,,False,False,weak_side_press_leak,0
1899585,58.0,41682,41753,regain,right,1,LW,False,False,weak_side_press_leak,0
1899585,59.0,42263,42340,regain,"center,left,right",1,RCB,False,False,weak_side_press_leak,0
1899585,60.0,45749,45917,unknown,"center,left,right",1,RCB,False,False,weak_side_press_leak,1
1899585,61.0,47116,47173,disruption,right,0,,False,False,weak_side_press_leak,0
1899585,62.0,48059,48079,disruption,left,1,LF,False,False,weak_side_press_leak,1
1899585,63.0,48921,48956,regain,"center,right",0,,False,False,weak_side_press_leak,0
1899585,64.0,51222,51308,regain,right,1,CF,False,False,weak_side_press_leak,0
1899585,65.0,52539,52598,disruption,"center,right",1,RW,False,False,weak_side_press_leak,1
1899585,66.0,53443,53518,unknown,"center,left",1,RM,False,False,weak_side_press_leak,1
1899585,67.0,54178,54232,unknown,right,1,RW,False,False,weak_side_press_leak,1
1899585,68.0,54617,54778,regain,"center,right",1,LF,False,False,weak_side_press_leak,0
1899585,69.0,55453,55538,unknown,right,0,,False,False,weak_side_press_leak,0
1899585,70.0,55798,55833,regain,left,0,,False,False,weak_side_press_leak,0
1899585,71.0,56312,56388,unknown,"center,left",0,,False,False,weak_side_press_leak,0
1899585,72.0,57040,57200,regain,"center,right",1,LM,False,False,weak_side_press_leak,0
1899585,73.0,59162,59241,unknown,"center,left",1,RM,False,False,weak_side_press_leak,1
1899585,74.0,59758,59798,unknown,right,1,LM,True,False,weak_side_press_leak,1
1925299,0.0,222,265,regain,"center,right",1,LB,False,False,weak_side_press_leak,0
1925299,1.0,1814,1842,regain,center,0,,False,False,weak_side_press_leak,0
1925299,2.0,2346,2387,regain,"center,right",1,RM,False,False,weak_side_press_leak,0
1925299,3.0,2662,2738,unknown,left,1,RCB,False,False,weak_side_press_leak,1
1925299,4.0,2806,2857,unknown,"center,right",0,,False,False,weak_side_press_leak,0
1925299,5.0,3568,3701,regain,"center,left",1,RW,False,False,weak_side_press_leak,0
1925299,6.0,5174,5273,unknown,"center,left",0,,False,False,weak_side_press_leak,0
1925299,7.0,5971,6017,regain,right,1,LW,False,False,weak_side_press_leak,0
1925299,8.0,6454,6574,unknown,"center,left,right",1,LM,False,False,weak_side_press_leak,1
1925299,9.0,7259,7306,unknown,left,1,RCB,False,False,weak_side_press_leak,1
1925299,10.0,7509,7555,regain,center,0,,False,False,weak_side_press_leak,0
1925299,11.0,8581,8775,regain,"center,left,right",1,RCB,False,False,weak_side_press_leak,0
1925299,12.0,9166,9233,unknown,"center,right",1,LW,False,False,weak_side_press_leak,1
1925299,13.0,9304,9345,disruption,center,0,,False,False,weak_side_press_leak,0
1925299,14.0,10225,10316,unknown,"center,left,right",0,,False,False,weak_side_press_leak,0
1925299,15.0,10486,10528,unknown,center,0,,False,False,weak_side_press_leak,0
1925299,16.0,11875,12001,regain,left,1,RB,False,False,weak_side_press_leak,0
1925299,17.0,12109,12142,unknown,right,1,LW,False,False,weak_side_press_leak,1
1925299,18.0,12202,12248,regain,center,0,,False,False,weak_side_press_leak,0
1925299,19.0,12478,12545,unknown,"center,left",1,RW,False,False,weak_side_press_leak,1
1925299,20.0,12647,12809,disruption,"center,left,right",1,LB,False,False,weak_side_press_leak,1
1925299,21.0,13140,13181,regain,"center,right",0,,False,False,weak_side_press_leak,0
1925299,22.0,13182,13243,unknown,"center,left",1,CF,False,False,weak_side_press_leak,1
1925299,23.0,14265,14305,disruption,"center,left",0,,False,False,weak_side_press_leak,0
1925299,24.0,20346,20398,regain,right,1,LB,False,False,weak_side_press_leak,0
1925299,25.0,20400,20501,regain,"center,left",1,LM,False,False,weak_side_press_leak,0
1925299,26.0,20752,20786,unknown,right,0,,True,False,weak_side_press_leak,0
1925299,27.0,20850,20870,unknown,right,0,,True,False,weak_side_press_leak,0
1925299,28.0,21927,21993,unknown,"center,right",0,,False,False,weak_side_press_leak,0
1925299,29.0,22130,22259,unknown,"center,left,right",0,,False,False,weak_side_press_leak,0
1925299,30.0,22971,23002,regain,left,0,,False,False,weak_side_press_leak,0
1925299,31.0,23307,23498,unknown,"center,right",1,LB,False,False,weak_side_press_leak,1
1925299,32.0,24689,24735,disruption,"center,left",0,,False,False,weak_side_press_leak,0
1925299,33.0,24975,25098,regain,"center,left,right",0,,False,False,weak_side_press_leak,0
1925299,34.0,25201,25298,disruption,"center,right",0,,False,False,weak_side_press_leak,0
1925299,35.0,25675,25728,unknown,right,1,LB,False,False,weak_side_press_leak,1
1925299,36.0,25788,25854,unknown,"center,right",1,LDM,False,False,weak_side_press_leak,1
1925299,37.0,26766,26837,unknown,right,1,LCB,False,False,weak_side_press_leak,1
1925299,38.0,27618,27670,unknown,right,1,LW,True,False,weak_side_press_leak,1
1925299,39.0,27973,28022,unknown,left,0,,True,False,weak_side_press_leak,0
1925299,40.0,28066,28094,unknown,left,1,RCB,True,False,weak_side_press_leak,1
1925299,41.0,28884,28947,unknown,"center,right",1,LM,False,False,weak_side_press_leak,1
1925299,42.0,29177,29225,unknown,center,0,,False,False,weak_side_press_leak,0
1925299,43.0,31012,31071,unknown,left,0,,False,False,weak_side_press_leak,0
1925299,44.0,31487,31579,unknown,"center,left,right",1,RW,False,False,weak_side_press_leak,1
1925299,45.0,31621,31673,regain,center,0,,False,False,weak_side_press_leak,0
1925299,46.0,34083,34135,unknown,"center,left",1,RB,False,False,weak_side_press_leak,1
1925299,47.0,34346,34380,unknown,"center,left",0,,True,False,weak_side_press_leak,0
1925299,48.0,35853,35976,unknown,"center,right",1,LW,False,False,weak_side_press_leak,1
1925299,49.0,36061,36118,disruption,"center,right",1,RM,False,False,weak_side_press_leak,1
1925299,50.0,36379,36420,regain,"center,right",0,,False,False,weak_side_press_leak,0
1925299,51.0,36455,36513,unknown,left,1,RW,False,False,weak_side_press_leak,1
1925299,52.0,36840,36861,unknown,center,0,,False,False,weak_side_press_leak,0
1925299,53.0,37025,37051,unknown,left,0,,True,False,weak_side_press_leak,0
1925299,54.0,37123,37324,unknown,"center,left,right",1,LW,True,False,weak_side_press_leak,1
1925299,55.0,38195,38261,disruption,"center,left",1,RW,True,False,weak_side_press_leak,1
1925299,56.0,39172,39234,regain,"center,left",0,,False,False,weak_side_press_leak,0
1925299,57.0,39253,39314,regain,"center,right",1,RM,False,False,weak_side_press_leak,0
1925299,58.0,41174,41259,unknown,"left,right",1,RW,False,False,weak_side_press_leak,1
1925299,59.0,41691,41754,regain,"center,right",0,,False,False,weak_side_press_leak,0
1925299,60.0,42277,42315,unknown,"center,left",0,,False,False,weak_side_press_leak,0
1925299,61.0,43619,43705,regain,"center,right",1,LM,False,False,weak_side_press_leak,0
1925299,62.0,43764,43894,unknown,"center,right",0,,False,False,weak_side_press_leak,0
1925299,63.0,44071,44095,unknown,left,0,,True,True,weak_side_press_leak,0
1925299,64.0,46805,46933,unknown,"left,right",1,AM,False,False,weak_side_press_leak,1
1925299,65.0,47336,47459,unknown,"center,right",1,LB,False,False,weak_side_press_leak,1
1925299,66.0,47879,47942,unknown,"center,right",0,,False,False,weak_side_press_leak,0
1925299,67.0,49666,49776,regain,right,1,CF,False,False,weak_side_press_leak,0
1925299,68.0,50286,50338,regain,"center,right",0,,False,False,weak_side_press_leak,0
1925299,69.0,52348,52412,unknown,left,0,,False,False,weak_side_press_leak,0
1925299,70.0,52559,52654,unknown,"center,left",1,LDM,False,False,weak_side_press_leak,1
1925299,71.0,53928,54010,regain,right,0,,False,False,weak_side_press_leak,0
1925299,72.0,54046,54102,regain,"center,left",1,LM,False,False,weak_side_press_leak,0
1925299,73.0,54282,54315,unknown,left,1,RW,False,False,weak_side_press_leak,1
1925299,74.0,56052,56099,regain,right,1,LW,False,False,weak_side_press_leak,0
1925299,75.0,57176,57231,unknown,left,1,RB,False,False,weak_side_press_leak,1
1927964,0.0,1599,1614,unknown,right,1,LM,False,False,weak_side_press_leak,1
1927964,1.0,2012,2096,unknown,"left,right",0,,False,False,weak_side_press_leak,0
1927964,2.0,2222,2257,unknown,"center,right",1,CF,False,False,weak_side_press_leak,1
1927964,3.0,2519,2546,regain,right,0,,False,False,weak_side_press_leak,0
1927964,4.0,2768,2835,unknown,"center,right",1,CF,False,False,weak_side_press_leak,1
1927964,5.0,3191,3234,regain,right,1,LB,False,False,weak_side_press_leak,0
1927964,6.0,3293,3364,unknown,"center,right",0,,False,False,weak_side_press_leak,0
1927964,7.0,3541,3574,unknown,left,1,RW,False,False,weak_side_press_leak,1
1927964,8.0,3735,3845,regain,"center,left,right",1,RW,False,False,weak_side_press_leak,0
1927964,9.0,4090,4157,unknown,"center,left",0,,False,False,weak_side_press_leak,0
1927964,10.0,4257,4329,unknown,"left,right",0,,False,False,weak_side_press_leak,0
1927964,11.0,5144,5199,unknown,"center,left",0,,False,False,weak_side_press_leak,0
1927964,12.0,5301,5341,regain,left,1,RW,False,False,weak_side_press_leak,0
1927964,13.0,6257,6314,unknown,center,0,,False,False,weak_side_press_leak,0
1927964,14.0,6414,6513,regain,left,1,RWB,False,False,weak_side_press_leak,0
1927964,15.0,6735,6829,disruption,"center,right",1,LCB,False,False,weak_side_press_leak,1
1927964,16.0,6879,6940,unknown,"center,left",1,RB,False,False,weak_side_press_leak,1
1927964,17.0,7058,7145,regain,"left,right",1,RW,False,False,weak_side_press_leak,0
1927964,18.0,7858,7918,unknown,right,1,CF,False,False,weak_side_press_leak,1
1927964,19.0,9109,9169,unknown,"center,left",1,RM,False,False,weak_side_press_leak,1
1927964,20.0,9650,9702,unknown,left,1,RB,False,False,weak_side_press_leak,1
1927964,21.0,9877,9899,unknown,"center,right",0,,True,False,weak_side_press_leak,0
1927964,22.0,10505,10599,unknown,"center,right",1,CF,False,False,weak_side_press_leak,1
1927964,23.0,10713,10870,unknown,"center,right",0,,False,False,weak_side_press_leak,0
1927964,24.0,11116,11133,unknown,right,1,RM,False,False,weak_side_press_leak,1
1927964,25.0,12319,12376,regain,"center,right",1,LCB,False,False,weak_side_press_leak,0
1927964,26.0,12472,12546,unknown,left,1,RB,False,False,weak_side_press_leak,1
1927964,27.0,12709,12753,regain,left,1,CF,False,False,weak_side_press_leak,0
1927964,28.0,14002,14064,unknown,"center,left",0,,False,False,weak_side_press_leak,0
1927964,29.0,14327,14419,unknown,"center,left",1,RW,False,False,weak_side_press_leak,1
1927964,30.0,14801,14836,unknown,center,0,,False,False,weak_side_press_leak,0
1927964,31.0,15021,15073,unknown,"center,right",0,,False,False,weak_side_press_leak,0
1927964,32.0,15695,15741,unknown,"center,right",1,CF,True,False,weak_side_press_leak,1
1927964,33.0,16567,16588,unknown,left,0,,False,False,weak_side_press_leak,0
1927964,34.0,18948,19020,unknown,"center,left,right",1,LCB,False,False,weak_side_press_leak,1
1927964,35.0,19429,19455,regain,"center,right",1,CF,False,False,weak_side_press_leak,0
1927964,36.0,20223,20302,regain,right,1,LWB,False,False,weak_side_press_leak,0
1927964,37.0,20645,20794,unknown,"center,left,right",1,CF,False,False,weak_side_press_leak,1
1927964,38.0,21248,21319,unknown,"center,left",0,,False,False,weak_side_press_leak,0
1927964,39.0,22186,22224,unknown,right,0,,False,False,weak_side_press_leak,0
1927964,40.0,22892,23009,unknown,"center,left",1,RW,False,False,weak_side_press_leak,1
1927964,41.0,23290,23339,unknown,"center,right",0,,False,False,weak_side_press_leak,0
1927964,42.0,23504,23588,unknown,center,0,,False,False,weak_side_press_leak,0
1927964,43.0,24138,24189,unknown,right,0,,False,False,weak_side_press_leak,0
1927964,44.0,24627,24758,regain,"center,right",1,LW,False,False,weak_side_press_leak,0
1927964,45.0,24781,24837,regain,center,0,,False,False,weak_side_press_leak,0
1927964,46.0,25225,25270,unknown,left,1,RW,False,False,weak_side_press_leak,1
1927964,47.0,25711,25765,regain,right,1,LM,False,False,weak_side_press_leak,0
1927964,48.0,26719,26762,unknown,left,1,CF,False,False,weak_side_press_leak,1
1927964,49.0,26938,27016,regain,"center,left",0,,False,False,weak_side_press_leak,0
1927964,50.0,27138,27209,unknown,"center,left",0,,False,False,weak_side_press_leak,0
1927964,51.0,27450,27540,unknown,"center,right",1,RWB,True,False,weak_side_press_leak,1
1927964,52.0,27588,27612,unknown,left,0,,True,False,weak_side_press_leak,0
1927964,53.0,28132,28150,unknown,center,0,,False,False,weak_side_press_leak,0
1927964,54.0,28736,28915,regain,"center,left,right",1,LM,False,False,weak_side_press_leak,0
1927964,55.0,28919,28983,unknown,right,1,RCB,False,False,weak_side_press_leak,1
1927964,56.0,30591,30612,unknown,right,1,CF,False,False,weak_side_press_leak,1
1927964,57.0,31961,31991,regain,left,1,RM,False,False,weak_side_press_leak,0
1927964,58.0,32023,32071,unknown,"center,right",0,,False,False,weak_side_press_leak,0
1927964,59.0,32193,32225,regain,right,1,CF,False,False,weak_side_press_leak,0
1927964,60.0,32537,32549,unknown,"center,left",1,RB,False,False,weak_side_press_leak,1
1927964,61.0,32619,32683,regain,right,1,LW,False,False,weak_side_press_leak,0
1927964,62.0,32888,32903,unknown,"center,right",1,LB,True,False,weak_side_press_leak,1
1927964,63.0,33417,33528,unknown,right,1,LCB,False,False,weak_side_press_leak,1
1927964,64.0,33620,33795,unknown,"center,left,right",1,CF,True,False,weak_side_press_leak,1
1927964,65.0,33935,33961,unknown,center,0,,False,False,weak_side_press_leak,0
1927964,66.0,34713,34749,regain,"center,right",0,,False,False,weak_side_press_leak,0
1927964,67.0,36303,36507,regain,"center,right",1,LW,False,False,weak_side_press_leak,0
1927964,68.0,37586,37671,unknown,"center,right",0,,False,False,weak_side_press_leak,0
1927964,69.0,38367,38487,regain,"center,right",1,CF,False,False,weak_side_press_leak,0
1927964,70.0,38843,38984,regain,"center,left",1,RWB,False,False,weak_side_press_leak,0
1927964,71.0,39245,39386,disruption,"center,left,right",1,RCB,False,False,weak_side_press_leak,1
1927964,72.0,39960,40081,regain,"center,left,right",1,LCB,False,False,weak_side_press_leak,0
1927964,73.0,40297,40317,regain,right,1,CF,False,False,weak_side_press_leak,0
1927964,74.0,41489,41604,regain,"center,right",0,,False,False,weak_side_press_leak,0
1927964,75.0,42258,42477,unknown,"center,left,right",1,RCB,True,False,weak_side_press_leak,1
1927964,76.0,43851,43956,regain,"left,right",1,RW,False,False,weak_side_press_leak,0
1927964,77.0,46448,46506,unknown,"center,right",1,LW,True,False,weak_side_press_leak,1
1927964,78.0,46845,46913,unknown,right,1,CF,False,False,weak_side_press_leak,1
1927964,79.0,47037,47101,unknown,center,0,,False,False,weak_side_press_leak,0
1927964,80.0,47153,47293,unknown,"center,left",1,RB,False,False,weak_side_press_leak,1
1927964,81.0,48008,48070,unknown,"center,right",1,CF,False,False,weak_side_press_leak,1
1927964,82.0,50284,50299,unknown,left,0,,False,False,weak_side_press_leak,0
1927964,83.0,51082,51201,unknown,"center,right",1,LB,False,False,weak_side_press_leak,1
1927964,84.0,52674,52773,regain,"center,right",0,,False,False,weak_side_press_leak,0
1927964,85.0,53882,53933,unknown,"center,right",1,CF,False,False,weak_side_press_leak,1
1927964,86.0,54128,54200,unknown,left,1,LM,False,False,weak_side_press_leak,1
1927964,87.0,54582,54615,unknown,left,0,,False,False,weak_side_press_leak,0
1927964,88.0,54948,55003,regain,right,0,,False,False,weak_side_press_leak,0
1927964,89.0,56122,56155,unknown,"center,right",1,LW,False,False,weak_side_press_leak,1
1953632,0.0,53,73,unknown,center,0,,False,False,weak_side_press_leak,0
1953632,1.0,152,212,unknown,left,1,RB,False,False,weak_side_press_leak,1
1953632,2.0,458,491,unknown,left,0,,False,False,weak_side_press_leak,0
1953632,3.0,506,527,unknown,left,0,,False,False,weak_side_press_leak,0
1953632,4.0,668,684,unknown,"center,left",1,RB,False,False,weak_side_press_leak,1
1953632,5.0,800,866,regain,"center,left,right",1,RCB,False,False,weak_side_press_leak,0
1953632,6.0,2777,2792,unknown,left,0,,False,False,weak_side_press_leak,0
1953632,7.0,3403,3539,regain,right,1,LF,False,False,weak_side_press_leak,0
1953632,8.0,3556,3635,disruption,left,0,,False,False,weak_side_press_leak,0
1953632,9.0,4803,4924,unknown,"center,left,right",1,LF,False,False,weak_side_press_leak,1
1953632,10.0,5087,5123,regain,right,0,,False,False,weak_side_press_leak,0
1953632,11.0,6996,7018,disruption,left,1,RM,False,False,weak_side_press_leak,1
1953632,12.0,7328,7408,unknown,"center,right",0,,False,False,weak_side_press_leak,0
1953632,13.0,7548,7573,unknown,left,1,RM,False,False,weak_side_press_leak,1
1953632,14.0,7650,7708,unknown,right,0,,False,False,weak_side_press_leak,0
1953632,15.0,7765,7796,unknown,left,0,,False,False,weak_side_press_leak,0
1953632,16.0,8534,8626,unknown,"left,right",1,LWB,False,False,weak_side_press_leak,1
1953632,17.0,8779,8843,unknown,right,0,,False,False,weak_side_press_leak,0
1953632,18.0,9182,9214,regain,"center,left",0,,False,False,weak_side_press_leak,0
1953632,19.0,9279,9362,unknown,"center,right",1,LB,False,False,weak_side_press_leak,1
1953632,20.0,9502,9588,unknown,"center,right",0,,False,False,weak_side_press_leak,0
1953632,21.0,9764,10073,regain,"center,left,right",1,LWB,False,False,weak_side_press_leak,0
1953632,22.0,10331,10389,unknown,"center,right",1,LM,False,False,weak_side_press_leak,1
1953632,23.0,11192,11308,unknown,"left,right",1,LM,False,False,weak_side_press_leak,1
1953632,24.0,11661,11766,regain,"center,left",0,,False,False,weak_side_press_leak,0
1953632,25.0,12534,12575,regain,left,0,,False,False,weak_side_press_leak,0
1953632,26.0,13285,13516,unknown,"left,right",1,LWB,False,False,weak_side_press_leak,1
1953632,27.0,13561,13660,disruption,"left,right",1,LCB,False,False,weak_side_press_leak,1
1953632,28.0,14245,14302,unknown,center,0,,False,False,weak_side_press_leak,0
1953632,29.0,14513,14586,unknown,right,0,,False,False,weak_side_press_leak,0
1953632,30.0,14686,14723,unknown,center,0,,False,False,weak_side_press_leak,0
1953632,31.0,15639,15678,unknown,right,1,LF,False,False,weak_side_press_leak,1
1953632,32.0,15845,15924,unknown,"center,right",0,,False,False,weak_side_press_leak,0
1953632,33.0,16528,16560,unknown,left,0,,False,False,weak_side_press_leak,0
1953632,34.0,17029,17073,unknown,center,0,,True,False,weak_side_press_leak,0
1953632,35.0,18130,18173,unknown,right,0,,False,False,weak_side_press_leak,0
1953632,36.0,18615,18644,unknown,left,1,RF,False,False,weak_side_press_leak,1
1953632,37.0,18741,18787,unknown,right,0,,False,False,weak_side_press_leak,0
1953632,38.0,18837,18888,regain,"center,right",1,LB,False,False,weak_side_press_leak,0
1953632,39.0,20549,20598,regain,"center,left",0,,False,False,weak_side_press_leak,0
1953632,40.0,22268,22291,unknown,center,0,,False,False,weak_side_press_leak,0
1953632,41.0,22562,22650,unknown,right,1,LF,False,False,weak_side_press_leak,1
1953632,42.0,22761,22929,unknown,"center,left,right",1,LW,False,False,weak_side_press_leak,1
1953632,43.0,24127,24226,regain,"center,left,right",1,LB,False,False,weak_side_press_leak,0
1953632,44.0,24513,24767,unknown,"center,right",1,LW,False,False,weak_side_press_leak,1
1953632,45.0,24907,24978,unknown,"center,left",1,RW,False,False,weak_side_press_leak,1
1953632,46.0,25657,25726,unknown,left,1,RF,False,False,weak_side_press_leak,1
1953632,47.0,26166,26213,unknown,left,1,RF,False,False,weak_side_press_leak,1
1953632,48.0,26249,26320,disruption,"center,left",1,RB,False,False,weak_side_press_leak,1
1953632,49.0,26442,26491,regain,"left,right",1,RW,False,False,weak_side_press_leak,0
1953632,50.0,26519,26566,unknown,right,0,,False,False,weak_side_press_leak,0
1953632,51.0,26940,27047,unknown,"center,right",1,LCB,False,False,weak_side_press_leak,1
1953632,52.0,27237,27362,unknown,left,1,RF,False,False,weak_side_press_leak,1
1953632,53.0,27501,27521,unknown,left,1,RCB,False,False,weak_side_press_leak,1
1953632,54.0,27631,27672,regain,"center,left",1,RF,False,False,weak_side_press_leak,0
1953632,55.0,29439,29540,unknown,"center,left",1,RWB,False,False,weak_side_press_leak,1
1953632,56.0,30749,30785,unknown,left,1,DM,False,False,weak_side_press_leak,1
1953632,57.0,30904,31012,unknown,"left,right",0,,False,False,weak_side_press_leak,0
1953632,58.0,31056,31211,unknown,"center,left,right",1,RM,False,False,weak_side_press_leak,1
1953632,59.0,31984,32029,unknown,left,1,RF,False,False,weak_side_press_leak,1
1953632,60.0,32271,32351,unknown,left,1,DM,False,False,weak_side_press_leak,1
1953632,61.0,32401,32448,unknown,"center,left",1,RCB,False,False,weak_side_press_leak,1
1953632,62.0,32882,32947,regain,"center,right",1,LWB,False,False,weak_side_press_leak,0
1953632,63.0,33775,33877,unknown,"center,left,right",1,RWB,False,False,weak_side_press_leak,1
1953632,64.0,35104,35460,unknown,"center,left,right",1,CB,False,False,weak_side_press_leak,1
1953632,65.0,36651,36735,regain,"center,right",1,LW,False,False,weak_side_press_leak,0
1953632,66.0,36951,37083,unknown,"center,right",0,,False,False,weak_side_press_leak,0
1953632,67.0,37194,37350,disruption,"center,left,right",1,RCB,False,False,weak_side_press_leak,1
1953632,68.0,38352,38418,unknown,"center,right",1,LW,False,False,weak_side_press_leak,1
1953632,69.0,38531,38583,unknown,"center,right",0,,False,False,weak_side_press_leak,0
1953632,70.0,39016,39111,unknown,"center,right",1,LCB,False,False,weak_side_press_leak,1
1953632,71.0,39554,39616,unknown,right,1,RCB,False,False,weak_side_press_leak,1
1953632,72.0,39696,39756,unknown,left,0,,False,False,weak_side_press_leak,0
1953632,73.0,39992,40295,regain,"center,left,right",1,LM,False,False,weak_side_press_leak,0
1953632,74.0,40311,40348,disruption,"center,left",0,,False,False,weak_side_press_leak,0
1953632,75.0,44304,44336,unknown,right,1,LF,False,False,weak_side_press_leak,1
1953632,76.0,44374,44506,regain,"center,left,right",0,,False,False,weak_side_press_leak,0
1953632,77.0,44637,44694,unknown,right,0,,False,False,weak_side_press_leak,0
1953632,78.0,47065,47094,unknown,left,0,,False,False,weak_side_press_leak,0
1953632,79.0,47551,47643,unknown,right,1,CB,False,False,weak_side_press_leak,1
1953632,80.0,47690,47756,regain,left,1,RWB,False,False,weak_side_press_leak,0
1953632,81.0,49000,49060,regain,"center,left",0,,False,False,weak_side_press_leak,0
1953632,82.0,49128,49218,unknown,right,1,LM,False,False,weak_side_press_leak,1
1953632,83.0,50633,50693,regain,left,0,,False,False,weak_side_press_leak,0
1953632,84.0,50901,50981,regain,"center,left",0,,False,False,weak_side_press_leak,0
1953632,85.0,51048,51231,regain,"center,left,right",1,LW,False,False,weak_side_press_leak,0
1953632,86.0,51699,51764,unknown,right,1,LF,False,False,weak_side_press_leak,1
1953632,87.0,51908,51934,regain,right,1,LM,False,False,weak_side_press_leak,0
1953632,88.0,52827,52967,unknown,"center,left,right",1,LF,False,False,weak_side_press_leak,1
1953632,89.0,53692,53801,regain,"center,right",1,LW,False,False,weak_side_press_leak,0
1953632,90.0,54980,55033,unknown,"left,right",0,,False,False,weak_side_press_leak,0
1953632,91.0,55148,55210,unknown,right,1,LF,False,False,weak_side_press_leak,1
1953632,92.0,56437,56505,disruption,left,1,RCB,False,False,weak_side_press_leak,1
1953632,93.0,57303,57349,unknown,center,0,,False,False,weak_side_press_leak,0
1953632,94.0,57784,57832,unknown,left,1,RB,False,False,weak_side_press_leak,1
1953632,95.0,57872,57936,unknown,right,1,LM,False,False,weak_side_press_leak,1
1959846,0.0,224,261,disruption,center,0,,False,False,weak_side_press_leak,0
1959846,1.0,847,886,unknown,"center,right",1,CF,False,False,weak_side_press_leak,1
1959846,2.0,1560,1617,regain,left,1,RCB,False,False,weak_side_press_leak,0
1959846,3.0,2116,2157,regain,"center,left",0,,False,False,weak_side_press_leak,0
1959846,4.0,2204,2261,unknown,"center,left",1,RW,False,False,weak_side_press_leak,1
1959846,5.0,2386,2455,disruption,"center,right",1,LCB,False,False,weak_side_press_leak,1
1959846,6.0,2822,2885,unknown,left,0,,True,False,weak_side_press_leak,0
1959846,7.0,4861,4909,unknown,right,1,LW,False,False,weak_side_press_leak,1
1959846,8.0,5614,5670,disruption,"center,right",0,,False,False,weak_side_press_leak,0
1959846,9.0,5934,5982,unknown,"center,left",0,,True,False,weak_side_press_leak,0
1959846,10.0,6467,6572,unknown,"center,left,right",1,RM,False,False,weak_side_press_leak,1
1959846,11.0,6800,6886,regain,"center,right",1,LW,False,False,weak_side_press_leak,0
1959846,12.0,6906,6970,regain,left,1,RCB,False,False,weak_side_press_leak,0
1959846,13.0,7055,7120,unknown,right,0,,False,False,weak_side_press_leak,0
1959846,14.0,7166,7365,regain,left,1,RW,False,False,weak_side_press_leak,0
1959846,15.0,7451,7460,regain,left,0,,False,False,weak_side_press_leak,0
1959846,16.0,7559,7609,unknown,left,0,,False,False,weak_side_press_leak,0
1959846,17.0,7737,7836,unknown,right,1,CF,False,False,weak_side_press_leak,1
1959846,18.0,7968,8040,regain,"center,right",0,,False,False,weak_side_press_leak,0
1959846,19.0,9945,10134,unknown,"center,left,right",1,RM,False,False,weak_side_press_leak,1
1959846,20.0,10193,10285,unknown,left,1,CF,False,False,weak_side_press_leak,1
1959846,21.0,11775,11805,unknown,"center,right",1,LCB,False,False,weak_side_press_leak,1
1959846,22.0,12600,12662,unknown,"center,left,right",1,LB,True,False,weak_side_press_leak,1
1959846,23.0,13194,13230,regain,left,0,,False,False,weak_side_press_leak,0
1959846,24.0,14214,14336,unknown,"center,left,right",1,RB,False,False,weak_side_press_leak,1
1959846,25.0,14485,14516,disruption,right,1,RM,False,False,weak_side_press_leak,1
1959846,26.0,14751,14839,unknown,"center,left",1,CF,False,False,weak_side_press_leak,1
1959846,27.0,15102,15204,regain,"center,left,right",0,,False,False,weak_side_press_leak,0
1959846,28.0,15563,15608,regain,left,1,CF,False,False,weak_side_press_leak,0
1959846,29.0,15649,15705,unknown,right,0,,False,False,weak_side_press_leak,0
1959846,30.0,17139,17188,disruption,center,0,,False,False,weak_side_press_leak,0
1959846,31.0,17485,17555,disruption,"center,right",1,LCB,False,False,weak_side_press_leak,1
1959846,32.0,17773,17858,unknown,right,1,LW,False,False,weak_side_press_leak,1
1959846,33.0,18538,18640,regain,"left,right",1,LB,False,False,weak_side_press_leak,0
1959846,34.0,18971,19013,regain,"center,right",0,,False,False,weak_side_press_leak,0
1959846,35.0,20278,20342,regain,"center,left,right",1,LB,False,False,weak_side_press_leak,0
1959846,36.0,20423,20449,unknown,center,0,,True,False,weak_side_press_leak,0
1959846,37.0,21183,21214,regain,center,0,,False,False,weak_side_press_leak,0
1959846,38.0,21431,21462,disruption,center,0,,False,False,weak_side_press_leak,0
1959846,39.0,23504,23592,unknown,right,1,LW,False,False,weak_side_press_leak,1
1959846,40.0,24208,24340,unknown,right,1,CF,False,False,weak_side_press_leak,1
1959846,41.0,24449,24534,unknown,right,1,LB,False,False,weak_side_press_leak,1
1959846,42.0,25180,25351,unknown,"center,left,right",1,LW,False,False,weak_side_press_leak,1
1959846,43.0,25522,25638,unknown,"center,right",0,,False,False,weak_side_press_leak,0
1959846,44.0,26431,26562,unknown,"center,right",1,LM,False,False,weak_side_press_leak,1
1959846,45.0,27014,27042,unknown,left,1,RW,False,False,weak_side_press_leak,1
1959846,46.0,27759,27797,unknown,"center,right",1,LW,False,False,weak_side_press_leak,1
1959846,47.0,28373,28405,disruption,right,0,,False,False,weak_side_press_leak,0
1959846,48.0,28663,28715,regain,"center,right",0,,False,False,weak_side_press_leak,0
1959846,49.0,29716,29777,unknown,left,0,,False,False,weak_side_press_leak,0
1959846,50.0,31976,31992,unknown,"center,left",0,,False,False,weak_side_press_leak,0
1959846,51.0,32193,32299,unknown,"center,left",1,RB,False,False,weak_side_press_leak,1
1959846,52.0,33353,33403,unknown,right,1,LW,False,False,weak_side_press_leak,1
1959846,53.0,33782,33837,regain,left,0,,False,False,weak_side_press_leak,0
1959846,54.0,33923,33951,disruption,"center,left",0,,False,False,weak_side_press_leak,0
1959846,55.0,36799,36838,disruption,"center,left",0,,False,False,weak_side_press_leak,0
1959846,56.0,38682,38726,disruption,"center,left",1,RW,True,False,weak_side_press_leak,1
1959846,57.0,40522,40581,regain,right,0,,False,False,weak_side_press_leak,0
1959846,58.0,41477,41505,regain,center,0,,False,False,weak_side_press_leak,0
1959846,59.0,43317,43351,unknown,"center,right",0,,False,False,weak_side_press_leak,0
1959846,60.0,43415,43451,unknown,right,1,LM,False,False,weak_side_press_leak,1
1959846,61.0,44375,44417,unknown,right,0,,False,False,weak_side_press_leak,0
1959846,62.0,44734,44785,unknown,left,1,RCB,True,False,weak_side_press_leak,1
1959846,63.0,46055,46170,unknown,"center,left,right",0,,False,False,weak_side_press_leak,0
1959846,64.0,46443,46569,regain,"center,left,right",1,LB,False,False,weak_side_press_leak,0
1959846,65.0,46586,46698,unknown,"center,left,right",1,RW,False,False,weak_side_press_leak,1
1959846,66.0,46739,46788,regain,left,0,,False,False,weak_side_press_leak,0
1959846,67.0,46883,47006,unknown,"center,left",1,LM,False,False,weak_side_press_leak,1
1959846,68.0,47966,48008,regain,left,1,CF,False,False,weak_side_press_leak,0
1959846,69.0,48195,48299,unknown,"center,left,right",1,LB,True,True,weak_side_press_leak,1
1959846,70.0,49091,49153,disruption,"center,left,right",1,LB,True,False,weak_side_press_leak,1
1959846,71.0,49798,49845,unknown,left,0,,False,False,weak_side_press_leak,0
1959846,72.0,51101,51152,unknown,left,1,RM,False,False,weak_side_press_leak,1
1959846,73.0,51423,51518,unknown,left,1,CF,False,False,weak_side_press_leak,1
1959846,74.0,51764,51795,regain,center,0,,False,False,weak_side_press_leak,0
1959846,75.0,52155,52228,unknown,"center,left",1,CF,False,False,weak_side_press_leak,1
1959846,76.0,52930,53038,unknown,"center,left",1,RW,False,False,weak_side_press_leak,1
1959846,77.0,53183,53223,unknown,"center,right",0,,False,False,weak_side_press_leak,0
1959846,78.0,58115,58155,unknown,"center,left",0,,True,False,weak_side_press_leak,0
1986691,0.0,34,52,unknown,center,0,,False,False,weak_side_press_leak,0
1986691,1.0,94,135,regain,right,1,LW,False,False,weak_side_press_leak,0
1986691,2.0,221,288,regain,right,0,,False,False,weak_side_press_leak,0
1986691,3.0,1000,1025,regain,right,1,LW,False,False,weak_side_press_leak,0
1986691,4.0,1709,1777,unknown,"center,left",1,RM,False,False,weak_side_press_leak,1
1986691,5.0,1850,1920,unknown,"center,right",1,LW,False,False,weak_side_press_leak,1
1986691,6.0,2110,2152,unknown,right,1,LCB,False,False,weak_side_press_leak,1
1986691,7.0,2514,2630,unknown,left,0,,False,False,weak_side_press_leak,0
1986691,8.0,3242,3287,unknown,"center,left",1,RW,False,False,weak_side_press_leak,1
1986691,9.0,3353,3412,unknown,right,0,,False,False,weak_side_press_leak,0
1986691,10.0,5217,5380,unknown,"center,right",1,LW,False,False,weak_side_press_leak,1
1986691,11.0,5473,5525,unknown,center,0,,False,False,weak_side_press_leak,0
1986691,12.0,8130,8195,regain,"center,right",1,RM,False,False,weak_side_press_leak,0
1986691,13.0,8474,8527,regain,left,0,,False,False,weak_side_press_leak,0
1986691,14.0,9629,9651,unknown,right,0,,False,False,weak_side_press_leak,0
1986691,15.0,9847,9977,unknown,right,0,,False,False,weak_side_press_leak,0
1986691,16.0,11841,11886,unknown,"center,right",0,,False,False,weak_side_press_leak,0
1986691,17.0,11973,12021,unknown,left,1,RM,False,False,weak_side_press_leak,1
1986691,18.0,12095,12130,unknown,"center,right",0,,False,False,weak_side_press_leak,0
1986691,19.0,12194,12247,unknown,"center,left",1,RW,False,False,weak_side_press_leak,1
1986691,20.0,12979,13057,unknown,right,1,LW,False,False,weak_side_press_leak,1
1986691,21.0,14134,14159,disruption,"center,left",0,,False,False,weak_side_press_leak,0
1986691,22.0,14380,14447,unknown,left,0,,False,False,weak_side_press_leak,0
1986691,23.0,14484,14616,disruption,"center,right",1,RM,False,False,weak_side_press_leak,1
1986691,24.0,15946,15975,unknown,left,0,,False,False,weak_side_press_leak,0
1986691,25.0,16014,16085,regain,"center,left",0,,False,False,weak_side_press_leak,0
1986691,26.0,16170,16242,unknown,"center,left,right",1,CF,False,False,weak_side_press_leak,1
1986691,27.0,17406,17497,unknown,"center,right",1,LCB,False,False,weak_side_press_leak,1
1986691,28.0,17738,17764,unknown,right,1,LW,False,False,weak_side_press_leak,1
1986691,29.0,18645,18744,regain,"center,right",1,CF,False,False,weak_side_press_leak,0
1986691,30.0,20841,20900,unknown,"center,left",1,LM,False,False,weak_side_press_leak,1
1986691,31.0,21794,21870,regain,right,1,LB,False,False,weak_side_press_leak,0
1986691,32.0,21894,21935,unknown,left,1,RB,True,False,weak_side_press_leak,1
1986691,33.0,23015,23050,regain,"center,left",0,,False,False,weak_side_press_leak,0
1986691,34.0,24143,24238,unknown,left,1,RW,True,False,weak_side_press_leak,1
1986691,35.0,25818,25880,disruption,"center,right",0,,False,False,weak_side_press_leak,0
1986691,36.0,26609,26648,unknown,left,1,CF,False,False,weak_side_press_leak,1
1986691,37.0,27068,27171,unknown,"center,left,right",1,RB,False,False,weak_side_press_leak,1
1986691,38.0,27856,27881,regain,"center,right",0,,False,False,weak_side_press_leak,0
1986691,39.0,28900,29059,unknown,"center,left,right",1,LB,False,False,weak_side_press_leak,1
1986691,40.0,29097,29151,regain,left,0,,False,False,weak_side_press_leak,0
1986691,41.0,31020,31110,unknown,"center,right",1,LM,False,False,weak_side_press_leak,1
1986691,42.0,33202,33242,unknown,right,1,LM,False,False,weak_side_press_leak,1
1986691,43.0,33850,33898,unknown,"center,right",0,,True,False,weak_side_press_leak,0
1986691,44.0,35400,35484,unknown,right,1,LM,False,False,weak_side_press_leak,1
1986691,45.0,37471,37574,disruption,"center,left,right",0,,False,False,weak_side_press_leak,0
1986691,46.0,41741,41817,unknown,left,1,CF,False,False,weak_side_press_leak,1
1986691,47.0,42019,42078,unknown,"center,left",1,RW,False,False,weak_side_press_leak,1
1986691,48.0,42174,42207,unknown,"center,right",0,,False,False,weak_side_press_leak,0
1986691,49.0,42266,42294,unknown,left,1,RW,False,False,weak_side_press_leak,1
1986691,50.0,42384,42432,regain,right,0,,False,False,weak_side_press_leak,0
1986691,51.0,42891,43002,unknown,right,1,LM,False,False,weak_side_press_leak,1
1986691,52.0,44686,44756,unknown,right,0,,False,False,weak_side_press_leak,0
1986691,53.0,44836,44861,regain,left,1,RB,False,False,weak_side_press_leak,0
1986691,54.0,45554,45730,unknown,right,0,,False,False,weak_side_press_leak,0
1986691,55.0,46280,46313,unknown,right,1,LB,False,False,weak_side_press_leak,1
1986691,56.0,46364,46447,disruption,left,0,,False,False,weak_side_press_leak,0
1986691,57.0,48544,48679,regain,"center,left,right",1,LM,False,False,weak_side_press_leak,0
1986691,58.0,49050,49133,unknown,"center,left,right",1,LB,False,False,weak_side_press_leak,1
1986691,59.0,50317,50433,unknown,"center,left,right",1,LB,True,False,weak_side_press_leak,1
1986691,60.0,52656,52732,regain,"center,right",0,,False,False,weak_side_press_leak,0
1986691,61.0,52734,52823,unknown,left,1,CF,False,False,weak_side_press_leak,1
1986691,62.0,52959,53028,regain,"center,left",1,CF,False,False,weak_side_press_leak,0
1986691,63.0,53059,53294,regain,"center,left,right",1,LM,False,False,weak_side_press_leak,0
1986691,64.0,53552,53594,unknown,left,1,RM,False,False,weak_side_press_leak,1
1986691,65.0,53757,53812,regain,"center,right",0,,False,False,weak_side_press_leak,0
1986691,66.0,54259,54315,unknown,"left,right",0,,False,False,weak_side_press_leak,0
1986691,67.0,54380,54447,unknown,right,1,LW,False,False,weak_side_press_leak,1
1986691,68.0,54991,55025,unknown,"center,right",0,,False,False,weak_side_press_leak,0
1986691,69.0,57209,57336,unknown,"left,right",1,RCB,False,False,weak_side_press_leak,1
1996435,0.0,395,473,regain,"center,left,right",1,LW,False,False,weak_side_press_leak,0
1996435,1.0,552,689,unknown,"center,left",1,RCB,False,False,weak_side_press_leak,1
1996435,2.0,727,843,disruption,"center,right",1,LB,False,False,weak_side_press_leak,1
1996435,3.0,1655,1742,unknown,"center,right",1,LDM,False,False,weak_side_press_leak,1
1996435,4.0,1789,1814,regain,left,1,RB,False,False,weak_side_press_leak,0
1996435,5.0,1855,1899,unknown,right,1,LCB,False,False,weak_side_press_leak,1
1996435,6.0,2147,2165,unknown,"center,left",1,AM,False,False,weak_side_press_leak,1
1996435,7.0,2443,2583,unknown,"center,left",1,RCB,False,False,weak_side_press_leak,1
1996435,8.0,3660,3733,regain,"center,right",1,LCB,False,False,weak_side_press_leak,0
1996435,9.0,3813,3866,unknown,left,1,RCB,False,False,weak_side_press_leak,1
1996435,10.0,3908,4009,unknown,"center,right",1,LDM,False,False,weak_side_press_leak,1
1996435,11.0,4486,4541,regain,center,0,,False,False,weak_side_press_leak,0
1996435,12.0,4557,4589,unknown,"center,left",1,RW,False,False,weak_side_press_leak,1
1996435,13.0,4882,4943,unknown,right,1,LB,False,False,weak_side_press_leak,1
1996435,14.0,5171,5199,unknown,center,0,,False,False,weak_side_press_leak,0
1996435,15.0,5922,6008,unknown,"center,right",1,RB,False,False,weak_side_press_leak,1
1996435,16.0,6105,6159,regain,left,1,RDM,False,False,weak_side_press_leak,0
1996435,17.0,6375,6426,regain,left,0,,False,False,weak_side_press_leak,0
1996435,18.0,6563,6634,regain,left,0,,False,False,weak_side_press_leak,0
1996435,19.0,6780,6847,regain,left,1,AM,False,False,weak_side_press_leak,0
1996435,20.0,6943,7062,regain,"center,left",1,LDM,False,False,weak_side_press_leak,0
1996435,21.0,7556,7594,unknown,left,1,RW,False,False,weak_side_press_leak,1
1996435,22.0,7815,7866,regain,left,1,LDM,False,False,weak_side_press_leak,0
1996435,23.0,7965,8022,unknown,center,0,,False,False,weak_side_press_leak,0
1996435,24.0,8074,8090,unknown,"center,left",0,,False,False,weak_side_press_leak,0
1996435,25.0,8656,8711,regain,left,0,,False,False,weak_side_press_leak,0
1996435,26.0,9089,9224,regain,"center,right",1,RDM,False,False,weak_side_press_leak,0
1996435,27.0,9230,9325,unknown,"center,left",1,CF,False,False,weak_side_press_leak,1
1996435,28.0,9714,9770,regain,center,0,,False,False,weak_side_press_leak,0
1996435,29.0,9817,9875,unknown,center,0,,False,False,weak_side_press_leak,0
1996435,30.0,10215,10510,unknown,"center,left,right",1,RCB,False,False,weak_side_press_leak,1
1996435,31.0,11438,11488,unknown,left,1,RB,False,False,weak_side_press_leak,1
1996435,32.0,11771,11984,unknown,"center,left",1,LCB,False,False,weak_side_press_leak,1
1996435,33.0,12144,12182,unknown,"center,right",0,,False,False,weak_side_press_leak,0
1996435,34.0,12526,12580,regain,"center,left",0,,False,False,weak_side_press_leak,0
1996435,35.0,13017,13046,regain,right,0,,False,False,weak_side_press_leak,0
1996435,36.0,14087,14187,unknown,"center,left",0,,True,False,weak_side_press_leak,0
1996435,37.0,14254,14378,unknown,right,1,RW,True,False,weak_side_press_leak,1
1996435,38.0,15514,15575,disruption,right,0,,True,False,weak_side_press_leak,0
1996435,39.0,15637,15674,unknown,center,0,,True,False,weak_side_press_leak,0
1996435,40.0,16646,16792,unknown,"center,left,right",1,LB,True,False,weak_side_press_leak,1
1996435,41.0,17509,17577,unknown,"center,right",1,AM,False,False,weak_side_press_leak,1
1996435,42.0,18830,18937,regain,"center,left",1,LW,False,False,weak_side_press_leak,0
1996435,43.0,19546,19593,unknown,left,0,,False,False,weak_side_press_leak,0
1996435,44.0,19692,19879,regain,"center,left,right",1,LDM,False,False,weak_side_press_leak,0
1996435,45.0,20495,20608,unknown,"center,left,right",1,RDM,False,False,weak_side_press_leak,1
1996435,46.0,20670,20718,regain,left,0,,False,False,weak_side_press_leak,0
1996435,47.0,20920,20952,unknown,center,0,,True,False,weak_side_press_leak,0
1996435,48.0,21113,21146,unknown,center,0,,True,True,weak_side_press_leak,0
1996435,49.0,22076,22102,unknown,center,0,,False,False,weak_side_press_leak,0
1996435,50.0,22332,22459,regain,"center,left",0,,False,False,weak_side_press_leak,0
1996435,51.0,23430,23517,regain,"center,right",0,,False,False,weak_side_press_leak,0
1996435,52.0,24176,24233,regain,"center,left",1,LW,False,False,weak_side_press_leak,0
1996435,53.0,25642,25722,unknown,"center,left",1,RW,False,False,weak_side_press_leak,1
1996435,54.0,25905,26033,unknown,"center,left",1,RDM,False,False,weak_side_press_leak,1
1996435,55.0,26300,26402,unknown,"center,left,right",1,LB,False,False,weak_side_press_leak,1
1996435,56.0,28159,28199,unknown,"center,left",1,RW,True,True,weak_side_press_leak,1
1996435,57.0,29720,29770,disruption,"center,right",0,,False,False,weak_side_press_leak,0
1996435,58.0,31427,31575,disruption,"center,left",1,RCB,False,False,weak_side_press_leak,1
1996435,59.0,31633,31671,regain,left,1,RDM,False,False,weak_side_press_leak,0
1996435,60.0,32281,32359,unknown,right,0,,False,False,weak_side_press_leak,0
1996435,61.0,32396,32466,regain,left,1,RW,False,False,weak_side_press_leak,0
1996435,62.0,32480,32571,regain,"center,right",1,CF,False,False,weak_side_press_leak,0
1996435,63.0,34186,34299,regain,"center,left,right",1,RB,False,False,weak_side_press_leak,0
1996435,64.0,34589,34648,regain,"center,left",1,RCB,False,False,weak_side_press_leak,0
1996435,65.0,34826,34908,unknown,"center,left",1,RCB,False,False,weak_side_press_leak,1
1996435,66.0,35493,35515,unknown,"center,right",1,LW,False,False,weak_side_press_leak,1
1996435,67.0,36521,36567,regain,left,1,RB,False,False,weak_side_press_leak,0
1996435,68.0,36868,36927,regain,"center,left",0,,False,False,weak_side_press_leak,0
1996435,69.0,37032,37170,disruption,"center,left,right",1,LB,False,False,weak_side_press_leak,1
1996435,70.0,38130,38192,unknown,left,1,RB,False,False,weak_side_press_leak,1
1996435,71.0,38513,38549,unknown,"center,right",0,,False,False,weak_side_press_leak,0
1996435,72.0,38590,38635,unknown,"center,right",1,RW,False,False,weak_side_press_leak,1
1996435,73.0,38910,38949,regain,left,0,,False,False,weak_side_press_leak,0
1996435,74.0,39672,39805,regain,"center,left",0,,False,False,weak_side_press_leak,0
1996435,75.0,39816,39896,unknown,"center,right",1,LB,False,False,weak_side_press_leak,1
1996435,76.0,40739,40784,regain,left,0,,False,False,weak_side_press_leak,0
1996435,77.0,40912,41043,unknown,"center,left,right",1,RB,True,False,weak_side_press_leak,1
1996435,78.0,42231,42265,unknown,left,1,RDM,False,False,weak_side_press_leak,1
1996435,79.0,42836,43098,regain,"center,left",0,,False,False,weak_side_press_leak,0
1996435,80.0,43793,43934,unknown,"left,right",1,LW,False,False,weak_side_press_leak,1
1996435,81.0,44270,44304,regain,right,1,LW,False,False,weak_side_press_leak,0
1996435,82.0,45536,45582,unknown,left,1,RDM,True,True,weak_side_press_leak,1
1996435,83.0,46594,46679,unknown,"center,right",1,LW,False,False,weak_side_press_leak,1
1996435,84.0,47516,47632,regain,"center,right",1,AM,False,False,weak_side_press_leak,0
1996435,85.0,48005,48127,regain,left,0,,False,False,weak_side_press_leak,0
1996435,86.0,48256,48267,unknown,center,0,,False,False,weak_side_press_leak,0
1996435,87.0,48375,48393,unknown,left,1,CF,False,False,weak_side_press_leak,1
1996435,88.0,48567,48593,disruption,right,1,LB,False,False,weak_side_press_leak,1
1996435,89.0,48917,48953,regain,right,1,LDM,False,False,weak_side_press_leak,0
1996435,90.0,49000,49075,unknown,right,1,LW,False,False,weak_side_press_leak,1
1996435,91.0,49876,49967,unknown,left,1,RDM,False,False,weak_side_press_leak,1
1996435,92.0,51858,51928,regain,"center,right",0,,False,False,weak_side_press_leak,0
1996435,93.0,51942,51962,unknown,left,0,,False,False,weak_side_press_leak,0
1996435,94.0,52005,52073,unknown,right,1,LB,False,False,weak_side_press_leak,1
1996435,95.0,53108,53140,disruption,right,1,AM,False,False,weak_side_press_leak,1
1996435,96.0,54756,54843,disruption,"center,left,right",1,LW,False,False,weak_side_press_leak,1
1996435,97.0,55063,55175,disruption,right,1,LDM,False,False,weak_side_press_leak,1
1996435,98.0,55678,55769,regain,"center,left",1,RDM,False,False,weak_side_press_leak,0
1996435,99.0,56061,56115,regain,right,1,LB,False,False,weak_side_press_leak,0
1996435,100.0,56157,56295,unknown,"center,left",1,RCB,False,False,weak_side_press_leak,1
1996435,101.0,56413,56445,unknown,left,0,,True,False,weak_side_press_leak,0
1996435,102.0,56842,56878,unknown,left,1,LDM,True,False,weak_side_press_leak,1
1996435,103.0,57134,57149,unknown,left,0,,False,False,weak_side_press_leak,0
1996436,0.0,42,70,unknown,center,0,,False,False,weak_side_press_leak,0
1996436,1.0,1574,1599,regain,left,0,,False,False,weak_side_press_leak,0
1996436,2.0,2150,2200,regain,left,1,AM,False,False,weak_side_press_leak,0
1996436,3.0,2786,2846,regain,"center,right",0,,False,False,weak_side_press_leak,0
1996436,4.0,6219,6257,unknown,right,1,LW,False,False,weak_side_press_leak,1
1996436,5.0,8105,8147,unknown,"center,left",1,RB,False,False,weak_side_press_leak,1
1996436,6.0,9338,9430,regain,"center,left,right",1,RB,False,False,weak_side_press_leak,0
1996436,7.0,11827,12030,unknown,"left,right",1,LM,False,False,weak_side_press_leak,1
1996436,8.0,12080,12299,unknown,"center,left,right",1,LM,False,False,weak_side_press_leak,1
1996436,9.0,12426,12608,unknown,"center,left",1,LW,False,False,weak_side_press_leak,1
1996436,10.0,13641,13687,unknown,"center,left",1,LM,False,False,weak_side_press_leak,1
1996436,11.0,15393,15445,regain,right,0,,False,False,weak_side_press_leak,0
1996436,12.0,15495,15567,unknown,"center,left",1,CF,False,False,weak_side_press_leak,1
1996436,13.0,15643,15727,unknown,"center,right",1,LB,False,False,weak_side_press_leak,1
1996436,14.0,17258,17364,regain,"center,left,right",1,RW,False,False,weak_side_press_leak,0
1996436,15.0,17548,17589,unknown,left,0,,True,False,weak_side_press_leak,0
1996436,16.0,18437,18476,disruption,left,1,RW,False,False,weak_side_press_leak,1
1996436,17.0,19682,19772,unknown,"center,left",0,,False,False,weak_side_press_leak,0
1996436,18.0,19856,19923,regain,"center,right",0,,False,False,weak_side_press_leak,0
1996436,19.0,21106,21239,disruption,"center,left",0,,False,False,weak_side_press_leak,0
1996436,20.0,21504,21591,regain,"center,left,right",1,LB,False,False,weak_side_press_leak,0
1996436,21.0,21593,21672,regain,left,1,RW,False,False,weak_side_press_leak,0
1996436,22.0,23282,23319,unknown,"center,right",1,LB,False,False,weak_side_press_leak,1
1996436,23.0,24167,24195,unknown,left,0,,False,False,weak_side_press_leak,0
1996436,24.0,24318,24424,disruption,"center,right",0,,False,False,weak_side_press_leak,0
1996436,25.0,24997,25064,unknown,left,0,,False,False,weak_side_press_leak,0
1996436,26.0,25916,25950,unknown,"center,left",0,,True,False,weak_side_press_leak,0
1996436,27.0,27455,27485,regain,center,0,,False,False,weak_side_press_leak,0
1996436,28.0,27512,27552,unknown,"center,right",0,,False,False,weak_side_press_leak,0
1996436,29.0,27638,27698,regain,left,1,AM,False,False,weak_side_press_leak,0
1996436,30.0,30861,30929,unknown,right,1,LW,False,False,weak_side_press_leak,1
1996436,31.0,31552,31621,unknown,left,0,,False,False,weak_side_press_leak,0
1996436,32.0,31769,31790,disruption,"center,right",1,LB,False,False,weak_side_press_leak,1
1996436,33.0,35992,36045,unknown,left,1,LW,True,False,weak_side_press_leak,1
1996436,34.0,37229,37259,unknown,"center,right",1,AM,True,False,weak_side_press_leak,1
1996436,35.0,37948,38124,unknown,"center,left,right",1,RW,False,False,weak_side_press_leak,1
1996436,36.0,38229,38316,unknown,right,1,AM,False,False,weak_side_press_leak,1
1996436,37.0,40345,40540,disruption,"center,left,right",1,LCB,True,False,weak_side_press_leak,1
1996436,38.0,40578,40613,unknown,left,1,RW,True,False,weak_side_press_leak,1
1996436,39.0,40701,40744,unknown,right,1,LB,True,False,weak_side_press_leak,1
1996436,40.0,41518,41565,unknown,"center,right",1,AM,False,False,weak_side_press_leak,1
1996436,41.0,42146,42216,disruption,"center,left",1,RW,False,False,weak_side_press_leak,1
1996436,42.0,43523,43721,unknown,"center,left,right",1,RB,False,False,weak_side_press_leak,1
1996436,43.0,44007,44039,regain,right,1,LB,False,False,weak_side_press_leak,0
1996436,44.0,46361,46376,regain,right,0,,False,False,weak_side_press_leak,0
1996436,45.0,50190,50232,unknown,left,0,,False,False,weak_side_press_leak,0
1996436,46.0,51874,51947,disruption,"center,left",0,,False,False,weak_side_press_leak,0
1996436,47.0,52403,52519,unknown,left,1,RW,False,False,weak_side_press_leak,1
1996436,48.0,53786,53843,regain,"center,left,right",1,LB,False,False,weak_side_press_leak,0
1996436,49.0,53931,53956,unknown,"center,right",1,LM,True,False,weak_side_press_leak,1
1996436,50.0,54012,54091,unknown,"center,left,right",1,CF,True,False,weak_side_press_leak,1
1996436,51.0,54181,54207,disruption,right,0,,False,False,weak_side_press_leak,0
1996436,52.0,54554,54643,unknown,"center,right",1,LW,False,False,weak_side_press_leak,1
1996436,53.0,56238,56277,unknown,right,1,CF,False,False,weak_side_press_leak,1
1996436,54.0,57456,57524,unknown,left,1,CF,False,False,weak_side_press_leak,1
2006229,0.0,171,239,regain,right,0,,False,False,weak_side_press_leak,0
2006229,1.0,602,658,regain,right,1,CF,True,False,weak_side_press_leak,0
2006229,2.0,2860,2933,unknown,"center,right",1,DM,False,False,weak_side_press_leak,1
2006229,3.0,2981,3002,regain,right,0,,False,False,weak_side_press_leak,0
2006229,4.0,3259,3346,regain,"center,right",0,,False,False,weak_side_press_leak,0
2006229,5.0,3721,3760,unknown,left,0,,False,False,weak_side_press_leak,0
2006229,6.0,4127,4234,regain,left,1,RM,False,False,weak_side_press_leak,0
2006229,7.0,4452,4579,unknown,right,1,CF,False,False,weak_side_press_leak,1
2006229,8.0,5733,5844,disruption,"left,right",1,LB,False,False,weak_side_press_leak,1
2006229,9.0,5940,5992,unknown,"center,left",1,RWB,False,False,weak_side_press_leak,1
2006229,10.0,7252,7345,unknown,right,1,LM,False,False,weak_side_press_leak,1
2006229,11.0,7844,7902,regain,left,0,,False,False,weak_side_press_leak,0
2006229,12.0,11301,11385,unknown,"center,right",0,,False,False,weak_side_press_leak,0
2006229,13.0,12528,12606,regain,"center,left",0,,False,False,weak_side_press_leak,0
2006229,14.0,13316,13409,unknown,"center,right",1,CF,False,False,weak_side_press_leak,1
2006229,15.0,13492,13597,regain,"center,right",1,LW,False,False,weak_side_press_leak,0
2006229,16.0,14361,14391,unknown,center,0,,False,False,weak_side_press_leak,0
2006229,17.0,14522,14547,unknown,left,0,,False,False,weak_side_press_leak,0
2006229,18.0,15291,15382,regain,"center,left,right",1,RCB,False,False,weak_side_press_leak,0
2006229,19.0,15449,15588,unknown,"left,right",1,RWB,False,False,weak_side_press_leak,1
2006229,20.0,16013,16071,regain,right,1,LWB,False,False,weak_side_press_leak,0
2006229,21.0,16348,16403,unknown,right,0,,False,False,weak_side_press_leak,0
2006229,22.0,16476,16568,unknown,right,1,CF,False,False,weak_side_press_leak,1
2006229,23.0,17568,17581,unknown,left,0,,False,False,weak_side_press_leak,0
2006229,24.0,18661,18746,unknown,left,1,RWB,False,False,weak_side_press_leak,1
2006229,25.0,18944,18986,unknown,right,1,CF,False,False,weak_side_press_leak,1
2006229,26.0,19100,19171,unknown,"center,right",0,,False,False,weak_side_press_leak,0
2006229,27.0,20255,20300,regain,"center,left",0,,False,False,weak_side_press_leak,0
2006229,28.0,21132,21200,disruption,center,0,,False,False,weak_side_press_leak,0
2006229,29.0,21344,21390,regain,"center,left",1,LM,False,False,weak_side_press_leak,0
2006229,30.0,21760,21872,unknown,"center,right",1,LB,False,False,weak_side_press_leak,1
2006229,31.0,21918,21954,regain,center,0,,False,False,weak_side_press_leak,0
2006229,32.0,21974,22037,regain,"center,right",1,LWB,False,False,weak_side_press_leak,0
2006229,33.0,22082,22128,unknown,left,1,RB,False,False,weak_side_press_leak,1
2006229,34.0,22238,22296,regain,"center,left",1,RB,False,False,weak_side_press_leak,0
2006229,35.0,22503,22538,unknown,"center,left",0,,False,False,weak_side_press_leak,0
2006229,36.0,22588,22874,unknown,"center,left,right",1,RM,False,False,weak_side_press_leak,1
2006229,37.0,23155,23204,regain,"center,right",0,,False,False,weak_side_press_leak,0
2006229,38.0,23266,23312,unknown,left,1,CF,False,False,weak_side_press_leak,1
2006229,39.0,23385,23478,unknown,left,1,RW,False,False,weak_side_press_leak,1
2006229,40.0,23556,23614,unknown,center,0,,False,False,weak_side_press_leak,0
2006229,41.0,23668,23693,unknown,left,0,,False,False,weak_side_press_leak,0
2006229,42.0,23811,23934,regain,left,1,RB,False,False,weak_side_press_leak,0
2006229,43.0,24163,24261,unknown,right,1,CF,True,False,weak_side_press_leak,1
2006229,44.0,24617,24700,unknown,"center,left",1,RW,False,False,weak_side_press_leak,1
2006229,45.0,25341,25389,unknown,center,0,,False,False,weak_side_press_leak,0
2006229,46.0,25445,25591,regain,"center,right",1,CF,False,False,weak_side_press_leak,0
2006229,47.0,26807,26884,regain,"center,right",0,,False,False,weak_side_press_leak,0
2006229,48.0,27084,27129,unknown,center,0,,False,False,weak_side_press_leak,0
2006229,49.0,27255,27309,unknown,"center,right",1,DM,False,False,weak_side_press_leak,1
2006229,50.0,28612,28637,unknown,right,0,,False,False,weak_side_press_leak,0
2006229,51.0,29382,29629,unknown,"left,right",1,LWB,False,False,weak_side_press_leak,1
2006229,52.0,29774,29907,unknown,"left,right",1,LWB,False,False,weak_side_press_leak,1
2006229,53.0,29996,30048,unknown,right,0,,False,False,weak_side_press_leak,0
2006229,54.0,30756,30829,regain,"center,left,right",1,LM,False,False,weak_side_press_leak,0
2006229,55.0,30926,31000,unknown,right,1,LB,False,False,weak_side_press_leak,1
2006229,56.0,31680,31811,unknown,"left,right",1,DM,False,False,weak_side_press_leak,1
2006229,57.0,31908,31993,disruption,left,0,,False,False,weak_side_press_leak,0
2006229,58.0,32664,32770,unknown,"center,left",1,RB,False,False,weak_side_press_leak,1
2006229,59.0,34540,34716,unknown,"center,left,right",1,RB,False,False,weak_side_press_leak,1
2006229,60.0,34876,35001,unknown,"left,right",1,LM,False,False,weak_side_press_leak,1
2006229,61.0,36655,36680,regain,left,0,,False,False,weak_side_press_leak,0
2006229,62.0,36824,36891,unknown,left,1,RB,False,False,weak_side_press_leak,1
2006229,63.0,37101,37200,unknown,"center,right",0,,False,False,weak_side_press_leak,0
2006229,64.0,37733,37846,unknown,"center,left",0,,True,False,weak_side_press_leak,0
2006229,65.0,39694,39779,unknown,"center,right",1,CF,False,False,weak_side_press_leak,1
2006229,66.0,39858,39902,unknown,"center,left,right",1,RM,False,False,weak_side_press_leak,1
2006229,67.0,40092,40142,unknown,"center,left",0,,False,False,weak_side_press_leak,0
2006229,68.0,40706,40796,unknown,right,1,CF,False,False,weak_side_press_leak,1
2006229,69.0,40831,40893,unknown,"center,left",1,RWB,False,False,weak_side_press_leak,1
2006229,70.0,40943,40974,regain,right,0,,False,False,weak_side_press_leak,0
2006229,71.0,41041,41175,unknown,"center,left,right",1,CF,False,False,weak_side_press_leak,1
2006229,72.0,41189,41266,unknown,"center,left",0,,False,False,weak_side_press_leak,0
2006229,73.0,41344,41463,unknown,"center,right",0,,False,False,weak_side_press_leak,0
2006229,74.0,41555,41645,unknown,"center,left",1,CF,False,False,weak_side_press_leak,1
2006229,75.0,41738,41877,regain,"center,left,right",1,RWB,False,False,weak_side_press_leak,0
2006229,76.0,41912,41945,unknown,center,0,,False,False,weak_side_press_leak,0
2006229,77.0,42201,42230,unknown,"center,right",1,LWB,False,False,weak_side_press_leak,1
2006229,78.0,42624,42663,unknown,right,0,,True,False,weak_side_press_leak,0
2006229,79.0,46564,46627,disruption,"center,left",0,,False,False,weak_side_press_leak,0
2006229,80.0,48055,48153,unknown,"left,right",1,CB,False,False,weak_side_press_leak,1
2006229,81.0,48394,48442,regain,left,0,,False,False,weak_side_press_leak,0
2006229,82.0,48894,48963,regain,"center,right",0,,False,False,weak_side_press_leak,0
2006229,83.0,49089,49167,regain,left,1,RCB,False,False,weak_side_press_leak,0
2006229,84.0,49326,49386,unknown,left,0,,False,False,weak_side_press_leak,0
2006229,85.0,49460,49503,regain,left,0,,False,False,weak_side_press_leak,0
2006229,86.0,49539,49653,unknown,right,0,,True,False,weak_side_press_leak,0
2006229,87.0,49741,49826,unknown,"left,right",1,RW,True,False,weak_side_press_leak,1
2006229,88.0,50348,50416,regain,left,1,CF,False,False,weak_side_press_leak,0
2006229,89.0,52834,52905,unknown,left,0,,False,False,weak_side_press_leak,0
2006229,90.0,53056,53166,unknown,"center,left",1,RW,False,False,weak_side_press_leak,1
2006229,91.0,53217,53474,unknown,"center,left,right",1,RB,False,False,weak_side_press_leak,1
2006229,92.0,54383,54440,regain,"center,right",0,,False,False,weak_side_press_leak,0
2006229,93.0,54629,54709,regain,"left,right",0,,False,False,weak_side_press_leak,0
2006229,94.0,54881,54934,regain,left,1,RCB,False,False,weak_side_press_leak,0
2006229,95.0,55532,55631,regain,"center,left,right",1,RCB,False,False,weak_side_press_leak,0
2006229,96.0,55731,55756,regain,right,1,RM,False,False,weak_side_press_leak,0
2006229,97.0,55770,55877,regain,"center,left",0,,False,False,weak_side_press_leak,0
2006229,98.0,55998,56115,unknown,"center,left",0,,False,False,weak_side_press_leak,0
2006229,99.0,57181,57333,unknown,"center,left",1,RB,False,False,weak_side_press_leak,1
2006363,0.0,225,613,unknown,"center,left,right",1,LW,False,False,weak_side_press_leak,1
2006363,1.0,752,837,unknown,"center,left",1,RB,False,False,weak_side_press_leak,1
2006363,2.0,1307,1344,unknown,right,1,CF,False,False,weak_side_press_leak,1
2006363,3.0,1751,1772,regain,left,0,,False,False,weak_side_press_leak,0
2006363,4.0,2124,2145,disruption,left,1,RW,False,False,weak_side_press_leak,1
2006363,5.0,2335,2405,unknown,"center,right",1,LCB,False,False,weak_side_press_leak,1
2006363,6.0,2708,2905,regain,"center,left,right",1,RCB,False,False,weak_side_press_leak,0
2006363,7.0,2991,3131,unknown,"center,left,right",0,,True,False,weak_side_press_leak,0
2006363,8.0,3703,3746,unknown,center,0,,False,False,weak_side_press_leak,0
2006363,9.0,5704,5735,unknown,"center,left",1,RCB,False,False,weak_side_press_leak,1
2006363,10.0,6008,6049,unknown,left,0,,False,False,weak_side_press_leak,0
2006363,11.0,6491,6548,regain,"center,right",1,CF,False,False,weak_side_press_leak,0
2006363,12.0,7460,7712,regain,"center,left,right",1,RCB,False,False,weak_side_press_leak,0
2006363,13.0,8206,8295,regain,"center,left,right",1,LW,False,False,weak_side_press_leak,0
2006363,14.0,8550,8594,unknown,right,0,,False,False,weak_side_press_leak,0
2006363,15.0,8766,8869,regain,"left,right",1,LCB,False,False,weak_side_press_leak,0
2006363,16.0,8911,8976,unknown,left,1,RCB,False,False,weak_side_press_leak,1
2006363,17.0,9030,9133,unknown,"center,left",1,RCB,False,False,weak_side_press_leak,1
2006363,18.0,9355,9482,unknown,right,0,,False,False,weak_side_press_leak,0
2006363,19.0,11566,11611,disruption,right,1,LW,False,False,weak_side_press_leak,1
2006363,20.0,11943,11990,regain,"center,right",0,,False,False,weak_side_press_leak,0
2006363,21.0,12041,12129,regain,left,1,RM,False,False,weak_side_press_leak,0
2006363,22.0,13667,13742,unknown,"center,right",1,LW,False,False,weak_side_press_leak,1
2006363,23.0,14249,14284,regain,right,1,LM,False,False,weak_side_press_leak,0
2006363,24.0,15398,15455,regain,left,1,RW,False,False,weak_side_press_leak,0
2006363,25.0,15769,15864,unknown,"center,right",0,,False,False,weak_side_press_leak,0
2006363,26.0,16189,16215,regain,left,0,,False,False,weak_side_press_leak,0
2006363,27.0,18104,18139,disruption,left,0,,False,False,weak_side_press_leak,0
2006363,28.0,18212,18279,regain,left,0,,False,False,weak_side_press_leak,0
2006363,29.0,19405,19424,unknown,left,0,,True,False,weak_side_press_leak,0
2006363,30.0,19480,19513,disruption,left,1,AM,True,False,weak_side_press_leak,1
2006363,31.0,20309,20490,unknown,"center,left",1,AM,False,False,weak_side_press_leak,1
2006363,32.0,22230,22320,unknown,"center,left",0,,False,False,weak_side_press_leak,0
2006363,33.0,24052,24115,unknown,"center,right",1,LW,True,True,weak_side_press_leak,1
2006363,34.0,25332,25398,unknown,left,1,RDM,False,False,weak_side_press_leak,1
2006363,35.0,25560,25595,unknown,right,1,LB,False,False,weak_side_press_leak,1
2006363,36.0,25630,25782,unknown,"center,left",1,RB,False,False,weak_side_press_leak,1
2006363,37.0,26508,26642,regain,"center,left,right",1,RM,False,False,weak_side_press_leak,0
2006363,38.0,26872,26913,unknown,left,0,,False,False,weak_side_press_leak,0
2006363,39.0,27817,28042,regain,"left,right",1,CF,False,False,weak_side_press_leak,0
2006363,40.0,29082,29118,disruption,right,1,LW,False,False,weak_side_press_leak,1
2006363,41.0,30266,30337,regain,"center,right",1,LW,False,False,weak_side_press_leak,0
2006363,42.0,30874,30954,unknown,right,1,LM,False,False,weak_side_press_leak,1
2006363,43.0,31049,31140,unknown,"center,left",1,LW,False,False,weak_side_press_leak,1
2006363,44.0,31204,31273,regain,right,1,LDM,False,False,weak_side_press_leak,0
2006363,45.0,32092,32110,disruption,"center,right",0,,False,False,weak_side_press_leak,0
2006363,46.0,33061,33238,unknown,left,1,LDM,False,False,weak_side_press_leak,1
2006363,47.0,33399,33479,unknown,"center,right",1,LW,False,False,weak_side_press_leak,1
2006363,48.0,33633,33726,unknown,"left,right",0,,False,False,weak_side_press_leak,0
2006363,49.0,36013,36055,regain,"center,left",1,RDM,False,False,weak_side_press_leak,0
2006363,50.0,36220,36258,disruption,"center,left",1,RB,False,False,weak_side_press_leak,1
2006363,51.0,38135,38154,unknown,right,1,LB,False,False,weak_side_press_leak,1
2006363,52.0,38601,38662,unknown,"center,left",1,RB,False,False,weak_side_press_leak,1
2006363,53.0,38770,38819,unknown,"center,left",0,,False,False,weak_side_press_leak,0
2006363,54.0,39212,39295,unknown,"center,left",0,,False,False,weak_side_press_leak,0
2006363,55.0,41011,41070,unknown,left,1,RB,False,False,weak_side_press_leak,1
2006363,56.0,41534,41601,unknown,left,0,,True,False,weak_side_press_leak,0
2006363,57.0,42009,42093,regain,left,1,RM,False,False,weak_side_press_leak,0
2006363,58.0,43490,43586,regain,"center,left",0,,False,False,weak_side_press_leak,0
2006363,59.0,44107,44150,regain,"center,right",1,LDM,False,False,weak_side_press_leak,0
2006363,60.0,44255,44287,unknown,left,1,CF,False,False,weak_side_press_leak,1
2006363,61.0,44688,44788,unknown,"center,right",1,LB,False,False,weak_side_press_leak,1
2006363,62.0,45728,45828,regain,left,1,RW,False,False,weak_side_press_leak,0
2006363,63.0,45861,45920,unknown,left,0,,False,False,weak_side_press_leak,0
2006363,64.0,45976,46025,unknown,right,0,,False,False,weak_side_press_leak,0
2006363,65.0,47168,47210,unknown,center,0,,False,False,weak_side_press_leak,0
2006363,66.0,48158,48188,regain,left,1,RW,False,False,weak_side_press_leak,0
2006363,67.0,48462,48605,unknown,right,1,RW,True,False,weak_side_press_leak,1
2006363,68.0,49872,49920,unknown,"center,right",0,,False,False,weak_side_press_leak,0
2006363,69.0,49968,49987,unknown,left,1,RW,False,False,weak_side_press_leak,1
2006363,70.0,50862,50960,unknown,right,1,LDM,True,False,weak_side_press_leak,1
2006363,71.0,51580,51641,unknown,"center,right",0,,False,False,weak_side_press_leak,0
2006363,72.0,51709,51729,unknown,right,0,,False,False,weak_side_press_leak,0
2006363,73.0,53519,53555,unknown,right,1,CF,False,False,weak_side_press_leak,1
2006363,74.0,53795,54006,unknown,"center,left,right",1,LM,False,False,weak_side_press_leak,1
2006363,75.0,55654,55692,regain,"center,right",1,CF,False,False,weak_side_press_leak,0
2006363,76.0,57299,57354,regain,"center,right",0,,False,False,weak_side_press_leak,0
2006363,77.0,57668,57714,regain,"center,left",0,,False,False,weak_side_press_leak,0
2006363,78.0,57790,57883,unknown,"center,right",1,RW,False,False,weak_side_press_leak,1
2006363,79.0,58163,58275,unknown,right,1,LDM,False,False,weak_side_press_leak,1
2006363,80.0,58367,58405,regain,left,1,RW,False,False,weak_side_press_leak,0
2006363,81.0,58586,58646,unknown,right,0,,False,False,weak_side_press_leak,0
2007448,0.0,309,384,unknown,"center,left",1,LCB,False,False,weak_side_press_leak,1
2007448,1.0,1285,1363,unknown,left,1,LW,False,False,weak_side_press_leak,1
2007448,2.0,1406,1482,unknown,"center,right",1,LW,False,False,weak_side_press_leak,1
2007448,3.0,1739,1791,regain,"center,left",0,,False,False,weak_side_press_leak,0
2007448,4.0,2015,2052,unknown,"center,left",1,RCB,False,False,weak_side_press_leak,1
2007448,5.0,2876,3137,unknown,"center,left,right",1,CF,False,False,weak_side_press_leak,1
2007448,6.0,4910,4955,regain,"center,right",0,,False,False,weak_side_press_leak,0
2007448,7.0,6114,6259,unknown,"center,left,right",1,RB,False,False,weak_side_press_leak,1
2007448,8.0,7300,7405,unknown,"center,left,right",1,LB,False,False,weak_side_press_leak,1
2007448,9.0,7960,7998,unknown,left,0,,False,False,weak_side_press_leak,0
2007448,10.0,8067,8195,regain,"center,left,right",1,LW,False,False,weak_side_press_leak,0
2007448,11.0,8470,8535,unknown,right,0,,False,False,weak_side_press_leak,0
2007448,12.0,8591,8630,disruption,"center,left",0,,False,False,weak_side_press_leak,0
2007448,13.0,11013,11083,unknown,right,1,CF,False,False,weak_side_press_leak,1
2007448,14.0,11821,11876,unknown,left,0,,True,False,weak_side_press_leak,0
2007448,15.0,12529,12580,unknown,"center,right",1,CF,False,False,weak_side_press_leak,1
2007448,16.0,14104,14169,unknown,left,1,RM,False,False,weak_side_press_leak,1
2007448,17.0,14233,14253,regain,right,0,,False,False,weak_side_press_leak,0
2007448,18.0,15024,15143,regain,"center,left,right",1,LW,False,False,weak_side_press_leak,0
2007448,19.0,15380,15439,unknown,right,1,CF,False,False,weak_side_press_leak,1
2007448,20.0,15772,15830,regain,right,1,LW,False,False,weak_side_press_leak,0
2007448,21.0,15852,15890,unknown,"center,right",0,,False,False,weak_side_press_leak,0
2007448,22.0,17701,17739,disruption,"center,left",1,RM,False,False,weak_side_press_leak,1
2007448,23.0,18177,18261,unknown,left,1,RB,False,False,weak_side_press_leak,1
2007448,24.0,19630,19711,unknown,"center,left",0,,False,False,weak_side_press_leak,0
2007448,25.0,19754,19870,regain,"center,left",1,RM,False,False,weak_side_press_leak,0
2007448,26.0,19906,19944,regain,right,0,,False,False,weak_side_press_leak,0
2007448,27.0,19969,20029,unknown,left,1,LM,False,False,weak_side_press_leak,1
2007448,28.0,20186,20210,unknown,right,1,CF,False,False,weak_side_press_leak,1
2007448,29.0,20248,20316,regain,"center,right",0,,False,False,weak_side_press_leak,0
2007448,30.0,20944,20967,unknown,right,1,CF,False,False,weak_side_press_leak,1
2007448,31.0,21017,21041,unknown,right,0,,False,False,weak_side_press_leak,0
2007448,32.0,21139,21211,unknown,"center,left,right",1,CF,False,False,weak_side_press_leak,1
2007448,33.0,22750,22871,unknown,"center,right",0,,False,False,weak_side_press_leak,0
2007448,34.0,23027,23071,unknown,"center,right",1,LCB,False,False,weak_side_press_leak,1
2007448,35.0,23192,23312,disruption,"center,left,right",1,LB,False,False,weak_side_press_leak,1
2007448,36.0,23939,23982,unknown,"center,right",1,LW,False,False,weak_side_press_leak,1
2007448,37.0,24240,24302,unknown,"center,right",0,,False,False,weak_side_press_leak,0
2007448,38.0,24766,24813,unknown,right,1,LW,False,False,weak_side_press_leak,1
2007448,39.0,24863,24875,unknown,center,0,,False,False,weak_side_press_leak,0
2007448,40.0,26274,26322,regain,left,1,CF,False,False,weak_side_press_leak,0
2007448,41.0,29504,29578,unknown,left,1,RW,False,False,weak_side_press_leak,1
2007448,42.0,29626,29705,regain,"center,left",0,,False,False,weak_side_press_leak,0
2007448,43.0,29731,29780,unknown,right,1,LB,True,False,weak_side_press_leak,1
2007448,44.0,30240,30286,regain,"center,right",0,,False,False,weak_side_press_leak,0
2007448,45.0,30874,30999,unknown,"center,right",1,LB,False,False,weak_side_press_leak,1
2007448,46.0,32760,32829,unknown,"center,left",1,RB,False,False,weak_side_press_leak,1
2007448,47.0,32879,32978,unknown,"center,right",1,LB,False,False,weak_side_press_leak,1
2007448,48.0,34016,34075,regain,"center,right",0,,False,False,weak_side_press_leak,0
2007448,49.0,34378,34478,unknown,"center,left",1,RM,False,False,weak_side_press_leak,1
2007448,50.0,37772,37928,regain,"center,left",1,RM,False,False,weak_side_press_leak,0
2007448,51.0,38356,38412,unknown,"center,left",1,RM,False,False,weak_side_press_leak,1
2007448,52.0,38859,38895,unknown,left,1,RB,True,False,weak_side_press_leak,1
2007448,53.0,40685,40828,unknown,"center,left",0,,False,False,weak_side_press_leak,0
2007448,54.0,41453,41557,unknown,"center,right",0,,False,False,weak_side_press_leak,0
2007448,55.0,41864,41916,regain,right,0,,False,False,weak_side_press_leak,0
2007448,56.0,41956,42040,unknown,"center,right",1,LB,False,False,weak_side_press_leak,1
2007448,57.0,42159,42211,disruption,"center,left",1,RCB,False,False,weak_side_press_leak,1
2007448,58.0,42842,42892,regain,"center,left",0,,False,False,weak_side_press_leak,0
2007448,59.0,43102,43141,unknown,right,1,LW,False,False,weak_side_press_leak,1
2007448,60.0,43234,43309,unknown,"center,right",1,LB,False,False,weak_side_press_leak,1
2007448,61.0,45220,45326,regain,"center,left,right",0,,False,False,weak_side_press_leak,0
2007448,62.0,45354,45392,regain,right,1,CF,False,False,weak_side_press_leak,0
2007448,63.0,45559,45672,regain,"center,left",1,RW,False,False,weak_side_press_leak,0
2007448,64.0,46205,46297,unknown,"center,right",0,,False,False,weak_side_press_leak,0
2007448,65.0,46401,46449,unknown,"center,right",0,,False,False,weak_side_press_leak,0
2007448,66.0,47710,47768,unknown,"center,left",1,RB,False,False,weak_side_press_leak,1
2007448,67.0,49148,49194,unknown,left,1,CF,False,False,weak_side_press_leak,1
2007448,68.0,49905,49944,disruption,"center,left",1,LW,False,False,weak_side_press_leak,1
2007448,69.0,50163,50201,unknown,"center,left",1,CF,False,False,weak_side_press_leak,1
2007448,70.0,50271,50300,unknown,left,0,,False,False,weak_side_press_leak,0
2007448,71.0,51673,51738,unknown,"center,left",1,RW,False,False,weak_side_press_leak,1
2007448,72.0,52506,52593,unknown,"center,left",1,RM,False,False,weak_side_press_leak,1
2007448,73.0,52645,52686,regain,right,1,CF,False,False,weak_side_press_leak,0
2007448,74.0,55659,55716,regain,center,0,,False,False,weak_side_press_leak,0
2007448,75.0,56175,56282,unknown,"center,right",1,LM,False,False,weak_side_press_leak,1
2007721,0.0,46,65,unknown,right,1,CF,False,False,weak_side_press_leak,1
2007721,1.0,762,810,unknown,right,1,RCB,False,False,weak_side_press_leak,1
2007721,2.0,1971,2045,regain,"center,right",1,CF,False,False,weak_side_press_leak,0
2007721,3.0,2082,2139,regain,left,1,RW,False,False,weak_side_press_leak,0
2007721,4.0,2156,2278,unknown,"left,right",0,,False,False,weak_side_press_leak,0
2007721,5.0,2856,2890,unknown,"center,left",0,,False,False,weak_side_press_leak,0
2007721,6.0,3476,3508,unknown,"center,left",0,,False,False,weak_side_press_leak,0
2007721,7.0,3942,4026,unknown,"center,right",1,LWB,False,False,weak_side_press_leak,1
2007721,8.0,4266,4301,unknown,"center,left",0,,False,False,weak_side_press_leak,0
2007721,9.0,4474,4593,regain,"center,left",1,RB,False,False,weak_side_press_leak,0
2007721,10.0,6669,6697,unknown,"center,left",1,RWB,False,False,weak_side_press_leak,1
2007721,11.0,7005,7041,disruption,right,1,LM,False,False,weak_side_press_leak,1
2007721,12.0,8172,8351,regain,"left,right",1,LM,False,False,weak_side_press_leak,0
2007721,13.0,9225,9298,unknown,right,1,LB,False,False,weak_side_press_leak,1
2007721,14.0,10247,10292,regain,"center,left",0,,False,False,weak_side_press_leak,0
2007721,15.0,11120,11151,unknown,center,0,,False,False,weak_side_press_leak,0
2007721,16.0,12491,12604,unknown,left,1,RB,True,False,weak_side_press_leak,1
2007721,17.0,12779,12817,unknown,left,0,,True,False,weak_side_press_leak,0
2007721,18.0,13915,13989,unknown,left,1,RW,False,False,weak_side_press_leak,1
2007721,19.0,14263,14389,unknown,"center,right",1,LM,False,False,weak_side_press_leak,1
2007721,20.0,14788,14835,unknown,"center,left",1,RWB,False,False,weak_side_press_leak,1
2007721,21.0,15331,15362,unknown,right,0,,False,False,weak_side_press_leak,0
2007721,22.0,16010,16037,unknown,left,1,RW,False,False,weak_side_press_leak,1
2007721,23.0,16459,16596,regain,"left,right",1,LCB,False,False,weak_side_press_leak,0
2007721,24.0,16826,16961,regain,"left,right",1,RCB,False,False,weak_side_press_leak,0
2007721,25.0,17139,17172,unknown,"center,right",0,,True,False,weak_side_press_leak,0
2007721,26.0,17222,17276,unknown,left,1,RM,True,False,weak_side_press_leak,1
2007721,27.0,18148,18188,unknown,right,1,CF,False,False,weak_side_press_leak,1
2007721,28.0,18262,18346,unknown,"center,left",0,,False,False,weak_side_press_leak,0
2007721,29.0,20441,20485,regain,right,1,CF,False,False,weak_side_press_leak,0
2007721,30.0,22701,22731,regain,left,0,,False,False,weak_side_press_leak,0
2007721,31.0,23378,23460,unknown,"center,right",1,LW,False,False,weak_side_press_leak,1
2007721,32.0,24098,24193,unknown,"center,left",1,RW,False,False,weak_side_press_leak,1
2007721,33.0,24262,24294,regain,right,1,LW,False,False,weak_side_press_leak,0
2007721,34.0,24472,24602,unknown,right,0,,False,False,weak_side_press_leak,0
2007721,35.0,25329,25448,unknown,center,0,,True,False,weak_side_press_leak,0
2007721,36.0,26132,26187,unknown,center,0,,False,False,weak_side_press_leak,0
2007721,37.0,27838,27905,unknown,right,0,,False,False,weak_side_press_leak,0
2007721,38.0,28242,28300,regain,"center,right",1,LCB,False,False,weak_side_press_leak,0
2007721,39.0,28511,28576,unknown,left,0,,False,False,weak_side_press_leak,0
2007721,40.0,28988,29031,regain,left,0,,False,False,weak_side_press_leak,0
2007721,41.0,29291,29339,unknown,right,0,,False,False,weak_side_press_leak,0
2007721,42.0,30536,30599,disruption,"center,right",1,LCB,False,False,weak_side_press_leak,1
2007721,43.0,30967,31046,unknown,"left,right",1,LW,False,False,weak_side_press_leak,1
2007721,44.0,31296,31455,unknown,"left,right",1,RW,False,False,weak_side_press_leak,1
2007721,45.0,33837,33881,unknown,center,0,,False,False,weak_side_press_leak,0
2007721,46.0,34676,34714,regain,"center,left",0,,False,False,weak_side_press_leak,0
2007721,47.0,34927,34950,regain,right,1,LWB,False,False,weak_side_press_leak,0
2007721,48.0,35046,35130,unknown,left,0,,False,False,weak_side_press_leak,0
2007721,49.0,35403,35481,regain,"center,left,right",0,,False,False,weak_side_press_leak,0
2007721,50.0,36014,36116,regain,"center,left,right",0,,False,False,weak_side_press_leak,0
2007721,51.0,38480,38534,unknown,"center,right",1,CF,True,False,weak_side_press_leak,1
2007721,52.0,40572,40647,regain,left,1,RW,False,False,weak_side_press_leak,0
2007721,53.0,40811,40876,regain,left,0,,False,False,weak_side_press_leak,0
2007721,54.0,41327,41406,unknown,"center,left",0,,False,False,weak_side_press_leak,0
2007721,55.0,41554,41579,unknown,right,0,,False,False,weak_side_press_leak,0
2007721,56.0,42142,42151,unknown,"center,right",0,,True,False,weak_side_press_leak,0
2007721,57.0,46130,46160,disruption,right,0,,False,False,weak_side_press_leak,0
2007721,58.0,46607,46646,unknown,left,1,CF,False,False,weak_side_press_leak,1
2007721,59.0,46684,46725,unknown,"center,right",1,LB,False,False,weak_side_press_leak,1
2007721,60.0,48227,48302,unknown,"center,left",1,RM,False,False,weak_side_press_leak,1
2007721,61.0,49065,49143,regain,"center,left",1,RM,False,False,weak_side_press_leak,0
2007721,62.0,49506,49543,unknown,right,0,,False,False,weak_side_press_leak,0
2007721,63.0,49744,49798,regain,right,0,,False,False,weak_side_press_leak,0
2007721,64.0,50006,50058,regain,"center,left",1,RM,False,False,weak_side_press_leak,0
2007721,65.0,50676,50752,unknown,"center,left,right",1,CF,False,False,weak_side_press_leak,1
2007721,66.0,52065,52200,regain,"left,right",1,CB,False,False,weak_side_press_leak,0
2007721,67.0,53166,53202,regain,center,0,,False,False,weak_side_press_leak,0
2007721,68.0,53239,53337,unknown,right,1,LCB,False,False,weak_side_press_leak,1
2007721,69.0,53486,53524,unknown,right,1,LW,False,False,weak_side_press_leak,1
2007721,70.0,54022,54124,disruption,"center,right",1,LW,True,True,weak_side_press_leak,1
2007721,71.0,56461,56518,disruption,"center,left",1,RWB,False,False,weak_side_press_leak,1
2007721,72.0,56710,56750,unknown,"center,right",1,LB,False,False,weak_side_press_leak,1
2010085,0.0,1297,1332,unknown,"center,left",1,RM,False,False,weak_side_press_leak,1
2010085,1.0,1410,1459,regain,right,0,,False,False,weak_side_press_leak,0
2010085,2.0,1812,1869,unknown,"center,left",1,GK,False,False,weak_side_press_leak,1
2010085,3.0,5814,5843,unknown,"center,left",1,DM,False,False,weak_side_press_leak,1
2010085,4.0,6066,6176,disruption,"center,left",1,RWB,False,False,weak_side_press_leak,1
2010085,5.0,6379,6443,unknown,right,1,LM,False,False,weak_side_press_leak,1
2010085,6.0,6509,6615,disruption,"center,left",0,,False,False,weak_side_press_leak,0
2010085,7.0,6806,6842,unknown,left,1,RM,False,False,weak_side_press_leak,1
2010085,8.0,7114,7230,regain,right,0,,False,False,weak_side_press_leak,0
2010085,9.0,8109,8139,unknown,"center,left",0,,False,False,weak_side_press_leak,0
2010085,10.0,8310,8349,unknown,"center,right",1,LWB,False,False,weak_side_press_leak,1
2010085,11.0,8825,8900,regain,left,1,RM,False,False,weak_side_press_leak,0
2010085,12.0,9129,9376,unknown,"left,right",1,RWB,False,False,weak_side_press_leak,1
2010085,13.0,10482,10588,regain,center,0,,False,False,weak_side_press_leak,0
2010085,14.0,11041,11150,regain,"center,left",1,RCB,False,False,weak_side_press_leak,0
2010085,15.0,11518,11601,regain,right,0,,False,False,weak_side_press_leak,0
2010085,16.0,14343,14486,unknown,"center,left",1,RWB,False,False,weak_side_press_leak,1
2010085,17.0,14570,14866,regain,"center,left,right",1,LW,False,False,weak_side_press_leak,0
2010085,18.0,18456,18608,unknown,"center,left,right",1,LWB,False,False,weak_side_press_leak,1
2010085,19.0,19273,19336,regain,left,1,LM,False,False,weak_side_press_leak,0
2010085,20.0,19530,19630,disruption,"center,left",1,RW,False,False,weak_side_press_leak,1
2010085,21.0,19824,19998,disruption,"center,left,right",1,RM,False,False,weak_side_press_leak,1
2010085,22.0,21534,21604,unknown,"center,left,right",1,LCB,False,False,weak_side_press_leak,1
2010085,23.0,21765,21883,unknown,"center,left",0,,False,False,weak_side_press_leak,0
2010085,24.0,22547,22563,unknown,"center,right",1,LF,False,False,weak_side_press_leak,1
2010085,25.0,23734,23781,unknown,"center,left",1,RB,True,False,weak_side_press_leak,1
2010085,26.0,23876,23907,unknown,left,0,,True,False,weak_side_press_leak,0
2010085,27.0,24851,24966,regain,"center,right",1,LWB,False,False,weak_side_press_leak,0
2010085,28.0,26776,27045,regain,"center,left,right",1,LWB,False,False,weak_side_press_leak,0
2010085,29.0,28990,29048,regain,"center,left",1,LM,False,False,weak_side_press_leak,0
2010085,30.0,30427,30473,regain,center,0,,False,False,weak_side_press_leak,0
2010085,31.0,30532,30612,unknown,"center,right",1,CF,False,False,weak_side_press_leak,1
2010085,32.0,30763,30920,regain,left,0,,False,False,weak_side_press_leak,0
2010085,33.0,31438,31515,unknown,"center,right",1,CB,False,False,weak_side_press_leak,1
2010085,34.0,31551,31634,unknown,center,0,,False,False,weak_side_press_leak,0
2010085,35.0,31736,31801,unknown,left,1,LM,False,False,weak_side_press_leak,1
2010085,36.0,33464,33547,unknown,left,0,,True,False,weak_side_press_leak,0
2010085,37.0,36862,36907,unknown,"center,right",0,,True,False,weak_side_press_leak,0
2010085,38.0,36952,37003,unknown,"center,left",0,,True,False,weak_side_press_leak,0
2010085,39.0,37493,37548,regain,"center,left",0,,False,False,weak_side_press_leak,0
2010085,40.0,37565,37639,regain,left,0,,False,False,weak_side_press_leak,0
2010085,41.0,38216,38339,regain,left,1,RM,False,False,weak_side_press_leak,0
2010085,42.0,40320,40361,unknown,left,1,RCB,False,False,weak_side_press_leak,1
2010085,43.0,40882,41070,regain,"center,left",1,RCB,False,False,weak_side_press_leak,0
2010085,44.0,41613,41667,unknown,left,1,LM,False,False,weak_side_press_leak,1
2010085,45.0,43410,43661,disruption,"center,left,right",1,LF,False,False,weak_side_press_leak,1
2010085,46.0,43753,43860,regain,right,1,LWB,False,False,weak_side_press_leak,0
2010085,47.0,44777,44811,disruption,left,1,LM,False,False,weak_side_press_leak,1
2010085,48.0,45113,45178,unknown,left,1,LM,False,False,weak_side_press_leak,1
2010085,49.0,45332,45540,unknown,"center,left",0,,False,False,weak_side_press_leak,0
2010085,50.0,47392,47419,disruption,left,1,RB,False,False,weak_side_press_leak,1
2010085,51.0,48713,48850,unknown,"center,left,right",1,RCB,False,False,weak_side_press_leak,1
2010085,52.0,49016,49155,unknown,"center,left,right",1,RCB,False,False,weak_side_press_leak,1
2010085,53.0,49280,49362,regain,left,1,RB,False,False,weak_side_press_leak,0
2010085,54.0,49453,49514,unknown,"center,right",1,LM,False,False,weak_side_press_leak,1
2010085,55.0,49602,49673,unknown,"center,left,right",1,RCB,False,False,weak_side_press_leak,1
2010085,56.0,50475,50518,disruption,"center,left",0,,False,False,weak_side_press_leak,0
2010085,57.0,50834,50894,unknown,center,0,,False,False,weak_side_press_leak,0
2010085,58.0,51485,51555,unknown,"center,left",1,CF,False,False,weak_side_press_leak,1
2010085,59.0,52979,53058,unknown,"center,right",1,RW,False,False,weak_side_press_leak,1
2010085,60.0,55099,55210,disruption,"left,right",1,LW,False,False,weak_side_press_leak,1
2010085,61.0,55243,55336,regain,"center,right",0,,False,False,weak_side_press_leak,0
2010085,62.0,56978,57069,regain,"center,right",0,,False,False,weak_side_press_leak,0
2010085,63.0,57958,57995,unknown,right,0,,False,False,weak_side_press_leak,0
2010085,64.0,58424,58572,unknown,"center,left,right",1,LWB,False,False,weak_side_press_leak,1
2011166,0.0,2461,2520,unknown,right,1,LCB,True,False,weak_side_press_leak,1
2011166,1.0,2551,2605,unknown,"center,right",1,RDM,True,False,weak_side_press_leak,1
2011166,2.0,3376,3456,regain,left,1,RCB,False,False,weak_side_press_leak,0
2011166,3.0,3529,3558,unknown,right,0,,False,False,weak_side_press_leak,0
2011166,4.0,3740,3776,regain,left,1,LW,False,False,weak_side_press_leak,0
2011166,5.0,3833,3902,regain,"center,left",0,,False,False,weak_side_press_leak,0
2011166,6.0,4808,4880,regain,"center,left",1,RM,False,False,weak_side_press_leak,0
2011166,7.0,4928,5050,regain,right,1,LB,False,False,weak_side_press_leak,0
2011166,8.0,6383,6481,regain,right,1,DM,False,False,weak_side_press_leak,0
2011166,9.0,6493,6556,unknown,left,1,RW,False,False,weak_side_press_leak,1
2011166,10.0,7387,7409,unknown,"center,right",0,,False,False,weak_side_press_leak,0
2011166,11.0,7973,8133,unknown,"left,right",1,RM,True,True,weak_side_press_leak,1
2011166,12.0,8861,8971,unknown,left,0,,False,False,weak_side_press_leak,0
2011166,13.0,10132,10168,regain,"center,left",0,,False,False,weak_side_press_leak,0
2011166,14.0,10194,10231,unknown,"center,right",0,,True,False,weak_side_press_leak,0
2011166,15.0,10332,10387,unknown,right,1,LDM,True,False,weak_side_press_leak,1
2011166,16.0,11003,11093,unknown,"center,right",1,LB,False,False,weak_side_press_leak,1
2011166,17.0,11369,11391,regain,left,0,,False,False,weak_side_press_leak,0
2011166,18.0,12571,12769,unknown,"center,left,right",1,RB,False,False,weak_side_press_leak,1
2011166,19.0,13857,13892,unknown,right,0,,False,False,weak_side_press_leak,0
2011166,20.0,14027,14075,unknown,"center,left,right",1,AM,False,False,weak_side_press_leak,1
2011166,21.0,16084,16102,unknown,right,0,,False,False,weak_side_press_leak,0
2011166,22.0,18011,18055,disruption,right,1,AM,False,False,weak_side_press_leak,1
2011166,23.0,18677,18723,unknown,"center,right",1,LB,False,False,weak_side_press_leak,1
2011166,24.0,18878,18994,unknown,left,0,,False,False,weak_side_press_leak,0
2011166,25.0,21563,21614,unknown,center,0,,False,False,weak_side_press_leak,0
2011166,26.0,24621,24649,unknown,left,1,RM,False,False,weak_side_press_leak,1
2011166,27.0,25107,25276,unknown,"center,right",1,LB,False,False,weak_side_press_leak,1
2011166,28.0,27146,27195,regain,right,1,LB,False,False,weak_side_press_leak,0
2011166,29.0,27864,27959,disruption,"center,left",0,,False,False,weak_side_press_leak,0
2011166,30.0,28105,28191,unknown,"center,right",0,,False,False,weak_side_press_leak,0
2011166,31.0,28489,28563,disruption,"center,right",1,LB,False,False,weak_side_press_leak,1
2011166,32.0,30546,30598,regain,"center,left",1,RM,False,False,weak_side_press_leak,0
2011166,33.0,41105,41244,unknown,"center,left,right",1,RM,False,False,weak_side_press_leak,1
2011166,34.0,41303,41439,regain,"center,left",1,RM,False,False,weak_side_press_leak,0
2011166,35.0,41829,41859,unknown,right,1,AM,True,False,weak_side_press_leak,1
2011166,36.0,43205,43225,unknown,center,0,,False,False,weak_side_press_leak,0
2011166,37.0,44527,44606,unknown,"center,left",1,RCB,False,False,weak_side_press_leak,1
2011166,38.0,45278,45359,unknown,"center,left",0,,True,False,weak_side_press_leak,0
2011166,39.0,46057,46179,disruption,"left,right",1,LCB,False,False,weak_side_press_leak,1
2011166,40.0,46397,46438,regain,left,1,LM,False,False,weak_side_press_leak,0
2011166,41.0,46784,46868,unknown,"center,right",0,,False,False,weak_side_press_leak,0
2011166,42.0,49095,49154,regain,left,1,RM,False,False,weak_side_press_leak,0
2011166,43.0,49817,49903,disruption,right,1,AM,False,False,weak_side_press_leak,1
2011166,44.0,51692,51813,unknown,"center,left,right",0,,True,False,weak_side_press_leak,0
2011166,45.0,53558,53716,unknown,"center,left",1,AM,False,False,weak_side_press_leak,1
2011166,46.0,53736,53846,regain,"center,right",1,RCB,False,False,weak_side_press_leak,0
2011166,47.0,53910,54030,unknown,"center,left,right",0,,False,False,weak_side_press_leak,0
2011166,48.0,54609,54703,unknown,"center,right",1,RW,True,False,weak_side_press_leak,1
2011166,49.0,56287,56322,disruption,left,1,RW,False,False,weak_side_press_leak,1
2011166,50.0,57810,57864,unknown,"center,left",1,AM,False,False,weak_side_press_leak,1
2011166,51.0,57902,57966,regain,right,1,LM,False,False,weak_side_press_leak,0
2011166,52.0,59275,59363,regain,"center,right",0,,False,False,weak_side_press_leak,0
2011166,53.0,59381,59436,regain,left,1,RB,False,False,weak_side_press_leak,0
2011166,54.0,59457,59570,unknown,right,0,,False,False,weak_side_press_leak,0
2011166,55.0,60049,60112,regain,left,1,LDM,False,False,weak_side_press_leak,0
2011166,56.0,64118,64216,unknown,right,0,,False,False,weak_side_press_leak,0
2011166,57.0,64528,64553,unknown,right,0,,False,False,weak_side_press_leak,0
2011166,58.0,66521,66617,unknown,right,1,LM,False,False,weak_side_press_leak,1
2011166,59.0,68498,68588,unknown,"left,right",1,AM,False,False,weak_side_press_leak,1
2011166,60.0,70624,70644,unknown,left,0,,False,False,weak_side_press_leak,0
2013725,0.0,4331,4378,unknown,right,1,LW,False,False,weak_side_press_leak,1
2013725,1.0,4883,4942,unknown,left,1,RB,False,False,weak_side_press_leak,1
2013725,2.0,7644,7680,regain,"center,left",1,RCB,False,False,weak_side_press_leak,0
2013725,3.0,8393,8474,regain,left,1,RCB,False,False,weak_side_press_leak,0
2013725,4.0,8882,8907,regain,right,1,LWB,False,False,weak_side_press_leak,0
2013725,5.0,8908,8969,unknown,left,1,RM,False,False,weak_side_press_leak,1
2013725,6.0,9215,9250,disruption,center,0,,False,False,weak_side_press_leak,0
2013725,7.0,9556,9623,unknown,"center,left",1,RB,False,False,weak_side_press_leak,1
2013725,8.0,11178,11236,unknown,"center,left",1,RM,False,False,weak_side_press_leak,1
2013725,9.0,13078,13239,unknown,"center,right",1,LCB,False,False,weak_side_press_leak,1
2013725,10.0,14982,15044,regain,"center,right",1,RCB,False,False,weak_side_press_leak,0
2013725,11.0,15342,15387,regain,right,1,CF,False,False,weak_side_press_leak,0
2013725,12.0,16540,16615,unknown,"center,right",1,LB,False,False,weak_side_press_leak,1
2013725,13.0,16752,16846,regain,"center,left",1,CB,False,False,weak_side_press_leak,0
2013725,14.0,17690,17762,regain,left,1,RB,False,False,weak_side_press_leak,0
2013725,15.0,18460,18567,disruption,"center,right",0,,False,False,weak_side_press_leak,0
2013725,16.0,18955,19025,unknown,right,1,LW,False,False,weak_side_press_leak,1
2013725,17.0,19200,19249,unknown,right,0,,False,False,weak_side_press_leak,0
2013725,18.0,19387,19429,regain,left,0,,False,False,weak_side_press_leak,0
2013725,19.0,19880,19931,regain,"center,left",0,,False,False,weak_side_press_leak,0
2013725,20.0,19977,20033,unknown,left,0,,False,False,weak_side_press_leak,0
2013725,21.0,20218,20260,unknown,"center,right",1,LWB,False,False,weak_side_press_leak,1
2013725,22.0,20727,20794,regain,"center,right",0,,False,False,weak_side_press_leak,0
2013725,23.0,21766,21905,unknown,"center,left",1,RB,False,False,weak_side_press_leak,1
2013725,24.0,22220,22314,regain,right,0,,False,False,weak_side_press_leak,0
2013725,25.0,23175,23320,unknown,"left,right",1,LW,False,False,weak_side_press_leak,1
2013725,26.0,24439,24487,regain,right,1,RM,False,False,weak_side_press_leak,0
2013725,27.0,24547,24669,unknown,"center,left",0,,False,False,weak_side_press_leak,0
2013725,28.0,25675,25699,unknown,center,0,,False,False,weak_side_press_leak,0
2013725,29.0,25921,25944,regain,"center,left",1,RB,False,False,weak_side_press_leak,0
2013725,30.0,26154,26204,unknown,right,1,LM,False,False,weak_side_press_leak,1
2013725,31.0,26214,26277,unknown,left,1,CF,True,False,weak_side_press_leak,1
2013725,32.0,26839,26926,regain,right,1,LWB,False,False,weak_side_press_leak,0
2013725,33.0,27147,27199,regain,"center,left",0,,False,False,weak_side_press_leak,0
2013725,34.0,29038,29073,regain,right,1,LCB,False,False,weak_side_press_leak,0
2013725,35.0,29192,29254,unknown,right,1,LW,False,False,weak_side_press_leak,1
2013725,36.0,29767,29812,unknown,right,1,RM,False,False,weak_side_press_leak,1
2013725,37.0,30176,30244,disruption,"center,right",1,RM,False,False,weak_side_press_leak,1
2013725,38.0,30594,30692,regain,"center,right",0,,False,False,weak_side_press_leak,0
2013725,39.0,30873,30943,regain,right,1,LB,False,False,weak_side_press_leak,0
2013725,40.0,31424,31502,unknown,"center,left,right",0,,False,False,weak_side_press_leak,0
2013725,41.0,41595,41660,unknown,"center,right",1,LB,False,False,weak_side_press_leak,1
2013725,42.0,42204,42224,unknown,right,1,LW,False,False,weak_side_press_leak,1
2013725,43.0,43780,43820,regain,"center,right",1,LCB,False,False,weak_side_press_leak,0
2013725,44.0,45188,45264,unknown,"center,right",1,LWB,False,False,weak_side_press_leak,1
2013725,45.0,45790,45840,unknown,center,0,,False,False,weak_side_press_leak,0
2013725,46.0,45915,45948,unknown,right,0,,False,False,weak_side_press_leak,0
2013725,47.0,46017,46193,unknown,"center,right",1,LB,False,False,weak_side_press_leak,1
2013725,48.0,46243,46323,regain,"center,right",1,LB,False,False,weak_side_press_leak,0
2013725,49.0,46907,46986,regain,"center,right",0,,False,False,weak_side_press_leak,0
2013725,50.0,47679,47804,regain,"center,left,right",1,LM,False,False,weak_side_press_leak,0
2013725,51.0,47979,48102,regain,"center,right",1,LM,False,False,weak_side_press_leak,0
2013725,52.0,49549,49615,regain,"center,left",1,RW,False,False,weak_side_press_leak,0
2013725,53.0,49661,49743,regain,right,1,RW,False,False,weak_side_press_leak,0
2013725,54.0,49760,49867,unknown,"center,left,right",1,RW,False,False,weak_side_press_leak,1
2013725,55.0,51604,51644,unknown,"center,left",1,RB,False,False,weak_side_press_leak,1
2013725,56.0,53803,53893,unknown,"center,left,right",1,CF,False,False,weak_side_press_leak,1
2013725,57.0,54272,54322,regain,"center,left",0,,False,False,weak_side_press_leak,0
2013725,58.0,54749,54825,unknown,"center,left",0,,True,False,weak_side_press_leak,0
2013725,59.0,55147,55333,unknown,"center,left,right",0,,False,False,weak_side_press_leak,0
2013725,60.0,56417,56588,unknown,"center,left,right",1,LW,True,False,weak_side_press_leak,1
2013725,61.0,57000,57108,unknown,"center,left,right",1,RW,False,False,weak_side_press_leak,1
2013725,62.0,57380,57414,regain,left,1,RB,True,False,weak_side_press_leak,0
2013725,63.0,57736,57817,unknown,"center,right",1,LM,False,False,weak_side_press_leak,1
2013725,64.0,58420,58508,unknown,"center,right",1,LW,False,False,weak_side_press_leak,1
2013725,65.0,59480,59550,regain,right,1,RM,False,False,weak_side_press_leak,0
2013725,66.0,59821,59860,unknown,right,0,,False,False,weak_side_press_leak,0
2013725,67.0,60387,60424,regain,right,1,LM,False,False,weak_side_press_leak,0
2013725,68.0,60827,60849,regain,"center,left",1,RB,False,False,weak_side_press_leak,0
2013725,69.0,61027,61171,unknown,right,1,LM,False,False,weak_side_press_leak,1
2013725,70.0,61886,61916,regain,"center,right",1,LW,False,False,weak_side_press_leak,0
2013725,71.0,63892,64054,regain,"center,left",1,RCB,False,False,weak_side_press_leak,0
2013725,72.0,65342,65473,unknown,"center,right",1,LB,False,False,weak_side_press_leak,1
2013725,73.0,66926,67021,unknown,"center,left,right",1,RW,False,False,weak_side_press_leak,1
2013725,74.0,67923,67993,unknown,left,1,LW,False,False,weak_side_press_leak,1
2015213,0.0,2217,2274,disruption,"center,right",1,LW,False,False,weak_side_press_leak,1
2015213,1.0,3424,3450,unknown,"center,left",0,,False,False,weak_side_press_leak,0
2015213,2.0,3856,3899,unknown,right,1,LW,False,False,weak_side_press_leak,1
2015213,3.0,3962,4012,unknown,right,1,LCB,False,False,weak_side_press_leak,1
2015213,4.0,4386,4452,regain,"center,left",0,,False,False,weak_side_press_leak,0
2015213,5.0,4654,4672,regain,right,1,LW,False,False,weak_side_press_leak,0
2015213,6.0,4844,4941,regain,"center,right",1,LM,False,False,weak_side_press_leak,0
2015213,7.0,6023,6248,regain,"left,right",1,RW,False,False,weak_side_press_leak,0
2015213,8.0,6919,7010,regain,"center,left",1,RCB,False,False,weak_side_press_leak,0
2015213,9.0,7433,7485,unknown,"center,right",0,,False,False,weak_side_press_leak,0
2015213,10.0,7870,7952,unknown,"center,right",1,CF,False,False,weak_side_press_leak,1
2015213,11.0,8062,8085,regain,left,0,,False,False,weak_side_press_leak,0
2015213,12.0,8089,8142,unknown,right,0,,False,False,weak_side_press_leak,0
2015213,13.0,9055,9174,unknown,"center,left",0,,False,False,weak_side_press_leak,0
2015213,14.0,9337,9385,unknown,right,1,LCB,False,False,weak_side_press_leak,1
2015213,15.0,9691,9721,unknown,"center,left",0,,False,False,weak_side_press_leak,0
2015213,16.0,9846,9894,unknown,"center,left",0,,False,False,weak_side_press_leak,0
2015213,17.0,10586,10735,unknown,"center,right",1,LB,False,False,weak_side_press_leak,1
2015213,18.0,10788,10905,disruption,"left,right",1,RCB,False,False,weak_side_press_leak,1
2015213,19.0,11938,12044,regain,"center,right",1,LW,False,False,weak_side_press_leak,0
2015213,20.0,12202,12244,unknown,left,0,,False,False,weak_side_press_leak,0
2015213,21.0,12285,12381,unknown,"center,right",1,LB,False,False,weak_side_press_leak,1
2015213,22.0,12810,12860,regain,"center,left",1,RB,False,False,weak_side_press_leak,0
2015213,23.0,13708,13782,regain,center,0,,False,False,weak_side_press_leak,0
2015213,24.0,14078,14137,unknown,left,1,RW,False,False,weak_side_press_leak,1
2015213,25.0,14200,14230,disruption,"center,right",1,LW,False,False,weak_side_press_leak,1
2015213,26.0,14472,14506,regain,right,1,LW,False,False,weak_side_press_leak,0
2015213,27.0,14770,14871,unknown,"center,left,right",1,LW,False,False,weak_side_press_leak,1
2015213,28.0,16276,16336,regain,center,0,,False,False,weak_side_press_leak,0
2015213,29.0,17515,17572,unknown,"center,right",0,,False,False,weak_side_press_leak,0
2015213,30.0,18285,18361,regain,"center,right",1,LW,False,False,weak_side_press_leak,0
2015213,31.0,18974,19020,unknown,right,0,,False,False,weak_side_press_leak,0
2015213,32.0,19074,19130,unknown,left,0,,False,False,weak_side_press_leak,0
2015213,33.0,19292,19363,unknown,right,1,LW,False,False,weak_side_press_leak,1
2015213,34.0,19412,19480,unknown,"center,left",1,RW,False,False,weak_side_press_leak,1
2015213,35.0,19767,19818,unknown,"center,left",1,RW,False,False,weak_side_press_leak,1
2015213,36.0,19860,19921,unknown,"center,right",0,,False,False,weak_side_press_leak,0
2015213,37.0,21733,21833,regain,right,1,CF,False,False,weak_side_press_leak,0
2015213,38.0,21849,22016,unknown,"center,left,right",1,LW,False,False,weak_side_press_leak,1
2015213,39.0,22201,22290,disruption,"center,left",0,,False,False,weak_side_press_leak,0
2015213,40.0,22679,22720,regain,center,0,,False,False,weak_side_press_leak,0
2015213,41.0,23204,23302,unknown,"center,right",0,,True,False,weak_side_press_leak,0
2015213,42.0,23564,23600,disruption,right,0,,False,False,weak_side_press_leak,0
2015213,43.0,23758,23813,unknown,right,1,LW,False,False,weak_side_press_leak,1
2015213,44.0,23918,24018,unknown,"center,right",1,LW,False,False,weak_side_press_leak,1
2015213,45.0,24563,24627,unknown,left,0,,True,False,weak_side_press_leak,0
2015213,46.0,25959,25993,regain,right,1,CF,False,False,weak_side_press_leak,0
2015213,47.0,26018,26189,regain,"center,left,right",1,LB,False,False,weak_side_press_leak,0
2015213,48.0,26922,27055,regain,right,1,LCB,False,False,weak_side_press_leak,0
2015213,49.0,27166,27203,unknown,"center,left",1,RW,False,False,weak_side_press_leak,1
2015213,50.0,27425,27649,regain,"center,left,right",1,LCB,False,False,weak_side_press_leak,0
2015213,51.0,29723,29786,regain,"center,right",0,,False,False,weak_side_press_leak,0
2015213,52.0,29828,29879,regain,"center,left",0,,False,False,weak_side_press_leak,0
2015213,53.0,40712,40742,disruption,"center,right",1,LCB,False,False,weak_side_press_leak,1
2015213,54.0,41560,41645,regain,right,1,LCB,False,False,weak_side_press_leak,0
2015213,55.0,41727,41833,regain,"center,left,right",1,RCB,False,False,weak_side_press_leak,0
2015213,56.0,42450,42561,regain,"center,left,right",1,LW,False,False,weak_side_press_leak,0
2015213,57.0,43308,43444,unknown,"center,right",1,LW,False,False,weak_side_press_leak,1
2015213,58.0,43598,43662,disruption,"center,left",0,,True,False,weak_side_press_leak,0
2015213,59.0,44127,44147,unknown,left,0,,False,False,weak_side_press_leak,0
2015213,60.0,44442,44535,unknown,"center,right",1,CF,False,False,weak_side_press_leak,1
2015213,61.0,44901,45006,regain,left,1,RCB,False,False,weak_side_press_leak,0
2015213,62.0,45243,45355,unknown,"left,right",1,RM,False,False,weak_side_press_leak,1
2015213,63.0,47438,47490,unknown,left,1,RW,False,False,weak_side_press_leak,1
2015213,64.0,47823,47909,unknown,"center,left,right",1,RM,True,False,weak_side_press_leak,1
2015213,65.0,48344,48387,unknown,"center,right",1,LW,False,False,weak_side_press_leak,1
2015213,66.0,48452,48556,regain,"center,right",1,RM,False,False,weak_side_press_leak,0
2015213,67.0,48612,48687,unknown,left,1,RW,False,False,weak_side_press_leak,1
2015213,68.0,52419,52555,regain,"center,left,right",1,LW,False,False,weak_side_press_leak,0
2015213,69.0,52838,52907,unknown,right,0,,False,False,weak_side_press_leak,0
2015213,70.0,53247,53415,unknown,"center,left,right",1,LCB,False,False,weak_side_press_leak,1
2015213,71.0,54966,55016,regain,"center,left",1,RM,False,False,weak_side_press_leak,0
2015213,72.0,55651,55727,disruption,"center,left,right",1,CF,False,False,weak_side_press_leak,1
2015213,73.0,56656,56720,regain,"center,left",1,RW,False,False,weak_side_press_leak,0
2015213,74.0,56907,56969,regain,"center,left",0,,False,False,weak_side_press_leak,0
2015213,75.0,57196,57220,unknown,center,0,,False,False,weak_side_press_leak,0
2015213,76.0,57834,57878,disruption,"center,right",1,LW,False,False,weak_side_press_leak,1
2015213,77.0,57956,58009,regain,left,1,RW,False,False,weak_side_press_leak,0
2015213,78.0,59040,59092,unknown,left,1,RW,False,False,weak_side_press_leak,1
2015213,79.0,63155,63238,unknown,"left,right",1,RB,False,False,weak_side_press_leak,1
2015213,80.0,63409,63556,regain,"center,left,right",1,RB,False,False,weak_side_press_leak,0
2015213,81.0,64455,64517,unknown,"center,left",1,LM,False,False,weak_side_press_leak,1
2015213,82.0,64749,64830,unknown,"center,left",0,,False,False,weak_side_press_leak,0
2015213,83.0,64947,64984,regain,"center,left",1,RM,False,False,weak_side_press_leak,0
2015213,84.0,65156,65192,regain,"center,right",0,,False,False,weak_side_press_leak,0
2015213,85.0,66027,66136,regain,"center,left,right",1,RB,False,False,weak_side_press_leak,0
2015213,86.0,68809,68850,unknown,"center,right",1,LW,False,False,weak_side_press_leak,1
2015213,87.0,69041,69088,unknown,right,1,LW,False,False,weak_side_press_leak,1
2016236,0.0,1617,1667,regain,"center,left",0,,False,False,weak_side_press_leak,0
2016236,1.0,1759,1801,disruption,"center,left",1,RB,False,False,weak_side_press_leak,1
2016236,2.0,1908,1944,unknown,left,1,RCB,False,False,weak_side_press_leak,1
2016236,3.0,3404,3429,regain,center,0,,False,False,weak_side_press_leak,0
2016236,4.0,4185,4231,unknown,right,1,CF,True,False,weak_side_press_leak,1
2016236,5.0,4904,4962,regain,left,1,RCB,False,False,weak_side_press_leak,0
2016236,6.0,5108,5148,unknown,"center,right",1,LW,False,False,weak_side_press_leak,1
2016236,7.0,5941,5988,disruption,left,1,AM,False,False,weak_side_press_leak,1
2016236,8.0,7121,7185,regain,left,1,RCB,False,False,weak_side_press_leak,0
2016236,9.0,7212,7253,disruption,"center,right",0,,False,False,weak_side_press_leak,0
2016236,10.0,7588,7651,unknown,left,1,RM,False,False,weak_side_press_leak,1
2016236,11.0,7808,7843,unknown,right,0,,False,False,weak_side_press_leak,0
2016236,12.0,12503,12558,unknown,"center,right",0,,False,False,weak_side_press_leak,0
2016236,13.0,13897,13928,regain,center,0,,False,False,weak_side_press_leak,0
2016236,14.0,14212,14269,unknown,"center,right",1,RDM,False,False,weak_side_press_leak,1
2016236,15.0,15661,15745,unknown,left,0,,False,False,weak_side_press_leak,0
2016236,16.0,19177,19229,unknown,"center,left",0,,False,False,weak_side_press_leak,0
2016236,17.0,20852,21042,unknown,"center,left,right",1,RCB,False,False,weak_side_press_leak,1
2016236,18.0,21835,21873,regain,"center,left",0,,False,False,weak_side_press_leak,0
2016236,19.0,21971,22008,regain,left,1,CF,False,False,weak_side_press_leak,0
2016236,20.0,22627,22674,unknown,left,1,RW,False,False,weak_side_press_leak,1
2016236,21.0,22883,22936,unknown,right,1,LW,False,False,weak_side_press_leak,1
2016236,22.0,23259,23316,regain,left,1,RW,False,False,weak_side_press_leak,0
2016236,23.0,23703,23733,unknown,right,1,LB,False,False,weak_side_press_leak,1
2016236,24.0,23972,24016,disruption,"center,left",0,,False,False,weak_side_press_leak,0
2016236,25.0,24422,24489,unknown,right,1,CF,False,False,weak_side_press_leak,1
2016236,26.0,24565,24699,unknown,"center,right",1,LDM,False,False,weak_side_press_leak,1
2016236,27.0,24970,25057,unknown,"center,left",1,RDM,False,False,weak_side_press_leak,1
2016236,28.0,25407,25468,disruption,"center,right",1,LW,False,False,weak_side_press_leak,1
2016236,29.0,25472,25559,unknown,"center,left",0,,False,False,weak_side_press_leak,0
2016236,30.0,25633,25678,unknown,left,0,,False,False,weak_side_press_leak,0
2016236,31.0,26546,26608,unknown,"center,right",0,,False,False,weak_side_press_leak,0
2016236,32.0,26943,26999,unknown,"center,right",0,,False,False,weak_side_press_leak,0
2016236,33.0,27397,27481,unknown,left,0,,False,False,weak_side_press_leak,0
2016236,34.0,27544,27659,disruption,right,0,,False,False,weak_side_press_leak,0
2016236,35.0,28499,28621,regain,"center,right",1,RDM,False,False,weak_side_press_leak,0
2016236,36.0,28911,28999,regain,"center,right",1,LB,False,False,weak_side_press_leak,0
2016236,37.0,41168,41194,unknown,right,1,LCB,False,False,weak_side_press_leak,1
2016236,38.0,41257,41293,unknown,"center,right",1,CF,False,False,weak_side_press_leak,1
2016236,39.0,41343,41370,unknown,left,1,RB,False,False,weak_side_press_leak,1
2016236,40.0,42159,42215,unknown,left,1,RW,False,False,weak_side_press_leak,1
2016236,41.0,42259,42368,regain,"center,right",0,,False,False,weak_side_press_leak,0
2016236,42.0,42392,42440,unknown,left,0,,False,False,weak_side_press_leak,0
2016236,43.0,44174,44220,regain,"center,left",1,RW,False,False,weak_side_press_leak,0
2016236,44.0,46583,46689,unknown,"center,right",1,CF,False,False,weak_side_press_leak,1
2016236,45.0,46746,46804,regain,"center,right",0,,False,False,weak_side_press_leak,0
2016236,46.0,46858,46954,unknown,left,0,,False,False,weak_side_press_leak,0
2016236,47.0,47160,47198,unknown,right,1,AM,False,False,weak_side_press_leak,1
2016236,48.0,47845,47930,regain,"center,right",0,,False,False,weak_side_press_leak,0
2016236,49.0,47989,48175,unknown,"center,left",1,RW,False,False,weak_side_press_leak,1
2016236,50.0,49832,49910,unknown,left,1,RW,False,False,weak_side_press_leak,1
2016236,51.0,50853,50898,regain,"center,right",0,,False,False,weak_side_press_leak,0
2016236,52.0,52098,52267,disruption,"center,left",1,RW,False,False,weak_side_press_leak,1
2016236,53.0,53562,53672,regain,"center,left",1,RW,False,False,weak_side_press_leak,0
2016236,54.0,53955,53990,unknown,"center,left",1,RB,False,False,weak_side_press_leak,1
2016236,55.0,54219,54271,unknown,"center,left",1,LW,False,False,weak_side_press_leak,1
2016236,56.0,54427,54449,regain,left,0,,False,False,weak_side_press_leak,0
2016236,57.0,55138,55200,regain,"center,right",0,,False,False,weak_side_press_leak,0
2016236,58.0,56323,56435,unknown,"center,left",1,RW,False,False,weak_side_press_leak,1
2016236,59.0,57055,57099,unknown,left,1,LDM,False,False,weak_side_press_leak,1
2016236,60.0,58084,58212,unknown,"center,right",1,AM,True,False,weak_side_press_leak,1
2016236,61.0,58563,58622,unknown,"center,right",0,,False,False,weak_side_press_leak,0
2016236,62.0,59926,59936,unknown,right,0,,False,False,weak_side_press_leak,0
2016236,63.0,60042,60149,regain,right,1,LW,False,False,weak_side_press_leak,0
2016236,64.0,60435,60550,regain,"center,left",1,LDM,False,False,weak_side_press_leak,0
2016236,65.0,60609,60690,unknown,"center,left,right",1,LB,True,True,weak_side_press_leak,1
2016236,66.0,61498,61543,regain,"center,left",0,,False,False,weak_side_press_leak,0
2016236,67.0,61601,61656,unknown,"center,left",1,RDM,False,False,weak_side_press_leak,1
2016236,68.0,61695,61722,unknown,"center,left",1,CF,True,False,weak_side_press_leak,1
2016236,69.0,62307,62390,unknown,"center,right",0,,False,False,weak_side_press_leak,0
2016236,70.0,62459,62617,regain,"center,right",1,LDM,False,False,weak_side_press_leak,0
2016236,71.0,62676,62732,regain,left,1,RW,False,False,weak_side_press_leak,0
2016236,72.0,63537,63653,regain,"center,right",1,LW,False,False,weak_side_press_leak,0
2016236,73.0,63934,64085,unknown,right,1,LB,False,False,weak_side_press_leak,1
2016236,74.0,65855,65927,unknown,"center,right",0,,False,False,weak_side_press_leak,0
2016236,75.0,66843,66913,unknown,left,0,,False,False,weak_side_press_leak,0
2017461,0.0,3522,3566,unknown,right,0,,False,False,weak_side_press_leak,0
2017461,1.0,3810,3869,regain,left,1,RW,False,False,weak_side_press_leak,0
2017461,2.0,3914,3983,unknown,"center,left",1,RW,False,False,weak_side_press_leak,1
2017461,3.0,4868,4926,unknown,"center,right",1,CF,False,False,weak_side_press_leak,1
2017461,4.0,5488,5526,regain,"center,left",1,RB,False,False,weak_side_press_leak,0
2017461,5.0,7592,7664,regain,"center,left",1,RB,False,False,weak_side_press_leak,0
2017461,6.0,8602,8693,unknown,"center,right",0,,False,False,weak_side_press_leak,0
2017461,7.0,8906,8969,unknown,"center,right",0,,False,False,weak_side_press_leak,0
2017461,8.0,9174,9218,unknown,left,0,,True,False,weak_side_press_leak,0
2017461,9.0,9868,9954,unknown,left,0,,False,False,weak_side_press_leak,0
2017461,10.0,10130,10280,unknown,"center,left,right",1,LW,False,False,weak_side_press_leak,1
2017461,11.0,11096,11162,unknown,"center,right",0,,False,False,weak_side_press_leak,0
2017461,12.0,11252,11276,unknown,left,1,AM,False,False,weak_side_press_leak,1
2017461,13.0,11449,11504,unknown,right,0,,False,False,weak_side_press_leak,0
2017461,14.0,11577,11681,unknown,left,0,,False,False,weak_side_press_leak,0
2017461,15.0,11957,12040,unknown,"center,right",1,LW,False,False,weak_side_press_leak,1
2017461,16.0,12211,12336,unknown,"center,left,right",1,RB,False,False,weak_side_press_leak,1
2017461,17.0,15044,15114,regain,right,0,,False,False,weak_side_press_leak,0
2017461,18.0,15198,15304,unknown,right,1,CF,True,False,weak_side_press_leak,1
2017461,19.0,16541,16593,disruption,left,1,RM,False,False,weak_side_press_leak,1
2017461,20.0,18068,18162,unknown,"center,left,right",1,RW,False,False,weak_side_press_leak,1
2017461,21.0,18212,18263,unknown,right,0,,False,False,weak_side_press_leak,0
2017461,22.0,18536,18617,unknown,"center,left,right",1,RB,False,False,weak_side_press_leak,1
2017461,23.0,21391,21562,unknown,"center,left,right",1,LCB,False,False,weak_side_press_leak,1
2017461,24.0,22083,22194,unknown,"center,left",1,RB,False,False,weak_side_press_leak,1
2017461,25.0,23561,23601,unknown,left,1,RB,False,False,weak_side_press_leak,1
2017461,26.0,24001,24016,regain,left,1,RW,False,False,weak_side_press_leak,0
2017461,27.0,24100,24159,regain,"center,left",1,RW,False,False,weak_side_press_leak,0
2017461,28.0,24896,24985,unknown,right,0,,False,False,weak_side_press_leak,0
2017461,29.0,25315,25403,unknown,"center,right",1,LW,False,False,weak_side_press_leak,1
2017461,30.0,27260,27271,regain,left,0,,False,False,weak_side_press_leak,0
2017461,31.0,27390,27503,regain,left,1,RB,False,False,weak_side_press_leak,0
2017461,32.0,39886,39941,unknown,left,0,,False,False,weak_side_press_leak,0
2017461,33.0,40042,40147,unknown,"center,left,right",1,RW,False,False,weak_side_press_leak,1
2017461,34.0,42176,42240,regain,"center,right",0,,False,False,weak_side_press_leak,0
2017461,35.0,42385,42432,unknown,right,1,RM,False,False,weak_side_press_leak,1
2017461,36.0,44745,44834,regain,"center,right",0,,False,False,weak_side_press_leak,0
2017461,37.0,45741,45805,regain,right,1,LW,False,False,weak_side_press_leak,0
2017461,38.0,47681,47699,unknown,left,1,CF,False,False,weak_side_press_leak,1
2017461,39.0,48945,48975,disruption,right,0,,False,False,weak_side_press_leak,0
2017461,40.0,49524,49641,regain,"center,right",1,LB,False,False,weak_side_press_leak,0
2017461,41.0,50245,50308,unknown,"center,left",0,,False,False,weak_side_press_leak,0
2017461,42.0,52231,52290,regain,"center,left,right",0,,False,False,weak_side_press_leak,0
2017461,43.0,52337,52367,unknown,right,1,LM,True,False,weak_side_press_leak,1
2017461,44.0,52987,53125,unknown,"center,left",1,RW,False,False,weak_side_press_leak,1
2017461,45.0,53192,53242,unknown,"center,right",0,,False,False,weak_side_press_leak,0
2017461,46.0,56057,56105,unknown,"center,left",1,RW,False,False,weak_side_press_leak,1
2017461,47.0,57116,57246,unknown,"center,left",1,LW,False,False,weak_side_press_leak,1
2017461,48.0,58236,58344,regain,"center,left",1,RM,False,False,weak_side_press_leak,0
2017461,49.0,58950,58979,unknown,right,1,LW,False,False,weak_side_press_leak,1
2017461,50.0,62016,62109,regain,"center,left",1,CF,False,False,weak_side_press_leak,0
2017461,51.0,63307,63361,unknown,right,1,LDM,False,False,weak_side_press_leak,1
2017461,52.0,64342,64401,unknown,left,0,,False,False,weak_side_press_leak,0
2017461,53.0,64711,64742,unknown,"center,right",0,,False,False,weak_side_press_leak,0
2017461,54.0,66031,66093,unknown,left,1,RB,False,False,weak_side_press_leak,1
2017461,55.0,66996,67146,unknown,"center,left",1,RB,False,False,weak_side_press_leak,1
2017461,56.0,68296,68352,regain,right,1,LB,False,False,weak_side_press_leak,0
2017461,57.0,68396,68455,unknown,left,1,CF,False,False,weak_side_press_leak,1
