match_id,phase_index,shot,goal,oop,box_area,width,length,mean_pressure,event_debt,any_far_runner,any_inside_shape,chain_failed,n_chain_presses,n_engagements,n_off_ball_runs,n_possessions,mean_n_nodes,mean_n_edges,has_debt_event,block_low_block,block_medium_block,block_high_block
1874553,0,True,False,medium_block,1962.0136250000003,37.895,51.775000000000006,3.0,0.3,0,0,0,0.0,1.0,2.0,1.0,1.0,0.0,0,0,1,0
1874553,1,True,False,low_block,1863.4769999999999,34.65,53.78,3.3333333333333335,1.05,0,1,0,0.0,7.0,2.0,3.0,2.0,1.0,1,1,0,0
1874553,4,False,False,low_block,2133.5053000000003,44.620000000000005,47.815,2.0,0.3,0,0,0,0.0,1.0,2.0,1.0,1.0,0.0,0,1,0,0
1874553,5,False,False,medium_block,2587.6487749999997,35.644999999999996,72.595,1.5,0.0,0,0,0,0.0,0.0,0.0,0.0,1.0,0.0,0,0,1,0
1874553,8,False,False,medium_block,1819.862325,37.365,48.705,1.6666666666666667,2.05,1,0,0,3.0,3.0,2.0,3.0,5.0,4.0,1,0,1,0
1874553,9,False,False,high_block,2315.4859,38.870000000000005,59.57,1.0,0.75,0,1,0,0.0,1.0,0.0,2.0,2.0,1.0,1,0,0,1
1874553,10,False,False,medium_block,2294.1523500000003,38.255,59.97,0.0,0.5,0,0,0,2.0,2.0,0.0,1.0,3.0,2.0,0,0,1,0
1874553,11,False,False,high_block,2243.043,38.225,58.68,0.6666666666666666,0.5,0,0,0,2.0,2.0,0.0,3.0,3.0,2.0,0,0,0,1
1874553,12,False,False,medium_block,2284.3108,37.46,60.980000000000004,1.0,0.5,0,0,0,2.0,2.0,0.0,2.0,3.0,2.0,0,0,1,0
1874553,13,False,False,high_block,2361.70465,37.745000000000005,62.57,0.0,1.4,1,0,0,1.0,1.0,1.0,1.0,3.0,2.0,1,0,0,1
1874553,17,False,False,high_block,2111.75055,34.055,62.010000000000005,1.6666666666666667,2.65,1,1,0,3.0,4.0,1.0,3.0,6.0,5.0,1,0,0,1
1874553,18,False,False,medium_block,2164.9763749999997,33.725,64.195,1.0,0.44999999999999996,0,0,0,0.0,2.0,3.0,1.0,1.0,0.0,0,0,1,0
1874553,19,False,False,low_block,1838.60075,30.365000000000002,60.55,2.0,1.2,0,1,0,0.0,3.0,3.0,2.0,2.0,1.0,1,1,0,0
1874553,22,False,False,medium_block,1371.0928000000001,25.130000000000003,54.56,2.0,0.6,0,0,0,0.0,1.0,4.0,1.0,1.0,0.0,0,0,1,0
1874553,23,False,False,low_block,1262.1597250000002,30.055,41.995000000000005,3.0,0.15,0,0,0,0.0,1.0,1.0,2.0,1.0,0.0,0,1,0,0
1874553,25,False,False,medium_block,1290.572625,29.215000000000003,44.175,0.0,2.1,1,0,0,2.0,2.0,4.0,2.0,4.0,3.0,1,0,1,0
1874553,26,False,False,high_block,2064.8034000000002,35.64,57.935,0.0,0.8,0,0,0,2.0,2.0,2.0,2.0,3.0,2.0,0,0,0,1
1874553,29,False,False,medium_block,1839.4531750000003,34.105000000000004,53.935,1.0,0.75,0,1,0,0.0,0.0,0.0,1.0,2.0,1.0,1,0,1,0
1874553,30,False,False,high_block,2122.1188500000003,40.245000000000005,52.730000000000004,0.0,0.15,0,0,0,0.0,1.0,1.0,2.0,1.0,0.0,0,0,0,1
1874553,31,False,False,medium_block,2352.7481000000002,43.870000000000005,53.63,0.0,0.15,0,0,0,0.0,1.0,1.0,2.0,1.0,0.0,0,0,1,0
1874553,33,False,False,high_block,3266.1631999999995,46.82,69.75999999999999,2.0,1.65,1,0,0,2.0,3.0,1.0,2.0,4.0,3.0,1,0,0,1
1874553,36,True,True,medium_block,1651.3524,28.89,57.16,1.5,1.35,0,1,0,0.0,1.0,8.0,3.0,2.0,1.0,1,0,1,0
1874553,37,True,True,low_block,1287.8376,27.96,46.06,3.0,1.35,0,1,0,0.0,2.0,6.0,1.0,2.0,1.0,1,1,0,0
1874553,38,False,False,medium_block,2020.424775,42.495,47.545,0.0,0.6,0,0,0,0.0,1.0,4.0,2.0,1.0,0.0,0,0,1,0
1874553,40,False,False,low_block,1308.833875,30.384999999999998,43.075,3.0,0.3,0,0,0,0.0,1.0,2.0,2.0,1.0,0.0,0,1,0,0
1874553,41,False,False,high_block,2608.77485,37.585,69.41,2.0,0.75,0,1,0,0.0,1.0,0.0,2.0,2.0,1.0,1,0,0,1
1874553,42,False,False,medium_block,2633.7067500000003,42.025000000000006,62.67,2.0,0.75,0,1,0,0.0,2.0,0.0,3.0,2.0,1.0,1,0,1,0
1874553,43,False,False,low_block,2289.842625,50.925,44.965,1.6666666666666667,0.75,0,1,0,0.0,4.0,0.0,3.0,2.0,1.0,1,1,0,0
1874553,44,False,False,medium_block,1523.719925,39.935,38.155,0.5,0.75,0,1,0,0.0,4.0,0.0,2.0,2.0,1.0,1,0,1,0
1874553,45,False,False,low_block,1299.6667499999999,38.31,33.925,0.0,0.15,0,0,0,0.0,1.0,1.0,1.0,1.0,0.0,0,1,0,0
1874553,46,False,False,medium_block,1384.5779999999997,37.83,36.599999999999994,0.0,0.0,0,0,0,0.0,0.0,0.0,1.0,1.0,0.0,0,0,1,0
1874553,47,False,False,low_block,1390.4912,36.515,38.08,1.0,0.0,0,0,0,0.0,2.0,0.0,2.0,1.0,0.0,0,1,0,0
1874553,48,False,False,medium_block,1403.6820000000002,35.18,39.900000000000006,0.0,0.0,0,0,0,0.0,1.0,0.0,2.0,1.0,0.0,0,0,1,0
1874553,50,False,False,low_block,1421.9653499999997,36.269999999999996,39.205,1.3333333333333333,0.15,0,0,0,0.0,4.0,1.0,3.0,1.0,0.0,0,1,0,0
1874553,51,False,False,medium_block,1375.3971000000001,34.265,40.14,1.5,1.0,0,1,0,1.0,3.0,0.0,2.0,3.0,2.0,1,0,1,0
1874553,52,False,False,medium_block,2645.1704000000004,50.06,52.84,2.3333333333333335,2.65,1,1,0,3.0,3.0,1.0,3.0,6.0,5.0,1,0,1,0
1874553,53,False,False,medium_block,2151.688,43.120000000000005,49.9,3.0,0.9,0,1,0,0.0,3.0,1.0,2.0,2.0,1.0,1,0,1,0
1874553,54,False,False,low_block,2188.4643,44.91,48.730000000000004,3.0,0.9,0,1,0,0.0,3.0,1.0,2.0,2.0,1.0,1,1,0,0
1874553,55,False,False,medium_block,1874.6059500000001,36.510000000000005,51.345,0.0,0.9,0,1,0,0.0,0.0,1.0,2.0,2.0,1.0,1,0,1,0
1874553,56,False,False,medium_block,2353.3030500000004,46.790000000000006,50.295,1.5,0.7,0,0,0,1.0,2.0,3.0,2.0,2.0,1.0,0,0,1,0
1874553,57,False,False,low_block,1480.023125,35.875,41.254999999999995,0.0,0.0,0,0,0,0.0,1.0,0.0,1.0,1.0,0.0,0,1,0,0
1874553,58,False,False,medium_block,1403.0905999999998,34.36,40.834999999999994,2.0,1.4,0,1,0,2.0,3.0,1.0,2.0,4.0,3.0,1,0,1,0
1874553,59,False,False,low_block,1564.316,34.84,44.9,2.5,0.44999999999999996,0,0,0,0.0,2.0,3.0,2.0,1.0,0.0,0,1,0,0
1874553,61,False,False,low_block,1419.866225,34.985,40.585,1.0,0.15,0,0,0,0.0,1.0,1.0,1.0,1.0,0.0,0,1,0,0
1874553,62,False,False,medium_block,1389.9354750000002,33.905,40.995000000000005,0.0,0.0,0,0,0,0.0,1.0,0.0,1.0,1.0,0.0,0,0,1,0
1874553,64,False,False,high_block,2788.0532,38.44,72.53,1.5,0.4,0,0,0,1.0,1.0,1.0,1.0,2.0,1.0,0,0,0,1
1874553,68,False,False,high_block,2810.635875,38.915,72.225,1.5,0.3,0,0,0,0.0,1.0,2.0,1.0,1.0,0.0,0,0,0,1
1874553,69,False,False,medium_block,2001.6254,35.515,56.36,1.6666666666666667,1.55,0,1,0,2.0,3.0,2.0,3.0,4.0,3.0,1,0,1,0
1874553,71,False,False,medium_block,1738.449075,32.835,52.945,2.5,1.85,1,0,0,1.0,2.0,5.0,2.0,3.0,2.0,1,0,1,0
1874553,72,False,False,low_block,1470.8135999999997,29.839999999999996,49.29,3.0,1.35,0,1,0,0.0,4.0,4.0,3.0,2.0,1.0,1,1,0,0
1874553,79,False,False,medium_block,2206.1343500000003,34.09,64.715,3.0,0.3,0,0,0,0.0,2.0,2.0,1.0,1.0,0.0,0,0,1,0
1874553,80,False,False,low_block,1578.3404000000003,34.06,46.34,0.6666666666666666,0.75,0,1,0,0.0,1.0,0.0,3.0,2.0,1.0,1,1,0,0
1874553,83,False,False,high_block,2738.9942250000004,38.515,71.11500000000001,2.0,1.2,0,1,0,0.0,2.0,3.0,2.0,2.0,1.0,1,0,0,1
1874553,86,False,False,medium_block,2230.415,41.69,53.5,0.5,0.5,0,0,0,2.0,2.0,0.0,2.0,3.0,2.0,0,0,1,0
1874553,87,False,False,high_block,2558.9527000000003,42.635000000000005,60.019999999999996,1.0,1.65,1,0,0,2.0,2.0,1.0,2.0,4.0,3.0,1,0,0,1
1874553,92,False,False,medium_block,1346.457,29.1,46.27,2.0,1.35,0,1,0,0.0,2.0,4.0,1.0,2.0,1.0,1,0,1,0
1874553,93,False,False,low_block,1301.1622000000002,28.115000000000002,46.28,2.0,1.2,0,1,0,0.0,2.0,3.0,2.0,2.0,1.0,1,1,0,0
1874553,94,False,False,high_block,2803.4737499999997,40.425,69.35,1.0,0.0,0,0,0,0.0,1.0,0.0,2.0,1.0,0.0,0,0,0,1
1874553,97,False,False,medium_block,2061.9131,37.585,54.86,1.0,1.0,0,1,0,1.0,2.0,0.0,2.0,3.0,2.0,1,0,1,0
1874553,98,False,False,medium_block,2456.111625,48.805,50.325,2.0,0.3,0,0,0,0.0,2.0,2.0,1.0,1.0,0.0,0,0,1,0
1874553,99,False,False,low_block,1903.463475,36.665,51.915,3.3333333333333335,0.3,0,0,0,0.0,2.0,2.0,3.0,1.0,0.0,0,1,0,0
1874553,100,False,False,high_block,2859.5531250000004,46.215,61.875,0.0,0.3,0,0,0,0.0,0.0,2.0,2.0,1.0,0.0,0,0,0,1
1874553,101,False,False,medium_block,2097.7797250000003,41.495000000000005,50.55500000000001,0.0,0.0,0,0,0,0.0,0.0,0.0,1.0,1.0,0.0,0,0,1,0
1874553,102,False,False,medium_block,2730.9114,54.04,50.535,2.3333333333333335,1.75,0,1,0,4.0,4.0,0.0,3.0,6.0,5.0,1,0,1,0
1874553,103,False,False,medium_block,2566.1589,46.004999999999995,55.78,2.3333333333333335,1.75,0,1,0,4.0,4.0,0.0,3.0,6.0,5.0,1,0,1,0
1874553,104,False,False,high_block,2543.4682,41.08,61.915,2.3333333333333335,2.4,1,1,0,2.0,3.0,1.0,3.0,5.0,4.0,1,0,0,1
1874553,105,False,False,medium_block,2194.8885,35.43,61.95,2.6666666666666665,2.4,1,1,0,2.0,3.0,1.0,3.0,5.0,4.0,1,0,1,0
1874553,106,False,False,medium_block,2213.4474,45.46,48.69,3.0,1.4,1,0,0,1.0,3.0,1.0,2.0,3.0,2.0,1,0,1,0
1874553,107,False,False,low_block,1587.4248,36.78,43.16,1.5,1.75,0,1,1,1.0,3.0,0.0,2.0,3.0,2.0,1,1,0,0
1874553,108,False,False,medium_block,1491.8498,35.285,42.28,2.0,2.15,0,1,1,2.0,2.0,1.0,1.0,4.0,3.0,1,0,1,0
1874553,110,False,False,medium_block,2107.272025,33.335,63.215,1.0,0.9,0,1,0,0.0,1.0,1.0,3.0,2.0,1.0,1,0,1,0
1874553,113,False,False,medium_block,1352.8250500000001,38.21,35.405,0.0,0.15,0,0,0,0.0,1.0,1.0,2.0,1.0,0.0,0,0,1,0
1874553,114,False,False,low_block,1334.8242999999998,39.11,34.129999999999995,0.0,0.15,0,0,0,0.0,1.0,1.0,2.0,1.0,0.0,0,1,0,0
1874553,115,False,False,medium_block,1453.2024,39.64,36.66,0.6666666666666666,0.15,0,0,0,0.0,2.0,1.0,3.0,1.0,0.0,0,0,1,0
1874553,116,False,False,low_block,1449.4934999999998,38.22,37.925,2.0,0.9,0,1,0,0.0,1.0,1.0,1.0,2.0,1.0,1,1,0,0
1874553,117,False,False,medium_block,1340.5888000000002,33.785000000000004,39.68,1.5,1.0,0,1,0,1.0,2.0,0.0,2.0,3.0,2.0,1,0,1,0
1874553,119,False,False,medium_block,1942.25465,36.365,53.41,0.5,0.15,0,0,0,0.0,1.0,1.0,2.0,1.0,0.0,0,0,1,0
1874553,120,False,False,high_block,2034.2931749999998,38.235,53.205,0.0,0.0,0,0,0,0.0,1.0,0.0,1.0,1.0,0.0,0,0,0,1
1874553,121,False,False,medium_block,2118.9152999999997,39.58,53.535,1.0,0.75,0,1,0,0.0,1.0,0.0,2.0,2.0,1.0,1,0,1,0
1874553,122,True,False,medium_block,2294.769,51.08,44.925,1.0,0.9,0,1,0,0.0,1.0,1.0,2.0,2.0,1.0,1,0,1,0
1874553,123,True,False,low_block,1135.3930500000001,35.31,32.155,2.5,1.35,0,1,0,0.0,3.0,4.0,2.0,2.0,1.0,1,1,0,0
1874553,124,False,False,high_block,2567.4173000000005,37.415000000000006,68.62,2.5,1.5,0,1,0,3.0,3.0,0.0,2.0,5.0,4.0,1,0,0,1
1874553,125,False,False,medium_block,2654.1574999999993,39.349999999999994,67.44999999999999,2.3333333333333335,1.5,0,1,0,3.0,5.0,0.0,3.0,5.0,4.0,1,0,1,0
1874553,128,False,False,low_block,822.9551,28.555,28.82,1.5,0.15,0,0,0,0.0,3.0,1.0,2.0,1.0,0.0,0,1,0,0
1874553,129,False,False,high_block,2218.7632500000004,31.405,70.65,3.0,0.0,0,0,0,0.0,2.0,0.0,1.0,1.0,0.0,0,0,0,1
1874553,130,False,False,medium_block,1751.6488,32.105,54.56,0.0,0.44999999999999996,0,0,0,0.0,0.0,3.0,1.0,1.0,0.0,0,0,1,0
1874553,131,False,False,low_block,965.2540750000002,29.935000000000002,32.245000000000005,2.0,0.9,0,1,0,0.0,1.0,1.0,2.0,2.0,1.0,1,1,0,0
1874553,133,True,False,low_block,998.1251,36.995,26.98,2.5,0.75,0,1,0,0.0,1.0,0.0,2.0,2.0,1.0,1,1,0,0
1874553,134,False,False,high_block,2541.225,38.75,65.58,2.0,0.15,0,0,0,0.0,0.0,1.0,2.0,1.0,0.0,0,0,0,1
1874553,135,False,False,medium_block,2128.308,38.980000000000004,54.599999999999994,1.0,0.15,0,0,0,0.0,0.0,1.0,2.0,1.0,0.0,0,0,1,0
1874553,136,False,False,low_block,1236.8168,29.42,42.04,2.0,0.75,0,1,0,0.0,1.0,0.0,2.0,2.0,1.0,1,1,0,0
1874553,137,False,False,high_block,2100.8443500000003,32.67,64.305,1.0,1.4,1,0,0,1.0,1.0,1.0,1.0,3.0,2.0,1,0,0,1
1874553,138,False,False,medium_block,1824.3985500000001,35.295,51.69,1.0,0.3,0,0,0,0.0,0.0,2.0,1.0,1.0,0.0,0,0,1,0
1874553,139,False,False,low_block,1130.3345000000002,31.42,35.975,2.0,1.15,0,1,0,1.0,4.0,1.0,2.0,3.0,2.0,1,1,0,0
1874553,140,False,False,high_block,2310.4686,33.96,68.035,3.0,1.4,0,1,0,2.0,2.0,1.0,1.0,4.0,3.0,1,0,0,1
1874553,141,False,False,medium_block,1933.402625,34.265,56.425,3.0,0.9,0,1,0,0.0,2.0,1.0,1.0,2.0,1.0,1,0,1,0
1874553,142,False,False,low_block,1633.4279999999997,40.035,40.8,3.0,0.75,0,1,0,0.0,2.0,0.0,1.0,2.0,1.0,1,1,0,0
1874553,144,True,False,high_block,2165.0384999999997,35.05,61.769999999999996,2.0,0.25,0,0,0,1.0,1.0,0.0,1.0,2.0,1.0,0,0,0,1
1874553,145,True,False,medium_block,1939.0686999999998,33.98,57.065,0.0,0.44999999999999996,0,0,0,0.0,1.0,3.0,1.0,1.0,0.0,0,0,1,0
1874553,146,True,False,low_block,1658.66745,33.33,49.765,1.5,0.3,0,0,0,0.0,2.0,2.0,3.0,1.0,0.0,0,1,0,0
1874553,148,False,False,medium_block,1207.032,22.8,52.94,1.5,0.75,0,1,0,0.0,1.0,0.0,1.0,2.0,1.0,1,0,1,0
1874553,149,False,False,medium_block,1599.1337999999998,30.669999999999998,52.14,2.6666666666666665,3.05,1,1,0,4.0,5.0,2.0,3.0,7.0,6.0,1,0,1,0
1874553,150,False,False,medium_block,3116.7687499999997,51.25,60.815,3.0,1.25,0,1,0,2.0,3.0,0.0,4.0,4.0,3.0,1,0,1,0
1874553,152,False,False,medium_block,2378.968625,42.845,55.525,1.75,1.25,0,1,0,2.0,3.0,0.0,4.0,4.0,3.0,1,0,1,0
1874553,154,False,False,medium_block,1763.4099999999999,34.85,50.599999999999994,2.0,2.65,1,1,0,3.0,3.0,1.0,2.0,6.0,5.0,1,0,1,0
1874553,155,False,False,medium_block,1910.4093,40.86,46.755,0.5,1.05,0,1,0,0.0,2.0,2.0,2.0,2.0,1.0,1,0,1,0
1874553,156,False,False,low_block,877.0248750000001,28.675,30.585,3.5,1.05,0,1,0,0.0,3.0,2.0,2.0,2.0,1.0,1,1,0,0
1874553,158,False,False,medium_block,1383.0166500000005,34.010000000000005,40.665000000000006,0.0,0.25,0,0,0,1.0,1.0,0.0,2.0,2.0,1.0,0,0,1,0
1874553,159,False,False,low_block,1449.7118999999998,34.26,42.315,0.0,0.0,0,0,0,0.0,0.0,0.0,1.0,1.0,0.0,0,1,0,0
1874553,160,False,False,medium_block,1432.70125,33.85,42.325,2.0,1.2,0,1,0,0.0,1.0,3.0,2.0,2.0,1.0,1,0,1,0
1874553,161,False,False,low_block,1242.4995,29.700000000000003,41.834999999999994,2.0,0.6,0,0,0,0.0,1.0,5.0,2.0,1.0,0.0,0,1,0,0
1874553,162,False,False,medium_block,1660.556,31.69,52.4,2.0,0.75,0,1,0,0.0,1.0,0.0,2.0,2.0,1.0,1,0,1,0
1874553,163,False,False,medium_block,1788.8217,37.004999999999995,48.34,1.5,1.05,0,1,0,0.0,1.0,2.0,2.0,2.0,1.0,1,0,1,0
1874553,164,False,False,low_block,1354.7085,29.65,45.69,1.0,0.9,0,1,0,0.0,1.0,1.0,1.0,2.0,1.0,1,1,0,0
1874553,166,False,False,low_block,1295.132,33.2,39.01,1.3333333333333333,0.75,0,1,0,0.0,3.0,0.0,3.0,2.0,1.0,1,1,0,0
1874553,167,False,False,medium_block,1410.4853999999998,29.88,47.205,3.0,2.3,1,1,0,1.0,2.0,2.0,2.0,4.0,3.0,1,0,1,0
1874553,169,False,False,low_block,1651.112575,39.935,41.345,1.3333333333333333,0.75,0,1,0,0.0,2.0,0.0,3.0,2.0,1.0,1,1,0,0
1874553,170,False,False,medium_block,2281.669,38.155,59.8,2.0,1.55,1,0,0,1.0,1.0,2.0,1.0,3.0,2.0,1,0,1,0
1874553,171,False,False,high_block,2208.7004,36.58,60.38,0.5,1.15,0,1,0,1.0,1.0,1.0,2.0,3.0,2.0,1,0,0,1
1874553,172,False,False,medium_block,2400.0972999999994,39.739999999999995,60.394999999999996,0.0,1.85,1,0,0,1.0,1.0,6.0,1.0,3.0,2.0,1,0,1,0
1874553,173,False,False,low_block,1646.6122500000004,37.775000000000006,43.59,3.0,0.0,0,0,0,0.0,1.0,0.0,1.0,1.0,0.0,0,1,0,0
1874553,174,False,False,low_block,867.5292000000002,28.130000000000003,30.840000000000003,1.5,1.35,0,1,0,0.0,1.0,4.0,2.0,2.0,1.0,1,1,0,0
1874553,180,False,False,medium_block,1810.44115,39.97,45.295,0.0,0.6,0,0,0,0.0,0.0,4.0,1.0,1.0,0.0,0,0,1,0
1874553,181,False,False,medium_block,1349.6595000000002,26.005,51.900000000000006,2.6666666666666665,1.05,0,1,0,0.0,4.0,2.0,3.0,2.0,1.0,1,0,1,0
1874553,187,False,False,medium_block,1438.0955000000001,34.22,42.025000000000006,1.0,0.15,0,0,0,0.0,0.0,1.0,1.0,1.0,0.0,0,0,1,0
1874553,188,False,False,low_block,1360.2745,35.47,38.35,1.0,0.15,0,0,0,0.0,0.0,1.0,1.0,1.0,0.0,0,1,0,0
1874553,189,False,False,medium_block,1305.0015749999998,34.565,37.754999999999995,2.0,0.75,0,1,0,0.0,4.0,0.0,3.0,2.0,1.0,1,0,1,0
1874553,190,False,False,low_block,1234.8763999999999,33.08,37.33,2.0,0.75,0,1,0,0.0,4.0,0.0,3.0,2.0,1.0,1,1,0,0
1874553,194,False,False,high_block,1585.7784000000001,28.32,55.995000000000005,0.0,0.15,0,0,0,0.0,0.0,1.0,1.0,1.0,0.0,0,0,0,1
1874553,195,False,False,medium_block,1967.2248749999999,37.065,53.075,0.5,0.15,0,0,0,0.0,1.0,1.0,2.0,1.0,0.0,0,0,1,0
1874553,197,False,False,medium_block,1349.07325,23.975,56.269999999999996,3.0,0.75,0,1,0,0.0,4.0,0.0,3.0,2.0,1.0,1,0,1,0
1874553,199,False,False,medium_block,1230.259425,30.985,39.705,0.0,0.3,0,0,0,0.0,1.0,2.0,1.0,1.0,0.0,0,0,1,0
1874553,200,False,False,low_block,1106.4672,29.84,37.08,1.0,0.3,0,0,0,0.0,1.0,2.0,1.0,1.0,0.0,0,1,0,0
1874553,201,False,False,medium_block,1052.2469999999998,28.15,37.379999999999995,1.0,1.05,0,1,0,0.0,1.0,2.0,2.0,2.0,1.0,1,0,1,0
1874553,202,False,False,low_block,1241.016,33.6,36.935,1.0,1.05,0,1,0,0.0,1.0,2.0,2.0,2.0,1.0,1,1,0,0
1874553,204,True,False,low_block,666.3552,26.88,24.79,2.0,0.0,0,0,0,0.0,3.0,0.0,1.0,1.0,0.0,0,1,0,0
1874553,205,False,False,medium_block,,,,1.5,0.0,0,0,0,0.0,0.0,0.0,1.0,1.0,0.0,0,0,1,0
1874553,209,False,False,medium_block,2120.92335,36.015,58.89,2.5,1.05,0,1,0,0.0,0.0,2.0,4.0,2.0,1.0,1,0,1,0
1874553,211,False,False,medium_block,2009.8044249999998,41.155,48.834999999999994,0.0,0.65,0,0,0,2.0,2.0,1.0,2.0,3.0,2.0,0,0,1,0
1874553,215,False,False,medium_block,1481.50725,31.555,46.95,1.0,1.35,0,1,0,0.0,0.0,4.0,2.0,2.0,1.0,1,0,1,0
1874553,216,False,False,low_block,1163.8,29.095,40.0,1.0,1.2,0,1,0,0.0,0.0,3.0,2.0,2.0,1.0,1,1,0,0
1874553,220,True,False,high_block,1955.56365,34.435,56.79,0.5,0.15,0,0,0,0.0,0.0,1.0,2.0,1.0,0.0,0,0,0,1
1874553,221,True,False,medium_block,2021.0176000000001,35.84,56.39,1.0,0.6,0,0,0,0.0,0.0,5.0,2.0,1.0,0.0,0,0,1,0
1874553,222,True,False,low_block,1180.92785,31.69,37.265,2.0,0.9,0,1,0,0.0,4.0,1.0,3.0,2.0,1.0,1,1,0,0
1874553,224,False,False,low_block,748.8181000000001,29.78,25.145000000000003,2.75,0.9,0,1,0,0.0,5.0,1.0,4.0,2.0,1.0,1,1,0,0
1874553,226,True,False,medium_block,1949.9205000000002,32.45,60.09,1.0,2.4,1,1,0,2.0,2.0,1.0,2.0,5.0,4.0,1,0,1,0
1874553,227,True,False,high_block,2073.0335999999998,35.16,58.96,1.5,1.4,0,1,0,2.0,2.0,1.0,2.0,4.0,3.0,1,0,0,1
1874553,228,True,False,medium_block,1827.84965,29.755000000000003,61.43,1.5,2.85,1,1,0,2.0,2.0,7.0,2.0,5.0,4.0,1,0,1,0
1874553,229,True,False,low_block,1289.7985999999999,22.884999999999998,56.36,2.0,0.3,0,0,0,0.0,2.0,2.0,1.0,1.0,0.0,0,1,0,0
1874553,230,False,False,high_block,2672.4357000000005,39.105000000000004,68.34,0.0,0.0,0,0,0,0.0,1.0,0.0,1.0,1.0,0.0,0,0,0,1
1874553,231,False,False,medium_block,2734.403,40.39,67.69999999999999,0.0,0.0,0,0,0,0.0,1.0,0.0,1.0,1.0,0.0,0,0,1,0
1874553,232,False,False,medium_block,1603.830375,37.715,42.525,2.0,1.4,1,0,0,1.0,2.0,1.0,2.0,3.0,2.0,1,0,1,0
1874553,233,False,False,high_block,3207.86085,51.105000000000004,62.769999999999996,2.5,1.25,0,1,0,2.0,2.0,0.0,2.0,4.0,3.0,1,0,0,1
1874553,234,False,False,medium_block,2908.1213999999995,47.16,61.665,3.0,1.0,0,1,0,1.0,1.0,0.0,1.0,3.0,2.0,1,0,1,0
1874553,237,False,False,medium_block,1585.8093000000001,33.555,47.260000000000005,1.0,0.75,0,1,0,0.0,1.0,0.0,2.0,2.0,1.0,1,0,1,0
1874553,240,True,False,medium_block,2672.2072000000003,46.28,57.74,3.0,1.35,0,1,0,0.0,1.0,4.0,1.0,2.0,1.0,1,0,1,0
1874553,241,True,False,low_block,1649.0084500000003,36.230000000000004,45.515,3.5,0.75,0,1,0,0.0,3.0,0.0,2.0,2.0,1.0,1,1,0,0
1874553,243,False,False,medium_block,1929.4178,37.879999999999995,50.935,1.0,0.44999999999999996,0,0,0,0.0,1.0,3.0,1.0,1.0,0.0,0,0,1,0
1874553,244,False,False,high_block,2076.9252,38.235,54.32,1.0,0.44999999999999996,0,0,0,0.0,1.0,3.0,2.0,1.0,0.0,0,0,0,1
1874553,245,False,False,medium_block,2121.7427500000003,38.725,54.790000000000006,0.5,1.9,1,0,0,3.0,4.0,1.0,2.0,5.0,4.0,1,0,1,0
1874553,248,False,False,medium_block,2018.4255,40.95,49.29,1.0,2.4,1,0,1,2.0,2.0,1.0,2.0,4.0,3.0,1,0,1,0
1874553,249,False,False,high_block,3343.42735,48.769999999999996,68.555,2.5,2.55,1,0,1,2.0,2.0,2.0,2.0,4.0,3.0,1,0,0,1
1874553,251,False,False,medium_block,2453.8625,36.02,68.125,3.0,0.75,0,1,0,0.0,1.0,0.0,2.0,2.0,1.0,1,0,1,0
1874553,254,False,False,medium_block,977.04,24.0,40.71,3.0,0.9,0,1,0,0.0,3.0,1.0,2.0,2.0,1.0,1,0,1,0
1874553,255,False,False,low_block,1092.65345,28.91,37.795,0.3333333333333333,0.0,0,0,0,0.0,2.0,0.0,3.0,1.0,0.0,0,1,0,0
1874553,256,False,False,medium_block,1177.132,34.1,34.52,0.0,0.15,0,0,0,0.0,3.0,1.0,2.0,1.0,0.0,0,0,1,0
1874553,257,False,False,low_block,1026.8733750000001,31.075000000000003,33.045,1.0,1.2,0,1,0,0.0,1.0,3.0,2.0,2.0,1.0,1,1,0,0
1874553,259,False,False,low_block,777.32485,33.665,23.09,3.0,0.15,0,0,0,0.0,1.0,1.0,1.0,1.0,0.0,0,1,0,0
1874553,260,False,False,low_block,862.219175,32.555,26.485,0.0,0.15,0,0,0,0.0,1.0,1.0,1.0,1.0,0.0,0,1,0,0
1874553,261,False,False,medium_block,1212.738275,35.455,34.205,0.0,0.15,0,0,0,0.0,1.0,1.0,2.0,1.0,0.0,0,0,1,0
1874553,262,False,False,low_block,1067.148675,36.095,29.564999999999998,0.0,0.15,0,0,0,0.0,0.0,1.0,2.0,1.0,0.0,0,1,0,0
1874553,263,False,False,high_block,3164.2348500000003,48.405,65.37,2.0,1.95,1,0,0,2.0,2.0,3.0,2.0,4.0,3.0,1,0,0,1
1874553,264,False,False,medium_block,2668.47145,41.33,64.565,2.0,1.7,1,0,0,1.0,1.0,3.0,2.0,3.0,2.0,1,0,1,0
1874553,265,False,False,low_block,2125.8831,45.42,46.805,2.0,0.75,0,1,0,0.0,2.0,0.0,1.0,2.0,1.0,1,1,0,0
1874553,266,False,False,medium_block,1503.3232500000001,35.31,42.575,1.6666666666666667,1.3,0,1,0,1.0,2.0,2.0,3.0,3.0,2.0,1,0,1,0
1874553,267,False,False,low_block,842.5874,25.595,32.92,2.5,0.3,0,0,0,0.0,4.0,2.0,2.0,1.0,0.0,0,1,0,0
1874553,269,False,False,medium_block,1459.9493000000002,33.905,43.06,2.0,0.3,0,0,0,0.0,2.0,2.0,1.0,1.0,0.0,0,0,1,0
1874553,270,False,False,low_block,1326.8345250000002,33.595,39.495000000000005,2.3333333333333335,1.2,0,1,0,0.0,4.0,3.0,3.0,2.0,1.0,1,1,0,0
1874553,273,False,False,high_block,2873.085,48.45,59.3,1.5,0.25,0,0,0,1.0,1.0,0.0,2.0,2.0,1.0,0,0,0,1
1874553,274,False,False,medium_block,2347.428375,40.275,58.285,1.5,0.25,0,0,0,1.0,1.0,0.0,2.0,2.0,1.0,0,0,1,0
1874553,275,False,False,medium_block,1335.72635,27.79,48.065,2.5,3.1,1,1,0,3.0,3.0,7.0,2.0,6.0,5.0,1,0,1,0
1874553,276,False,False,low_block,957.24375,23.75,40.305,1.0,0.6,0,0,0,0.0,0.0,6.0,1.0,1.0,0.0,0,1,0,0
1874553,278,True,False,medium_block,1121.4012,27.73,40.44,1.5,2.55,1,1,0,2.0,2.0,2.0,2.0,5.0,4.0,1,0,1,0
1874553,279,True,False,low_block,1001.4107999999998,27.909999999999997,35.879999999999995,0.0,0.0,0,0,0,0.0,0.0,0.0,2.0,1.0,0.0,0,1,0,0
1874553,280,True,False,medium_block,1181.261,36.235,32.6,0.0,0.0,0,0,0,0.0,0.0,0.0,2.0,1.0,0.0,0,0,1,0
1874553,281,True,False,low_block,895.3555,29.945,29.9,4.0,0.75,0,1,0,0.0,1.0,0.0,1.0,2.0,1.0,1,1,0,0
1874553,282,False,False,high_block,2730.7939999999994,38.224999999999994,71.44,1.5,0.0,0,0,0,0.0,1.0,0.0,1.0,1.0,0.0,0,0,0,1
1874553,283,False,False,medium_block,1506.4149,26.795,56.22,3.0,1.2,0,1,0,0.0,3.0,3.0,4.0,2.0,1.0,1,0,1,0
1874553,284,True,True,medium_block,1574.3855250000001,32.485,48.465,1.6666666666666667,1.55,0,1,0,2.0,4.0,2.0,3.0,4.0,3.0,1,0,1,0
1874553,285,True,True,low_block,1295.9878500000002,28.755000000000003,45.07,3.0,0.9,0,1,0,0.0,2.0,1.0,2.0,2.0,1.0,1,1,0,0
1874553,286,False,False,medium_block,1921.0528,40.64,47.269999999999996,0.0,0.15,0,0,0,0.0,1.0,1.0,1.0,1.0,0.0,0,0,1,0
1874553,288,False,False,high_block,2861.7169999999996,46.974999999999994,60.92,0.0,0.25,0,0,0,1.0,1.0,0.0,1.0,2.0,1.0,0,0,0,1
1874553,289,False,False,medium_block,2271.76865,40.07,56.695,0.6666666666666666,2.8,1,1,0,3.0,3.0,2.0,3.0,6.0,5.0,1,0,1,0
1874553,291,False,False,high_block,2608.816875,42.375,61.565,2.0,2.9,1,1,0,4.0,4.0,1.0,2.0,7.0,6.0,1,0,0,1
1874553,292,False,False,medium_block,1815.2718749999997,29.625,61.27499999999999,2.0,1.0,0,1,0,1.0,2.0,0.0,1.0,3.0,2.0,1,0,1,0
1874553,293,False,False,medium_block,2423.685,43.67,55.5,1.5,1.0,0,1,0,1.0,2.0,0.0,2.0,3.0,2.0,1,0,1,0
1874553,294,False,False,high_block,2189.6784,38.989999999999995,56.16,0.5,0.75,0,1,0,0.0,1.0,0.0,2.0,2.0,1.0,1,0,0,1
1874553,295,False,False,medium_block,1613.82245,32.915,49.03,1.5,0.44999999999999996,0,0,0,0.0,1.0,3.0,2.0,1.0,0.0,0,0,1,0
1874553,296,False,False,low_block,1242.2790000000002,28.46,43.650000000000006,2.0,0.3,0,0,0,0.0,1.0,2.0,1.0,1.0,0.0,0,1,0,0
1874553,297,False,False,medium_block,1943.5136,31.84,61.04,1.5,0.0,0,0,0,0.0,0.0,0.0,1.0,1.0,0.0,0,0,1,0
1874553,300,True,False,low_block,886.3073249999999,33.065,26.805,2.0,0.15,0,0,0,0.0,2.0,1.0,1.0,1.0,0.0,0,1,0,0
1874553,301,False,False,high_block,2664.012875,40.925,65.095,2.0,2.8,1,1,0,3.0,3.0,2.0,2.0,6.0,5.0,1,0,0,1
1874553,302,False,False,medium_block,2529.6459999999997,40.4,62.614999999999995,3.0,0.25,0,0,0,1.0,1.0,0.0,1.0,2.0,1.0,0,0,1,0
1874553,305,False,False,medium_block,1188.03555,27.990000000000002,42.445,2.3333333333333335,3.1,1,1,0,3.0,3.0,5.0,3.0,6.0,5.0,1,0,1,0
1874553,306,False,False,low_block,1210.8749,31.689999999999998,38.21,2.0,0.0,0,0,0,0.0,1.0,0.0,1.0,1.0,0.0,0,1,0,0
1874553,307,False,False,medium_block,2321.3041749999998,39.155,59.285,1.0,1.45,0,1,0,1.0,3.0,3.0,2.0,3.0,2.0,1,0,1,0
1874553,309,False,False,medium_block,2274.99275,42.11,54.025,0.0,1.85,1,0,0,1.0,2.0,5.0,1.0,3.0,2.0,1,0,1,0
1874553,310,False,False,low_block,2170.375075,45.155,48.065,4.0,0.44999999999999996,0,0,0,0.0,1.0,3.0,1.0,1.0,0.0,0,1,0,0
1874553,311,False,False,low_block,1077.96285,34.269999999999996,31.455,2.0,0.75,0,1,0,0.0,4.0,0.0,2.0,2.0,1.0,1,1,0,0
1874553,313,True,False,low_block,1189.3825749999999,32.635,36.445,1.6666666666666667,0.3,0,0,0,0.0,4.0,2.0,3.0,1.0,0.0,0,1,0,0
1874553,314,True,False,medium_block,1281.2013750000003,32.325,39.635000000000005,1.5,1.2,0,1,0,0.0,3.0,3.0,2.0,2.0,1.0,1,0,1,0
1874553,315,True,False,low_block,1318.9492500000003,33.370000000000005,39.525000000000006,2.0,0.6,0,0,0,0.0,1.0,4.0,2.0,1.0,0.0,0,1,0,0
1874553,316,False,False,high_block,3041.9245499999997,41.035,74.13,1.5,0.0,0,0,0,0.0,1.0,0.0,1.0,1.0,0.0,0,0,0,1
1874553,319,False,False,medium_block,2472.58275,42.015,58.85,1.6666666666666667,1.5,0,1,0,3.0,4.0,0.0,3.0,5.0,4.0,1,0,1,0
1874553,320,False,False,high_block,2330.628,40.575,57.44,0.5,2.05,1,0,0,3.0,3.0,2.0,2.0,5.0,4.0,1,0,0,1
1874553,321,False,False,medium_block,2393.129475,37.935,63.085,2.5,1.7,1,0,0,1.0,3.0,3.0,2.0,3.0,2.0,1,0,1,0
1874553,322,False,False,low_block,1763.8087249999999,29.365,60.065,3.0,0.44999999999999996,0,0,0,0.0,2.0,3.0,1.0,1.0,0.0,0,1,0,0
1874553,324,False,False,high_block,2373.03045,39.465,60.129999999999995,0.6666666666666666,1.4,0,1,0,2.0,2.0,1.0,3.0,4.0,3.0,1,0,0,1
1874553,325,False,False,medium_block,2235.5444249999996,42.065,53.144999999999996,2.6666666666666665,1.2,0,1,0,0.0,2.0,3.0,3.0,2.0,1.0,1,0,1,0
1874553,329,False,False,medium_block,1715.442575,37.345,45.935,0.0,0.15,0,0,0,0.0,2.0,1.0,1.0,1.0,0.0,0,0,1,0
1874553,330,False,False,low_block,1371.63915,36.33,37.755,0.0,0.44999999999999996,0,0,0,0.0,2.0,3.0,1.0,1.0,0.0,0,1,0,0
1874553,333,False,False,medium_block,1424.864875,34.825,40.915,3.0,2.4,1,1,0,2.0,2.0,1.0,1.0,5.0,4.0,1,0,1,0
1874553,334,False,False,medium_block,1585.8999,30.46,52.065,1.5,0.0,0,0,0,0.0,1.0,0.0,0.0,1.0,0.0,0,0,1,0
1874553,335,False,False,high_block,2708.0069499999995,41.41,65.395,3.0,1.2,0,1,0,0.0,2.0,3.0,2.0,2.0,1.0,1,0,0,1
1874553,336,False,False,medium_block,3552.9628749999993,48.455,73.32499999999999,3.0,1.2,0,1,0,0.0,2.0,3.0,2.0,2.0,1.0,1,0,1,0
1874553,337,False,False,high_block,2770.5674,43.535,63.64,1.0,0.75,0,1,0,0.0,0.0,0.0,1.0,2.0,1.0,1,0,0,1
1874553,338,False,False,medium_block,2230.62575,41.35,53.945,2.0,0.15,0,0,0,0.0,2.0,1.0,2.0,1.0,0.0,0,0,1,0
1874553,339,True,False,medium_block,2044.5054499999999,43.565,46.93,3.0,2.6,1,1,0,1.0,4.0,4.0,2.0,4.0,3.0,1,0,1,0
1874553,340,True,False,low_block,1137.7327500000001,26.865000000000002,42.35,1.0,1.05,0,1,0,0.0,0.0,2.0,2.0,2.0,1.0,1,1,0,0
1874553,341,False,False,high_block,2428.8883,42.53,57.11,1.5,0.0,0,0,0,0.0,1.0,0.0,1.0,1.0,0.0,0,0,0,1
1874553,347,False,False,high_block,2303.99925,37.555,61.349999999999994,1.5,1.25,0,1,0,2.0,2.0,0.0,2.0,4.0,3.0,1,0,0,1
1874553,348,False,False,medium_block,1812.4703999999997,36.66,49.44,3.0,0.9,0,1,0,0.0,3.0,1.0,1.0,2.0,1.0,1,0,1,0
1874553,349,False,False,low_block,1675.0585,33.7,49.705,2.5,0.9,0,1,0,0.0,4.0,1.0,2.0,2.0,1.0,1,1,0,0
1874553,351,False,False,medium_block,2371.2225,44.53,53.25,0.5,0.75,0,1,0,0.0,1.0,0.0,2.0,2.0,1.0,1,0,1,0
1874553,352,False,False,high_block,2327.6286,43.56,53.435,0.5,1.95,1,0,0,2.0,2.0,3.0,2.0,4.0,3.0,1,0,0,1
1874553,354,False,False,high_block,1965.46105,34.79,56.495,0.0,0.55,0,0,0,1.0,1.0,2.0,1.0,2.0,1.0,0,0,0,1
1874553,355,False,False,medium_block,1756.611125,35.185,49.925,2.0,2.9,1,1,0,5.0,6.0,1.0,4.0,8.0,7.0,1,0,1,0
1874553,357,False,False,high_block,2318.2176,36.16,64.11,0.0,0.0,0,0,0,0.0,0.0,0.0,2.0,1.0,0.0,0,0,0,1
1874553,358,False,False,medium_block,2133.7515750000002,40.195,53.085,0.0,0.0,0,0,0,0.0,0.0,0.0,1.0,1.0,0.0,0,0,1,0
1874553,359,False,False,medium_block,1849.4497,34.37,53.81,2.0,1.05,0,1,0,0.0,2.0,2.0,2.0,2.0,1.0,1,0,1,0
1874553,360,False,False,low_block,1469.384975,29.485,49.835,2.0,0.9,0,1,0,0.0,3.0,1.0,1.0,2.0,1.0,1,1,0,0
1874553,362,False,False,high_block,2418.2472,38.96,62.06999999999999,2.0,1.9,1,0,0,3.0,3.0,1.0,2.0,5.0,4.0,1,0,0,1
1874553,363,False,False,medium_block,2607.7126000000003,44.120000000000005,59.105000000000004,2.0,1.25,0,1,0,2.0,3.0,0.0,3.0,4.0,3.0,1,0,1,0
1874553,366,False,False,medium_block,2114.691125,44.675,47.335,0.0,0.15,0,0,0,0.0,1.0,1.0,1.0,1.0,0.0,0,0,1,0
1874553,367,False,False,low_block,1647.01215,35.91,45.865,1.6666666666666667,1.05,0,1,0,0.0,3.0,2.0,3.0,2.0,1.0,1,1,0,0
1874553,368,False,False,high_block,2673.5915499999996,43.254999999999995,61.81,1.0,1.0,0,1,0,1.0,1.0,0.0,2.0,3.0,2.0,1,0,0,1
1874553,369,False,False,medium_block,2041.9851749999996,40.035,51.004999999999995,1.0,1.85,1,0,0,1.0,1.0,5.0,1.0,3.0,2.0,1,0,1,0
1874553,370,False,False,low_block,1284.1659,30.509999999999998,42.09,2.5,0.6,0,0,0,0.0,3.0,4.0,2.0,1.0,0.0,0,1,0,0
1874553,372,True,False,low_block,893.4119999999998,24.9,35.879999999999995,3.0,0.75,0,1,0,0.0,1.0,0.0,2.0,2.0,1.0,1,1,0,0
1874553,375,False,False,medium_block,1491.5317499999999,30.05,49.635,0.0,0.5,0,0,0,2.0,2.0,0.0,2.0,3.0,2.0,0,0,1,0
1874553,376,False,False,high_block,2117.31,36.6,57.85,0.0,0.65,0,0,0,2.0,2.0,1.0,2.0,3.0,2.0,0,0,0,1
1874553,378,True,False,medium_block,2239.8339,46.335,48.34,1.0,2.1,1,0,0,2.0,2.0,5.0,2.0,4.0,3.0,1,0,1,0
1874553,379,True,False,low_block,1241.1574999999998,33.275,37.3,3.0,0.9,0,1,0,0.0,2.0,1.0,2.0,2.0,1.0,1,1,0,0
1874553,380,False,False,medium_block,994.8862,29.645,33.56,0.5,0.0,0,0,0,0.0,0.0,0.0,3.0,1.0,0.0,0,0,1,0
1874553,381,False,False,low_block,1209.5421000000001,33.995000000000005,35.58,1.0,0.0,0,0,0,0.0,1.0,0.0,2.0,1.0,0.0,0,1,0,0
1874553,382,False,False,high_block,2449.1142,40.254999999999995,60.84,0.0,1.65,1,0,0,2.0,2.0,1.0,1.0,4.0,3.0,1,0,0,1
1874553,383,False,False,medium_block,1793.4843000000003,33.42,53.665000000000006,3.5,0.3,0,0,0,0.0,2.0,2.0,2.0,1.0,0.0,0,0,1,0
1874553,387,False,False,medium_block,1544.296,32.24,47.9,2.0,2.15,0,1,1,2.0,2.0,1.0,1.0,4.0,3.0,1,0,1,0
1874553,388,False,False,medium_block,,,,1.5,0.0,0,0,0,0.0,0.0,0.0,0.0,1.0,0.0,0,0,1,0
1874553,389,False,False,low_block,1945.35145,36.505,53.29,2.0,0.15,0,0,0,0.0,1.0,1.0,2.0,1.0,0.0,0,1,0,0
1874553,390,False,False,medium_block,1538.4642,34.58,44.49,0.5,2.8,1,1,0,3.0,3.0,2.0,2.0,6.0,5.0,1,0,1,0
1874553,391,False,False,high_block,2004.1608,33.52,59.79,0.0,0.25,0,0,0,1.0,1.0,0.0,1.0,2.0,1.0,0,0,0,1
1874553,393,False,False,medium_block,2188.1485500000003,39.165,55.870000000000005,0.5,0.3,0,0,0,0.0,1.0,2.0,2.0,1.0,0.0,0,0,1,0
1874553,394,False,False,low_block,1595.0572,34.54,46.18,2.0,0.15,0,0,0,0.0,2.0,1.0,1.0,1.0,0.0,0,1,0,0
1874553,395,False,False,medium_block,1554.355075,32.305,48.115,1.5,0.0,0,0,0,0.0,0.0,0.0,1.0,1.0,0.0,0,0,1,0
1874553,399,True,False,medium_block,2270.6456000000003,37.42,60.68,1.0,1.35,0,1,0,0.0,1.0,4.0,1.0,2.0,1.0,1,0,1,0
1874553,400,True,False,low_block,1729.480125,30.175,57.315,2.5,1.35,0,1,0,0.0,0.0,4.0,2.0,2.0,1.0,1,1,0,0
1874553,401,False,False,high_block,2124.04215,32.295,65.77000000000001,1.5,0.0,0,0,0,0.0,0.0,0.0,1.0,1.0,0.0,0,0,0,1
1874553,404,False,False,medium_block,1501.5794999999998,36.099999999999994,41.595,0.0,0.0,0,0,0,0.0,1.0,0.0,1.0,1.0,0.0,0,0,1,0
1874553,407,False,False,high_block,2552.78685,38.31,66.63499999999999,0.0,0.15,0,0,0,0.0,1.0,1.0,1.0,1.0,0.0,0,0,0,1
1874553,408,False,False,medium_block,2479.7272500000004,40.370000000000005,61.425,0.0,0.15,0,0,0,0.0,1.0,1.0,1.0,1.0,0.0,0,0,1,0
1874553,412,False,False,low_block,1285.4925,30.07,42.75,2.0,0.0,0,0,0,0.0,2.0,0.0,1.0,1.0,0.0,0,1,0,0
1874553,414,False,False,low_block,1204.917,38.010000000000005,31.699999999999996,1.5,0.0,0,0,0,0.0,0.0,0.0,0.0,1.0,0.0,0,1,0,0
1874553,415,False,False,high_block,2584.7913,38.91,66.43,0.0,0.15,0,0,0,0.0,1.0,1.0,1.0,1.0,0.0,0,0,0,1
1874553,416,False,False,medium_block,2353.6710000000003,40.275000000000006,58.44,0.0,0.15,0,0,0,0.0,1.0,1.0,1.0,1.0,0.0,0,0,1,0
1874553,418,False,False,medium_block,1905.4891,35.69,53.39,0.0,0.15,0,0,0,0.0,1.0,1.0,1.0,1.0,0.0,0,0,1,0
1874553,419,False,False,low_block,1421.1268499999999,30.115,47.19,2.0,0.15,0,0,0,0.0,2.0,1.0,1.0,1.0,0.0,0,1,0,0
1886347,0,False,False,medium_block,1600.9704000000002,33.84,47.31,0.5,2.7,1,0,1,2.0,2.0,3.0,2.0,4.0,3.0,1,0,1,0
1886347,2,False,False,high_block,1772.478525,33.855,52.355000000000004,0.0,0.15,0,0,0,0.0,1.0,1.0,1.0,1.0,0.0,0,0,0,1
1886347,3,False,False,medium_block,1981.52955,37.765,52.47,2.5,0.0,0,0,0,0.0,2.0,0.0,2.0,1.0,0.0,0,0,1,0
1886347,5,False,False,low_block,1613.483325,31.985,50.445,3.0,0.3,0,0,0,0.0,1.0,2.0,3.0,1.0,0.0,0,1,0,0
1886347,6,False,False,medium_block,2515.1029,34.66,72.565,0.0,0.0,0,0,0,0.0,1.0,0.0,1.0,1.0,0.0,0,0,1,0
1886347,9,False,False,medium_block,1545.2784,28.68,53.879999999999995,2.6666666666666665,2.5,0,1,1,4.0,5.0,0.0,3.0,6.0,5.0,1,0,1,0
1886347,11,True,False,low_block,994.6588999999999,27.53,36.129999999999995,1.0,1.05,0,1,0,0.0,2.0,2.0,3.0,2.0,1.0,1,1,0,0
1886347,12,True,False,medium_block,1226.6287499999999,32.25,38.035,0.6666666666666666,1.95,1,0,0,2.0,3.0,3.0,3.0,4.0,3.0,1,0,1,0
1886347,13,True,False,low_block,1398.0139249999997,36.785,38.004999999999995,1.0,1.85,1,0,0,1.0,3.0,4.0,2.0,3.0,2.0,1,1,0,0
1886347,14,True,False,medium_block,1907.4977500000002,40.715,46.85,1.0,0.5,0,0,0,2.0,2.0,0.0,2.0,3.0,2.0,0,0,1,0
1886347,15,True,False,high_block,2651.4516000000003,46.480000000000004,57.045,1.3333333333333333,2.65,1,1,0,3.0,3.0,1.0,3.0,6.0,5.0,1,0,0,1
1886347,16,True,False,medium_block,2472.3761999999997,41.455,59.64,1.5,2.55,1,1,0,2.0,2.0,2.0,2.0,5.0,4.0,1,0,1,0
1886347,17,True,False,high_block,1895.3192500000002,31.615000000000002,59.95,2.0,2.8,1,1,0,3.0,4.0,2.0,3.0,6.0,5.0,1,0,0,1
1886347,18,True,False,medium_block,1566.36465,26.990000000000002,58.035,2.5,1.05,0,1,0,0.0,3.0,2.0,2.0,2.0,1.0,1,0,1,0
1886347,19,True,False,low_block,1243.1050500000001,24.81,50.105000000000004,2.0,1.05,0,1,0,0.0,3.0,2.0,3.0,2.0,1.0,1,1,0,0
1886347,20,False,False,high_block,1935.602,30.53,63.4,2.5,0.0,0,0,0,0.0,3.0,0.0,2.0,1.0,0.0,0,0,0,1
1886347,21,False,False,medium_block,2019.7136250000005,33.525000000000006,60.245000000000005,3.0,0.75,0,1,0,0.0,3.0,0.0,2.0,2.0,1.0,1,0,1,0
1886347,23,False,False,high_block,2509.0071,37.11,67.61,3.0,0.0,0,0,0,0.0,3.0,0.0,2.0,1.0,0.0,0,0,0,1
1886347,24,False,False,low_block,1419.3774000000003,35.56,39.915000000000006,1.0,0.3,0,0,0,0.0,3.0,2.0,2.0,1.0,0.0,0,1,0,0
1886347,25,False,False,medium_block,1416.2677,32.42,43.685,1.0,0.8,0,0,0,2.0,2.0,2.0,2.0,3.0,2.0,0,0,1,0
1886347,26,False,False,high_block,1618.2552750000002,31.395000000000003,51.545,0.0,0.65,0,0,0,2.0,3.0,1.0,2.0,3.0,2.0,0,0,0,1
1886347,27,False,False,medium_block,1793.4644999999998,32.65,54.93,1.0,3.05,1,1,0,4.0,5.0,2.0,3.0,7.0,6.0,1,0,1,0
1886347,28,False,False,high_block,1929.6837,32.585,59.22,1.0,0.6,0,0,0,0.0,1.0,5.0,1.0,1.0,0.0,0,0,0,1
1886347,29,False,False,medium_block,1816.4705000000001,32.495,55.900000000000006,2.0,0.3,0,0,0,0.0,0.0,2.0,1.0,1.0,0.0,0,0,1,0
1886347,30,False,False,low_block,1794.72395,36.43,49.265,2.0,0.3,0,0,0,0.0,0.0,2.0,1.0,1.0,0.0,0,1,0,0
1886347,32,False,False,low_block,1367.6918,30.79,44.42,3.0,1.4,0,1,0,2.0,5.0,1.0,3.0,4.0,3.0,1,1,0,0
1886347,33,False,False,medium_block,1185.1235000000001,28.54,41.525000000000006,2.75,1.75,0,1,0,5.0,5.0,0.0,4.0,7.0,6.0,1,0,1,0
1886347,34,False,False,low_block,1197.2973,29.91,40.03,3.0,0.75,0,1,0,0.0,3.0,0.0,2.0,2.0,1.0,1,1,0,0
1886347,35,False,False,medium_block,1303.8792,30.810000000000002,42.32,3.0,0.75,0,1,0,0.0,3.0,0.0,2.0,2.0,1.0,1,0,1,0
1886347,37,False,False,medium_block,1753.8763999999999,32.98,53.18,3.0,0.9,0,1,0,0.0,3.0,1.0,2.0,2.0,1.0,1,0,1,0
1886347,40,False,False,medium_block,1679.6295,29.98,56.025,1.0,0.15,0,0,0,0.0,1.0,1.0,1.0,1.0,0.0,0,0,1,0
1886347,41,False,False,high_block,2180.192625,36.075,60.435,1.5,0.3,0,0,0,0.0,1.0,2.0,2.0,1.0,0.0,0,0,0,1
1886347,43,False,False,medium_block,2423.52825,38.349999999999994,63.19500000000001,4.0,0.75,0,1,0,0.0,3.0,0.0,2.0,2.0,1.0,1,0,1,0
1886347,45,True,False,medium_block,2106.322125,38.595,54.575,2.5,1.35,0,1,0,0.0,5.0,6.0,2.0,2.0,1.0,1,0,1,0
1886347,46,True,False,low_block,1509.355125,28.725,52.545,2.5,1.35,0,1,0,0.0,4.0,6.0,2.0,2.0,1.0,1,1,0,0
1886347,47,False,False,high_block,1990.6986000000002,29.37,67.78,2.6666666666666665,2.9,1,1,0,4.0,5.0,1.0,4.0,7.0,6.0,1,0,0,1
1886347,48,False,False,medium_block,1850.6655749999998,29.285,63.19499999999999,0.0,0.6,0,0,0,0.0,0.0,4.0,1.0,1.0,0.0,0,0,1,0
1886347,49,False,False,low_block,1430.3645999999999,25.619999999999997,55.83,1.0,1.35,0,1,0,0.0,1.0,4.0,3.0,2.0,1.0,1,1,0,0
1886347,51,False,False,low_block,1220.0067000000001,33.66,36.245000000000005,4.0,1.0,0,1,0,1.0,1.0,0.0,1.0,3.0,2.0,1,1,0,0
1886347,52,False,False,medium_block,1270.7097,33.59,37.83,2.6666666666666665,1.5,0,1,0,3.0,3.0,0.0,3.0,5.0,4.0,1,0,1,0
1886347,53,False,False,high_block,2346.6688,37.415,62.72,2.0,0.0,0,0,0,0.0,1.0,0.0,1.0,1.0,0.0,0,0,0,1
1886347,54,False,False,medium_block,,,,1.5,0.0,0,0,0,0.0,1.0,0.0,0.0,1.0,0.0,0,0,1,0
1886347,55,False,False,low_block,1105.1030250000001,28.195,39.195,2.0,0.9,0,1,0,0.0,2.0,1.0,3.0,2.0,1.0,1,1,0,0
1886347,56,False,False,medium_block,1671.019875,35.235,47.425,3.0,0.0,0,0,0,0.0,1.0,0.0,1.0,1.0,0.0,0,0,1,0
1886347,60,False,False,medium_block,1823.8464,30.72,59.37,1.0,0.44999999999999996,0,0,0,0.0,0.0,3.0,1.0,1.0,0.0,0,0,1,0
1886347,61,False,False,low_block,1766.6667499999999,30.805,57.349999999999994,1.0,0.44999999999999996,0,0,0,0.0,1.0,3.0,1.0,1.0,0.0,0,1,0,0
1886347,63,False,False,low_block,1118.788425,29.215,38.295,2.5,0.75,0,1,0,0.0,4.0,0.0,2.0,2.0,1.0,1,1,0,0
1886347,64,False,False,medium_block,1365.7583250000002,33.685,40.545,0.3333333333333333,0.44999999999999996,0,0,0,0.0,1.0,3.0,3.0,1.0,0.0,0,0,1,0
1886347,65,False,False,low_block,1354.8120249999997,33.985,39.864999999999995,0.0,0.3,0,0,0,0.0,1.0,2.0,2.0,1.0,0.0,0,1,0,0
1886347,66,False,False,medium_block,1275.6100999999999,32.38,39.394999999999996,0.0,0.0,0,0,0,0.0,2.0,0.0,2.0,1.0,0.0,0,0,1,0
1886347,67,False,False,low_block,1463.616,34.650000000000006,42.239999999999995,2.0,1.0,0,1,0,1.0,3.0,0.0,2.0,3.0,2.0,1,1,0,0
1886347,68,False,False,medium_block,1488.6858250000002,33.715,44.155,2.0,1.0,0,1,0,1.0,3.0,0.0,2.0,3.0,2.0,1,0,1,0
1886347,69,False,False,low_block,1313.607,29.95,43.86,1.0,1.0,0,1,0,1.0,2.0,0.0,2.0,3.0,2.0,1,1,0,0
1886347,70,False,False,medium_block,1413.5833749999997,33.724999999999994,41.915,2.3333333333333335,2.7,1,1,0,2.0,4.0,3.0,3.0,5.0,4.0,1,0,1,0
1886347,71,False,False,low_block,1529.24175,37.97,40.275,2.3333333333333335,2.7,1,1,0,2.0,4.0,3.0,3.0,5.0,4.0,1,1,0,0
1886347,72,False,False,medium_block,2396.8905499999996,43.195,55.489999999999995,3.0,1.75,0,1,0,4.0,4.0,0.0,2.0,6.0,5.0,1,0,1,0
1886347,73,False,False,high_block,2053.12335,36.93,55.595,1.5,1.25,0,1,0,2.0,2.0,0.0,2.0,4.0,3.0,1,0,0,1
1886347,74,False,False,medium_block,2052.3054999999995,38.3,53.584999999999994,1.5,1.0,0,1,0,1.0,1.0,0.0,2.0,3.0,2.0,1,0,1,0
1886347,77,False,False,medium_block,1383.23955,31.57,43.815,0.0,0.0,0,0,0,0.0,1.0,0.0,2.0,1.0,0.0,0,0,1,0
1886347,79,False,False,medium_block,1688.6888500000005,33.370000000000005,50.605000000000004,2.0,0.3,0,0,0,0.0,1.0,2.0,1.0,1.0,0.0,0,0,1,0
1886347,80,False,False,low_block,1738.3452750000001,35.415000000000006,49.084999999999994,2.0,0.3,0,0,0,0.0,1.0,2.0,1.0,1.0,0.0,0,1,0,0
1886347,82,False,False,medium_block,1659.4614,30.119999999999997,55.095,1.5,1.6,0,1,0,1.0,2.0,5.0,2.0,3.0,2.0,1,0,1,0
1886347,83,False,False,low_block,1437.33005,34.39,41.795,2.0,0.0,0,0,0,0.0,1.0,0.0,1.0,1.0,0.0,0,1,0,0
1886347,84,False,False,medium_block,1351.7112,34.16,39.57,0.5,0.15,0,0,0,0.0,2.0,1.0,2.0,1.0,0.0,0,0,1,0
1886347,87,False,False,medium_block,1954.48545,35.235,55.47,1.0,0.25,0,0,0,1.0,1.0,0.0,1.0,2.0,1.0,0,0,1,0
1886347,88,False,False,medium_block,2047.8048000000001,39.14,52.32,1.0,0.0,0,0,0,0.0,1.0,0.0,1.0,1.0,0.0,0,0,1,0
1886347,89,False,False,high_block,1900.7618249999998,37.004999999999995,51.365,0.0,0.0,0,0,0,0.0,0.0,0.0,1.0,1.0,0.0,0,0,0,1
1886347,90,False,False,medium_block,1812.177675,38.114999999999995,47.545,0.0,0.0,0,0,0,0.0,1.0,0.0,1.0,1.0,0.0,0,0,1,0
1886347,91,False,False,high_block,2725.71855,39.07,69.765,2.0,1.5,0,1,0,3.0,3.0,0.0,3.0,5.0,4.0,1,0,0,1
1886347,92,False,False,medium_block,2067.2187000000004,30.630000000000003,67.49000000000001,2.0,1.5,0,1,0,3.0,3.0,0.0,3.0,5.0,4.0,1,0,1,0
1886347,93,False,False,low_block,1441.8467249999999,32.485,44.385,1.0,0.75,0,1,0,0.0,2.0,0.0,2.0,2.0,1.0,1,1,0,0
1886347,94,False,False,low_block,1079.035475,32.555,33.144999999999996,0.6666666666666666,0.3,0,0,0,0.0,1.0,2.0,3.0,1.0,0.0,0,1,0,0
1886347,95,False,False,medium_block,1191.0385500000002,35.165,33.870000000000005,1.0,0.44999999999999996,0,0,0,0.0,2.0,3.0,2.0,1.0,0.0,0,0,1,0
1886347,96,False,False,low_block,1472.4782999999998,41.385,35.58,0.0,0.3,0,0,0,0.0,1.0,2.0,2.0,1.0,0.0,0,1,0,0
1886347,97,False,False,medium_block,1396.1996000000001,39.53,35.32,1.0,1.3,0,1,0,1.0,2.0,2.0,3.0,3.0,2.0,1,0,1,0
1886347,98,False,False,high_block,2506.7043750000003,41.375,60.585,2.0,2.4,1,1,0,2.0,2.0,1.0,2.0,5.0,4.0,1,0,0,1
1886347,99,False,False,medium_block,1608.2079999999999,30.275,53.12,1.0,0.44999999999999996,0,0,0,0.0,1.0,3.0,1.0,1.0,0.0,0,0,1,0
1886347,100,False,False,low_block,1421.1666,32.095,44.28,1.0,0.44999999999999996,0,0,0,0.0,1.0,3.0,1.0,1.0,0.0,0,1,0,0
1886347,102,False,False,high_block,2855.9751,40.695,70.18,2.5,2.4,1,1,0,2.0,2.0,1.0,2.0,5.0,4.0,1,0,0,1
1886347,103,False,False,medium_block,2128.806275,33.665,63.235,2.0,1.05,0,1,0,0.0,4.0,2.0,2.0,2.0,1.0,1,0,1,0
1886347,105,False,False,high_block,2242.9470249999995,33.055,67.85499999999999,1.0,1.15,0,1,0,1.0,1.0,1.0,1.0,3.0,2.0,1,0,0,1
1886347,106,False,False,medium_block,2104.1538000000005,33.105000000000004,63.56,1.6666666666666667,2.9,1,1,0,4.0,4.0,1.0,3.0,7.0,6.0,1,0,1,0
1886347,107,False,False,high_block,1990.5745000000002,32.075,62.06,1.6666666666666667,2.9,1,1,0,6.0,6.0,1.0,3.0,8.0,8.0,1,0,0,1
1886347,108,False,False,medium_block,1730.10735,28.395,60.93,1.0,2.6,1,1,0,1.0,1.0,5.0,1.0,4.0,3.0,1,0,1,0
1886347,109,False,False,low_block,1654.46325,29.205,56.650000000000006,3.0,1.2,0,1,0,0.0,3.0,3.0,3.0,2.0,1.0,1,1,0,0
1886347,110,False,False,high_block,1994.1284999999998,27.299999999999997,73.045,3.0,1.3,0,1,0,1.0,5.0,2.0,3.0,3.0,2.0,1,0,0,1
1886347,111,True,False,low_block,1755.4767500000003,35.59,49.325,2.0,0.75,0,1,0,0.0,2.0,0.0,2.0,2.0,1.0,1,1,0,0
1886347,112,False,False,high_block,2490.1712,37.480000000000004,66.44,2.0,2.4,1,1,0,2.0,2.0,1.0,2.0,5.0,4.0,1,0,0,1
1886347,113,False,False,medium_block,2423.357425,37.945,63.865,2.0,2.4,1,1,0,2.0,2.0,1.0,2.0,5.0,4.0,1,0,1,0
1886347,114,False,False,medium_block,1631.0424,34.28,47.58,0.0,0.3,0,0,0,0.0,1.0,2.0,1.0,1.0,0.0,0,0,1,0
1886347,116,False,False,high_block,2227.6177749999997,33.955,65.60499999999999,1.5,0.0,0,0,0,0.0,1.0,0.0,1.0,1.0,0.0,0,0,0,1
1886347,117,False,False,medium_block,1791.7721,27.745,64.58,1.5,0.0,0,0,0,0.0,1.0,0.0,1.0,1.0,0.0,0,0,1,0
1886347,118,False,False,high_block,1970.01645,31.485,62.57,2.5,2.55,1,1,0,2.0,3.0,2.0,2.0,5.0,4.0,1,0,0,1
1886347,119,False,False,medium_block,2348.2088,38.47,61.04,2.75,2.3,1,0,0,4.0,5.0,2.0,4.0,6.0,5.0,1,0,1,0
1886347,120,False,False,low_block,2341.8329000000003,46.09,50.81,3.0,2.05,1,0,0,3.0,4.0,2.0,3.0,5.0,4.0,1,1,0,0
1886347,121,False,False,medium_block,2164.4084249999996,43.845,49.364999999999995,1.5,0.3,0,0,0,0.0,2.0,2.0,2.0,1.0,0.0,0,0,1,0
1886347,124,False,False,medium_block,2254.8819999999996,34.3,65.74,2.0,0.75,0,1,0,0.0,2.0,0.0,3.0,2.0,1.0,1,0,1,0
1886347,125,False,False,low_block,2178.051525,45.965,47.385,2.0,0.75,0,1,0,0.0,2.0,0.0,3.0,2.0,1.0,1,1,0,0
1886347,126,False,False,medium_block,2072.9069999999997,41.425,50.04,1.0,0.3,0,0,0,0.0,1.0,2.0,1.0,1.0,0.0,0,0,1,0
1886347,127,False,False,high_block,1996.72865,38.915,51.31,0.0,0.0,0,0,0,0.0,0.0,0.0,2.0,1.0,0.0,0,0,0,1
1886347,128,False,False,medium_block,1896.1398000000002,37.355000000000004,50.76,3.0,2.6,1,1,0,1.0,2.0,5.0,2.0,4.0,3.0,1,0,1,0
1886347,129,False,False,low_block,1465.8840000000002,29.085,50.400000000000006,3.5,1.2,0,1,0,0.0,4.0,3.0,2.0,2.0,1.0,1,1,0,0
1886347,134,False,False,medium_block,1393.8780250000002,34.235,40.715,0.0,0.65,0,0,0,2.0,2.0,1.0,2.0,3.0,2.0,0,0,1,0
1886347,137,False,False,medium_block,1450.8012500000002,28.475,50.95,1.0,0.9,0,1,0,0.0,0.0,1.0,2.0,2.0,1.0,1,0,1,0
1886347,138,False,False,low_block,1359.700425,32.595,41.715,3.0,0.3,0,0,0,0.0,1.0,2.0,1.0,1.0,0.0,0,1,0,0
1886347,140,False,False,medium_block,2122.56115,36.215,58.61,3.0,0.15,0,0,0,0.0,2.0,1.0,1.0,1.0,0.0,0,0,1,0
1886347,142,True,False,medium_block,1575.5871750000001,32.145,49.015,1.0,0.25,0,0,0,1.0,1.0,0.0,1.0,2.0,1.0,0,0,1,0
1886347,143,True,False,high_block,1945.49745,33.735,57.67,2.0,3.1,1,1,0,3.0,3.0,5.0,3.0,6.0,5.0,1,0,0,1
1886347,144,True,False,medium_block,2179.77075,35.775,60.93000000000001,2.5,2.4,1,1,0,2.0,4.0,1.0,2.0,5.0,4.0,1,0,1,0
1886347,145,True,False,high_block,2173.9836000000005,38.120000000000005,57.03,0.0,0.15,0,0,0,0.0,0.0,1.0,2.0,1.0,0.0,0,0,0,1
1886347,146,True,False,medium_block,1976.8978499999998,40.955,48.269999999999996,1.0,0.6,0,0,0,0.0,1.0,4.0,2.0,1.0,0.0,0,0,1,0
1886347,147,True,False,low_block,1429.2505999999998,39.394999999999996,36.28,2.0,0.44999999999999996,0,0,0,0.0,1.0,3.0,1.0,1.0,0.0,0,1,0,0
1886347,148,True,False,medium_block,1563.2116500000002,39.585,39.49,1.0,0.44999999999999996,0,0,0,0.0,1.0,3.0,2.0,1.0,0.0,0,0,1,0
1886347,149,True,False,low_block,1193.702475,34.545,34.555,2.0,0.15,0,0,0,0.0,1.0,1.0,1.0,1.0,0.0,0,1,0,0
1886347,151,False,False,low_block,641.2737,28.59,22.43,3.0,0.0,0,0,0,0.0,3.0,0.0,2.0,1.0,0.0,0,1,0,0
1886347,153,False,False,high_block,2637.1978750000003,37.325,70.655,2.0,0.0,0,0,0,0.0,1.0,0.0,1.0,1.0,0.0,0,0,0,1
1886347,155,False,False,low_block,1801.12795,43.495000000000005,41.41,1.0,1.55,1,0,0,1.0,2.0,2.0,1.0,3.0,2.0,1,1,0,0
1886347,156,False,False,medium_block,1327.3806,33.81,39.26,3.0,3.05,1,1,0,4.0,4.0,2.0,2.0,7.0,6.0,1,0,1,0
1886347,157,False,False,low_block,1405.7320000000002,36.56,38.45,4.0,0.3,0,0,0,0.0,2.0,2.0,1.0,1.0,0.0,0,1,0,0
1886347,160,False,False,medium_block,1337.80335,37.504999999999995,35.67,0.0,0.3,0,0,0,0.0,2.0,2.0,2.0,1.0,0.0,0,0,1,0
1886347,161,False,False,low_block,1447.2290499999997,38.095,37.989999999999995,0.0,0.3,0,0,0,0.0,2.0,2.0,2.0,1.0,0.0,0,1,0,0
1886347,162,False,False,medium_block,1569.81,39.05,40.2,1.5,1.3,0,1,0,1.0,1.0,2.0,2.0,3.0,2.0,1,0,1,0
1886347,163,False,False,low_block,1322.6753750000003,33.005,40.075,2.0,0.75,0,1,0,0.0,3.0,0.0,3.0,2.0,1.0,1,1,0,0
1886347,164,False,False,medium_block,1183.5,31.56,37.5,1.0,0.44999999999999996,0,0,0,0.0,0.0,3.0,2.0,1.0,0.0,0,0,1,0
1886347,165,False,False,low_block,1022.8958250000001,32.365,31.605,2.5,1.2,0,1,0,0.0,2.0,3.0,3.0,2.0,1.0,1,1,0,0
1886347,166,False,False,high_block,2436.95925,34.155,71.35,2.0,0.9,0,1,0,0.0,2.0,1.0,1.0,2.0,1.0,1,0,0,1
1886347,167,False,False,medium_block,1885.6375,30.05,62.75,2.5,0.9,0,1,0,0.0,2.0,1.0,2.0,2.0,1.0,1,0,1,0
1886347,168,False,False,medium_block,1519.20975,28.57,53.175,0.0,0.0,0,0,0,0.0,0.0,0.0,1.0,1.0,0.0,0,0,1,0
1886347,169,False,False,high_block,1900.85775,31.075,61.17,2.0,1.5,0,1,0,3.0,3.0,0.0,3.0,5.0,4.0,1,0,0,1
1886347,170,False,False,medium_block,2126.7334250000004,32.255,65.935,1.75,1.5,0,1,0,3.0,3.0,0.0,4.0,5.0,4.0,1,0,1,0
1886347,171,False,False,low_block,2468.383025,50.795,48.595,1.6666666666666667,1.25,0,1,0,2.0,4.0,0.0,3.0,4.0,3.0,1,1,0,0
1886347,172,False,False,medium_block,2407.352675,45.955,52.385000000000005,1.0,0.7,0,0,0,1.0,1.0,3.0,1.0,2.0,1.0,0,0,1,0
1886347,173,False,False,high_block,2408.42145,40.97,58.785,0.0,0.0,0,0,0,0.0,0.0,0.0,2.0,1.0,0.0,0,0,0,1
1886347,174,False,False,medium_block,2201.1439750000004,37.495000000000005,58.705,0.0,0.0,0,0,0,0.0,0.0,0.0,2.0,1.0,0.0,0,0,1,0
1886347,175,False,False,high_block,2141.4397500000005,39.915000000000006,53.65,0.0,0.25,0,0,0,1.0,1.0,0.0,2.0,2.0,1.0,0,0,0,1
1886347,176,False,False,medium_block,2130.59865,43.455,49.03,0.5,1.7,1,0,0,1.0,1.0,3.0,2.0,3.0,2.0,1,0,1,0
1886347,177,False,False,high_block,2311.287075,42.885000000000005,53.895,0.0,0.5,0,0,0,2.0,2.0,0.0,2.0,3.0,2.0,0,0,0,1
1886347,178,False,False,medium_block,2372.16665,40.295,58.87,0.0,0.5,0,0,0,2.0,2.0,0.0,1.0,3.0,2.0,0,0,1,0
1886347,179,False,False,medium_block,2356.8113,45.79,51.47,1.0,2.65,1,1,0,3.0,3.0,1.0,3.0,6.0,5.0,1,0,1,0
1886347,180,False,False,high_block,2121.1820000000002,36.775000000000006,57.68,1.0,2.9,1,1,0,4.0,5.0,1.0,2.0,7.0,6.0,1,0,0,1
1886347,181,False,False,medium_block,2033.690175,32.985,61.655,3.0,1.05,0,1,0,0.0,0.0,2.0,1.0,2.0,1.0,1,0,1,0
1886347,182,False,False,low_block,1627.5079999999998,27.08,60.099999999999994,3.0,1.05,0,1,0,0.0,2.0,2.0,1.0,2.0,1.0,1,1,0,0
1886347,183,False,False,high_block,2860.37845,39.955,71.59,2.0,0.65,0,0,0,2.0,2.0,1.0,2.0,3.0,2.0,0,0,0,1
1886347,186,False,False,medium_block,1800.12555,32.87,54.765,3.0,1.35,0,1,0,0.0,1.0,4.0,1.0,2.0,1.0,1,0,1,0
1886347,187,False,False,low_block,1040.749575,28.155,36.965,3.0,0.75,0,1,0,0.0,2.0,0.0,2.0,2.0,1.0,1,1,0,0
1886347,189,False,False,low_block,688.8743,28.46,24.205,1.3333333333333333,0.9,0,1,0,0.0,2.0,1.0,3.0,2.0,1.0,1,1,0,0
1886347,192,False,False,medium_block,1931.46635,36.055,53.57,1.0,0.3,0,0,0,0.0,1.0,2.0,1.0,1.0,0.0,0,0,1,0
1886347,193,False,False,high_block,1928.4691500000004,36.09,53.435,0.0,0.25,0,0,0,1.0,1.0,0.0,1.0,2.0,1.0,0,0,0,1
1886347,194,False,False,medium_block,1762.2347,36.455,48.34,0.0,0.0,0,0,0,0.0,0.0,0.0,1.0,1.0,0.0,0,0,1,0
1886347,198,False,False,medium_block,1923.86425,38.225,50.33,2.0,2.55,1,1,0,2.0,3.0,2.0,3.0,5.0,4.0,1,0,1,0
1886347,202,False,False,medium_block,1648.89,30.535,54.0,1.0,0.9,0,0,0,3.0,3.0,1.0,2.0,4.0,3.0,0,0,1,0
1886347,203,False,False,high_block,2253.5744,38.08,59.18,1.0,2.1,1,0,0,2.0,3.0,4.0,2.0,4.0,3.0,1,0,0,1
1886347,206,False,False,low_block,615.7032,28.14,21.880000000000003,3.0,0.75,0,1,0,0.0,2.0,0.0,2.0,2.0,1.0,1,1,0,0
1886347,207,False,False,high_block,2433.943325,34.015,71.555,2.5,2.55,1,1,0,2.0,3.0,2.0,4.0,5.0,4.0,1,0,0,1
1886347,209,False,False,high_block,2275.0885000000003,33.725,67.46000000000001,1.0,0.95,0,0,0,2.0,2.0,3.0,1.0,3.0,2.0,0,0,0,1
1886347,210,False,False,medium_block,2140.27875,34.875,61.370000000000005,2.0,1.95,1,0,0,2.0,2.0,3.0,1.0,4.0,3.0,1,0,1,0
1886347,211,False,False,medium_block,3310.0930000000003,56.39,58.7,2.0,1.95,1,0,0,2.0,2.0,3.0,1.0,4.0,3.0,1,0,1,0
1886347,212,False,False,high_block,2809.223625,48.165,58.325,0.0,0.25,0,0,0,1.0,1.0,0.0,1.0,2.0,1.0,0,0,0,1
1886347,213,False,False,medium_block,2371.45645,42.355000000000004,55.989999999999995,0.5,1.65,1,0,0,2.0,2.0,1.0,2.0,4.0,3.0,1,0,1,0
1886347,214,False,False,high_block,2310.1449500000003,41.995000000000005,55.010000000000005,0.0,0.0,0,0,0,0.0,0.0,0.0,1.0,1.0,0.0,0,0,0,1
1886347,215,False,False,medium_block,2267.3196,42.12,53.83,1.0,0.5,0,0,0,2.0,2.0,0.0,2.0,3.0,2.0,0,0,1,0
1886347,217,False,False,medium_block,1456.3481749999999,28.705,50.735,3.5,0.75,0,1,0,0.0,2.0,0.0,3.0,2.0,1.0,1,0,1,0
1886347,220,False,False,medium_block,1636.4174499999997,31.354999999999997,52.19,1.5,1.95,0,1,0,3.0,3.0,3.0,2.0,5.0,4.0,1,0,1,0
1886347,221,False,False,high_block,1971.05535,36.41,54.135000000000005,0.0,0.0,0,0,0,0.0,1.0,0.0,2.0,1.0,0.0,0,0,0,1
1886347,222,False,False,medium_block,1914.304275,37.635,50.865,1.0,0.75,0,1,0,0.0,1.0,0.0,2.0,2.0,1.0,1,0,1,0
1886347,223,False,False,medium_block,1513.017,33.66,44.95,1.0,1.35,0,1,0,0.0,1.0,4.0,3.0,2.0,1.0,1,0,1,0
1886347,224,False,False,low_block,1493.8994,32.36,46.165,2.0,1.05,0,1,0,0.0,1.0,2.0,2.0,2.0,1.0,1,1,0,0
1886347,226,False,False,high_block,2292.5812499999997,34.605,66.25,2.5,2.1,1,0,0,2.0,3.0,4.0,2.0,4.0,3.0,1,0,0,1
1886347,227,False,False,medium_block,2262.4578000000006,34.14,66.27000000000001,2.5,1.6,0,1,0,1.0,3.0,4.0,2.0,3.0,2.0,1,0,1,0
1886347,228,False,False,low_block,1750.643,28.475,61.48,2.3333333333333335,1.6,0,1,0,1.0,3.0,4.0,3.0,3.0,2.0,1,1,0,0
1886347,229,False,False,high_block,2242.9081499999998,33.845,66.27,2.0,1.5,0,1,0,3.0,3.0,0.0,2.0,5.0,4.0,1,0,0,1
1886347,230,False,False,medium_block,1730.9604,27.82,62.22,2.5,2.85,1,1,0,2.0,4.0,4.0,2.0,5.0,4.0,1,0,1,0
1886347,231,False,False,low_block,1289.3915500000003,28.810000000000002,44.755,0.0,0.15,0,0,0,0.0,0.0,1.0,2.0,1.0,0.0,0,1,0,0
1886347,232,False,False,medium_block,1116.1809999999998,34.989999999999995,31.9,0.0,0.0,0,0,0,0.0,0.0,0.0,1.0,1.0,0.0,0,0,1,0
1886347,233,False,False,low_block,1168.169175,35.905,32.535,0.5,0.0,0,0,0,0.0,1.0,0.0,2.0,1.0,0.0,0,1,0,0
1886347,234,False,False,medium_block,1161.294075,37.215,31.205,0.0,0.0,0,0,0,0.0,0.0,0.0,3.0,1.0,0.0,0,0,1,0
1886347,235,False,False,low_block,1180.6426499999998,34.735,33.989999999999995,0.5,0.0,0,0,0,0.0,2.0,0.0,2.0,1.0,0.0,0,1,0,0
1886347,236,False,False,medium_block,1540.5194250000002,38.595,39.915000000000006,0.6666666666666666,2.55,1,1,0,2.0,3.0,2.0,3.0,5.0,4.0,1,0,1,0
1886347,237,False,False,low_block,1841.7900000000002,43.5,42.34,1.0,2.15,1,1,0,1.0,2.0,1.0,2.0,4.0,3.0,1,1,0,0
1886347,238,True,False,high_block,1559.47935,25.07,62.205,1.0,0.44999999999999996,0,0,0,0.0,0.0,3.0,2.0,1.0,0.0,0,0,0,1
1886347,239,True,False,medium_block,1654.3485,30.450000000000003,54.33,0.5,0.3,0,0,0,0.0,1.0,2.0,2.0,1.0,0.0,0,0,1,0
1886347,240,True,False,high_block,1979.4982499999999,36.475,54.269999999999996,0.3333333333333333,0.75,0,1,0,0.0,1.0,0.0,3.0,2.0,1.0,1,0,0,1
1886347,241,True,False,medium_block,2186.441625,39.075,55.955,1.0,0.6,0,0,0,0.0,1.0,4.0,1.0,1.0,0.0,0,0,1,0
1886347,242,False,False,low_block,1553.3050000000003,29.900000000000002,51.95,1.0,0.6,0,0,0,0.0,2.0,4.0,1.0,1.0,0.0,0,1,0,0
1886347,243,False,False,low_block,1074.71575,31.310000000000002,34.325,3.3333333333333335,0.75,0,1,0,0.0,6.0,0.0,3.0,2.0,1.0,1,1,0,0
1886347,247,False,False,medium_block,1767.5579999999998,41.925,42.16,1.5,0.0,0,0,0,0.0,0.0,0.0,1.0,1.0,0.0,0,0,1,0
1886347,250,False,False,low_block,1637.9698,37.465,43.72,1.0,0.15,0,0,0,0.0,1.0,1.0,1.0,1.0,0.0,0,1,0,0
1886347,251,False,False,medium_block,2152.7969000000003,42.94,50.135000000000005,1.0,0.15,0,0,0,0.0,1.0,1.0,1.0,1.0,0.0,0,0,1,0
1886347,252,False,False,low_block,1956.2935000000002,38.075,51.38,1.0,0.44999999999999996,0,0,0,0.0,1.0,3.0,1.0,1.0,0.0,0,1,0,0
1886347,255,False,False,medium_block,1356.8153999999997,28.74,47.209999999999994,2.5,1.3,0,1,0,1.0,1.0,2.0,2.0,3.0,2.0,1,0,1,0
1886347,256,False,False,low_block,1283.5484999999999,33.3,38.545,0.0,0.75,0,1,0,0.0,1.0,0.0,3.0,2.0,1.0,1,1,0,0
1886347,257,False,False,high_block,2791.646375,46.025,60.655,3.0,2.3,1,0,0,5.0,7.0,2.0,4.0,7.0,6.0,1,0,0,1
1886347,258,False,False,medium_block,2128.5996999999998,36.91,57.67,2.5,1.9,0,1,0,4.0,4.0,1.0,2.0,6.0,5.0,1,0,1,0
1886347,259,False,False,medium_block,1378.17795,31.39,43.905,0.0,0.25,0,0,0,1.0,1.0,0.0,1.0,2.0,1.0,0,0,1,0
1886347,260,False,False,low_block,1351.6065,31.05,43.53,1.5,0.44999999999999996,0,0,0,0.0,0.0,3.0,0.0,1.0,0.0,0,1,0,0
1886347,261,False,False,medium_block,1437.73,31.255,46.0,0.0,0.3,0,0,0,0.0,1.0,2.0,1.0,1.0,0.0,0,0,1,0
1886347,262,False,False,high_block,1984.1159249999998,34.065,58.245,1.0,0.8,0,0,0,2.0,2.0,2.0,2.0,3.0,2.0,0,0,0,1
1886347,264,False,False,medium_block,2026.71855,48.33,41.935,1.0,0.3,0,0,0,0.0,1.0,2.0,2.0,1.0,0.0,0,0,1,0
1886347,265,False,False,low_block,1551.541475,39.215,39.565,2.0,0.15,0,0,0,0.0,1.0,1.0,1.0,1.0,0.0,0,1,0,0
1886347,267,False,False,high_block,2586.400025,42.515,60.835,3.0,1.5,0,1,0,3.0,4.0,0.0,2.0,5.0,4.0,1,0,0,1
1886347,268,False,False,medium_block,1907.0226000000005,34.510000000000005,55.260000000000005,2.0,1.15,0,1,0,1.0,2.0,1.0,3.0,3.0,2.0,1,0,1,0
1886347,270,False,False,medium_block,1977.402,37.03,53.4,3.0,0.5,0,0,0,2.0,2.0,0.0,1.0,3.0,2.0,0,0,1,0
1886347,271,False,False,low_block,1438.0104000000001,33.38,43.08,2.0,0.3,0,0,0,0.0,3.0,2.0,1.0,1.0,0.0,0,1,0,0
1886347,272,False,False,high_block,2601.6012,40.26,64.62,2.0,3.2,1,1,0,5.0,5.0,3.0,3.0,8.0,7.0,1,0,0,1
1886347,273,False,False,medium_block,2227.0337,38.095,58.46,0.0,0.3,0,0,0,0.0,0.0,2.0,1.0,1.0,0.0,0,0,1,0
1886347,274,False,False,low_block,1503.8074,29.62,50.769999999999996,2.0,0.15,0,0,0,0.0,2.0,1.0,1.0,1.0,0.0,0,1,0,0
1886347,276,False,False,low_block,1682.9548499999999,32.43,51.894999999999996,3.0,0.75,0,1,0,0.0,0.0,0.0,3.0,2.0,1.0,1,1,0,0
1886347,283,False,False,low_block,1045.854525,28.895000000000003,36.19499999999999,1.0,0.85,0,0,0,1.0,2.0,4.0,1.0,2.0,1.0,0,1,0,0
1886347,284,False,False,medium_block,1428.85925,31.675,45.11,2.0,2.45,1,1,0,1.0,1.0,3.0,1.0,4.0,3.0,1,0,1,0
1886347,285,False,False,high_block,2001.614875,34.644999999999996,57.775000000000006,0.5,1.0,0,1,0,1.0,1.0,0.0,2.0,3.0,2.0,1,0,0,1
1886347,286,False,False,medium_block,1945.2605999999998,33.69,57.74,0.0,0.0,0,0,0,0.0,0.0,0.0,2.0,1.0,0.0,0,0,1,0
1886347,289,True,False,medium_block,1894.866025,35.165,53.885000000000005,1.0,1.35,0,1,0,0.0,2.0,5.0,1.0,2.0,1.0,1,0,1,0
1886347,290,True,False,low_block,1380.6312000000003,26.03,53.040000000000006,2.5,1.2,0,1,0,0.0,3.0,3.0,2.0,2.0,1.0,1,1,0,0
1886347,291,False,False,high_block,2857.725525,40.515,70.535,1.0,0.15,0,0,0,0.0,1.0,1.0,1.0,1.0,0.0,0,0,0,1
1886347,293,False,False,medium_block,1244.025,29.1,42.75,1.0,1.05,0,1,0,0.0,0.0,2.0,1.0,2.0,1.0,1,0,1,0
1886347,294,False,False,low_block,931.4078999999999,30.77,30.27,2.5,0.0,0,0,0,0.0,2.0,0.0,2.0,1.0,0.0,0,1,0,0
1886347,296,False,False,low_block,545.7445,32.35,16.87,3.0,0.9,0,1,0,0.0,1.0,1.0,1.0,2.0,1.0,1,1,0,0
1886347,298,False,False,low_block,1014.9426000000001,34.335,29.560000000000002,2.0,0.3,0,0,0,0.0,1.0,2.0,1.0,1.0,0.0,0,1,0,0
1886347,299,False,False,medium_block,1315.895625,37.125,35.445,0.6666666666666666,2.65,1,1,0,3.0,3.0,1.0,3.0,6.0,5.0,1,0,1,0
1886347,300,False,False,low_block,1419.9627500000001,34.57,41.075,4.0,0.44999999999999996,0,0,0,0.0,1.0,3.0,2.0,1.0,0.0,0,1,0,0
1886347,301,False,False,high_block,2705.040975,39.584999999999994,68.33500000000001,2.0,0.15,0,0,0,0.0,2.0,1.0,2.0,1.0,0.0,0,0,0,1
1886347,302,False,False,medium_block,2585.0342000000005,42.545,60.760000000000005,2.5,0.75,0,1,0,0.0,2.0,0.0,2.0,2.0,1.0,1,0,1,0
1886347,305,False,False,high_block,2519.7658500000002,35.605000000000004,70.77,2.0,3.4,1,1,1,3.0,3.0,1.0,3.0,6.0,5.0,1,0,0,1
1886347,307,False,False,medium_block,2152.3598250000005,31.585,68.14500000000001,2.0,1.35,0,1,0,0.0,3.0,4.0,2.0,2.0,1.0,1,0,1,0
1886347,308,False,False,low_block,2120.4558,32.86,64.53,2.0,1.35,0,1,0,0.0,3.0,4.0,3.0,2.0,1.0,1,1,0,0
1886347,311,False,False,medium_block,1513.33995,31.89,47.455,1.0,0.0,0,0,0,0.0,1.0,0.0,1.0,1.0,0.0,0,0,1,0
1886347,312,False,False,low_block,1350.78525,29.655,45.55,0.5,0.15,0,0,0,0.0,2.0,1.0,2.0,1.0,0.0,0,1,0,0
1886347,313,False,False,medium_block,1685.595425,32.765,51.445,1.5,1.65,1,0,0,2.0,2.0,1.0,2.0,4.0,3.0,1,0,1,0
1886347,314,False,False,medium_block,1616.3747250000001,33.685,47.985,1.5,0.9,0,1,0,0.0,5.0,1.0,3.0,2.0,1.0,1,0,1,0
1886347,315,False,False,low_block,1554.911075,33.335,46.644999999999996,2.5,1.3,0,1,0,1.0,6.0,2.0,4.0,3.0,2.0,1,1,0,0
1886347,316,False,False,medium_block,2602.944375,47.625,54.655,3.0,1.65,1,0,0,2.0,2.0,1.0,1.0,4.0,3.0,1,0,1,0
1886347,317,False,False,medium_block,1749.022575,34.665,50.455,2.0,1.35,0,1,0,0.0,2.0,6.0,1.0,2.0,1.0,1,0,1,0
1886347,318,False,False,low_block,1442.6015999999997,28.759999999999998,50.16,4.0,0.9,0,1,0,0.0,3.0,1.0,2.0,2.0,1.0,1,1,0,0
1886347,321,False,False,high_block,2332.2225,37.25,62.61,1.5,2.2,1,0,0,3.0,3.0,3.0,2.0,5.0,4.0,1,0,0,1
1886347,322,False,False,medium_block,2296.4688,36.72,62.54,2.5,2.7,1,1,0,2.0,3.0,3.0,2.0,5.0,4.0,1,0,1,0
1886347,325,False,False,medium_block,1268.14765,37.010000000000005,34.265,0.0,0.0,0,0,0,0.0,1.0,0.0,2.0,1.0,0.0,0,0,1,0
1886347,326,False,False,low_block,1393.8573,38.94,35.795,0.0,0.0,0,0,0,0.0,1.0,0.0,2.0,1.0,0.0,0,1,0,0
1886347,327,False,False,medium_block,1526.56175,37.03,41.225,0.0,0.6,0,0,0,0.0,1.0,6.0,2.0,1.0,0.0,0,0,1,0
1886347,328,False,False,low_block,1212.6108749999999,27.265,44.474999999999994,1.5,0.6,0,0,0,0.0,1.0,4.0,2.0,1.0,0.0,0,1,0,0
1886347,330,False,False,high_block,2068.7253,31.91,64.83,2.0,0.25,0,0,0,1.0,2.0,0.0,1.0,2.0,1.0,0,0,0,1
1886347,333,False,False,low_block,993.531,27.37,36.3,3.0,1.05,0,1,0,0.0,3.0,2.0,2.0,2.0,1.0,1,1,0,0
1886347,335,False,False,medium_block,1308.2704999999999,30.724999999999998,42.58,1.0,0.4,0,0,0,1.0,1.0,1.0,1.0,2.0,1.0,0,0,1,0
1886347,336,False,False,high_block,1874.8521,32.78,57.195,0.0,0.4,0,0,0,1.0,1.0,1.0,1.0,2.0,1.0,0,0,0,1
1886347,338,False,False,high_block,2356.110225,38.754999999999995,60.795,1.5,1.25,0,1,0,2.0,2.0,0.0,3.0,4.0,3.0,1,0,0,1
1886347,339,False,False,medium_block,2115.77625,35.175,60.150000000000006,2.0,1.8,1,0,0,2.0,2.0,2.0,1.0,4.0,3.0,1,0,1,0
1886347,343,False,False,medium_block,2107.300625,35.195,59.875,3.0,1.7,1,0,0,1.0,1.0,3.0,1.0,3.0,2.0,1,0,1,0
1886347,346,False,False,medium_block,1459.277775,27.505,53.055,2.0,1.65,0,1,0,3.0,4.0,1.0,2.0,5.0,4.0,1,0,1,0
1886347,348,False,False,medium_block,1750.56635,35.39,49.465,0.5,0.0,0,0,0,0.0,1.0,0.0,2.0,1.0,0.0,0,0,1,0
1886347,349,False,False,high_block,2039.3538750000002,35.775000000000006,57.004999999999995,1.75,1.75,0,1,0,5.0,5.0,0.0,4.0,7.0,6.0,1,0,0,1
1886347,350,False,False,medium_block,1858.47645,34.010000000000005,54.644999999999996,1.0,0.6,0,0,0,0.0,1.0,4.0,1.0,1.0,0.0,0,0,1,0
1886347,351,False,False,low_block,1414.333,33.515,42.2,1.5,0.44999999999999996,0,0,0,0.0,2.0,3.0,2.0,1.0,0.0,0,1,0,0
1886347,353,False,False,high_block,2214.4824,34.515,64.16,1.0,2.65,1,1,0,3.0,4.0,1.0,2.0,6.0,5.0,1,0,0,1
1886347,354,False,False,medium_block,1932.0980250000002,36.465,52.985,1.0,0.9,0,1,0,0.0,2.0,1.0,2.0,2.0,1.0,1,0,1,0
1886347,358,False,False,medium_block,1847.3909999999998,33.835,54.599999999999994,2.0,2.65,1,1,0,3.0,4.0,1.0,3.0,6.0,5.0,1,0,1,0
1886347,360,True,False,medium_block,1810.238625,29.835,60.675,1.0,0.7,0,0,0,1.0,2.0,3.0,1.0,2.0,1.0,0,0,1,0
1886347,361,True,False,low_block,1660.0261500000001,28.755,57.730000000000004,2.0,0.44999999999999996,0,0,0,0.0,2.0,3.0,1.0,1.0,0.0,0,1,0,0
1886347,362,False,False,medium_block,,,,1.5,0.0,0,0,0,0.0,0.0,0.0,1.0,1.0,0.0,0,0,1,0
1886347,363,False,False,low_block,2243.0199,48.18,46.555,1.5,1.4,1,0,0,1.0,1.0,1.0,2.0,3.0,2.0,1,1,0,0
1886347,364,False,False,medium_block,1989.1425,39.35,50.55,1.6666666666666667,1.4,0,1,0,2.0,3.0,1.0,3.0,4.0,3.0,1,0,1,0
1886347,366,False,False,high_block,2559.916125,36.725,69.705,3.0,0.0,0,0,0,0.0,1.0,0.0,2.0,1.0,0.0,0,0,0,1
1886347,367,False,False,medium_block,2602.58305,38.03,68.435,3.0,0.0,0,0,0,0.0,1.0,0.0,2.0,1.0,0.0,0,0,1,0
1886347,368,False,False,high_block,2825.2639999999997,41.6,67.91499999999999,3.0,0.0,0,0,0,0.0,2.0,0.0,1.0,1.0,0.0,0,0,0,1
1886347,369,False,False,medium_block,1485.5828000000001,28.34,52.42,2.0,2.6,1,1,0,1.0,2.0,5.0,2.0,4.0,3.0,1,0,1,0
1886347,370,False,False,low_block,1470.3808,28.54,51.519999999999996,2.5,1.2,0,1,0,0.0,2.0,3.0,2.0,2.0,1.0,1,1,0,0
1886347,371,False,False,medium_block,2884.6394999999993,47.099999999999994,61.245,3.0,0.75,0,1,0,0.0,1.0,0.0,1.0,2.0,1.0,1,0,1,0
1886347,375,True,False,low_block,690.523925,32.095,21.515,2.0,0.0,0,0,0,0.0,1.0,0.0,2.0,1.0,0.0,0,1,0,0
1886347,378,False,False,low_block,864.9845750000001,27.755000000000003,31.165,2.3333333333333335,1.2,0,1,0,0.0,3.0,3.0,3.0,2.0,1.0,1,1,0,0
1886347,379,False,False,high_block,1844.9284,31.64,58.31,2.0,0.9,0,1,0,0.0,1.0,1.0,2.0,2.0,1.0,1,0,0,1
1886347,380,False,False,medium_block,1575.4068,26.82,58.74,2.0,0.9,0,1,0,0.0,2.0,1.0,2.0,2.0,1.0,1,0,1,0
1886347,381,False,False,high_block,3057.7028250000003,41.695,73.33500000000001,1.0,1.15,0,0,1,1.0,1.0,1.0,1.0,2.0,1.0,1,0,0,1
1886347,383,False,False,medium_block,1606.4943999999998,34.72,46.269999999999996,0.0,0.0,0,0,0,0.0,0.0,0.0,2.0,1.0,0.0,0,0,1,0
1886347,384,False,False,medium_block,1373.466225,28.165,48.765,2.5,0.9,0,1,0,0.0,3.0,1.0,2.0,2.0,1.0,1,0,1,0
1886347,386,False,False,medium_block,1465.882925,37.504999999999995,39.085,1.0,1.05,0,1,0,0.0,1.0,2.0,2.0,2.0,1.0,1,0,1,0
1886347,387,False,False,low_block,1351.3680250000002,35.005,38.605000000000004,1.5,0.75,0,1,0,0.0,2.0,0.0,2.0,2.0,1.0,1,1,0,0
1886347,388,False,False,medium_block,1417.0125,36.25,39.09,1.0,0.44999999999999996,0,0,0,0.0,1.0,3.0,1.0,1.0,0.0,0,0,1,0
1886347,389,False,False,low_block,1641.861375,40.615,40.425,1.0,0.44999999999999996,0,0,0,0.0,1.0,3.0,1.0,1.0,0.0,0,1,0,0
1886347,390,False,False,medium_block,1949.4,43.2,45.125,4.0,1.7,1,0,0,1.0,1.0,3.0,1.0,3.0,2.0,1,0,1,0
1886347,391,False,False,low_block,1386.5463750000001,32.775000000000006,42.305,3.0,0.75,0,1,0,0.0,1.0,0.0,1.0,2.0,1.0,1,1,0,0
1886347,392,False,False,medium_block,1216.3659,29.945,40.62,2.5,0.75,0,1,0,0.0,2.0,0.0,2.0,2.0,1.0,1,0,1,0
1886347,394,False,False,high_block,2616.55245,35.19,74.355,3.0,0.25,0,0,0,1.0,1.0,0.0,1.0,2.0,1.0,0,0,0,1
1886347,398,False,False,low_block,1921.5203,40.015,48.019999999999996,4.0,0.75,0,1,0,0.0,2.0,0.0,1.0,2.0,1.0,1,1,0,0
1886347,399,False,False,medium_block,1807.0383749999999,38.305,47.175,3.0,0.75,0,1,0,0.0,2.0,0.0,2.0,2.0,1.0,1,0,1,0
1886347,400,False,False,low_block,1338.1660500000003,32.730000000000004,40.885000000000005,1.0,0.6,0,0,0,0.0,1.0,4.0,1.0,1.0,0.0,0,1,0,0
1886347,401,False,False,medium_block,1245.3239500000002,32.63,38.165000000000006,1.5,2.8,1,1,0,3.0,3.0,2.0,2.0,6.0,5.0,1,0,1,0
1886347,402,False,False,low_block,1454.559525,35.955,40.455,1.5,2.8,1,1,0,3.0,3.0,2.0,2.0,6.0,5.0,1,1,0,0
1886347,403,False,False,medium_block,1389.893175,34.665,40.095,2.6666666666666665,2.55,1,1,0,2.0,4.0,2.0,3.0,5.0,4.0,1,0,1,0
1886347,405,False,False,medium_block,1397.5919999999996,33.599999999999994,41.595,2.6666666666666665,2.4,1,1,0,2.0,6.0,1.0,3.0,5.0,4.0,1,0,1,0
1886347,406,False,False,low_block,1407.219975,34.335,40.985,3.0,0.0,0,0,0,0.0,3.0,0.0,1.0,1.0,0.0,0,1,0,0
1886347,407,False,False,medium_block,1475.3080499999999,37.11,39.754999999999995,0.5,0.44999999999999996,0,0,0,0.0,1.0,3.0,2.0,1.0,0.0,0,0,1,0
1886347,408,False,False,low_block,1455.0049249999997,37.955,38.334999999999994,2.0,1.7,0,1,0,2.0,3.0,3.0,2.0,4.0,3.0,1,1,0,0
1886347,409,False,False,high_block,2723.5243,42.595,63.94,2.0,2.1,0,1,0,3.0,4.0,4.0,3.0,5.0,4.0,1,0,0,1
1886347,410,False,False,medium_block,2360.11755,36.43,64.785,2.0,1.4,0,1,0,2.0,2.0,1.0,1.0,4.0,3.0,1,0,1,0
1886347,411,False,False,medium_block,1598.95,35.375,45.2,1.6666666666666667,2.6,1,1,0,1.0,1.0,4.0,3.0,4.0,3.0,1,0,1,0
1886347,412,False,False,low_block,1407.6958249999998,33.095,42.535,2.5,1.05,0,1,0,0.0,2.0,2.0,3.0,2.0,1.0,1,1,0,0
1886347,413,False,False,medium_block,1480.6657750000002,32.255,45.905,0.5,0.3,0,0,0,0.0,2.0,2.0,2.0,1.0,0.0,0,0,1,0
1886347,414,False,False,low_block,1426.1723999999997,35.69,39.959999999999994,1.6666666666666667,1.2,0,1,0,0.0,3.0,3.0,3.0,2.0,1.0,1,1,0,0
1886347,415,False,False,medium_block,1259.744375,32.405,38.875,0.5,2.1,1,0,0,2.0,2.0,5.0,2.0,4.0,3.0,1,0,1,0
1886347,416,False,False,low_block,1215.14715,30.205,40.230000000000004,2.5,0.44999999999999996,0,0,0,0.0,2.0,3.0,3.0,1.0,0.0,0,1,0,0
1886347,419,False,False,medium_block,1725.1429999999998,37.239999999999995,46.325,1.0,0.3,0,0,0,0.0,3.0,2.0,1.0,1.0,0.0,0,0,1,0
1886347,421,False,False,high_block,2450.4156000000003,38.84,63.09,1.0,1.05,0,1,0,0.0,0.0,2.0,2.0,2.0,1.0,1,0,0,1
1886347,422,False,False,medium_block,2154.5036,36.76,58.61,2.0,1.35,0,1,0,0.0,4.0,4.0,2.0,2.0,1.0,1,0,1,0
1886347,426,False,False,medium_block,1449.646325,29.165,49.705,2.0,1.05,0,1,0,0.0,2.0,2.0,2.0,2.0,1.0,1,0,1,0
1886347,427,False,False,medium_block,2092.9147,38.54,54.305,2.0,1.65,0,1,0,3.0,3.0,1.0,2.0,5.0,4.0,1,0,1,0
1886347,429,False,False,low_block,1166.104575,35.055,33.265,3.0,0.25,0,0,0,1.0,3.0,0.0,2.0,2.0,1.0,0,1,0,0
1886347,430,False,False,high_block,1723.5712,25.895,66.56,2.5,2.9,1,1,0,4.0,5.0,1.0,2.0,7.0,6.0,1,0,0,1
1886347,431,False,False,medium_block,1321.612875,21.825,60.555,2.6666666666666665,2.9,1,1,0,4.0,5.0,1.0,3.0,7.0,6.0,1,0,1,0
1886347,435,False,False,medium_block,1542.2190000000003,32.2,47.895,1.0,1.35,0,1,0,0.0,2.0,4.0,2.0,2.0,1.0,1,0,1,0
1886347,437,False,False,medium_block,1626.6229999999998,32.65,49.81999999999999,1.0,0.15,0,0,0,0.0,1.0,1.0,1.0,1.0,0.0,0,0,1,0
1886347,438,False,False,high_block,2050.750625,34.685,59.125,0.5,0.15,0,0,0,0.0,0.0,1.0,2.0,1.0,0.0,0,0,0,1
1886347,439,False,False,medium_block,1860.5414,34.22,54.370000000000005,1.0,0.3,0,0,0,0.0,1.0,2.0,1.0,1.0,0.0,0,0,1,0
1886347,442,False,False,low_block,1175.71065,33.17,35.445,2.5,1.25,0,1,0,2.0,5.0,0.0,2.0,4.0,3.0,1,1,0,0
1886347,443,False,False,medium_block,1965.6652500000005,42.150000000000006,46.635000000000005,1.0,0.15,0,0,0,0.0,1.0,1.0,2.0,1.0,0.0,0,0,1,0
1886347,444,False,False,low_block,1371.5421,38.035,36.06,1.0,1.4,1,0,0,1.0,2.0,1.0,2.0,3.0,2.0,1,1,0,0
1886347,445,False,False,medium_block,1466.6870000000001,37.075,39.56,2.0,1.9,1,0,0,3.0,5.0,1.0,2.0,5.0,4.0,1,0,1,0
1886347,446,False,False,low_block,1463.94045,37.17,39.385,0.0,0.15,0,0,0,0.0,1.0,1.0,2.0,1.0,0.0,0,1,0,0
1886347,447,True,False,low_block,964.003425,31.695,30.415,0.0,0.0,0,0,0,0.0,2.0,0.0,2.0,1.0,0.0,0,1,0,0
1899585,0,False,False,medium_block,1700.2682999999997,35.114999999999995,48.42,1.6666666666666667,1.8,1,0,0,2.0,2.0,2.0,3.0,4.0,3.0,1,0,1,0
1899585,1,False,False,high_block,2514.8598000000006,37.005,67.96000000000001,2.0,0.55,0,0,0,1.0,1.0,2.0,1.0,2.0,1.0,0,0,0,1
1899585,2,False,False,medium_block,2798.0092999999997,37.97,73.69,2.5,1.0,0,1,0,1.0,1.0,0.0,2.0,3.0,2.0,1,0,1,0
1899585,4,False,False,medium_block,1084.57915,33.485,32.39,0.5,0.15,0,0,0,0.0,1.0,1.0,2.0,1.0,0.0,0,0,1,0
1899585,5,False,False,low_block,1204.937625,35.155,34.275,0.5,0.15,0,0,0,0.0,2.0,1.0,2.0,1.0,0.0,0,1,0,0
1899585,6,False,False,medium_block,1645.1149,39.67,41.47,0.0,0.3,0,0,0,0.0,1.0,2.0,1.0,1.0,0.0,0,0,1,0
1899585,7,False,False,high_block,1850.3918499999997,35.605,51.97,0.0,0.3,0,0,0,0.0,0.0,2.0,2.0,1.0,0.0,0,0,0,1
1899585,8,False,False,medium_block,1756.408225,33.865,51.864999999999995,1.5,1.2,0,1,0,0.0,0.0,3.0,2.0,2.0,1.0,1,0,1,0
1899585,9,False,False,low_block,1282.7214,32.04,40.035,0.5,0.0,0,0,0,0.0,3.0,0.0,2.0,1.0,0.0,0,1,0,0
1899585,10,False,False,medium_block,881.1417000000002,27.42,32.135000000000005,0.0,0.0,0,0,0,0.0,1.0,0.0,2.0,1.0,0.0,0,0,1,0
1899585,11,False,False,low_block,1126.2037749999997,31.595,35.644999999999996,2.0,0.0,0,0,0,0.0,1.0,0.0,1.0,1.0,0.0,0,1,0,0
1899585,12,False,False,low_block,1171.996875,29.765,39.375,2.6666666666666665,0.9,0,1,0,0.0,4.0,1.0,3.0,2.0,1.0,1,1,0,0
1899585,14,False,False,medium_block,1308.7499000000003,33.31,39.290000000000006,0.0,0.0,0,0,0,0.0,1.0,0.0,2.0,1.0,0.0,0,0,1,0
1899585,15,False,False,low_block,1355.228725,34.745000000000005,39.004999999999995,1.5,0.0,0,0,0,0.0,3.0,0.0,2.0,1.0,0.0,0,1,0,0
1899585,18,False,False,low_block,400.3785,23.05,17.369999999999997,3.0,0.75,0,1,0,0.0,2.0,0.0,1.0,2.0,1.0,1,1,0,0
1899585,19,False,False,medium_block,1639.83365,32.935,49.79,3.0,0.75,0,1,0,0.0,1.0,0.0,1.0,2.0,1.0,1,0,1,0
1899585,20,False,False,medium_block,1422.116625,28.225,50.385000000000005,3.3333333333333335,1.5,0,1,0,3.0,5.0,0.0,3.0,5.0,4.0,1,0,1,0
1899585,24,False,False,low_block,1396.6455999999998,32.269999999999996,43.28,1.5,0.75,0,1,0,0.0,1.0,0.0,1.0,2.0,1.0,1,1,0,0
1899585,25,False,False,medium_block,1501.9724999999999,32.83,45.75,1.5,0.65,0,0,0,2.0,3.0,1.0,2.0,3.0,2.0,0,0,1,0
1899585,29,False,False,medium_block,2661.6255,40.62,65.525,2.0,0.3,0,0,0,0.0,1.0,2.0,2.0,1.0,0.0,0,0,1,0
1899585,30,False,False,low_block,1780.1625000000001,32.075,55.5,2.3333333333333335,1.2,0,1,0,0.0,5.0,3.0,3.0,2.0,1.0,1,1,0,0
1899585,34,False,False,medium_block,1565.9999999999998,34.8,45.0,0.0,0.0,0,0,0,0.0,0.0,0.0,1.0,1.0,0.0,0,0,1,0
1899585,38,False,False,medium_block,2427.0029999999997,39.425,61.56,3.0,0.15,0,0,0,0.0,3.0,1.0,2.0,1.0,0.0,0,0,1,0
1899585,40,False,False,low_block,1010.8228,31.48,32.11,1.5,0.75,0,1,0,0.0,2.0,0.0,2.0,2.0,1.0,1,1,0,0
1899585,41,False,False,medium_block,1444.4325500000002,37.07,38.965,1.0,0.9,0,1,0,0.0,2.0,1.0,3.0,2.0,1.0,1,0,1,0
1899585,42,False,False,low_block,994.42915,30.235,32.89,2.0,0.3,0,0,0,0.0,0.0,2.0,1.0,1.0,0.0,0,1,0,0
1899585,46,False,False,high_block,2157.4788000000003,33.96,63.53,2.5,1.25,0,0,1,2.0,4.0,0.0,2.0,3.0,2.0,1,0,0,1
1899585,48,False,False,medium_block,2682.8070000000002,37.365,71.8,3.0,0.15,0,0,0,0.0,1.0,1.0,1.0,1.0,0.0,0,0,1,0
1899585,49,False,False,medium_block,1620.906175,30.895,52.465,1.5,0.0,0,0,0,0.0,0.0,0.0,0.0,1.0,0.0,0,0,1,0
1899585,50,False,False,high_block,2008.0721999999998,34.61,58.019999999999996,0.0,0.0,0,0,0,0.0,1.0,0.0,2.0,1.0,0.0,0,0,0,1
1899585,51,False,False,medium_block,2468.916625,39.025,63.265,0.0,0.9,0,1,0,0.0,1.0,1.0,2.0,2.0,1.0,1,0,1,0
1899585,52,False,False,low_block,2085.6775,46.22,45.125,1.6666666666666667,1.2,0,1,0,0.0,6.0,3.0,3.0,2.0,1.0,1,1,0,0
1899585,54,False,False,medium_block,2002.2522749999996,36.144999999999996,55.394999999999996,0.0,0.15,0,0,0,0.0,2.0,1.0,1.0,1.0,0.0,0,0,1,0
1899585,56,False,False,low_block,2258.1151,40.13,56.269999999999996,3.0,0.75,0,1,0,0.0,1.0,0.0,1.0,2.0,1.0,1,1,0,0
1899585,63,False,False,medium_block,,,,1.5,0.0,0,0,0,0.0,1.0,0.0,1.0,1.0,0.0,0,0,1,0
1899585,64,False,False,low_block,1465.5564000000002,34.21,42.84,2.6666666666666665,1.35,0,1,0,0.0,5.0,4.0,3.0,2.0,1.0,1,1,0,0
1899585,68,False,False,medium_block,1812.0687499999997,37.849999999999994,47.875,3.0,0.9,0,1,0,0.0,2.0,1.0,3.0,2.0,1.0,1,0,1,0
1899585,69,False,False,low_block,1616.66785,34.685,46.61,1.5,0.75,0,1,0,0.0,2.0,0.0,2.0,2.0,1.0,1,1,0,0
1899585,70,False,False,medium_block,1634.5719,33.54,48.735,2.0,1.0,0,1,0,1.0,2.0,0.0,2.0,3.0,2.0,1,0,1,0
1899585,71,False,False,medium_block,1928.0880999999997,43.91,43.91,0.0,0.0,0,0,0,0.0,1.0,0.0,2.0,1.0,0.0,0,0,1,0
1899585,72,False,False,low_block,1318.746825,36.135,36.495,0.0,0.0,0,0,0,0.0,2.0,0.0,2.0,1.0,0.0,0,1,0,0
1899585,73,False,False,medium_block,1397.6378,36.53,38.26,0.0,0.0,0,0,0,0.0,2.0,0.0,2.0,1.0,0.0,0,0,1,0
1899585,74,False,False,low_block,1379.5431,36.01,38.31,0.0,0.0,0,0,0,0.0,2.0,0.0,1.0,1.0,0.0,0,1,0,0
1899585,75,False,False,medium_block,1680.0672000000002,38.64,43.480000000000004,1.0,3.2,1,0,1,4.0,4.0,3.0,3.0,6.0,5.0,1,0,1,0
1899585,76,False,False,low_block,765.568875,27.425,27.915,1.5,0.75,0,1,0,0.0,0.0,0.0,2.0,2.0,1.0,1,1,0,0
1899585,77,False,False,medium_block,2573.4903000000004,40.34,63.795,2.0,2.8,1,1,0,3.0,4.0,2.0,3.0,6.0,5.0,1,0,1,0
1899585,78,False,False,medium_block,2642.59645,53.635000000000005,49.269999999999996,2.0,0.15,0,0,0,0.0,1.0,1.0,1.0,1.0,0.0,0,0,1,0
1899585,79,False,False,high_block,2740.433125,46.825,58.525,1.5,0.5,0,0,0,2.0,2.0,0.0,3.0,3.0,2.0,0,0,0,1
1899585,82,False,False,medium_block,1781.4216,29.96,59.459999999999994,2.0,2.55,1,1,0,2.0,5.0,2.0,2.0,5.0,4.0,1,0,1,0
1899585,83,False,False,low_block,1055.2502499999998,24.064999999999998,43.849999999999994,3.5,0.75,0,1,0,0.0,4.0,0.0,4.0,2.0,1.0,1,1,0,0
1899585,85,False,False,low_block,887.453,27.16,32.675,1.0,0.75,0,1,0,0.0,3.0,0.0,3.0,2.0,1.0,1,1,0,0
1899585,90,False,False,low_block,1506.150525,35.695,42.195,1.0,2.15,1,1,0,1.0,2.0,1.0,2.0,4.0,3.0,1,1,0,0
1899585,91,False,False,medium_block,1843.7975499999998,39.305,46.91,1.3333333333333333,0.5,0,0,0,2.0,2.0,0.0,3.0,3.0,2.0,0,0,1,0
1899585,92,False,False,medium_block,2326.3226999999997,46.845,49.66,0.0,0.0,0,0,0,0.0,1.0,0.0,2.0,1.0,0.0,0,0,1,0
1899585,93,False,False,medium_block,2465.0075,46.730000000000004,52.75,1.5,0.75,0,1,0,0.0,3.0,0.0,2.0,2.0,1.0,1,0,1,0
1899585,94,False,False,medium_block,1526.0719500000002,33.255,45.89,1.5,2.8,1,1,0,3.0,3.0,2.0,2.0,6.0,5.0,1,0,1,0
1899585,95,False,False,low_block,1052.896875,32.125,32.775,4.0,0.75,0,1,0,0.0,1.0,0.0,2.0,2.0,1.0,1,1,0,0
1899585,96,False,False,high_block,2688.6625,37.085,72.5,3.0,0.0,0,0,0,0.0,1.0,0.0,1.0,1.0,0.0,0,0,0,1
1899585,97,False,False,low_block,977.5863499999999,34.97,27.955,3.0,0.9,0,1,0,0.0,6.0,1.0,3.0,2.0,1.0,1,1,0,0
1899585,98,False,False,high_block,2532.0539999999996,39.9,63.459999999999994,2.75,4.1,1,1,1,4.0,5.0,5.0,4.0,7.0,6.0,1,0,0,1
1899585,99,False,False,medium_block,2537.1045,41.825,60.66,2.6666666666666665,4.1,1,1,1,4.0,4.0,5.0,3.0,7.0,6.0,1,0,1,0
1899585,100,False,False,medium_block,2118.5910000000003,38.59,54.9,0.0,0.0,0,0,0,0.0,1.0,0.0,1.0,1.0,0.0,0,0,1,0
1899585,102,False,False,medium_block,2301.935125,41.495000000000005,55.474999999999994,3.0,0.3,0,0,0,0.0,2.0,2.0,2.0,1.0,0.0,0,0,1,0
1899585,105,False,False,medium_block,928.948625,24.475,37.955,4.0,0.0,0,0,0,0.0,1.0,0.0,1.0,1.0,0.0,0,0,1,0
1899585,108,True,False,low_block,1371.1785750000001,35.55500000000001,38.565,1.5,0.9,0,1,0,0.0,3.0,1.0,2.0,2.0,1.0,1,1,0,0
1899585,109,False,False,medium_block,1413.9775499999998,35.095,40.29,1.0,0.0,0,0,0,0.0,2.0,0.0,2.0,1.0,0.0,0,0,1,0
1899585,110,False,False,low_block,1583.8361499999999,37.504999999999995,42.230000000000004,1.0,0.0,0,0,0,0.0,2.0,0.0,2.0,1.0,0.0,0,1,0,0
1899585,111,False,False,medium_block,1634.2549999999997,37.099999999999994,44.05,1.0,0.0,0,0,0,0.0,2.0,0.0,2.0,1.0,0.0,0,0,1,0
1899585,113,False,False,medium_block,1999.5389999999998,37.08,53.925,1.0,0.75,0,1,0,0.0,1.0,0.0,4.0,2.0,1.0,1,0,1,0
1899585,115,False,False,low_block,1347.7579,32.665,41.260000000000005,1.5,0.0,0,0,0,0.0,0.0,0.0,0.0,1.0,0.0,0,1,0,0
1899585,116,False,False,low_block,1796.95,33.2,54.125,2.0,1.2,0,1,0,0.0,1.0,3.0,2.0,2.0,1.0,1,1,0,0
1899585,118,False,False,high_block,2754.274425,40.795,67.515,0.5,0.5,0,0,0,2.0,2.0,0.0,2.0,3.0,2.0,0,0,0,1
1899585,121,False,False,medium_block,1253.2061749999998,30.355,41.285,1.0,1.05,0,1,0,0.0,4.0,2.0,1.0,2.0,1.0,1,0,1,0
1899585,122,False,False,low_block,1015.861525,26.555,38.255,2.0,0.75,0,1,0,0.0,3.0,0.0,2.0,2.0,1.0,1,1,0,0
1899585,126,False,False,medium_block,1601.4690999999998,30.205,53.019999999999996,0.0,0.6,0,0,0,0.0,2.0,5.0,1.0,1.0,0.0,0,0,1,0
1899585,127,False,False,low_block,1310.8180000000002,32.575,40.24,2.5,1.35,0,1,0,0.0,3.0,5.0,2.0,2.0,1.0,1,1,0,0
1899585,128,True,True,medium_block,1650.6111,34.42,47.955,0.5,0.4,0,0,0,1.0,1.0,1.0,2.0,2.0,1.0,0,0,1,0
1899585,129,True,True,low_block,1348.78095,34.155,39.49,2.5,0.75,0,1,0,0.0,3.0,0.0,2.0,2.0,1.0,1,1,0,0
1899585,130,False,False,medium_block,1846.5783,37.065,49.82,0.5,1.0,0,1,0,1.0,2.0,0.0,2.0,3.0,2.0,1,0,1,0
1899585,131,False,False,medium_block,2726.3411999999994,52.47,51.959999999999994,2.0,1.35,0,1,0,0.0,2.0,4.0,3.0,2.0,1.0,1,0,1,0
1899585,132,False,False,low_block,1668.92485,37.145,44.93,2.0,1.3,0,1,0,1.0,3.0,2.0,2.0,3.0,2.0,1,1,0,0
1899585,133,False,False,high_block,2516.3963999999996,38.43,65.47999999999999,1.0,1.55,1,0,0,1.0,1.0,2.0,1.0,3.0,2.0,1,0,0,1
1899585,134,False,False,medium_block,2903.5004999999996,44.43,65.35,1.5,1.55,1,0,0,1.0,2.0,2.0,2.0,3.0,2.0,1,0,1,0
1899585,136,False,False,medium_block,1521.124,38.2,39.82,0.5,0.44999999999999996,0,0,0,0.0,1.0,3.0,2.0,1.0,0.0,0,0,1,0
1899585,137,False,False,low_block,1757.7667500000002,43.59,40.325,1.0,0.44999999999999996,0,0,0,0.0,1.0,3.0,2.0,1.0,0.0,0,1,0,0
1899585,138,False,False,medium_block,2656.15155,46.755,56.81,2.0,0.25,0,0,0,1.0,1.0,0.0,1.0,2.0,1.0,0,0,1,0
1899585,139,False,False,high_block,2535.99945,42.69,59.405,1.6666666666666667,2.4,1,1,0,2.0,2.0,1.0,3.0,5.0,4.0,1,0,0,1
1899585,140,False,False,medium_block,2718.09075,42.95,63.285,2.0,2.55,1,1,0,2.0,2.0,2.0,2.0,5.0,4.0,1,0,1,0
1899585,143,False,False,low_block,1510.1536499999997,29.744999999999997,50.769999999999996,2.5,0.75,0,1,0,0.0,2.0,0.0,2.0,2.0,1.0,1,1,0,0
1899585,144,False,False,medium_block,1677.27175,34.265,48.95,2.5,0.75,0,1,0,0.0,2.0,0.0,2.0,2.0,1.0,1,0,1,0
1899585,145,False,False,low_block,1576.90775,32.45,48.595,2.5,0.75,0,1,0,0.0,2.0,0.0,2.0,2.0,1.0,1,1,0,0
1899585,146,False,False,medium_block,1500.5265000000002,32.325,46.42,1.0,0.9,0,1,0,0.0,1.0,1.0,2.0,2.0,1.0,1,0,1,0
1899585,147,False,False,low_block,1709.097975,39.19499999999999,43.605000000000004,2.0,0.15,0,0,0,0.0,1.0,1.0,1.0,1.0,0.0,0,1,0,0
1899585,149,False,False,medium_block,1766.7464,30.32,58.269999999999996,1.3333333333333333,2.4,1,1,0,2.0,2.0,1.0,3.0,5.0,4.0,1,0,1,0
1899585,150,False,False,high_block,2087.072,34.6,60.32,1.0,0.25,0,0,0,1.0,1.0,0.0,1.0,2.0,1.0,0,0,0,1
1899585,151,False,False,medium_block,2100.8405,36.035,58.3,1.0,0.25,0,0,0,1.0,1.0,0.0,1.0,2.0,1.0,0,0,1,0
1899585,152,False,False,medium_block,2336.7025,42.625,54.82,1.0,1.65,0,1,0,3.0,3.0,1.0,2.0,5.0,4.0,1,0,1,0
1899585,153,False,False,high_block,2584.0499499999996,39.37,65.63499999999999,1.0,0.4,0,0,0,1.0,1.0,1.0,1.0,2.0,1.0,0,0,0,1
1899585,155,False,False,medium_block,2347.88055,44.644999999999996,52.59,1.5,0.9,0,1,0,0.0,2.0,1.0,2.0,2.0,1.0,1,0,1,0
1899585,157,False,False,low_block,1346.58995,29.689999999999998,45.355000000000004,2.6666666666666665,1.35,0,1,0,0.0,4.0,5.0,3.0,2.0,1.0,1,1,0,0
1899585,159,False,False,medium_block,1642.194925,35.665,46.045,0.5,1.2,0,1,0,0.0,1.0,3.0,2.0,2.0,1.0,1,0,1,0
1899585,160,False,False,low_block,1758.3647500000002,37.855000000000004,46.45,1.5,1.35,0,1,0,0.0,3.0,4.0,2.0,2.0,1.0,1,1,0,0
1899585,161,False,False,medium_block,2474.082,39.24,63.05,1.5,0.0,0,0,0,0.0,0.0,0.0,0.0,1.0,0.0,0,0,1,0
1899585,162,False,False,high_block,2654.832,39.36,67.45,3.0,0.25,0,0,0,1.0,1.0,0.0,1.0,2.0,1.0,0,0,0,1
1899585,163,False,False,high_block,3061.8819000000003,43.010000000000005,71.19,2.0,2.4,1,0,1,2.0,2.0,1.0,2.0,4.0,3.0,1,0,0,1
1899585,164,False,False,medium_block,2014.4688,41.120000000000005,48.989999999999995,0.5,1.8,1,0,0,2.0,2.0,2.0,2.0,4.0,3.0,1,0,1,0
1899585,165,False,False,high_block,2009.9581249999999,34.285,58.625,0.5,0.25,0,0,0,1.0,1.0,0.0,2.0,2.0,1.0,0,0,0,1
1899585,166,False,False,medium_block,2069.85485,36.47,56.755,1.0,0.15,0,0,0,0.0,3.0,1.0,2.0,1.0,0.0,0,0,1,0
1899585,167,False,False,low_block,1871.7498,36.94,50.67,2.0,0.9,0,1,0,0.0,4.0,1.0,4.0,2.0,1.0,1,1,0,0
1899585,168,False,False,medium_block,1587.1261,32.62,48.655,2.6666666666666665,0.9,0,1,0,0.0,3.0,1.0,3.0,2.0,1.0,1,0,1,0
1899585,169,False,False,low_block,1243.7982000000002,31.880000000000003,39.015,1.6666666666666667,1.15,0,1,0,1.0,3.0,1.0,3.0,3.0,2.0,1,1,0,0
1899585,170,False,False,medium_block,2899.9329,47.83,60.629999999999995,2.0,0.4,0,0,0,1.0,1.0,1.0,1.0,2.0,1.0,0,0,1,0
1899585,171,False,False,high_block,2683.109,41.47,64.7,2.0,0.5,0,0,0,2.0,2.0,0.0,1.0,3.0,2.0,0,0,0,1
1899585,172,False,False,medium_block,2816.440975,42.235,66.685,2.5,1.5,0,1,0,3.0,3.0,0.0,2.0,5.0,4.0,1,0,1,0
1899585,173,False,False,high_block,2736.44295,43.305,63.19,1.5,1.95,0,1,0,3.0,3.0,3.0,2.0,5.0,4.0,1,0,0,1
1899585,174,False,False,medium_block,2155.2744,37.47,57.519999999999996,2.5,3.1,1,1,0,3.0,4.0,4.0,3.0,6.0,5.0,1,0,1,0
1899585,177,False,False,medium_block,2676.8796,42.94,62.34,2.3333333333333335,1.25,0,1,0,2.0,4.0,0.0,3.0,4.0,3.0,1,0,1,0
1899585,178,False,False,high_block,2463.9552,39.69,62.08,2.0,0.75,0,0,0,3.0,3.0,0.0,2.0,4.0,3.0,0,0,0,1
1899585,179,False,False,medium_block,2649.606275,42.815,61.885000000000005,2.0,2.15,1,0,0,4.0,5.0,1.0,2.0,6.0,5.0,1,0,1,0
1899585,181,False,False,low_block,1561.3482000000001,39.22,39.81,0.5,0.0,0,0,0,0.0,0.0,0.0,2.0,1.0,0.0,0,1,0,0
1899585,182,False,False,medium_block,1380.9930000000002,34.900000000000006,39.57,1.5,1.15,0,1,0,1.0,5.0,1.0,2.0,3.0,2.0,1,0,1,0
1899585,183,False,False,medium_block,2257.9683,42.555,53.06,2.5,1.3,0,1,0,1.0,2.0,2.0,2.0,3.0,2.0,1,0,1,0
1899585,185,False,False,low_block,1588.7897500000001,30.725,51.71,3.0,0.9,0,1,0,0.0,3.0,1.0,2.0,2.0,1.0,1,1,0,0
1899585,187,False,False,high_block,2581.376,37.52,68.8,0.5,0.0,0,0,0,0.0,1.0,0.0,2.0,1.0,0.0,0,0,0,1
1899585,189,False,False,high_block,2847.6546,42.42,67.13,0.0,0.0,0,0,0,0.0,0.0,0.0,2.0,1.0,0.0,0,0,0,1
1899585,190,False,False,low_block,1730.006625,36.525,47.365,1.5,0.5,0,0,0,2.0,2.0,0.0,1.0,3.0,2.0,0,1,0,0
1899585,191,False,False,medium_block,1626.2636249999998,34.805,46.724999999999994,1.0,1.3,0,1,0,1.0,2.0,2.0,2.0,3.0,2.0,1,0,1,0
1899585,192,False,False,low_block,1450.26225,32.39,44.775,2.5,0.75,0,1,0,0.0,4.0,0.0,2.0,2.0,1.0,1,1,0,0
1899585,196,True,False,medium_block,2039.4252000000001,33.855000000000004,60.239999999999995,1.0,0.7,0,0,0,1.0,1.0,3.0,1.0,2.0,1.0,0,0,1,0
1899585,197,True,False,high_block,2646.4382250000003,39.835,66.435,1.5,1.25,0,1,0,2.0,2.0,0.0,2.0,4.0,3.0,1,0,0,1
1899585,198,True,False,medium_block,2581.594,39.595,65.2,1.0,0.44999999999999996,0,0,0,0.0,1.0,3.0,1.0,1.0,0.0,0,0,1,0
1899585,199,True,False,low_block,1456.29605,29.884999999999998,48.730000000000004,2.0,0.9,0,1,0,0.0,2.0,1.0,1.0,2.0,1.0,1,1,0,0
1899585,202,False,False,low_block,1400.6625,30.75,45.55,2.6666666666666665,0.9,0,1,0,0.0,6.0,1.0,3.0,2.0,1.0,1,1,0,0
1899585,208,False,False,low_block,768.3038999999999,26.845,28.619999999999997,2.5,0.75,0,1,0,0.0,4.0,0.0,4.0,2.0,1.0,1,1,0,0
1899585,209,False,False,high_block,1516.0405,26.060000000000002,58.175,3.0,3.55,1,1,1,3.0,6.0,2.0,4.0,6.0,5.0,1,0,0,1
1899585,212,True,False,medium_block,1578.8485999999998,30.38,51.97,2.0,1.05,0,1,0,0.0,1.0,2.0,1.0,2.0,1.0,1,0,1,0
1899585,213,True,False,low_block,944.0708,29.36,32.155,2.5,1.2,0,1,0,0.0,2.0,3.0,2.0,2.0,1.0,1,1,0,0
1899585,217,False,False,high_block,2438.289025,34.915,69.83500000000001,2.0,0.65,0,0,0,2.0,2.0,1.0,1.0,3.0,2.0,0,0,0,1
1899585,218,False,False,medium_block,2379.6105000000002,33.900000000000006,70.195,2.0,1.15,0,1,0,1.0,1.0,1.0,1.0,3.0,2.0,1,0,1,0
1899585,219,False,False,high_block,2227.9222500000005,33.49,66.525,1.0,2.8,1,1,0,3.0,3.0,2.0,2.0,6.0,5.0,1,0,0,1
1899585,220,False,False,medium_block,2256.2569000000003,35.540000000000006,63.485,1.0,2.65,1,1,0,3.0,3.0,1.0,2.0,6.0,5.0,1,0,1,0
1899585,221,False,False,high_block,2680.2334000000005,40.585,66.04,1.0,0.55,0,0,0,1.0,1.0,2.0,1.0,2.0,1.0,0,0,0,1
1899585,222,False,False,medium_block,2415.4669000000004,37.03,65.23,2.0,1.05,0,1,0,0.0,1.0,2.0,1.0,2.0,1.0,1,0,1,0
1899585,223,False,False,low_block,1552.1035000000002,28.1,55.235,2.5,1.05,0,1,0,0.0,2.0,2.0,2.0,2.0,1.0,1,1,0,0
1899585,229,False,False,medium_block,1729.1805,42.33,40.85,1.5,0.0,0,0,0,0.0,0.0,0.0,1.0,1.0,0.0,0,0,1,0
1899585,230,False,False,medium_block,1842.14765,40.67,45.295,0.0,1.55,0,1,0,2.0,2.0,2.0,2.0,4.0,3.0,1,0,1,0
1899585,232,False,False,low_block,1445.059,38.3,37.730000000000004,1.0,1.3,0,1,0,1.0,3.0,2.0,3.0,3.0,2.0,1,1,0,0
1899585,233,False,False,medium_block,1708.9227,40.515,42.18,2.5,2.3,1,1,0,1.0,3.0,2.0,2.0,4.0,3.0,1,0,1,0
1899585,235,False,False,medium_block,1958.726,38.71,50.6,1.0,1.0,0,1,0,1.0,2.0,0.0,2.0,3.0,2.0,1,0,1,0
1899585,236,False,False,low_block,1321.21275,32.01,41.275,2.0,0.3,0,0,0,0.0,2.0,2.0,1.0,1.0,0.0,0,1,0,0
1899585,238,False,False,medium_block,1739.4948249999998,31.705,54.864999999999995,2.5,1.65,0,1,0,3.0,5.0,1.0,2.0,5.0,4.0,1,0,1,0
1899585,239,False,False,high_block,1876.6185999999998,33.535,55.96,0.0,0.44999999999999996,0,0,0,0.0,0.0,3.0,1.0,1.0,0.0,0,0,0,1
1899585,240,False,False,medium_block,1909.915,34.625,55.16,0.0,0.15,0,0,0,0.0,0.0,1.0,1.0,1.0,0.0,0,0,1,0
1899585,241,False,False,high_block,1851.2302500000003,34.225,54.09,0.0,0.0,0,0,0,0.0,0.0,0.0,2.0,1.0,0.0,0,0,0,1
1899585,243,False,False,high_block,2841.3515,38.35,74.09,1.0,0.5,0,0,0,2.0,2.0,0.0,2.0,3.0,2.0,0,0,0,1
1899585,246,False,False,high_block,2856.21,42.63,67.0,3.0,2.15,1,1,0,1.0,1.0,1.0,2.0,4.0,3.0,1,0,0,1
1899585,248,False,False,high_block,2557.4843,39.83,64.21000000000001,2.3333333333333335,2.9,1,1,0,5.0,5.0,1.0,4.0,8.0,7.0,1,0,0,1
1899585,249,False,False,medium_block,2066.9483999999998,33.22,62.22,2.3333333333333335,1.25,0,1,0,2.0,5.0,0.0,3.0,4.0,3.0,1,0,1,0
1899585,250,False,False,low_block,1094.45515,27.53,39.754999999999995,2.0,1.05,0,1,0,0.0,1.0,2.0,1.0,2.0,1.0,1,1,0,0
1899585,251,False,False,high_block,2793.868,42.46,65.8,1.5,0.0,0,0,0,0.0,0.0,0.0,1.0,1.0,0.0,0,0,0,1
1899585,252,False,False,medium_block,2203.29265,37.57,58.644999999999996,3.0,1.55,0,1,0,2.0,2.0,2.0,2.0,4.0,3.0,1,0,1,0
1899585,254,False,False,low_block,1311.8875,38.5,34.075,1.6666666666666667,0.9,0,1,0,0.0,2.0,1.0,3.0,2.0,1.0,1,1,0,0
1899585,256,False,False,medium_block,1825.8173500000003,32.410000000000004,56.335,1.5,1.35,0,1,0,0.0,2.0,4.0,2.0,2.0,1.0,1,0,1,0
1899585,257,False,False,low_block,1276.3858500000001,27.89,45.765,2.5,0.9,0,1,0,0.0,3.0,1.0,2.0,2.0,1.0,1,1,0,0
1899585,259,False,False,medium_block,2262.4722,54.57,41.46,1.5,0.0,0,0,0,0.0,1.0,0.0,1.0,1.0,0.0,0,0,1,0
1899585,261,False,False,low_block,2020.2267000000002,44.245000000000005,45.66,3.3333333333333335,1.05,0,1,0,0.0,4.0,2.0,3.0,2.0,1.0,1,1,0,0
1899585,262,False,False,high_block,2989.1821750000004,39.965,74.795,2.5,0.9,0,1,0,0.0,1.0,1.0,2.0,2.0,1.0,1,0,0,1
1899585,263,False,False,medium_block,2989.044975,42.245,70.755,0.5,0.9,0,1,0,0.0,1.0,1.0,2.0,2.0,1.0,1,0,1,0
1899585,269,False,False,high_block,1533.0145000000002,24.295,63.10000000000001,3.0,3.4,1,1,1,3.0,3.0,1.0,3.0,6.0,5.0,1,0,0,1
1899585,270,False,False,medium_block,1646.382375,30.195,54.525,2.0,1.9,0,1,0,4.0,5.0,1.0,3.0,6.0,5.0,1,0,1,0
1899585,271,False,False,medium_block,2811.6506,53.03,53.019999999999996,2.0,0.75,0,1,0,0.0,3.0,0.0,1.0,2.0,1.0,1,0,1,0
1899585,272,False,False,low_block,1732.17225,40.805,42.45,0.0,0.0,0,0,0,0.0,0.0,0.0,1.0,1.0,0.0,0,1,0,0
1899585,273,False,False,medium_block,1927.1524,43.66,44.14,1.5,1.05,0,1,0,0.0,4.0,2.0,2.0,2.0,1.0,1,0,1,0
1899585,274,False,False,low_block,2474.7975,49.875,49.620000000000005,2.0,1.05,0,1,0,0.0,4.0,2.0,2.0,2.0,1.0,1,1,0,0
1899585,275,False,False,medium_block,2484.511275,49.135,50.565,2.0,0.75,0,1,0,0.0,4.0,0.0,2.0,2.0,1.0,1,0,1,0
1899585,276,False,False,high_block,1974.5040000000001,33.81,58.4,0.0,0.44999999999999996,0,0,0,0.0,1.0,3.0,2.0,1.0,0.0,0,0,0,1
1899585,278,False,False,medium_block,2428.4312250000003,37.965,63.964999999999996,0.0,1.35,0,1,0,0.0,0.0,5.0,2.0,2.0,1.0,1,0,1,0
1899585,279,False,False,low_block,1456.57895,28.03,51.965,2.6666666666666665,1.45,0,1,0,1.0,3.0,3.0,3.0,3.0,2.0,1,1,0,0
1899585,280,False,False,high_block,2158.8293999999996,31.214999999999996,69.16,3.0,2.3,1,1,0,1.0,2.0,2.0,3.0,4.0,3.0,1,0,0,1
1899585,281,False,False,medium_block,1912.7682,29.88,64.015,3.0,2.3,1,1,0,1.0,2.0,2.0,3.0,4.0,3.0,1,0,1,0
1899585,282,True,False,low_block,1357.430375,32.455,41.825,2.5,1.05,0,1,0,0.0,1.0,2.0,2.0,2.0,1.0,1,1,0,0
1899585,283,True,False,medium_block,1372.7987999999998,32.18,42.66,1.5,1.05,0,1,0,0.0,2.0,2.0,2.0,2.0,1.0,1,0,1,0
1899585,284,True,False,low_block,951.5116249999999,29.345,32.425,4.0,0.75,0,1,0,0.0,1.0,0.0,2.0,2.0,1.0,1,1,0,0
1899585,286,False,False,medium_block,2498.853075,43.905,56.915,2.0,2.2,1,0,0,3.0,3.0,3.0,2.0,5.0,4.0,1,0,1,0
1899585,287,False,False,high_block,2554.3381499999996,38.19,66.88499999999999,3.0,1.4,1,0,0,1.0,1.0,1.0,1.0,3.0,2.0,1,0,0,1
1899585,289,True,False,medium_block,2482.9707,37.655,65.94,3.0,1.35,0,1,0,0.0,1.0,4.0,1.0,2.0,1.0,1,0,1,0
1899585,290,True,False,low_block,1576.4134,29.345,53.72,2.0,0.0,0,0,0,0.0,3.0,0.0,2.0,1.0,0.0,0,1,0,0
1899585,291,False,False,high_block,2482.8132,38.64,64.255,0.0,0.25,0,0,0,1.0,1.0,0.0,1.0,2.0,1.0,0,0,0,1
1899585,292,False,False,medium_block,2071.54475,33.55,61.745000000000005,2.25,3.35,1,1,0,6.0,6.0,5.0,4.0,8.0,8.0,1,0,1,0
1899585,293,False,False,medium_block,1652.4215999999997,30.464999999999996,54.239999999999995,2.0,1.7,0,1,0,2.0,3.0,3.0,1.0,4.0,3.0,1,0,1,0
1899585,295,False,False,high_block,2148.5002999999997,31.909999999999997,67.33,1.5,0.0,0,0,0,0.0,1.0,0.0,1.0,1.0,0.0,0,0,0,1
1899585,296,False,False,medium_block,2273.641,35.06,64.85,1.5,0.0,0,0,0,0.0,1.0,0.0,1.0,1.0,0.0,0,0,1,0
1899585,297,False,False,medium_block,1796.2000000000003,32.075,56.0,1.0,0.3,0,0,0,0.0,0.0,2.0,1.0,1.0,0.0,0,0,1,0
1899585,298,False,False,low_block,1699.8872,33.305,51.04,1.0,0.3,0,0,0,0.0,0.0,2.0,1.0,1.0,0.0,0,1,0,0
1899585,300,False,False,high_block,2320.0728000000004,43.06,53.88,0.5,1.65,1,0,0,2.0,2.0,1.0,2.0,4.0,3.0,1,0,0,1
1899585,301,False,False,medium_block,2329.152,43.325,53.76,1.5,1.65,1,0,0,2.0,2.0,1.0,2.0,4.0,3.0,1,0,1,0
1899585,302,False,False,high_block,2275.717975,39.485,57.635000000000005,1.0,2.15,1,1,0,1.0,1.0,1.0,2.0,4.0,3.0,1,0,0,1
1899585,303,False,False,medium_block,1873.4416250000002,35.225,53.185,1.0,0.3,0,0,0,0.0,0.0,2.0,2.0,1.0,0.0,0,0,1,0
1899585,304,False,False,high_block,2783.9655999999995,42.64,65.28999999999999,1.0,0.0,0,0,0,0.0,3.0,0.0,2.0,1.0,0.0,0,0,0,1
1899585,305,False,False,medium_block,2125.1315250000002,36.355000000000004,58.455,2.0,0.75,0,1,0,0.0,3.0,0.0,3.0,2.0,1.0,1,0,1,0
1899585,308,False,False,medium_block,1570.4347500000001,35.43,44.325,1.5,0.25,0,0,0,1.0,2.0,0.0,2.0,2.0,1.0,0,0,1,0
1899585,310,False,False,medium_block,1737.3525000000002,33.475,51.900000000000006,3.0,0.5,0,0,0,2.0,2.0,0.0,1.0,3.0,2.0,0,0,1,0
1899585,311,False,False,high_block,1923.1218000000001,34.11,56.38,1.6666666666666667,1.25,0,1,0,2.0,2.0,0.0,3.0,4.0,3.0,1,0,0,1
1899585,312,False,False,medium_block,1930.0669750000004,32.855000000000004,58.745000000000005,1.0,1.25,0,1,0,2.0,2.0,0.0,2.0,4.0,3.0,1,0,1,0
1899585,313,False,False,high_block,1804.65,31.8,56.75,0.0,0.4,0,0,0,1.0,1.0,1.0,1.0,2.0,1.0,0,0,0,1
1899585,314,False,False,medium_block,1677.3452750000001,31.285,53.615,2.0,1.4,0,1,0,2.0,2.0,1.0,3.0,4.0,3.0,1,0,1,0
1899585,315,False,False,medium_block,2414.574925,48.335,49.955,1.6666666666666667,1.75,0,1,0,4.0,5.0,0.0,3.0,6.0,5.0,1,0,1,0
1899585,317,False,False,high_block,2324.410875,37.295,62.325,2.5,2.2,1,0,0,3.0,3.0,3.0,3.0,5.0,4.0,1,0,0,1
1899585,318,False,False,medium_block,2406.7296,38.519999999999996,62.480000000000004,3.0,1.8,1,0,0,2.0,2.0,2.0,2.0,4.0,3.0,1,0,1,0
1899585,321,False,False,medium_block,1612.1487,37.095,43.46,1.5,0.0,0,0,0,0.0,0.0,0.0,1.0,1.0,0.0,0,0,1,0
1899585,324,False,False,medium_block,,,,1.5,0.0,0,0,0,0.0,0.0,0.0,0.0,1.0,0.0,0,0,1,0
1899585,325,False,False,low_block,824.16075,30.695,26.85,0.0,0.0,0,0,0,0.0,0.0,0.0,1.0,1.0,0.0,0,1,0,0
1899585,326,False,False,medium_block,1012.3008,32.28,31.36,0.0,0.0,0,0,0,0.0,0.0,0.0,2.0,1.0,0.0,0,0,1,0
1899585,327,False,False,low_block,1109.203425,33.165,33.445,0.0,0.0,0,0,0,0.0,0.0,0.0,2.0,1.0,0.0,0,1,0,0
1899585,328,False,False,medium_block,1867.339725,42.195,44.255,0.0,0.0,0,0,0,0.0,0.0,0.0,1.0,1.0,0.0,0,0,1,0
1899585,329,False,False,high_block,2932.22625,44.25,66.265,1.0,0.15,0,0,0,0.0,1.0,1.0,2.0,1.0,0.0,0,0,0,1
1899585,333,False,False,medium_block,1566.4188749999998,30.674999999999997,51.065,1.0,0.44999999999999996,0,0,0,0.0,1.0,3.0,1.0,1.0,0.0,0,0,1,0
1899585,334,False,False,low_block,1107.5163,30.79,35.97,3.0,0.9,0,1,0,0.0,3.0,1.0,2.0,2.0,1.0,1,1,0,0
1899585,336,False,False,low_block,1607.2409249999998,34.785,46.205,2.0,0.75,0,1,0,0.0,3.0,0.0,2.0,2.0,1.0,1,1,0,0
1899585,337,False,False,medium_block,2345.97825,38.115,61.55,2.0,0.9,0,1,0,0.0,4.0,1.0,2.0,2.0,1.0,1,0,1,0
1899585,340,False,False,medium_block,1720.1193,38.585,44.58,0.0,0.0,0,0,0,0.0,2.0,0.0,2.0,1.0,0.0,0,0,1,0
1899585,347,False,False,medium_block,2077.8949000000002,42.985,48.34,1.5,0.44999999999999996,0,0,0,0.0,1.0,3.0,1.0,1.0,0.0,0,0,1,0
1899585,348,False,False,high_block,2658.458325,46.505,57.165,2.0,2.7,1,1,0,2.0,2.0,3.0,2.0,5.0,4.0,1,0,0,1
1899585,350,False,False,medium_block,3050.8203000000003,46.86,65.105,4.0,2.3,1,1,0,1.0,2.0,2.0,2.0,4.0,3.0,1,0,1,0
1899585,351,False,False,low_block,2593.5260000000003,43.370000000000005,59.800000000000004,4.0,0.9,0,1,0,0.0,2.0,1.0,1.0,2.0,1.0,1,1,0,0
1899585,352,False,False,medium_block,,,,1.5,0.0,0,0,0,0.0,1.0,0.0,1.0,1.0,0.0,0,0,1,0
1899585,353,False,False,low_block,974.267275,29.735,32.765,1.0,0.9,0,1,0,0.0,2.0,1.0,2.0,2.0,1.0,1,1,0,0
1899585,355,True,False,low_block,871.3878,25.32,34.415,2.5,0.0,0,0,0,0.0,5.0,0.0,2.0,1.0,0.0,0,1,0,0
1899585,357,False,False,medium_block,1819.3106249999998,37.125,49.004999999999995,0.5,0.0,0,0,0,0.0,1.0,0.0,2.0,1.0,0.0,0,0,1,0
1899585,358,False,False,medium_block,1695.2667000000001,39.66,42.745000000000005,0.0,1.25,0,0,1,2.0,2.0,0.0,1.0,3.0,2.0,1,0,1,0
1899585,362,False,False,medium_block,1375.689975,34.885,39.435,0.3333333333333333,3.15,1,1,1,2.0,2.0,1.0,3.0,5.0,4.0,1,0,1,0
1899585,363,False,False,medium_block,,,,1.5,0.75,0,1,0,0.0,2.0,0.0,1.0,2.0,1.0,1,0,1,0
1899585,364,False,False,medium_block,2305.4125000000004,42.5,54.245000000000005,0.0,0.3,0,0,0,0.0,0.0,2.0,1.0,1.0,0.0,0,0,1,0
1899585,367,False,False,high_block,2232.0719999999997,34.8,64.14,0.3333333333333333,0.75,0,1,0,0.0,1.0,0.0,3.0,2.0,1.0,1,0,0,1
1899585,368,False,False,medium_block,1843.14955,36.665000000000006,50.269999999999996,3.0,1.0,0,1,0,1.0,1.0,0.0,2.0,3.0,2.0,1,0,1,0
1899585,369,False,False,medium_block,2341.3352999999997,42.269999999999996,55.39,2.0,0.75,0,1,0,0.0,2.0,0.0,1.0,2.0,1.0,1,0,1,0
1899585,370,False,False,low_block,1442.064375,37.335,38.625,2.5,0.15,0,0,0,0.0,2.0,1.0,2.0,1.0,0.0,0,1,0,0
1899585,372,False,False,high_block,2294.9973,37.89,60.57,3.0,2.55,1,1,0,2.0,7.0,2.0,2.0,5.0,4.0,1,0,0,1
1899585,373,False,False,medium_block,2367.8358,40.92,57.864999999999995,3.0,2.55,1,1,0,2.0,7.0,2.0,2.0,5.0,4.0,1,0,1,0
1899585,375,False,False,low_block,1243.3056000000001,32.160000000000004,38.66,3.0,0.15,0,0,0,0.0,2.0,1.0,1.0,1.0,0.0,0,1,0,0
1899585,377,False,False,low_block,1529.1346,36.82,41.53,2.0,0.15,0,0,0,0.0,2.0,1.0,2.0,1.0,0.0,0,1,0,0
1899585,378,False,False,medium_block,1646.2979000000003,35.230000000000004,46.730000000000004,2.0,1.2,0,1,0,0.0,1.0,3.0,2.0,2.0,1.0,1,0,1,0
1899585,381,False,False,medium_block,2196.539125,45.595,48.175,1.5,2.4,1,0,1,2.0,2.0,1.0,2.0,4.0,3.0,1,0,1,0
1899585,387,False,False,high_block,2742.99135,39.93,68.695,2.0,0.9,0,1,0,0.0,1.0,1.0,2.0,2.0,1.0,1,0,0,1
1899585,388,False,False,medium_block,2199.5636,39.905,55.12,1.5,2.65,1,1,0,3.0,3.0,1.0,2.0,6.0,5.0,1,0,1,0
1899585,389,False,False,medium_block,3582.6240000000003,66.84,53.6,0.0,0.15,0,0,0,0.0,1.0,1.0,1.0,1.0,0.0,0,0,1,0
1899585,391,False,False,medium_block,2588.8649,45.91,56.39,2.5,1.2,0,1,0,0.0,1.0,3.0,2.0,2.0,1.0,1,0,1,0
1899585,392,False,False,low_block,1691.16255,32.129999999999995,52.635000000000005,2.0,0.15,0,0,0,0.0,3.0,1.0,2.0,1.0,0.0,0,1,0,0
1899585,396,False,False,medium_block,2072.1468,38.035,54.480000000000004,2.0,0.15,0,0,0,0.0,0.0,1.0,1.0,1.0,0.0,0,0,1,0
1899585,397,False,False,low_block,2304.156375,36.705,62.775000000000006,2.5,0.75,0,1,0,0.0,2.0,0.0,3.0,2.0,1.0,1,1,0,0
1899585,400,False,False,low_block,1831.675125,43.575,42.035,2.5,1.25,0,1,0,2.0,4.0,0.0,2.0,4.0,3.0,1,1,0,0
1899585,401,False,False,high_block,3087.0525,44.45,69.44999999999999,3.0,2.4,1,1,0,2.0,2.0,1.0,1.0,5.0,4.0,1,0,0,1
1899585,402,False,False,medium_block,2584.2776999999996,40.595,63.66,1.0,0.55,0,0,0,1.0,2.0,2.0,1.0,2.0,1.0,0,0,1,0
1899585,404,False,False,medium_block,1311.6302,29.32,44.735,4.0,0.75,0,1,0,0.0,2.0,0.0,1.0,2.0,1.0,1,0,1,0
1899585,406,False,False,medium_block,1457.3944,33.04,44.11,0.0,0.15,0,0,0,0.0,1.0,1.0,2.0,1.0,0.0,0,0,1,0
1899585,408,False,False,low_block,1361.1071,29.57,46.03,3.3333333333333335,1.3,0,1,0,1.0,5.0,2.0,3.0,3.0,2.0,1,1,0,0
1899585,409,False,False,medium_block,2383.9742,37.745000000000005,63.16,3.0,1.4,0,1,0,2.0,3.0,1.0,3.0,4.0,3.0,1,0,1,0
1899585,411,True,False,medium_block,1979.6197499999998,33.71,58.724999999999994,3.0,0.0,0,0,0,0.0,0.0,0.0,1.0,1.0,0.0,0,0,1,0
1899585,412,True,False,low_block,1515.529375,30.235,50.125,1.0,0.9,0,1,0,0.0,2.0,1.0,1.0,2.0,1.0,1,1,0,0
1899585,413,False,False,medium_block,1379.2669999999998,31.7,43.51,2.0,0.75,0,1,0,0.0,1.0,0.0,1.0,2.0,1.0,1,0,1,0
1899585,415,False,False,medium_block,1594.11075,33.09,48.175,0.0,0.6,0,0,0,0.0,1.0,5.0,2.0,1.0,0.0,0,0,1,0
1899585,417,False,False,low_block,1417.9949,30.055,47.18,4.0,1.05,0,1,0,0.0,1.0,2.0,1.0,2.0,1.0,1,1,0,0
1899585,419,False,False,medium_block,1548.3083000000001,30.205,51.260000000000005,2.0,2.9,1,1,0,4.0,5.0,1.0,3.0,7.0,6.0,1,0,1,0
1899585,421,False,False,medium_block,1365.9747499999999,34.175,39.97,0.0,0.0,0,0,0,0.0,0.0,0.0,1.0,1.0,0.0,0,0,1,0
1899585,422,False,False,low_block,1065.1088,31.18,34.16,0.5,0.15,0,0,0,0.0,2.0,1.0,2.0,1.0,0.0,0,1,0,0
1899585,424,True,False,low_block,1400.2566749999999,39.405,35.535,1.5,0.9,0,1,0,0.0,1.0,1.0,2.0,2.0,1.0,1,1,0,0
1899585,425,True,False,medium_block,2243.665575,37.935,59.144999999999996,0.0,1.2,0,1,0,0.0,0.0,3.0,1.0,2.0,1.0,1,0,1,0
1899585,426,True,False,low_block,1450.4399999999998,34.0,42.66,2.0,0.75,0,1,0,0.0,3.0,0.0,1.0,2.0,1.0,1,1,0,0
1899585,427,False,False,medium_block,2496.2936,42.16,59.21,1.5,0.15,0,0,0,0.0,0.0,1.0,1.0,1.0,0.0,0,0,1,0
1899585,429,False,False,low_block,1868.84115,32.735,57.09,3.0,0.3,0,0,0,0.0,1.0,2.0,1.0,1.0,0.0,0,1,0,0
1899585,430,False,False,medium_block,1359.5243,33.71,40.33,0.0,0.0,0,0,0,0.0,1.0,0.0,1.0,1.0,0.0,0,0,1,0
1899585,431,False,False,medium_block,1145.5944,24.229999999999997,47.28,2.5,1.15,0,1,0,1.0,2.0,1.0,2.0,3.0,2.0,1,0,1,0
1899585,432,False,False,medium_block,1379.7033,24.384999999999998,56.58,2.5,1.7,0,1,0,2.0,5.0,3.0,2.0,4.0,3.0,1,0,1,0
1899585,433,False,False,low_block,1164.4535250000001,21.915,53.135000000000005,2.0,0.15,0,0,0,0.0,2.0,1.0,1.0,1.0,0.0,0,1,0,0
1899585,435,True,False,medium_block,1814.0512500000002,35.31,51.375,2.3333333333333335,2.85,1,1,0,2.0,3.0,5.0,3.0,5.0,4.0,1,0,1,0
1899585,436,False,False,low_block,1745.584875,35.325,49.415,2.0,0.44999999999999996,0,0,0,0.0,2.0,3.0,1.0,1.0,0.0,0,1,0,0
1899585,437,False,False,high_block,2665.2972,33.64,79.23,1.5,0.0,0,0,0,0.0,0.0,0.0,0.0,1.0,0.0,0,0,0,1
1925299,0,False,False,medium_block,1425.1080999999997,31.654999999999998,45.019999999999996,1.0,0.15,0,0,0,0.0,0.0,1.0,2.0,1.0,0.0,0,0,1,0
1925299,3,False,False,medium_block,1141.7948999999999,27.27,41.87,2.0,3.35,1,1,0,4.0,4.0,4.0,4.0,7.0,6.0,1,0,1,0
1925299,5,False,False,low_block,660.7656000000001,23.76,27.810000000000002,3.0,0.9,0,1,0,0.0,5.0,1.0,3.0,2.0,1.0,1,1,0,0
1925299,10,False,False,high_block,1905.4332500000003,27.635,68.95,2.0,1.35,0,1,0,0.0,2.0,4.0,3.0,2.0,1.0,1,0,0,1
1925299,11,False,False,medium_block,1718.922775,29.845,57.595,0.0,0.3,0,0,0,0.0,0.0,2.0,1.0,1.0,0.0,0,0,1,0
1925299,12,False,False,low_block,1328.6295,31.049999999999997,42.790000000000006,0.0,0.15,0,0,0,0.0,1.0,1.0,1.0,1.0,0.0,0,1,0,0
1925299,13,False,False,medium_block,1435.084,33.53,42.8,0.5,0.44999999999999996,0,0,0,0.0,1.0,3.0,2.0,1.0,0.0,0,0,1,0
1925299,14,False,False,high_block,2303.8615999999997,37.879999999999995,60.82,0.0,0.15,0,0,0,0.0,1.0,1.0,1.0,1.0,0.0,0,0,0,1
1925299,15,False,False,medium_block,2553.9014,36.370000000000005,70.22,0.0,0.15,0,0,0,0.0,1.0,1.0,1.0,1.0,0.0,0,0,1,0
1925299,16,False,False,medium_block,2043.8700250000002,43.445,47.045,0.3333333333333333,0.75,0,0,0,3.0,3.0,0.0,3.0,4.0,3.0,0,0,1,0
1925299,19,False,False,low_block,737.98835,26.105,28.27,1.5,0.15,0,0,0,0.0,0.0,1.0,1.0,1.0,0.0,0,1,0,0
1925299,20,False,False,high_block,1991.4236999999998,32.254999999999995,61.74,1.5,1.65,1,0,0,2.0,2.0,1.0,2.0,4.0,3.0,1,0,0,1
1925299,23,False,False,medium_block,1513.6474999999998,27.85,54.349999999999994,1.5,0.0,0,0,0,0.0,0.0,0.0,0.0,1.0,0.0,0,0,1,0
1925299,24,False,False,high_block,1999.2019,29.619999999999997,67.495,0.0,0.3,0,0,0,0.0,1.0,2.0,1.0,1.0,0.0,0,0,0,1
1925299,26,False,False,medium_block,1608.6310250000001,34.435,46.715,0.0,0.4,0,0,0,1.0,1.0,1.0,2.0,2.0,1.0,0,0,1,0
1925299,27,False,False,high_block,1953.285775,34.685,56.315,0.5,1.4,0,1,0,2.0,2.0,1.0,3.0,4.0,3.0,1,0,0,1
1925299,28,False,False,medium_block,1616.8815,28.86,56.025,2.0,1.35,0,1,0,0.0,2.0,6.0,1.0,2.0,1.0,1,0,1,0
1925299,29,False,False,low_block,916.8983999999999,27.240000000000002,33.66,3.0,0.0,0,0,0,0.0,1.0,0.0,1.0,1.0,0.0,0,1,0,0
1925299,31,False,False,high_block,2022.7008,32.64,61.97,1.0,2.85,1,1,0,2.0,2.0,4.0,2.0,5.0,4.0,1,0,0,1
1925299,32,False,False,medium_block,1833.2340499999998,33.754999999999995,54.31,2.0,1.85,1,0,0,1.0,2.0,5.0,2.0,3.0,2.0,1,0,1,0
1925299,33,False,False,high_block,2303.80475,39.91,57.724999999999994,1.0,0.15,0,0,0,0.0,1.0,1.0,2.0,1.0,0.0,0,0,0,1
1925299,34,False,False,medium_block,2029.3540250000003,38.135000000000005,53.215,0.0,0.0,0,0,0,0.0,1.0,0.0,2.0,1.0,0.0,0,0,1,0
1925299,36,False,False,medium_block,1561.2871,35.03,44.57,1.0,0.15,0,0,0,0.0,0.0,1.0,2.0,1.0,0.0,0,0,1,0
1925299,39,False,False,low_block,860.92665,31.53,27.305,2.0,0.3,0,0,0,0.0,1.0,2.0,1.0,1.0,0.0,0,1,0,0
1925299,40,False,False,low_block,743.9705,26.975,27.58,0.5,0.3,0,0,0,0.0,2.0,2.0,2.0,1.0,0.0,0,1,0,0
1925299,41,False,False,medium_block,1101.1059000000002,30.51,36.09,0.0,0.3,0,0,0,0.0,2.0,2.0,1.0,1.0,0.0,0,0,1,0
1925299,42,False,False,low_block,1306.13435,31.97,40.855000000000004,1.0,1.05,0,1,0,0.0,4.0,2.0,3.0,2.0,1.0,1,1,0,0
1925299,43,False,False,medium_block,1359.1288499999998,31.615000000000002,42.989999999999995,1.0,0.9,0,1,0,0.0,3.0,1.0,3.0,2.0,1.0,1,0,1,0
1925299,44,False,False,low_block,1724.1997499999998,31.849999999999998,54.135,3.25,0.9,0,1,0,0.0,5.0,1.0,4.0,2.0,1.0,1,1,0,0
1925299,47,False,False,high_block,2003.39325,35.055,57.150000000000006,0.0,0.25,0,0,0,1.0,1.0,0.0,3.0,2.0,1.0,0,0,0,1
1925299,48,False,False,medium_block,1877.5839250000001,35.665000000000006,52.644999999999996,3.0,0.44999999999999996,0,0,0,0.0,3.0,3.0,2.0,1.0,0.0,0,0,1,0
1925299,49,False,False,low_block,1735.6438749999998,34.474999999999994,50.345,3.0,1.2,0,1,0,0.0,2.0,3.0,2.0,2.0,1.0,1,1,0,0
1925299,52,True,False,low_block,1024.3337,29.380000000000003,34.864999999999995,2.5,1.35,0,1,0,0.0,7.0,5.0,4.0,2.0,1.0,1,1,0,0
1925299,54,False,False,medium_block,1194.3989500000002,30.215000000000003,39.53,1.0,0.0,0,0,0,0.0,1.0,0.0,2.0,1.0,0.0,0,0,1,0
1925299,55,False,False,medium_block,2421.4327000000003,45.49,53.230000000000004,2.0,0.25,0,0,0,1.0,1.0,0.0,2.0,2.0,1.0,0,0,1,0
1925299,57,False,False,medium_block,1858.9517000000003,38.42,48.385000000000005,1.5,1.05,0,1,0,0.0,3.0,2.0,4.0,2.0,1.0,1,0,1,0
1925299,59,False,False,low_block,912.568,29.6,30.83,0.0,0.0,0,0,0,0.0,0.0,0.0,1.0,1.0,0.0,0,1,0,0
1925299,60,False,False,medium_block,1365.69585,35.445,38.53,1.0,1.95,1,0,0,2.0,2.0,3.0,2.0,4.0,3.0,1,0,1,0
1925299,61,False,False,low_block,1489.6508,36.519999999999996,40.79,1.5,2.3,1,1,0,1.0,2.0,2.0,2.0,4.0,3.0,1,1,0,0
1925299,62,False,False,medium_block,1312.9983000000002,34.74,37.795,1.0,0.25,0,0,0,1.0,2.0,0.0,2.0,2.0,1.0,0,0,1,0
1925299,63,False,False,low_block,1405.19405,36.79,38.195,1.0,0.25,0,0,0,1.0,2.0,0.0,2.0,2.0,1.0,0,1,0,0
1925299,64,False,False,medium_block,1588.0438000000001,34.795,45.64,1.5,0.15,0,0,0,0.0,2.0,1.0,2.0,1.0,0.0,0,0,1,0
1925299,65,False,False,high_block,2151.8757,36.42,59.085,1.5,0.15,0,0,0,0.0,0.0,1.0,1.0,1.0,0.0,0,0,0,1
1925299,66,False,False,medium_block,2500.11235,39.565,63.19,3.5,0.75,0,1,0,0.0,3.0,0.0,2.0,2.0,1.0,1,0,1,0
1925299,68,False,False,low_block,839.7578,27.515,30.52,3.0,0.75,0,1,0,0.0,2.0,0.0,3.0,2.0,1.0,1,1,0,0
1925299,70,False,False,low_block,1026.1218999999999,27.305,37.58,2.0,0.3,0,0,0,0.0,1.0,2.0,2.0,1.0,0.0,0,1,0,0
1925299,72,False,False,medium_block,1236.77295,30.515,40.53,0.5,1.65,1,0,0,2.0,2.0,1.0,2.0,4.0,3.0,1,0,1,0
1925299,73,False,False,high_block,2191.1141,40.144999999999996,54.58,0.0,1.55,1,0,0,1.0,1.0,2.0,2.0,3.0,2.0,1,0,0,1
1925299,75,False,False,high_block,2567.7889000000005,45.14,56.885000000000005,1.0,1.75,0,1,0,4.0,4.0,0.0,4.0,6.0,5.0,1,0,0,1
1925299,76,False,False,medium_block,2361.68745,39.89,59.205,1.3333333333333333,1.4,0,1,0,2.0,2.0,1.0,3.0,4.0,3.0,1,0,1,0
1925299,79,False,False,medium_block,3121.9575,63.39,49.25,1.5,0.15,0,0,0,0.0,0.0,1.0,1.0,1.0,0.0,0,0,1,0
1925299,84,False,False,medium_block,1712.1779999999999,31.589999999999996,54.2,2.0,0.5,0,0,0,2.0,2.0,0.0,1.0,3.0,2.0,0,0,1,0
1925299,85,False,False,high_block,2280.7756750000003,34.445,66.215,2.0,1.25,0,1,0,2.0,2.0,0.0,2.0,4.0,3.0,1,0,0,1
1925299,86,False,False,medium_block,2826.0750000000003,36.75,76.9,2.6666666666666665,1.4,0,1,0,2.0,3.0,1.0,3.0,4.0,3.0,1,0,1,0
1925299,88,False,False,low_block,813.5115000000002,27.53,29.550000000000004,2.0,0.15,0,0,0,0.0,2.0,1.0,2.0,1.0,0.0,0,1,0,0
1925299,89,False,False,high_block,2319.8652,36.09,64.28,2.0,1.15,0,1,0,1.0,1.0,1.0,1.0,3.0,2.0,1,0,0,1
1925299,90,False,False,medium_block,1792.2216000000003,32.24,55.59,1.0,1.55,1,0,0,1.0,1.0,2.0,1.0,3.0,2.0,1,0,1,0
1925299,91,False,False,high_block,1882.50285,34.535,54.510000000000005,0.0,1.25,0,0,1,2.0,2.0,0.0,2.0,3.0,2.0,1,0,0,1
1925299,93,False,False,medium_block,1749.4046,32.17,54.38,2.0,0.44999999999999996,0,0,0,0.0,0.0,3.0,1.0,1.0,0.0,0,0,1,0
1925299,94,False,False,low_block,1253.7552999999998,34.614999999999995,36.22,3.0,0.75,0,1,0,0.0,1.0,0.0,2.0,2.0,1.0,1,1,0,0
1925299,97,False,False,medium_block,1818.3825,36.735,49.5,0.0,0.0,0,0,0,0.0,0.0,0.0,1.0,1.0,0.0,0,0,1,0
1925299,98,False,False,high_block,2285.6925,38.415,59.5,0.5,1.25,0,1,0,2.0,2.0,0.0,2.0,4.0,3.0,1,0,0,1
1925299,99,False,False,medium_block,2044.1295000000002,33.45,61.11,0.5,1.2,0,1,0,0.0,2.0,3.0,2.0,2.0,1.0,1,0,1,0
1925299,100,False,False,low_block,1581.965525,29.795,53.095,1.5,1.35,0,1,0,0.0,2.0,4.0,2.0,2.0,1.0,1,1,0,0
1925299,108,False,False,high_block,2742.1404999999995,40.9,67.04499999999999,1.5,2.15,1,1,0,1.0,1.0,1.0,2.0,4.0,3.0,1,0,0,1
1925299,109,False,False,medium_block,2353.098425,37.265,63.145,2.0,2.65,1,1,0,3.0,3.0,1.0,3.0,6.0,5.0,1,0,1,0
1925299,110,False,False,high_block,2290.5724,35.59,64.36,3.5,2.9,1,1,0,4.0,6.0,1.0,4.0,7.0,6.0,1,0,0,1
1925299,114,False,False,medium_block,1951.092,34.11,57.2,2.0,1.0,0,1,0,1.0,2.0,0.0,2.0,3.0,2.0,1,0,1,0
1925299,115,False,False,medium_block,2045.4047249999999,36.295,56.355,2.0,1.5,0,1,0,3.0,4.0,0.0,3.0,5.0,4.0,1,0,1,0
1925299,116,False,False,medium_block,1484.805075,32.045,46.334999999999994,0.6666666666666666,1.2,0,1,0,0.0,0.0,3.0,3.0,2.0,1.0,1,0,1,0
1925299,117,False,False,low_block,1264.5311,34.195,36.98,0.0,0.0,0,0,0,0.0,1.0,0.0,2.0,1.0,0.0,0,1,0,0
1925299,118,False,False,medium_block,1556.69745,38.144999999999996,40.81,3.0,1.8,1,0,0,2.0,2.0,2.0,2.0,4.0,3.0,1,0,1,0
1925299,119,False,False,medium_block,1677.8703,35.745000000000005,46.94,1.0,1.15,0,0,1,1.0,1.0,1.0,1.0,2.0,1.0,1,0,1,0
1925299,120,False,False,high_block,2350.7451,38.82,60.555,0.0,1.15,0,0,1,1.0,1.0,1.0,1.0,2.0,1.0,1,0,0,1
1925299,121,False,False,medium_block,2511.0162,38.43,65.34,0.0,1.15,0,0,1,1.0,1.0,1.0,1.0,2.0,1.0,1,0,1,0
1925299,123,False,False,medium_block,1507.9872499999997,32.394999999999996,46.55,0.0,0.0,0,0,0,0.0,0.0,0.0,1.0,1.0,0.0,0,0,1,0
1925299,124,False,False,high_block,1736.602875,33.075,52.504999999999995,1.0,0.25,0,0,0,1.0,1.0,0.0,2.0,2.0,1.0,0,0,0,1
1925299,125,False,False,medium_block,1925.09595,32.535,59.17,2.6666666666666665,1.75,0,1,0,4.0,4.0,0.0,3.0,6.0,5.0,1,0,1,0
1925299,126,False,False,medium_block,2400.5884499999997,43.655,54.989999999999995,2.5,2.8,1,1,0,3.0,3.0,2.0,2.0,6.0,5.0,1,0,1,0
1925299,128,False,False,high_block,2538.079025,36.485,69.565,1.0,0.3,0,0,0,0.0,1.0,2.0,1.0,1.0,0.0,0,0,0,1
1925299,129,False,False,medium_block,2511.3811499999997,36.31,69.16499999999999,1.0,0.3,0,0,0,0.0,1.0,2.0,1.0,1.0,0.0,0,0,1,0
1925299,130,False,False,high_block,2158.8017,33.22,64.985,1.5,0.75,0,1,0,0.0,0.0,0.0,1.0,2.0,1.0,1,0,0,1
1925299,131,False,False,medium_block,2004.8665,31.7,63.245000000000005,1.0,0.75,0,1,0,0.0,0.0,0.0,2.0,2.0,1.0,1,0,1,0
1925299,134,False,False,high_block,2263.0867749999998,33.205,68.155,0.5,2.0,0,1,1,2.0,2.0,0.0,2.0,4.0,3.0,1,0,0,1
1925299,135,False,False,medium_block,2307.97225,35.45,65.10499999999999,2.0,2.0,0,1,1,2.0,2.0,0.0,1.0,4.0,3.0,1,0,1,0
1925299,136,True,False,medium_block,1189.2442,24.89,47.78,1.5,1.05,0,1,0,0.0,0.0,2.0,1.0,2.0,1.0,1,0,1,0
1925299,137,True,False,low_block,957.1588,23.92,40.015,1.3333333333333333,0.0,0,0,0,0.0,2.0,0.0,3.0,1.0,0.0,0,1,0,0
1925299,138,False,False,medium_block,972.3986249999999,27.075,35.915,0.5,0.15,0,0,0,0.0,1.0,1.0,2.0,1.0,0.0,0,0,1,0
1925299,139,False,False,low_block,938.7216,27.740000000000002,33.839999999999996,1.0,0.15,0,0,0,0.0,4.0,1.0,2.0,1.0,0.0,0,1,0,0
1925299,140,False,False,high_block,2351.8167,31.269999999999996,75.21000000000001,2.0,0.15,0,0,0,0.0,0.0,1.0,1.0,1.0,0.0,0,0,0,1
1925299,141,False,False,medium_block,1875.64545,28.905,64.89,2.0,0.0,0,0,0,0.0,3.0,0.0,1.0,1.0,0.0,0,0,1,0
1925299,142,False,False,low_block,1651.8933000000002,31.810000000000002,51.93,2.0,0.0,0,0,0,0.0,4.0,0.0,2.0,1.0,0.0,0,1,0,0
1925299,145,True,False,low_block,993.2567999999998,26.08,38.084999999999994,2.3333333333333335,1.2,0,1,0,0.0,2.0,3.0,3.0,2.0,1.0,1,1,0,0
1925299,148,False,False,medium_block,1301.28525,26.924999999999997,48.33,1.5,0.75,0,1,0,0.0,0.0,0.0,1.0,2.0,1.0,1,0,1,0
1925299,150,False,False,low_block,1150.3888,26.08,44.11,2.0,0.15,0,0,0,0.0,3.0,1.0,3.0,1.0,0.0,0,1,0,0
1925299,152,True,False,medium_block,1641.40905,32.015,51.269999999999996,0.0,0.3,0,0,0,0.0,0.0,2.0,1.0,1.0,0.0,0,0,1,0
1925299,153,True,False,high_block,2048.6736,33.84,60.53999999999999,0.0,0.15,0,0,0,0.0,1.0,1.0,1.0,1.0,0.0,0,0,0,1
1925299,155,True,False,medium_block,1945.53315,28.71,67.765,3.0,1.2,0,1,0,0.0,2.0,3.0,2.0,2.0,1.0,1,0,1,0
1925299,156,False,False,low_block,1473.6094,23.93,61.58,3.0,1.2,0,1,0,0.0,2.0,3.0,2.0,2.0,1.0,1,1,0,0
1925299,158,True,False,low_block,861.6870499999999,26.215,32.87,2.0,0.0,0,0,0,0.0,1.0,0.0,1.0,1.0,0.0,0,1,0,0
1925299,160,False,False,medium_block,1190.9562,24.465,48.68,3.0,0.9,0,1,0,0.0,3.0,1.0,2.0,2.0,1.0,1,0,1,0
1925299,163,False,False,high_block,2128.8253,33.74,63.095,1.5,0.0,0,0,0,0.0,1.0,0.0,1.0,1.0,0.0,0,0,0,1
1925299,165,False,False,medium_block,2042.0009999999997,36.269999999999996,56.3,1.0,0.4,0,0,0,1.0,2.0,1.0,2.0,2.0,1.0,0,0,1,0
1925299,166,False,False,high_block,2070.8995999999997,33.144999999999996,62.48,0.5,2.35,1,0,0,3.0,3.0,4.0,2.0,5.0,4.0,1,0,0,1
1925299,168,False,False,medium_block,2351.01775,43.85,53.614999999999995,1.0,0.8,0,0,0,2.0,2.0,2.0,2.0,3.0,2.0,0,0,1,0
1925299,169,False,False,high_block,2272.626325,39.005,58.265,3.5,1.65,1,0,0,2.0,2.0,1.0,2.0,4.0,3.0,1,0,0,1
1925299,173,True,False,medium_block,1871.589,39.485,47.4,1.0,0.15,0,0,0,0.0,2.0,1.0,2.0,1.0,0.0,0,0,1,0
1925299,174,True,False,low_block,1116.6596000000002,28.085,39.760000000000005,3.5,1.05,0,1,0,0.0,5.0,2.0,3.0,2.0,1.0,1,1,0,0
1925299,175,False,False,high_block,2258.9226,33.66,67.11,2.0,0.15,0,0,0,0.0,3.0,1.0,1.0,1.0,0.0,0,0,0,1
1925299,176,False,False,medium_block,1444.5567,29.13,49.59,3.0,1.2,0,1,0,0.0,3.0,3.0,2.0,2.0,1.0,1,0,1,0
1925299,177,False,False,low_block,1428.76,31.06,46.0,3.5,1.2,0,1,0,0.0,4.0,3.0,2.0,2.0,1.0,1,1,0,0
1925299,178,False,False,medium_block,1404.017625,32.785,42.825,3.5,1.2,0,1,0,0.0,4.0,3.0,2.0,2.0,1.0,1,0,1,0
1925299,180,False,False,medium_block,1865.2857749999998,37.754999999999995,49.405,0.0,0.25,0,0,0,1.0,1.0,0.0,2.0,2.0,1.0,0,0,1,0
1925299,181,False,False,high_block,2129.348925,37.845,56.265,0.5,1.65,0,1,0,3.0,3.0,1.0,3.0,5.0,4.0,1,0,0,1
1925299,182,False,False,medium_block,1883.8566250000001,34.525000000000006,54.565,1.0,1.25,0,1,0,2.0,3.0,0.0,1.0,4.0,3.0,1,0,1,0
1925299,183,False,False,medium_block,1464.9778000000001,31.130000000000003,47.06,0.6666666666666666,0.9,0,1,0,0.0,1.0,1.0,3.0,2.0,1.0,1,0,1,0
1925299,185,False,False,low_block,1119.2947499999998,34.349999999999994,32.585,2.0,0.44999999999999996,0,0,0,0.0,0.0,3.0,1.0,1.0,0.0,0,1,0,0
1925299,187,False,False,medium_block,1384.30155,32.07,43.165,2.0,0.25,0,0,0,1.0,1.0,0.0,2.0,2.0,1.0,0,0,1,0
1925299,188,False,False,medium_block,1783.65785,34.255,52.07,1.75,1.05,0,1,0,0.0,3.0,2.0,4.0,2.0,1.0,1,0,1,0
1925299,189,False,False,medium_block,2173.689375,40.535,53.625,0.0,0.0,0,0,0,0.0,0.0,0.0,2.0,1.0,0.0,0,0,1,0
1925299,190,False,False,high_block,2236.849425,34.785,64.305,2.0,0.7,0,0,0,1.0,1.0,3.0,2.0,2.0,1.0,0,0,0,1
1925299,191,False,False,medium_block,2035.8874999999998,33.875,60.099999999999994,0.5,0.7,0,0,0,1.0,1.0,3.0,2.0,2.0,1.0,0,0,1,0
1925299,192,False,False,low_block,1874.7422000000001,35.18,53.290000000000006,2.5,0.9,0,1,0,0.0,2.0,1.0,2.0,2.0,1.0,1,1,0,0
1925299,195,False,False,medium_block,1964.5905,33.06,59.425,1.5,0.44999999999999996,0,0,0,0.0,1.0,3.0,1.0,1.0,0.0,0,0,1,0
1925299,196,False,False,low_block,1360.66315,25.270000000000003,53.845,1.5,0.44999999999999996,0,0,0,0.0,1.0,3.0,1.0,1.0,0.0,0,1,0,0
1925299,197,False,False,medium_block,752.7035999999999,20.955,35.92,0.0,0.0,0,0,0,0.0,0.0,0.0,1.0,1.0,0.0,0,0,1,0
1925299,198,False,False,low_block,891.9320000000001,24.8,35.965,0.3333333333333333,0.0,0,0,0,0.0,1.0,0.0,3.0,1.0,0.0,0,1,0,0
1925299,199,False,False,medium_block,1113.642,30.18,36.900000000000006,0.0,0.15,0,0,0,0.0,0.0,1.0,1.0,1.0,0.0,0,0,1,0
1925299,200,False,False,low_block,1288.3832499999999,32.724999999999994,39.370000000000005,1.5,0.9,0,1,0,0.0,3.0,1.0,2.0,2.0,1.0,1,1,0,0
1925299,201,False,False,medium_block,1371.3997499999998,30.869999999999997,44.425,0.0,0.0,0,0,0,0.0,0.0,0.0,1.0,1.0,0.0,0,0,1,0
1925299,202,False,False,low_block,1406.751675,31.085,45.254999999999995,2.0,0.0,0,0,0,0.0,2.0,0.0,1.0,1.0,0.0,0,1,0,0
1925299,203,False,False,low_block,734.2997,24.82,29.585,1.5,0.75,0,1,0,0.0,2.0,0.0,2.0,2.0,1.0,1,1,0,0
1925299,204,False,False,high_block,2807.7045749999997,39.885,70.395,2.3333333333333335,2.0,0,1,1,2.0,2.0,0.0,3.0,4.0,3.0,1,0,0,1
1925299,206,False,False,medium_block,2970.38,42.875,69.28,1.5,0.0,0,0,0,0.0,1.0,0.0,0.0,1.0,0.0,0,0,1,0
1925299,207,False,False,high_block,3165.3328,48.370000000000005,65.44,3.0,0.15,0,0,0,0.0,1.0,1.0,1.0,1.0,0.0,0,0,0,1
1925299,208,False,False,medium_block,3251.5352999999996,50.58,64.285,2.0,0.9,0,1,0,0.0,1.0,1.0,2.0,2.0,1.0,1,0,1,0
1925299,209,False,False,low_block,1603.1502,40.855000000000004,39.239999999999995,2.0,0.9,0,1,0,0.0,2.0,1.0,2.0,2.0,1.0,1,1,0,0
1925299,210,False,False,medium_block,1537.4349999999997,33.349999999999994,46.1,0.0,0.25,0,0,0,1.0,1.0,0.0,1.0,2.0,1.0,0,0,1,0
1925299,211,False,False,medium_block,3260.1539000000002,52.49,62.11,0.0,0.25,0,0,0,1.0,1.0,0.0,1.0,2.0,1.0,0,0,1,0
1925299,212,False,False,high_block,2922.87655,44.495,65.69,1.5,2.0,0,1,1,2.0,2.0,0.0,2.0,4.0,3.0,1,0,0,1
1925299,213,False,False,medium_block,2347.6108,35.26,66.58,1.5,2.0,0,1,1,2.0,2.0,0.0,2.0,4.0,3.0,1,0,1,0
1925299,214,False,False,medium_block,1523.70855,30.615000000000002,49.769999999999996,2.0,1.4,1,0,0,1.0,1.0,1.0,1.0,3.0,2.0,1,0,1,0
1925299,215,False,False,high_block,2149.97925,37.075,57.989999999999995,1.3333333333333333,1.8,1,0,0,2.0,3.0,2.0,3.0,4.0,3.0,1,0,0,1
1925299,216,False,False,medium_block,2407.8834,39.78,60.53,1.0,1.4,0,1,0,2.0,2.0,1.0,2.0,4.0,3.0,1,0,1,0
1925299,217,False,False,low_block,1155.7473,31.83,36.31,1.0,0.0,0,0,0,0.0,1.0,0.0,1.0,1.0,0.0,0,1,0,0
1925299,220,False,False,medium_block,1356.291,23.67,57.3,2.0,0.25,0,0,0,1.0,1.0,0.0,1.0,2.0,1.0,0,0,1,0
1925299,221,False,False,high_block,1548.5173249999998,23.994999999999997,64.535,2.0,1.65,1,0,0,2.0,2.0,1.0,2.0,4.0,3.0,1,0,0,1
1925299,223,False,False,medium_block,1593.5285250000002,24.435000000000002,65.215,2.0,1.05,0,1,0,0.0,2.0,2.0,2.0,2.0,1.0,1,0,1,0
1925299,224,False,False,medium_block,1768.3803750000002,32.255,54.825,1.0,0.3,0,0,0,0.0,2.0,2.0,2.0,1.0,0.0,0,0,1,0
1925299,225,False,False,low_block,956.0106000000001,29.160000000000004,32.785,4.0,0.0,0,0,0,0.0,1.0,0.0,1.0,1.0,0.0,0,1,0,0
1925299,227,True,False,medium_block,2000.7694499999996,34.41,58.144999999999996,0.5,0.55,0,0,0,1.0,1.0,2.0,2.0,2.0,1.0,0,0,1,0
1925299,228,True,False,high_block,2157.9975999999997,39.08,55.22,0.0,0.25,0,0,0,1.0,1.0,0.0,1.0,2.0,1.0,0,0,0,1
1925299,229,True,False,medium_block,2200.643925,37.815,58.195,1.0,0.3,0,0,0,0.0,1.0,2.0,1.0,1.0,0.0,0,0,1,0
1925299,230,False,False,low_block,1736.021925,33.165,52.345,1.0,0.3,0,0,0,0.0,1.0,2.0,1.0,1.0,0.0,0,1,0,0
1925299,234,False,False,medium_block,1405.427625,28.785,48.825,1.5,0.15,0,0,0,0.0,0.0,1.0,0.0,1.0,0.0,0,0,1,0
1925299,235,False,False,high_block,1814.4778749999998,29.675,61.144999999999996,0.0,0.65,0,0,0,2.0,2.0,1.0,1.0,3.0,2.0,0,0,0,1
1925299,236,False,False,medium_block,2255.6225,32.455,69.5,3.0,1.4,1,0,0,1.0,1.0,1.0,1.0,3.0,2.0,1,0,1,0
1925299,237,False,False,medium_block,1706.673325,35.515,48.055,1.5,0.0,0,0,0,0.0,0.0,0.0,0.0,1.0,0.0,0,0,1,0
1925299,238,False,False,high_block,1803.371625,35.475,50.835,0.0,0.25,0,0,0,1.0,1.0,0.0,2.0,2.0,1.0,0,0,0,1
1925299,239,False,False,medium_block,1810.1589999999999,33.8,53.555,0.0,0.25,0,0,0,1.0,1.0,0.0,1.0,2.0,1.0,0,0,1,0
1925299,240,False,False,high_block,1507.16475,26.775,56.29,1.5,0.0,0,0,0,0.0,0.0,0.0,1.0,1.0,0.0,0,0,0,1
1925299,245,False,False,low_block,1316.91375,25.25,52.155,2.25,1.35,0,1,0,0.0,4.0,4.0,4.0,2.0,1.0,1,1,0,0
1925299,249,True,False,medium_block,1471.3029999999999,34.864999999999995,42.2,1.0,0.0,0,0,0,0.0,2.0,0.0,2.0,1.0,0.0,0,0,1,0
1925299,250,True,False,low_block,942.7968,28.16,33.48,2.5,1.2,0,1,0,0.0,3.0,3.0,2.0,2.0,1.0,1,1,0,0
1925299,251,False,False,medium_block,2172.5768750000007,33.775000000000006,64.325,0.0,0.15,0,0,0,0.0,0.0,1.0,2.0,1.0,0.0,0,0,1,0
1925299,253,False,False,high_block,2198.2142,34.97,62.86,1.5,0.0,0,0,0,0.0,0.0,0.0,1.0,1.0,0.0,0,0,0,1
1925299,258,False,False,low_block,1075.9212,28.195,38.16,1.5,0.9,0,1,0,0.0,2.0,1.0,2.0,2.0,1.0,1,1,0,0
1925299,259,False,False,medium_block,1260.2934500000001,28.810000000000002,43.745000000000005,0.0,0.3,0,0,0,0.0,0.0,2.0,1.0,1.0,0.0,0,0,1,0
1925299,262,False,False,low_block,1579.1804000000002,31.685000000000002,49.84,2.5,0.75,0,1,0,0.0,3.0,0.0,2.0,2.0,1.0,1,1,0,0
1925299,263,False,False,medium_block,1730.8417749999999,33.085,52.315,0.0,0.0,0,0,0,0.0,1.0,0.0,2.0,1.0,0.0,0,0,1,0
1925299,268,False,False,medium_block,1635.8959500000003,34.81,46.995000000000005,2.0,2.45,1,0,0,4.0,4.0,3.0,3.0,6.0,5.0,1,0,1,0
1925299,269,False,False,high_block,2342.5089749999997,37.754999999999995,62.045,1.0,0.65,0,0,0,2.0,2.0,1.0,2.0,3.0,2.0,0,0,0,1
1925299,272,False,False,low_block,1578.6781,32.54,48.515,3.0,0.9,0,1,0,0.0,5.0,1.0,2.0,2.0,1.0,1,1,0,0
1925299,273,False,False,low_block,855.52995,31.81,26.895,0.0,0.44999999999999996,0,0,0,0.0,0.0,3.0,2.0,1.0,0.0,0,1,0,0
1925299,274,False,False,medium_block,1159.79425,35.675,32.51,0.0,0.3,0,0,0,0.0,0.0,2.0,1.0,1.0,0.0,0,0,1,0
1925299,275,False,False,low_block,1432.92945,39.21,36.545,1.0,0.15,0,0,0,0.0,1.0,1.0,1.0,1.0,0.0,0,1,0,0
1925299,276,False,False,medium_block,1654.0800000000002,38.4,43.075,1.0,0.15,0,0,0,0.0,1.0,1.0,1.0,1.0,0.0,0,0,1,0
1925299,277,False,False,high_block,2091.2006,38.42,54.43,1.5,0.15,0,0,0,0.0,0.0,1.0,1.0,1.0,0.0,0,0,0,1
1925299,278,False,False,medium_block,2082.491775,36.855000000000004,56.504999999999995,1.0,0.15,0,0,0,0.0,2.0,1.0,1.0,1.0,0.0,0,0,1,0
1925299,279,False,False,low_block,1322.3728,28.28,46.76,1.5,1.05,0,1,0,0.0,5.0,2.0,2.0,2.0,1.0,1,1,0,0
1925299,280,True,False,medium_block,1834.5521250000002,31.825,57.645,0.5,0.6,0,0,0,0.0,2.0,4.0,2.0,1.0,0.0,0,0,1,0
1925299,281,True,False,low_block,1380.5316,30.435000000000002,45.36,0.5,0.44999999999999996,0,0,0,0.0,2.0,3.0,2.0,1.0,0.0,0,1,0,0
1925299,282,True,False,medium_block,1168.2842,28.165,41.480000000000004,0.5,0.3,0,0,0,0.0,3.0,2.0,4.0,1.0,0.0,0,0,1,0
1925299,283,True,False,low_block,1240.9909499999999,30.79,40.305,1.0,1.05,0,1,0,0.0,3.0,2.0,3.0,2.0,1.0,1,1,0,0
1925299,284,True,False,medium_block,1429.9544250000001,34.695,41.215,0.0,0.15,0,0,0,0.0,1.0,1.0,3.0,1.0,0.0,0,0,1,0
1925299,285,True,False,low_block,1105.7953499999999,26.384999999999998,41.91,2.0,0.75,0,1,0,0.0,3.0,0.0,2.0,2.0,1.0,1,1,0,0
1925299,292,False,False,medium_block,1382.91375,29.875,46.29,1.0,3.1,1,1,0,3.0,3.0,4.0,3.0,6.0,5.0,1,0,1,0
1925299,293,False,False,low_block,1166.9218749999998,29.375,39.724999999999994,1.0,0.0,0,0,0,0.0,2.0,0.0,1.0,1.0,0.0,0,1,0,0
1925299,295,True,False,low_block,1076.996,30.64,35.150000000000006,2.0,0.0,0,0,0,0.0,1.0,0.0,1.0,1.0,0.0,0,1,0,0
1925299,296,True,False,medium_block,1296.05175,33.725,38.43,1.5,1.3,0,1,0,1.0,1.0,2.0,2.0,3.0,2.0,1,0,1,0
1925299,297,True,False,low_block,1045.256875,31.225,33.475,1.0,0.0,0,0,0,0.0,3.0,0.0,2.0,1.0,0.0,0,1,0,0
1925299,298,False,False,high_block,2354.6295,37.11,63.45,0.5,0.0,0,0,0,0.0,1.0,0.0,2.0,1.0,0.0,0,0,0,1
1925299,299,False,False,medium_block,2425.180725,39.405,61.545,0.5,0.0,0,0,0,0.0,1.0,0.0,2.0,1.0,0.0,0,0,1,0
1925299,300,False,False,medium_block,1388.2064,27.37,50.72,0.0,0.0,0,0,0,0.0,0.0,0.0,1.0,1.0,0.0,0,0,1,0
1925299,301,False,False,high_block,1660.014675,29.535,56.205,0.3333333333333333,1.05,0,1,0,0.0,0.0,2.0,3.0,2.0,1.0,1,0,0,1
1925299,302,False,False,medium_block,1977.9896499999998,32.269999999999996,61.295,0.3333333333333333,1.05,0,1,0,0.0,0.0,2.0,3.0,2.0,1.0,1,0,1,0
1925299,304,False,False,medium_block,1213.4372,30.155,40.24,2.0,1.05,0,1,0,0.0,1.0,2.0,2.0,2.0,1.0,1,0,1,0
1925299,305,False,False,low_block,1125.5565000000001,32.325,34.82,1.3333333333333333,0.9,0,1,0,0.0,4.0,1.0,3.0,2.0,1.0,1,1,0,0
1925299,306,False,False,high_block,2775.8565999999996,39.16,70.88499999999999,1.6666666666666667,2.55,1,1,0,2.0,2.0,2.0,3.0,5.0,4.0,1,0,0,1
1925299,307,False,False,medium_block,2969.02515,40.53,73.255,2.0,1.6,0,1,0,1.0,2.0,7.0,2.0,3.0,2.0,1,0,1,0
1925299,308,False,False,low_block,2275.1669249999995,35.135,64.755,2.5,3.2,1,1,1,1.0,4.0,3.0,2.0,4.0,3.0,1,1,0,0
1925299,309,False,False,high_block,2636.30265,38.31,68.815,2.5,3.6,1,1,1,2.0,5.0,4.0,2.0,5.0,4.0,1,0,0,1
1925299,310,False,False,medium_block,2564.765325,38.565,66.505,2.5,3.45,1,1,1,2.0,2.0,3.0,2.0,5.0,4.0,1,0,1,0
1925299,311,False,False,high_block,2363.8401000000003,36.42,64.905,2.0,2.05,0,1,1,1.0,1.0,2.0,1.0,3.0,2.0,1,0,0,1
1925299,312,False,False,medium_block,1946.4170000000001,36.85,52.82,0.0,1.0,0,1,0,1.0,1.0,0.0,2.0,3.0,2.0,1,0,1,0
1925299,314,False,False,medium_block,1919.7675000000002,35.7,53.775,3.0,2.65,1,1,0,3.0,4.0,1.0,2.0,6.0,5.0,1,0,1,0
1925299,315,False,False,low_block,1558.3358000000003,34.370000000000005,45.34,0.0,0.0,0,0,0,0.0,1.0,0.0,1.0,1.0,0.0,0,1,0,0
1925299,316,False,False,medium_block,1436.0864,34.16,42.04,1.3333333333333333,1.0,0,1,0,1.0,2.0,0.0,3.0,3.0,2.0,1,0,1,0
1925299,318,True,False,medium_block,1722.7116750000002,33.855000000000004,50.885,1.0,2.3,1,1,0,1.0,3.0,2.0,2.0,4.0,3.0,1,0,1,0
1925299,319,True,False,low_block,946.0692,27.92,33.885,1.5,0.75,0,1,0,0.0,0.0,0.0,1.0,2.0,1.0,1,1,0,0
1925299,320,False,False,medium_block,1211.826,26.84,45.15,1.5,0.0,0,0,0,0.0,0.0,0.0,0.0,1.0,0.0,0,0,1,0
1925299,321,True,False,medium_block,1636.020375,33.715,48.525,0.0,0.0,0,0,0,0.0,0.0,0.0,2.0,1.0,0.0,0,0,1,0
1925299,322,True,False,high_block,2103.401,36.2,58.105,0.5,1.0,0,0,1,1.0,1.0,0.0,2.0,2.0,1.0,1,0,0,1
1925299,323,True,False,medium_block,2173.1589750000003,33.135,65.58500000000001,1.0,3.6,1,1,1,2.0,2.0,5.0,1.0,5.0,4.0,1,0,1,0
1925299,324,True,False,low_block,1351.4495749999999,24.485,55.19499999999999,3.0,0.75,0,1,0,0.0,2.0,0.0,2.0,2.0,1.0,1,1,0,0
1925299,326,True,False,low_block,922.418175,20.615,44.745000000000005,1.0,0.44999999999999996,0,0,0,0.0,4.0,3.0,2.0,1.0,0.0,0,1,0,0
1925299,327,False,False,high_block,2347.4752,34.36,68.32,1.0,0.75,0,0,0,3.0,3.0,0.0,2.0,4.0,3.0,0,0,0,1
1925299,328,False,False,medium_block,2194.4790000000003,35.7,61.47,1.0,0.75,0,0,0,3.0,3.0,0.0,1.0,4.0,3.0,0,0,1,0
1925299,329,False,False,medium_block,2184.21175,38.71,56.425,3.0,1.8,1,0,0,2.0,2.0,2.0,1.0,4.0,3.0,1,0,1,0
1925299,330,False,False,high_block,2011.5504499999995,32.269999999999996,62.334999999999994,2.0,2.6,1,0,0,4.0,5.0,4.0,2.0,6.0,5.0,1,0,0,1
1925299,331,False,False,medium_block,2024.1915000000001,32.325,62.62,2.0,3.2,1,1,0,4.0,5.0,3.0,3.0,7.0,6.0,1,0,1,0
1925299,332,False,False,low_block,1782.5609250000002,40.545,43.965,0.3333333333333333,0.9,0,1,0,0.0,2.0,1.0,3.0,2.0,1.0,1,1,0,0
1925299,333,False,False,medium_block,1302.6891,36.94,35.265,0.25,0.9,0,1,0,0.0,2.0,1.0,4.0,2.0,1.0,1,0,1,0
1925299,334,False,False,low_block,1185.3594,34.92,33.945,1.3333333333333333,0.75,0,1,0,0.0,2.0,0.0,3.0,2.0,1.0,1,1,0,0
1925299,335,False,False,medium_block,2357.2380000000003,41.795,56.400000000000006,2.5,0.9,0,1,0,0.0,4.0,1.0,2.0,2.0,1.0,1,0,1,0
1925299,336,False,False,medium_block,1087.2127,25.34,42.905,1.0,0.75,0,1,0,0.0,2.0,0.0,1.0,2.0,1.0,1,0,1,0
1925299,337,False,False,low_block,951.3573,27.33,34.81,2.0,0.75,0,1,0,0.0,3.0,0.0,2.0,2.0,1.0,1,1,0,0
1925299,338,False,False,medium_block,1256.9183999999998,36.48,34.455,0.0,0.0,0,0,0,0.0,0.0,0.0,2.0,1.0,0.0,0,0,1,0
1925299,339,False,False,low_block,1550.538225,40.185,38.585,0.5,0.0,0,0,0,0.0,1.0,0.0,2.0,1.0,0.0,0,1,0,0
1925299,340,False,False,medium_block,1613.36565,34.91,46.215,0.0,0.75,0,1,0,0.0,0.0,0.0,1.0,2.0,1.0,1,0,1,0
1925299,341,False,False,low_block,1085.7357000000002,26.67,40.71,2.0,0.0,0,0,0,0.0,2.0,0.0,2.0,1.0,0.0,0,1,0,0
1925299,343,False,False,medium_block,1534.704475,27.785,55.235,0.0,0.25,0,0,0,1.0,1.0,0.0,1.0,2.0,1.0,0,0,1,0
1925299,344,False,False,high_block,2019.59245,31.085,64.97,0.0,1.95,1,0,0,2.0,2.0,3.0,1.0,4.0,3.0,1,0,0,1
1925299,345,False,False,medium_block,2711.8415250000003,38.655,70.155,3.0,1.65,1,0,0,2.0,2.0,1.0,1.0,4.0,3.0,1,0,1,0
1925299,347,False,False,medium_block,1404.8136499999998,29.27,47.995,0.0,0.0,0,0,0,0.0,1.0,0.0,1.0,1.0,0.0,0,0,1,0
1925299,348,False,False,high_block,2036.45325,37.05,54.965,0.5,0.55,0,0,0,1.0,1.0,2.0,2.0,2.0,1.0,0,0,0,1
1925299,349,False,False,medium_block,1907.6804999999995,34.004999999999995,56.099999999999994,2.6666666666666665,2.2,0,1,0,4.0,5.0,3.0,3.0,6.0,5.0,1,0,1,0
1925299,353,False,False,medium_block,954.7020000000002,25.200000000000003,37.885000000000005,0.0,0.55,0,0,0,1.0,1.0,2.0,2.0,2.0,1.0,0,0,1,0
1925299,354,False,False,low_block,1213.1957999999997,34.504999999999995,35.16,2.0,0.15,0,0,0,0.0,1.0,1.0,1.0,1.0,0.0,0,1,0,0
1925299,357,False,False,low_block,987.8774999999999,26.75,36.93,3.0,1.05,0,1,0,0.0,1.0,2.0,1.0,2.0,1.0,1,1,0,0
1925299,358,False,False,medium_block,1400.0094749999998,31.415,44.565,1.0,1.95,1,0,0,2.0,2.0,3.0,2.0,4.0,3.0,1,0,1,0
1925299,359,False,False,high_block,2317.5734250000005,37.965,61.045,1.0,2.1,1,0,0,2.0,2.0,4.0,2.0,4.0,3.0,1,0,0,1
1925299,361,False,False,medium_block,2312.3460249999994,40.864999999999995,56.584999999999994,0.0,0.15,0,0,0,0.0,0.0,1.0,1.0,1.0,0.0,0,0,1,0
1925299,362,True,True,high_block,2280.12975,36.45,62.55499999999999,1.5,0.5,0,0,0,2.0,2.0,0.0,2.0,3.0,2.0,0,0,0,1
1925299,364,True,True,medium_block,1741.4751999999999,27.98,62.239999999999995,0.5,1.35,0,1,0,0.0,0.0,4.0,2.0,2.0,1.0,1,0,1,0
1925299,365,True,True,low_block,1315.0656,26.009999999999998,50.56,2.0,0.6,0,0,0,0.0,1.0,5.0,2.0,1.0,0.0,0,1,0,0
1925299,366,False,False,medium_block,1598.4648,34.42,46.44,1.5,0.15,0,0,0,0.0,3.0,1.0,2.0,1.0,0.0,0,0,1,0
1925299,367,False,False,low_block,1413.6884249999998,32.464999999999996,43.545,2.0,0.0,0,0,0,0.0,2.0,0.0,1.0,1.0,0.0,0,1,0,0
1925299,368,False,False,medium_block,924.8321249999999,29.924999999999997,30.905,0.0,0.0,0,0,0,0.0,1.0,0.0,1.0,1.0,0.0,0,0,1,0
1925299,369,False,False,low_block,1095.6873,32.46,33.755,2.0,0.0,0,0,0,0.0,2.0,0.0,1.0,1.0,0.0,0,1,0,0
1925299,370,False,False,low_block,892.7628,27.96,31.93,2.0,0.3,0,0,0,0.0,2.0,2.0,2.0,1.0,0.0,0,1,0,0
1925299,371,False,False,medium_block,1294.3590000000002,32.15,40.260000000000005,0.3333333333333333,0.44999999999999996,0,0,0,0.0,1.0,3.0,3.0,1.0,0.0,0,0,1,0
1925299,372,False,False,low_block,1247.142975,29.445,42.355,3.0,0.9,0,1,0,0.0,3.0,1.0,4.0,2.0,1.0,1,1,0,0
1925299,373,False,False,medium_block,1446.4907999999998,29.88,48.41,1.5,0.75,0,1,0,0.0,0.0,0.0,1.0,2.0,1.0,1,0,1,0
1925299,374,False,False,medium_block,1556.3739750000002,33.395,46.605000000000004,1.5,1.4,0,1,0,2.0,2.0,1.0,2.0,4.0,3.0,1,0,1,0
1925299,375,False,False,low_block,1337.318675,36.355000000000004,36.785,0.5,0.44999999999999996,0,0,0,0.0,2.0,3.0,2.0,1.0,0.0,0,1,0,0
1925299,376,False,False,medium_block,1640.5085249999997,35.504999999999995,46.205,0.0,0.4,0,0,0,1.0,1.0,1.0,1.0,2.0,1.0,0,0,1,0
1925299,377,False,False,high_block,1935.8131,34.39,56.29,0.5,1.0,0,1,0,1.0,1.0,0.0,3.0,3.0,2.0,1,0,0,1
1925299,378,False,False,medium_block,1861.2748000000001,37.345,49.84,1.5,0.0,0,0,0,0.0,3.0,0.0,3.0,1.0,0.0,0,0,1,0
1925299,380,False,False,low_block,1457.45775,38.85,37.515,1.5,0.25,0,0,0,1.0,1.0,0.0,1.0,2.0,1.0,0,1,0,0
1925299,381,False,False,medium_block,1651.0905,35.325,46.739999999999995,1.0,0.9,0,1,0,0.0,1.0,1.0,3.0,2.0,1.0,1,0,1,0
1925299,386,False,False,medium_block,1721.1082499999998,34.55,49.815,1.0,1.35,0,1,0,0.0,2.0,4.0,2.0,2.0,1.0,1,0,1,0
1925299,387,False,False,low_block,1082.5689,26.990000000000002,40.11,3.0,0.3,0,0,0,0.0,1.0,2.0,1.0,1.0,0.0,0,1,0,0
1925299,390,False,False,medium_block,1397.2454750000002,30.365000000000002,46.015,1.0,1.05,0,1,0,0.0,1.0,2.0,1.0,2.0,1.0,1,0,1,0
1925299,391,False,False,low_block,1724.2709,35.53,48.53,1.0,0.3,0,0,0,0.0,1.0,2.0,1.0,1.0,0.0,0,1,0,0
1925299,392,False,False,medium_block,1516.012875,35.425,42.795,0.0,0.0,0,0,0,0.0,1.0,0.0,1.0,1.0,0.0,0,0,1,0
1925299,393,False,False,low_block,1523.4039999999998,36.55,41.68,1.3333333333333333,0.75,0,1,0,0.0,2.0,0.0,3.0,2.0,1.0,1,1,0,0
1925299,394,False,False,medium_block,2626.90795,45.61,57.595,1.5,1.95,1,0,0,2.0,2.0,3.0,2.0,4.0,3.0,1,0,1,0
1925299,395,False,False,high_block,2745.94075,42.805,64.15,0.0,0.4,0,0,0,1.0,1.0,1.0,1.0,2.0,1.0,0,0,0,1
1925299,396,False,False,medium_block,2942.898975,40.455,72.745,0.5,1.15,0,1,0,1.0,1.0,1.0,2.0,3.0,2.0,1,0,1,0
1925299,398,False,False,high_block,2181.3597,32.145,67.86,1.5,0.0,0,0,0,0.0,0.0,0.0,1.0,1.0,0.0,0,0,0,1
1925299,400,False,False,medium_block,1851.0471499999996,34.285,53.989999999999995,2.0,0.15,0,0,0,0.0,1.0,1.0,1.0,1.0,0.0,0,0,1,0
1925299,401,False,False,low_block,1486.9249750000001,32.335,45.985,1.3333333333333333,0.4,0,0,0,1.0,4.0,1.0,3.0,2.0,1.0,0,1,0,0
1925299,402,False,False,medium_block,1573.6444749999998,33.955,46.345,1.3333333333333333,1.7,0,1,0,2.0,2.0,3.0,3.0,4.0,3.0,1,0,1,0
1925299,404,True,False,low_block,481.8847,25.189999999999998,19.130000000000003,2.0,0.15,0,0,0,0.0,1.0,1.0,2.0,1.0,0.0,0,1,0,0
1925299,406,False,False,low_block,1047.6934999999999,26.075,40.18,3.0,0.0,0,0,0,0.0,0.0,0.0,1.0,1.0,0.0,0,1,0,0
1925299,407,False,False,medium_block,1227.4512000000002,27.12,45.260000000000005,2.0,0.15,0,0,0,0.0,1.0,1.0,1.0,1.0,0.0,0,0,1,0
1925299,408,False,False,high_block,1580.5692,28.979999999999997,54.54,2.0,0.15,0,0,0,0.0,1.0,1.0,2.0,1.0,0.0,0,0,0,1
1925299,409,False,False,medium_block,1637.5604,28.81,56.84,2.0,0.6,0,0,0,0.0,2.0,4.0,1.0,1.0,0.0,0,0,1,0
1925299,410,False,False,low_block,1575.045325,28.645,54.985,2.6666666666666665,1.35,0,1,0,0.0,6.0,4.0,3.0,2.0,1.0,1,1,0,0
1925299,415,False,False,high_block,2000.04805,34.265,58.370000000000005,0.0,0.0,0,0,0,0.0,1.0,0.0,1.0,1.0,0.0,0,0,0,1
1925299,416,False,False,medium_block,2187.4576500000003,41.230000000000004,53.05500000000001,0.5,0.15,0,0,0,0.0,1.0,1.0,2.0,1.0,0.0,0,0,1,0
1925299,417,False,False,high_block,2126.6587,40.269999999999996,52.81,0.0,0.15,0,0,0,0.0,0.0,1.0,1.0,1.0,0.0,0,0,0,1
1925299,418,False,False,medium_block,2037.4678500000002,38.230000000000004,53.295,1.0,1.25,0,1,0,2.0,2.0,0.0,2.0,4.0,3.0,1,0,1,0
1925299,419,False,False,high_block,1956.850525,36.995000000000005,52.894999999999996,0.0,0.0,0,0,0,0.0,1.0,0.0,2.0,1.0,0.0,0,0,0,1
1925299,420,False,False,medium_block,1690.9094,32.53,51.98,2.0,2.95,1,1,0,3.0,4.0,3.0,3.0,6.0,5.0,1,0,1,0
1925299,421,False,False,low_block,1053.3368249999999,27.855,37.815,0.0,0.0,0,0,0,0.0,1.0,0.0,1.0,1.0,0.0,0,1,0,0
1925299,425,False,False,medium_block,1526.6956500000001,27.630000000000003,55.255,3.0,0.3,0,0,0,0.0,3.0,2.0,1.0,1.0,0.0,0,0,1,0
1925299,427,False,False,high_block,1958.3464999999999,30.14,64.975,2.0,2.05,0,1,0,5.0,5.0,2.0,4.0,7.0,6.0,1,0,0,1
1925299,428,False,False,medium_block,1681.9899999999998,25.75,65.32,2.3333333333333335,1.55,0,1,0,2.0,3.0,2.0,3.0,4.0,3.0,1,0,1,0
1925299,429,False,False,low_block,1936.9469249999997,39.285,49.305,3.0,1.15,0,1,0,1.0,2.0,1.0,2.0,3.0,2.0,1,1,0,0
1925299,430,False,False,medium_block,1983.7440000000001,39.36,50.400000000000006,1.6666666666666667,2.4,1,1,0,2.0,3.0,1.0,3.0,5.0,4.0,1,0,1,0
1925299,432,False,False,medium_block,1646.8799999999999,35.04,47.0,0.0,0.15,0,0,0,0.0,0.0,1.0,2.0,1.0,0.0,0,0,1,0
1925299,433,False,False,low_block,1469.0213999999999,35.33,41.58,2.0,0.0,0,0,0,0.0,2.0,0.0,1.0,1.0,0.0,0,1,0,0
1925299,434,False,False,medium_block,1430.6193,35.09,40.769999999999996,0.0,0.15,0,0,0,0.0,1.0,1.0,2.0,1.0,0.0,0,0,1,0
1925299,435,False,False,low_block,1140.6915,28.86,39.525,1.5,1.05,0,1,0,0.0,3.0,2.0,2.0,2.0,1.0,1,1,0,0
1925299,440,True,False,medium_block,1467.3408,30.72,47.765,0.5,0.6,0,0,0,0.0,1.0,4.0,2.0,1.0,0.0,0,0,1,0
1925299,441,True,False,low_block,984.9653999999999,32.22,30.57,2.0,0.0,0,0,0,0.0,5.0,0.0,1.0,1.0,0.0,0,1,0,0
1925299,442,False,False,high_block,2165.8227500000003,29.05,74.555,2.0,1.65,1,0,0,2.0,2.0,1.0,2.0,4.0,3.0,1,0,0,1
1925299,448,False,False,medium_block,1660.314975,27.665,60.015,1.5,0.0,0,0,0,0.0,0.0,0.0,1.0,1.0,0.0,0,0,1,0
1925299,452,False,False,high_block,2136.70575,31.050000000000004,68.815,1.0,2.15,1,1,0,1.0,1.0,1.0,2.0,4.0,3.0,1,0,0,1
1925299,453,False,False,medium_block,1565.025,28.875,54.2,0.5,2.6,1,1,0,1.0,1.0,5.0,2.0,4.0,3.0,1,0,1,0
1925299,454,False,False,low_block,1732.3520999999998,30.27,57.23,4.0,0.0,0,0,0,0.0,2.0,0.0,2.0,1.0,0.0,0,1,0,0
1925299,456,False,False,low_block,616.5015999999999,35.36,17.435,3.0,0.0,0,0,0,0.0,2.0,0.0,1.0,1.0,0.0,0,1,0,0
1925299,459,False,False,high_block,1621.602125,27.325,59.345,1.5,0.0,0,0,0,0.0,0.0,0.0,1.0,1.0,0.0,0,0,0,1
1925299,460,False,False,medium_block,1750.9878749999998,29.575,59.205,1.5,0.15,0,0,0,0.0,1.0,1.0,1.0,1.0,0.0,0,0,1,0
1925299,461,False,False,low_block,1513.337175,28.095,53.864999999999995,3.5,1.05,0,1,0,0.0,5.0,2.0,2.0,2.0,1.0,1,1,0,0
1925299,462,False,False,medium_block,1901.7662999999998,31.22,60.91499999999999,1.5,1.05,0,1,0,0.0,1.0,2.0,2.0,2.0,1.0,1,0,1,0
1925299,464,True,False,medium_block,1342.422,30.6,43.87,0.5,0.9,0,1,0,0.0,1.0,1.0,2.0,2.0,1.0,1,0,1,0
1925299,465,True,False,low_block,824.66675,28.884999999999998,28.55,2.0,0.0,0,0,0,0.0,1.0,0.0,2.0,1.0,0.0,0,1,0,0
1925299,467,False,False,medium_block,1288.826,30.8,41.845,0.0,0.0,0,0,0,0.0,1.0,0.0,1.0,1.0,0.0,0,0,1,0
1925299,468,False,False,low_block,1486.873025,36.385000000000005,40.864999999999995,1.0,0.0,0,0,0,0.0,3.0,0.0,2.0,1.0,0.0,0,1,0,0
1925299,471,False,False,low_block,964.0989000000001,31.11,30.990000000000002,1.5,0.9,0,1,0,0.0,2.0,1.0,2.0,2.0,1.0,1,1,0,0
1925299,472,False,False,medium_block,1197.7071749999998,33.705,35.535,0.0,0.3,0,0,0,0.0,0.0,2.0,2.0,1.0,0.0,0,0,1,0
1925299,473,False,False,low_block,969.270575,31.795,30.485,0.0,0.0,0,0,0,0.0,1.0,0.0,2.0,1.0,0.0,0,1,0,0
1925299,475,False,False,low_block,1131.7554249999998,31.104999999999997,36.385,1.0,0.15,0,0,0,0.0,1.0,1.0,1.0,1.0,0.0,0,1,0,0
1925299,476,False,False,medium_block,1112.07285,32.79,33.915,0.5,0.15,0,0,0,0.0,1.0,1.0,2.0,1.0,0.0,0,0,1,0
1925299,477,False,False,low_block,817.30845,30.015,27.23,1.5,0.15,0,0,0,0.0,3.0,1.0,2.0,1.0,0.0,0,1,0,0
1925299,478,False,False,low_block,817.6574999999999,30.854999999999997,26.5,1.5,0.9,0,1,0,0.0,3.0,1.0,2.0,2.0,1.0,1,1,0,0
1925299,481,False,False,high_block,2188.478,38.2,57.29,2.5,0.75,0,1,0,0.0,4.0,0.0,2.0,2.0,1.0,1,0,0,1
1925299,482,False,False,medium_block,1966.59375,34.375,57.21,2.0,0.9,0,1,0,0.0,0.0,1.0,1.0,2.0,1.0,1,0,1,0
1927964,2,False,False,high_block,1726.538925,28.855,59.835,1.5,0.44999999999999996,0,0,0,0.0,1.0,3.0,0.0,1.0,0.0,0,0,0,1
1927964,3,False,False,medium_block,2044.5786,36.29,56.34,0.0,0.44999999999999996,0,0,0,0.0,1.0,3.0,2.0,1.0,0.0,0,0,1,0
1927964,6,True,True,low_block,1761.974475,37.445,47.055,2.5,1.05,0,1,0,0.0,2.0,2.0,2.0,2.0,1.0,1,1,0,0
1927964,7,False,False,medium_block,1728.3766500000004,38.370000000000005,45.045,1.5,0.9,0,1,0,0.0,0.0,1.0,1.0,2.0,1.0,1,0,1,0
1927964,8,False,False,high_block,1965.4634999999996,36.3,54.144999999999996,0.0,1.35,0,1,0,0.0,1.0,4.0,2.0,2.0,1.0,1,0,0,1
1927964,10,False,False,low_block,1610.0391,26.22,61.405,3.0,0.3,0,0,0,0.0,3.0,2.0,2.0,1.0,0.0,0,1,0,0
1927964,11,False,False,high_block,2665.215125,37.775,70.555,1.0,0.15,0,0,0,0.0,1.0,1.0,1.0,1.0,0.0,0,0,0,1
1927964,12,False,False,medium_block,2987.7009249999996,48.114999999999995,62.095,1.0,0.15,0,0,0,0.0,1.0,1.0,1.0,1.0,0.0,0,0,1,0
1927964,14,False,False,medium_block,1497.4023,27.435000000000002,54.58,1.5,0.0,0,0,0,0.0,0.0,0.0,0.0,1.0,0.0,0,0,1,0
1927964,15,False,False,high_block,1777.0688999999998,31.83,55.83,1.0,0.65,0,0,0,2.0,2.0,1.0,2.0,3.0,2.0,0,0,0,1
1927964,16,False,False,medium_block,1899.70395,33.89,56.055,1.5,0.65,0,0,0,2.0,2.0,1.0,2.0,3.0,2.0,0,0,1,0
1927964,17,False,False,high_block,1666.4788,31.64,52.67,0.0,0.4,0,0,0,1.0,1.0,1.0,1.0,2.0,1.0,0,0,0,1
1927964,18,False,False,medium_block,1653.6815000000001,34.22,48.325,0.0,0.15,0,0,0,0.0,2.0,1.0,1.0,1.0,0.0,0,0,1,0
1927964,20,False,False,high_block,2755.4445750000004,40.885,67.39500000000001,3.0,1.25,0,1,0,2.0,2.0,0.0,3.0,4.0,3.0,1,0,0,1
1927964,21,False,False,low_block,1462.3023999999998,36.64,39.91,2.0,0.9,0,1,0,0.0,2.0,1.0,1.0,2.0,1.0,1,1,0,0
1927964,22,False,False,medium_block,1364.958,32.2,42.39,0.6666666666666666,0.3,0,0,0,0.0,1.0,2.0,3.0,1.0,0.0,0,0,1,0
1927964,23,False,False,low_block,1189.67885,27.305,43.57,2.0,1.35,0,1,0,0.0,3.0,4.0,2.0,2.0,1.0,1,1,0,0
1927964,24,False,False,high_block,2696.2044750000005,41.445,65.055,0.0,0.15,0,0,0,0.0,0.0,1.0,1.0,1.0,0.0,0,0,0,1
1927964,25,False,False,medium_block,2199.0286499999997,39.614999999999995,55.510000000000005,1.6666666666666667,1.5,0,1,0,3.0,5.0,0.0,3.0,5.0,4.0,1,0,1,0
1927964,27,False,False,medium_block,2505.0453749999997,45.675,54.845,1.3333333333333333,1.25,0,1,0,2.0,4.0,0.0,3.0,4.0,3.0,1,0,1,0
1927964,28,False,False,high_block,2327.8184000000006,43.040000000000006,54.085,0.0,0.0,0,0,0,0.0,0.0,0.0,2.0,1.0,0.0,0,0,0,1
1927964,29,False,False,medium_block,2206.40225,42.325,52.129999999999995,0.0,0.0,0,0,0,0.0,0.0,0.0,1.0,1.0,0.0,0,0,1,0
1927964,30,False,False,high_block,2205.6164999999996,41.05,53.73,0.0,0.44999999999999996,0,0,0,0.0,0.0,3.0,1.0,1.0,0.0,0,0,0,1
1927964,31,False,False,medium_block,2326.57515,42.39,54.885000000000005,1.3333333333333333,2.15,1,0,0,5.0,5.0,1.0,3.0,7.0,6.0,1,0,1,0
1927964,32,False,False,high_block,2595.5870000000004,42.775000000000006,60.68,1.5,1.8,1,0,0,2.0,2.0,2.0,2.0,4.0,3.0,1,0,0,1
1927964,33,False,False,medium_block,2939.3376999999996,42.834999999999994,68.62,2.0,1.55,1,0,0,1.0,2.0,2.0,2.0,3.0,2.0,1,0,1,0
1927964,35,False,False,medium_block,2008.9732999999999,32.644999999999996,61.540000000000006,2.0,1.35,0,1,0,0.0,1.0,4.0,1.0,2.0,1.0,1,0,1,0
1927964,36,False,False,low_block,1451.4261999999999,25.24,57.504999999999995,2.5,1.35,0,1,0,0.0,5.0,5.0,2.0,2.0,1.0,1,1,0,0
1927964,38,False,False,low_block,1549.2075000000002,33.5,46.245000000000005,3.0,1.0,0,1,0,1.0,2.0,0.0,2.0,3.0,2.0,1,1,0,0
1927964,39,False,False,medium_block,1467.0208,31.36,46.78,2.5,1.2,0,1,0,0.0,2.0,3.0,2.0,2.0,1.0,1,0,1,0
1927964,41,True,False,medium_block,1452.22,31.57,46.0,0.0,0.0,0,0,0,0.0,0.0,0.0,2.0,1.0,0.0,0,0,1,0
1927964,42,True,False,low_block,1042.3324,29.814999999999998,34.96,1.0,0.3,0,0,0,0.0,2.0,2.0,1.0,1.0,0.0,0,1,0,0
1927964,44,False,False,medium_block,2702.4216,45.480000000000004,59.42,2.0,2.95,1,1,0,3.0,3.0,3.0,3.0,6.0,5.0,1,0,1,0
1927964,47,False,False,medium_block,2101.1337,43.14,48.705,0.0,0.9,0,0,0,3.0,3.0,1.0,2.0,4.0,3.0,0,0,1,0
1927964,48,False,False,high_block,2512.3204749999995,39.504999999999995,63.595,2.0,1.8,1,0,0,2.0,3.0,2.0,3.0,4.0,3.0,1,0,0,1
1927964,49,False,False,medium_block,2074.6616000000004,34.480000000000004,60.17,2.6666666666666665,2.65,1,1,0,3.0,3.0,1.0,3.0,6.0,5.0,1,0,1,0
1927964,50,False,False,medium_block,2451.3439999999996,48.16,50.9,1.0,2.4,1,0,1,2.0,2.0,1.0,3.0,4.0,3.0,1,0,1,0
1927964,51,False,False,high_block,2895.32125,45.25,63.985,1.5,1.4,0,0,1,2.0,2.0,1.0,2.0,3.0,2.0,1,0,0,1
1927964,53,False,False,medium_block,2562.35805,40.47,63.315,2.0,2.05,1,0,0,3.0,3.0,2.0,3.0,5.0,4.0,1,0,1,0
1927964,55,False,False,medium_block,1738.2468749999998,35.205,49.375,1.0,1.2,0,1,0,0.0,0.0,3.0,2.0,2.0,1.0,1,0,1,0
1927964,56,False,False,low_block,1436.0844749999999,35.315,40.665,0.0,0.44999999999999996,0,0,0,0.0,0.0,3.0,2.0,1.0,0.0,0,1,0,0
1927964,57,False,False,high_block,2111.1168000000002,33.28,63.435,0.0,0.15,0,0,0,0.0,1.0,1.0,2.0,1.0,0.0,0,0,0,1
1927964,59,False,False,medium_block,1823.8536000000001,36.980000000000004,49.32,2.0,1.25,0,1,0,2.0,2.0,0.0,2.0,4.0,3.0,1,0,1,0
1927964,60,False,False,medium_block,1534.0724,40.18,38.18,0.5,0.0,0,0,0,0.0,1.0,0.0,2.0,1.0,0.0,0,0,1,0
1927964,61,False,False,low_block,1539.8226999999997,40.22,38.285,0.5,0.0,0,0,0,0.0,1.0,0.0,2.0,1.0,0.0,0,1,0,0
1927964,62,False,False,medium_block,1421.9850000000001,35.25,40.34,0.0,0.0,0,0,0,0.0,0.0,0.0,2.0,1.0,0.0,0,0,1,0
1927964,63,False,False,low_block,1031.7016250000001,27.865000000000002,37.025000000000006,1.0,0.44999999999999996,0,0,0,0.0,2.0,3.0,2.0,1.0,0.0,0,1,0,0
1927964,65,False,False,medium_block,2620.488,44.4,59.02,3.0,0.44999999999999996,0,0,0,0.0,2.0,3.0,1.0,1.0,0.0,0,0,1,0
1927964,66,False,False,low_block,2681.28865,45.515,58.91,3.0,0.3,0,0,0,0.0,2.0,2.0,1.0,1.0,0.0,0,1,0,0
1927964,67,False,False,high_block,2266.2040500000003,36.795,61.59,1.0,0.25,0,0,0,1.0,1.0,0.0,2.0,2.0,1.0,0,0,0,1
1927964,68,False,False,medium_block,2055.5285000000003,36.95,55.63,1.0,0.5,0,0,0,2.0,2.0,0.0,2.0,3.0,2.0,0,0,1,0
1927964,69,False,False,high_block,2194.364325,37.405,58.665,2.3333333333333335,2.65,1,1,0,3.0,3.0,1.0,3.0,6.0,5.0,1,0,0,1
1927964,70,False,False,medium_block,2037.2066,35.86,56.81,1.0,0.6,0,0,0,0.0,1.0,4.0,2.0,1.0,0.0,0,0,1,0
1927964,71,False,False,low_block,1489.5696999999998,34.73,42.89,0.5,0.0,0,0,0,0.0,1.0,0.0,2.0,1.0,0.0,0,1,0,0
1927964,72,False,False,medium_block,1269.31025,36.845,34.45,0.0,0.0,0,0,0,0.0,0.0,0.0,1.0,1.0,0.0,0,0,1,0
1927964,73,False,False,low_block,1202.333125,34.825,34.525,0.0,0.15,0,0,0,0.0,1.0,1.0,2.0,1.0,0.0,0,1,0,0
1927964,74,False,False,medium_block,2550.4709999999995,49.775,51.239999999999995,3.0,3.05,1,1,0,4.0,4.0,2.0,2.0,7.0,6.0,1,0,1,0
1927964,76,True,False,medium_block,1872.5962499999996,41.474999999999994,45.15,3.0,1.2,0,1,0,0.0,2.0,3.0,1.0,2.0,1.0,1,0,1,0
1927964,77,True,False,low_block,1615.9751500000002,32.59,49.585,3.0,1.35,0,1,0,0.0,2.0,4.0,1.0,2.0,1.0,1,1,0,0
1927964,78,False,False,high_block,2368.2957,38.685,61.22,0.0,1.8,1,0,0,2.0,2.0,2.0,1.0,4.0,3.0,1,0,0,1
1927964,79,False,False,medium_block,1679.8547999999998,33.41,50.28,0.3333333333333333,0.3,0,0,0,0.0,0.0,2.0,3.0,1.0,0.0,0,0,1,0
1927964,81,False,False,medium_block,2614.3312,44.72,58.46,1.5,1.95,1,0,0,2.0,2.0,3.0,2.0,4.0,3.0,1,0,1,0
1927964,82,False,False,medium_block,1933.4646,39.96,48.385,2.3333333333333335,0.9,0,1,0,0.0,5.0,1.0,3.0,2.0,1.0,1,0,1,0
1927964,84,False,False,medium_block,2851.7736,46.28,61.62,1.5,1.65,1,0,0,2.0,2.0,1.0,2.0,4.0,3.0,1,0,1,0
1927964,85,False,False,medium_block,2783.8029500000002,50.29,55.355000000000004,1.0,0.15,0,0,0,0.0,0.0,1.0,1.0,1.0,0.0,0,0,1,0
1927964,86,False,False,high_block,2795.2614,44.144999999999996,63.32,3.0,2.65,1,1,0,3.0,3.0,1.0,3.0,6.0,5.0,1,0,0,1
1927964,87,False,False,medium_block,2948.4084,42.805,68.88,3.0,1.65,1,0,0,2.0,2.0,1.0,1.0,4.0,3.0,1,0,1,0
1927964,88,False,False,medium_block,1842.496875,32.625,56.475,2.6666666666666665,2.95,1,1,0,3.0,6.0,3.0,3.0,6.0,5.0,1,0,1,0
1927964,89,False,False,medium_block,2232.444825,40.105000000000004,55.665,2.5,0.15,0,0,0,0.0,2.0,1.0,2.0,1.0,0.0,0,0,1,0
1927964,90,False,False,low_block,2014.1189000000002,40.21,50.09,4.0,0.15,0,0,0,0.0,1.0,1.0,1.0,1.0,0.0,0,1,0,0
1927964,92,False,False,medium_block,1946.8490000000002,33.7,57.77,2.5,2.1,0,1,0,3.0,4.0,7.0,2.0,5.0,4.0,1,0,1,0
1927964,93,False,False,low_block,1602.0595,31.630000000000003,50.65,3.0,0.9,0,1,0,0.0,1.0,1.0,2.0,2.0,1.0,1,1,0,0
1927964,95,False,False,medium_block,2415.3814999999995,44.379999999999995,54.425,0.0,0.0,0,0,0,0.0,0.0,0.0,1.0,1.0,0.0,0,0,1,0
1927964,96,False,False,high_block,2727.1214250000003,45.915,59.395,0.0,0.25,0,0,0,1.0,1.0,0.0,1.0,2.0,1.0,0,0,0,1
1927964,97,False,False,medium_block,2686.124,44.62,60.2,1.0,1.7,0,1,0,2.0,2.0,3.0,3.0,4.0,3.0,1,0,1,0
1927964,100,False,False,medium_block,3076.27875,46.575,66.05,0.0,0.0,0,0,0,0.0,1.0,0.0,1.0,1.0,0.0,0,0,1,0
1927964,101,False,False,high_block,2677.5838750000007,44.645,59.97500000000001,0.5,0.0,0,0,0,0.0,1.0,0.0,2.0,1.0,0.0,0,0,0,1
1927964,103,False,False,medium_block,2843.0170999999996,44.03,64.57,4.0,0.75,0,1,0,0.0,1.0,0.0,1.0,2.0,1.0,1,0,1,0
1927964,104,False,False,low_block,2690.5088499999993,43.489999999999995,61.864999999999995,4.0,0.75,0,1,0,0.0,1.0,0.0,1.0,2.0,1.0,1,1,0,0
1927964,106,False,False,high_block,2558.0608500000003,36.730000000000004,69.645,2.0,0.75,0,1,0,0.0,2.0,0.0,2.0,2.0,1.0,1,0,0,1
1927964,107,False,False,medium_block,2591.3698999999992,36.364999999999995,71.25999999999999,2.0,0.75,0,1,0,0.0,2.0,0.0,2.0,2.0,1.0,1,0,1,0
1927964,109,True,False,medium_block,2371.86705,36.085,65.72999999999999,1.5,1.6,0,1,0,1.0,2.0,4.0,2.0,3.0,2.0,1,0,1,0
1927964,110,True,False,low_block,1815.5991499999998,36.955,49.129999999999995,0.5,0.0,0,0,0,0.0,1.0,0.0,2.0,1.0,0.0,0,1,0,0
1927964,111,False,False,medium_block,1364.923025,36.845,37.045,0.0,0.0,0,0,0,0.0,0.0,0.0,1.0,1.0,0.0,0,0,1,0
1927964,112,False,False,low_block,1544.8203,40.34,38.295,0.0,0.0,0,0,0,0.0,0.0,0.0,2.0,1.0,0.0,0,1,0,0
1927964,113,False,False,medium_block,1520.7599,39.489999999999995,38.510000000000005,0.0,0.0,0,0,0,0.0,0.0,0.0,3.0,1.0,0.0,0,0,1,0
1927964,114,False,False,low_block,1049.3700000000001,31.92,32.875,1.0,0.15,0,0,0,0.0,1.0,1.0,2.0,1.0,0.0,0,1,0,0
1927964,115,False,False,medium_block,1931.384,36.4,53.06,1.5,1.3,0,1,0,1.0,2.0,2.0,2.0,3.0,2.0,1,0,1,0
1927964,116,False,False,low_block,1487.402875,34.025,43.715,3.5,0.75,0,1,0,0.0,2.0,0.0,2.0,2.0,1.0,1,1,0,0
1927964,117,False,False,high_block,2150.8609500000002,30.990000000000002,69.405,2.0,1.2,0,1,0,0.0,1.0,3.0,2.0,2.0,1.0,1,0,0,1
1927964,118,False,False,medium_block,1937.0416499999997,34.47,56.19499999999999,0.0,0.0,0,0,0,0.0,0.0,0.0,2.0,1.0,0.0,0,0,1,0
1927964,119,False,False,low_block,1447.7475000000002,35.225,41.1,0.3333333333333333,0.15,0,0,0,0.0,2.0,1.0,3.0,1.0,0.0,0,1,0,0
1927964,120,False,False,medium_block,1273.6247999999998,32.26,39.48,0.0,0.15,0,0,0,0.0,0.0,1.0,2.0,1.0,0.0,0,0,1,0
1927964,121,False,False,low_block,1079.3279,29.89,36.11,0.5,0.44999999999999996,0,0,0,0.0,2.0,3.0,2.0,1.0,0.0,0,1,0,0
1927964,124,False,False,medium_block,1437.3912000000003,37.52,38.31,0.0,0.15,0,0,0,0.0,0.0,1.0,3.0,1.0,0.0,0,0,1,0
1927964,125,False,False,low_block,1406.2463,36.754999999999995,38.260000000000005,0.0,0.0,0,0,0,0.0,0.0,0.0,1.0,1.0,0.0,0,1,0,0
1927964,126,False,False,medium_block,1364.279625,35.505,38.425,0.0,0.0,0,0,0,0.0,1.0,0.0,2.0,1.0,0.0,0,0,1,0
1927964,127,False,False,low_block,1379.1793500000003,36.09,38.215,0.0,0.3,0,0,0,0.0,1.0,2.0,2.0,1.0,0.0,0,1,0,0
1927964,128,False,False,medium_block,1986.02,39.92,49.75,0.5,1.65,1,0,0,2.0,2.0,1.0,2.0,4.0,3.0,1,0,1,0
1927964,129,False,False,low_block,1494.4715999999999,36.415,41.04,1.5,0.75,0,1,0,0.0,3.0,0.0,2.0,2.0,1.0,1,1,0,0
1927964,130,False,False,medium_block,1600.0094999999997,38.099999999999994,41.995,0.0,0.0,0,0,0,0.0,1.0,0.0,1.0,1.0,0.0,0,0,1,0
1927964,131,False,False,low_block,1749.90245,39.47,44.335,0.3333333333333333,0.0,0,0,0,0.0,1.0,0.0,3.0,1.0,0.0,0,1,0,0
1927964,132,False,False,medium_block,1496.5055,36.235,41.3,1.6666666666666667,0.75,0,1,0,0.0,6.0,0.0,3.0,2.0,1.0,1,0,1,0
1927964,133,False,False,low_block,1176.3336000000002,30.57,38.480000000000004,2.6666666666666665,0.9,0,1,0,0.0,8.0,1.0,3.0,2.0,1.0,1,1,0,0
1927964,134,False,False,medium_block,2681.0672,48.16,55.67,2.5,2.15,1,1,0,1.0,2.0,1.0,2.0,4.0,3.0,1,0,1,0
1927964,137,True,False,medium_block,1935.2853,39.54,48.945,0.6666666666666666,0.9,0,1,0,0.0,2.0,1.0,3.0,2.0,1.0,1,0,1,0
1927964,138,True,False,low_block,1569.366175,39.005,40.235,1.0,0.15,0,0,0,0.0,1.0,1.0,1.0,1.0,0.0,0,1,0,0
1927964,139,True,False,medium_block,1461.66085,37.57,38.905,0.0,0.0,0,0,0,0.0,0.0,0.0,1.0,1.0,0.0,0,0,1,0
1927964,140,True,False,low_block,1279.481625,33.525,38.165,1.0,1.05,0,1,0,0.0,2.0,2.0,2.0,2.0,1.0,1,1,0,0
1927964,141,False,False,high_block,2912.1416999999997,42.379999999999995,68.715,1.0,1.8,1,0,0,2.0,2.0,2.0,1.0,4.0,3.0,1,0,0,1
1927964,142,False,False,medium_block,2943.4275500000003,42.07,69.965,1.5,1.95,1,0,0,2.0,2.0,3.0,2.0,4.0,3.0,1,0,1,0
1927964,143,False,False,high_block,2721.7424,39.519999999999996,68.87,2.0,1.25,0,1,0,2.0,2.0,0.0,3.0,4.0,3.0,1,0,0,1
1927964,145,False,False,low_block,1363.9682,38.185,35.72,2.0,0.0,0,0,0,0.0,1.0,0.0,1.0,1.0,0.0,0,1,0,0
1927964,146,False,False,medium_block,1488.781925,39.485,37.705,0.0,0.15,0,0,0,0.0,1.0,1.0,1.0,1.0,0.0,0,0,1,0
1927964,147,False,False,low_block,1418.8090499999998,37.489999999999995,37.845,0.6666666666666666,1.0,0,1,0,1.0,2.0,0.0,3.0,3.0,2.0,1,1,0,0
1927964,148,False,False,high_block,2824.5015500000004,49.045,57.59,2.0,1.65,0,1,0,3.0,3.0,1.0,2.0,5.0,4.0,1,0,0,1
1927964,149,False,False,medium_block,2070.127475,36.565,56.614999999999995,2.0,1.65,0,1,0,3.0,3.0,1.0,1.0,5.0,4.0,1,0,1,0
1927964,150,False,False,high_block,1774.6624000000002,31.36,56.59,1.0,1.65,0,1,0,3.0,3.0,1.0,3.0,5.0,4.0,1,0,0,1
1927964,151,False,False,medium_block,1778.2316999999998,33.46,53.144999999999996,0.0,0.9,0,1,0,0.0,1.0,1.0,2.0,2.0,1.0,1,0,1,0
1927964,152,False,False,low_block,1670.62665,35.97,46.445,1.0,0.15,0,0,0,0.0,1.0,1.0,1.0,1.0,0.0,0,1,0,0
1927964,153,False,False,medium_block,1620.3462000000002,37.965,42.68,0.0,0.0,0,0,0,0.0,1.0,0.0,2.0,1.0,0.0,0,0,1,0
1927964,154,False,False,low_block,1727.0286,40.92,42.205,0.3333333333333333,0.0,0,0,0,0.0,1.0,0.0,3.0,1.0,0.0,0,1,0,0
1927964,155,False,False,medium_block,1578.2381,37.595,41.980000000000004,0.5,0.15,0,0,0,0.0,1.0,1.0,2.0,1.0,0.0,0,0,1,0
1927964,156,False,False,low_block,1300.86275,36.025,36.11,3.0,0.0,0,0,0,0.0,2.0,0.0,1.0,1.0,0.0,0,1,0,0
1927964,157,False,False,low_block,1094.4792,34.08,32.115,0.6666666666666666,0.0,0,0,0,0.0,1.0,0.0,3.0,1.0,0.0,0,1,0,0
1927964,158,False,False,medium_block,1251.7199999999998,32.94,38.0,0.0,0.0,0,0,0,0.0,1.0,0.0,3.0,1.0,0.0,0,0,1,0
1927964,159,False,False,low_block,1305.13875,33.79,38.625,1.0,0.75,0,1,0,0.0,2.0,0.0,2.0,2.0,1.0,1,1,0,0
1927964,160,False,False,medium_block,1444.4041500000003,34.965,41.31,0.0,0.3,0,0,0,0.0,0.0,2.0,2.0,1.0,0.0,0,0,1,0
1927964,161,False,False,low_block,1216.62375,30.75,39.565,0.3333333333333333,0.44999999999999996,0,0,0,0.0,2.0,3.0,3.0,1.0,0.0,0,1,0,0
1927964,162,False,False,medium_block,1051.46595,29.490000000000002,35.655,0.0,0.3,0,0,0,0.0,2.0,2.0,2.0,1.0,0.0,0,0,1,0
1927964,163,False,False,low_block,1326.832875,34.325,38.655,1.25,2.3,1,1,0,1.0,4.0,2.0,4.0,4.0,3.0,1,1,0,0
1927964,164,False,False,medium_block,1596.6470250000002,35.095,45.495000000000005,0.0,1.2,0,1,0,0.0,0.0,3.0,1.0,2.0,1.0,1,0,1,0
1927964,165,False,False,low_block,1479.17,32.725,45.2,1.0,1.05,0,1,0,0.0,1.0,2.0,2.0,2.0,1.0,1,1,0,0
1927964,166,False,False,medium_block,1225.283025,30.705,39.905,0.0,0.15,0,0,0,0.0,0.0,1.0,1.0,1.0,0.0,0,0,1,0
1927964,167,False,False,low_block,1153.602975,28.945,39.855000000000004,3.0,0.9,0,1,0,0.0,2.0,1.0,2.0,2.0,1.0,1,1,0,0
1927964,169,False,False,medium_block,2100.6832,38.08,55.165,0.6666666666666666,0.75,0,1,0,0.0,2.0,0.0,3.0,2.0,1.0,1,0,1,0
1927964,170,False,False,high_block,2405.8944,42.84,56.16,0.0,0.0,0,0,0,0.0,0.0,0.0,1.0,1.0,0.0,0,0,0,1
1927964,172,False,False,medium_block,2417.193625,49.224999999999994,49.105000000000004,1.5,0.25,0,0,0,1.0,2.0,0.0,2.0,2.0,1.0,0,0,1,0
1927964,173,False,False,medium_block,2117.5692,38.67,54.76,0.5,0.5,0,0,0,2.0,2.0,0.0,3.0,3.0,2.0,0,0,1,0
1927964,174,False,False,high_block,2394.1742999999997,38.955,61.459999999999994,0.0,0.0,0,0,0,0.0,0.0,0.0,1.0,1.0,0.0,0,0,0,1
1927964,175,False,False,medium_block,2086.3680000000004,32.96,63.300000000000004,0.0,1.35,0,1,0,0.0,0.0,4.0,2.0,2.0,1.0,1,0,1,0
1927964,177,False,False,low_block,1204.66875,29.375,41.01,0.5,0.15,0,0,0,0.0,1.0,1.0,2.0,1.0,0.0,0,1,0,0
1927964,178,False,False,medium_block,929.871775,31.115000000000002,29.884999999999998,0.0,0.0,0,0,0,0.0,0.0,0.0,2.0,1.0,0.0,0,0,1,0
1927964,179,False,False,low_block,1110.2965,33.980000000000004,32.675,0.0,0.15,0,0,0,0.0,0.0,1.0,2.0,1.0,0.0,0,1,0,0
1927964,180,False,False,medium_block,1194.4316999999999,35.66,33.495,0.0,0.0,0,0,0,0.0,0.0,0.0,2.0,1.0,0.0,0,0,1,0
1927964,181,False,False,low_block,1217.2637,34.67,35.11,0.0,0.0,0,0,0,0.0,0.0,0.0,1.0,1.0,0.0,0,1,0,0
1927964,182,False,False,medium_block,2973.968925,53.455,55.635000000000005,2.0,0.9,0,1,0,0.0,2.0,1.0,1.0,2.0,1.0,1,0,1,0
1927964,183,False,False,high_block,2258.3599999999997,43.0,52.519999999999996,0.0,0.25,0,0,0,1.0,1.0,0.0,2.0,2.0,1.0,0,0,0,1
1927964,184,False,False,medium_block,2099.756625,43.905,47.825,1.5,0.9,0,1,0,0.0,2.0,1.0,2.0,2.0,1.0,1,0,1,0
1927964,186,False,False,medium_block,1851.694,40.43,45.8,2.0,1.95,0,1,0,3.0,3.0,3.0,3.0,5.0,4.0,1,0,1,0
1927964,187,False,False,medium_block,2387.975975,40.205,59.395,1.6666666666666667,1.55,0,1,0,2.0,2.0,2.0,3.0,4.0,3.0,1,0,1,0
1927964,188,False,False,medium_block,2010.073175,46.915,42.845,0.6666666666666666,1.8,1,0,0,2.0,2.0,2.0,3.0,4.0,3.0,1,0,1,0
1927964,189,False,False,low_block,1391.959425,38.985,35.705,0.0,0.0,0,0,0,0.0,0.0,0.0,1.0,1.0,0.0,0,1,0,0
1927964,190,False,False,medium_block,1356.34935,37.644999999999996,36.03,0.0,0.0,0,0,0,0.0,0.0,0.0,2.0,1.0,0.0,0,0,1,0
1927964,191,False,False,low_block,1476.8550000000002,35.480000000000004,41.625,3.0,1.05,0,1,0,0.0,4.0,2.0,2.0,2.0,1.0,1,1,0,0
1927964,195,False,False,medium_block,1786.0986000000003,34.695,51.480000000000004,1.0,1.25,0,1,0,2.0,3.0,0.0,3.0,4.0,3.0,1,0,1,0
1927964,197,False,False,low_block,965.2532249999999,32.815,29.415,1.6666666666666667,0.75,0,1,0,0.0,5.0,0.0,3.0,2.0,1.0,1,1,0,0
1927964,199,False,False,high_block,2075.6697,33.685,61.62,0.0,0.15,0,0,0,0.0,0.0,1.0,1.0,1.0,0.0,0,0,0,1
1927964,200,False,False,medium_block,2060.2477,34.955,58.94,3.0,2.45,1,1,0,1.0,1.0,3.0,1.0,4.0,3.0,1,0,1,0
1927964,201,False,False,medium_block,2009.6706499999998,36.894999999999996,54.47,0.0,0.25,0,0,0,1.0,1.0,0.0,1.0,2.0,1.0,0,0,1,0
1927964,202,False,False,high_block,2780.16865,41.93,66.305,3.0,1.4,0,1,0,2.0,2.0,1.0,2.0,4.0,3.0,1,0,0,1
1927964,206,False,False,medium_block,2127.7012999999997,37.315,57.019999999999996,3.0,0.15,0,0,0,0.0,2.0,1.0,1.0,1.0,0.0,0,0,1,0
1927964,207,False,False,low_block,1659.20055,32.655,50.81,3.0,0.3,0,0,0,0.0,1.0,2.0,1.0,1.0,0.0,0,1,0,0
1927964,208,True,False,medium_block,1403.465175,34.185,41.055,0.0,0.15,0,0,0,0.0,0.0,1.0,2.0,1.0,0.0,0,0,1,0
1927964,209,True,False,low_block,1365.8531500000001,33.485,40.790000000000006,0.0,1.4,1,0,0,1.0,1.0,1.0,1.0,3.0,2.0,1,1,0,0
1927964,210,True,False,medium_block,1316.266425,32.985,39.905,0.5,0.25,0,0,0,1.0,1.0,0.0,2.0,2.0,1.0,0,0,1,0
1927964,211,True,False,low_block,1380.75,35.0,39.45,0.5,0.5,0,0,0,2.0,2.0,0.0,2.0,3.0,2.0,0,1,0,0
1927964,212,True,False,medium_block,1485.48075,37.65,39.455,1.6666666666666667,1.25,0,1,0,2.0,3.0,0.0,3.0,4.0,3.0,1,0,1,0
1927964,213,True,False,low_block,1521.9625000000003,38.900000000000006,39.125,1.3333333333333333,1.0,0,1,0,1.0,2.0,0.0,3.0,3.0,2.0,1,1,0,0
1927964,214,True,False,medium_block,1440.9087,38.19,37.730000000000004,1.0,0.0,0,0,0,0.0,1.0,0.0,2.0,1.0,0.0,0,0,1,0
1927964,215,True,False,low_block,1338.7856000000002,37.480000000000004,35.72,0.0,0.0,0,0,0,0.0,1.0,0.0,1.0,1.0,0.0,0,1,0,0
1927964,216,True,False,medium_block,1255.2635499999997,34.489999999999995,36.394999999999996,0.0,0.0,0,0,0,0.0,1.0,0.0,2.0,1.0,0.0,0,0,1,0
1927964,217,True,False,low_block,1023.5550000000002,27.150000000000002,37.7,1.0,0.9,0,1,0,0.0,2.0,1.0,1.0,2.0,1.0,1,1,0,0
1927964,218,False,False,medium_block,2208.4284,40.44,54.61,1.0,1.25,0,1,0,2.0,2.0,0.0,2.0,4.0,3.0,1,0,1,0
1927964,219,False,False,medium_block,1912.4086499999999,40.785,46.89,1.5,0.0,0,0,0,0.0,0.0,0.0,0.0,1.0,0.0,0,0,1,0
1927964,220,False,False,medium_block,1783.2704999999996,41.91,42.55,1.5,0.0,0,0,0,0.0,0.0,0.0,0.0,1.0,0.0,0,0,1,0
1927964,221,False,False,medium_block,1838.2336000000003,35.84,51.29,0.0,0.3,0,0,0,0.0,0.0,2.0,2.0,1.0,0.0,0,0,1,0
1927964,223,False,False,medium_block,1052.1105,25.825,40.74,2.6666666666666665,1.05,0,1,0,0.0,4.0,2.0,3.0,2.0,1.0,1,0,1,0
1927964,225,False,False,medium_block,1675.89835,35.665,46.99,0.5,0.25,0,0,0,1.0,1.0,0.0,2.0,2.0,1.0,0,0,1,0
1927964,226,False,False,high_block,2284.911525,39.845,57.345,2.6666666666666665,2.15,1,0,0,4.0,4.0,1.0,3.0,6.0,5.0,1,0,0,1
1927964,227,False,False,medium_block,2087.1765,33.675,61.980000000000004,2.5,2.85,1,1,0,2.0,2.0,4.0,2.0,5.0,4.0,1,0,1,0
1927964,228,False,False,medium_block,2045.0463999999997,39.879999999999995,51.28,2.5,0.44999999999999996,0,0,0,0.0,4.0,3.0,2.0,1.0,0.0,0,0,1,0
1927964,229,False,False,low_block,1859.4436249999999,36.335,51.175,3.5,0.3,0,0,0,0.0,4.0,2.0,2.0,1.0,0.0,0,1,0,0
1927964,232,False,False,medium_block,2652.21,37.62,70.5,1.0,0.75,0,1,0,0.0,0.0,0.0,1.0,2.0,1.0,1,0,1,0
1927964,233,False,False,low_block,1617.630175,40.355000000000004,40.084999999999994,0.0,0.3,0,0,0,0.0,1.0,2.0,1.0,1.0,0.0,0,1,0,0
1927964,234,False,False,high_block,2832.8453999999997,41.635,68.03999999999999,0.0,0.0,0,0,0,0.0,1.0,0.0,1.0,1.0,0.0,0,0,0,1
1927964,235,False,False,medium_block,2656.7886000000003,42.81,62.06,0.0,0.0,0,0,0,0.0,1.0,0.0,1.0,1.0,0.0,0,0,1,0
1927964,236,False,False,low_block,1498.60125,33.21,45.125,2.0,0.0,0,0,0,0.0,0.0,0.0,1.0,1.0,0.0,0,1,0,0
1927964,237,False,False,medium_block,1447.2736,32.96,43.91,2.0,0.0,0,0,0,0.0,0.0,0.0,1.0,1.0,0.0,0,0,1,0
1927964,238,False,False,low_block,1420.7005999999997,35.239999999999995,40.315,2.0,0.0,0,0,0,0.0,1.0,0.0,1.0,1.0,0.0,0,1,0,0
1927964,239,False,False,medium_block,1577.1117250000002,36.965,42.665,1.5,2.55,1,1,0,2.0,3.0,2.0,2.0,5.0,4.0,1,0,1,0
1927964,240,False,False,low_block,2348.18605,42.455,55.31,3.3333333333333335,0.9,0,1,0,0.0,4.0,1.0,3.0,2.0,1.0,1,1,0,0
1927964,245,False,False,medium_block,2303.0937,41.43,55.59,2.0,0.75,0,1,0,0.0,1.0,0.0,2.0,2.0,1.0,1,0,1,0
1927964,246,False,False,high_block,2021.04945,36.435,55.47,0.0,0.0,0,0,0,0.0,1.0,0.0,2.0,1.0,0.0,0,0,0,1
1927964,247,False,False,medium_block,1819.9226249999997,34.065,53.425,1.3333333333333333,0.9,0,1,0,0.0,3.0,1.0,3.0,2.0,1.0,1,0,1,0
1927964,248,True,False,medium_block,2781.9943,48.94,56.845,1.75,1.05,0,1,0,0.0,3.0,2.0,4.0,2.0,1.0,1,0,1,0
1927964,249,True,False,low_block,1502.68965,30.910000000000004,48.614999999999995,2.6666666666666665,0.75,0,1,0,0.0,6.0,0.0,4.0,2.0,1.0,1,1,0,0
1927964,250,False,False,high_block,3215.7381499999997,45.129999999999995,71.255,1.5,2.4,1,1,0,2.0,2.0,1.0,1.0,5.0,4.0,1,0,0,1
1927964,251,False,False,medium_block,2774.51985,42.33,65.545,1.5,2.3,1,1,0,1.0,2.0,2.0,2.0,4.0,3.0,1,0,1,0
1927964,252,False,False,medium_block,2363.6592,47.16,50.120000000000005,2.0,2.4,1,1,0,2.0,3.0,1.0,3.0,5.0,4.0,1,0,1,0
1927964,253,False,False,medium_block,2655.2425,45.35,58.55,2.0,1.2,0,1,0,0.0,3.0,3.0,2.0,2.0,1.0,1,0,1,0
1927964,254,False,False,low_block,1714.7765250000002,33.495000000000005,51.195,2.0,0.15,0,0,0,0.0,1.0,1.0,1.0,1.0,0.0,0,1,0,0
1927964,255,False,False,medium_block,1404.84435,35.665,39.39,0.0,0.0,0,0,0,0.0,1.0,0.0,2.0,1.0,0.0,0,0,1,0
1927964,256,False,False,low_block,1253.9251000000002,33.835,37.06,0.0,0.15,0,0,0,0.0,1.0,1.0,2.0,1.0,0.0,0,1,0,0
1927964,257,False,False,high_block,2510.946875,39.005,64.375,1.6666666666666667,2.4,1,1,0,2.0,3.0,1.0,3.0,5.0,4.0,1,0,0,1
1927964,258,False,False,medium_block,1677.7180000000003,29.3,57.260000000000005,1.6666666666666667,2.4,1,1,0,2.0,3.0,1.0,3.0,5.0,4.0,1,0,1,0
1927964,259,False,False,high_block,2056.3740000000003,33.7,61.019999999999996,2.0,1.0,0,1,0,1.0,2.0,0.0,2.0,3.0,2.0,1,0,0,1
1927964,260,False,False,medium_block,2512.29,38.065,66.0,2.0,1.0,0,1,0,1.0,2.0,0.0,2.0,3.0,2.0,1,0,1,0
1927964,262,True,False,medium_block,1784.1525,31.55,56.55,1.75,2.7,1,1,0,2.0,3.0,3.0,4.0,5.0,4.0,1,0,1,0
1927964,263,True,False,low_block,856.253,22.415,38.2,2.0,0.9,0,1,0,0.0,3.0,1.0,2.0,2.0,1.0,1,1,0,0
1927964,264,False,False,high_block,2962.5932,41.17,71.96,4.0,2.4,1,1,0,2.0,2.0,1.0,2.0,5.0,4.0,1,0,0,1
1927964,265,False,False,medium_block,2333.955,39.0,59.845,1.0,0.8,0,0,0,2.0,3.0,2.0,2.0,3.0,2.0,0,0,1,0
1927964,266,True,False,high_block,2602.9996249999995,39.695,65.57499999999999,2.0,1.75,0,1,0,5.0,5.0,0.0,2.0,7.0,6.0,1,0,0,1
1927964,267,True,False,medium_block,2427.11925,37.47,64.775,2.0,1.75,0,1,0,5.0,5.0,0.0,3.0,7.0,6.0,1,0,1,0
1927964,268,True,False,high_block,2613.5984999999996,39.63,65.94999999999999,2.0,2.7,1,1,0,2.0,2.0,3.0,3.0,5.0,4.0,1,0,0,1
1927964,269,True,False,medium_block,2294.28705,34.485,66.53,2.0,1.2,0,1,0,0.0,0.0,3.0,1.0,2.0,1.0,1,0,1,0
1927964,270,True,False,low_block,1624.908125,27.275,59.575,2.0,1.2,0,1,0,0.0,2.0,3.0,1.0,2.0,1.0,1,1,0,0
1927964,271,False,False,high_block,2362.753575,32.565,72.555,2.0,1.4,0,1,0,2.0,2.0,1.0,2.0,4.0,3.0,1,0,0,1
1927964,272,False,False,medium_block,2011.8449249999999,29.355,68.535,2.3333333333333335,1.4,0,1,0,2.0,2.0,1.0,3.0,4.0,3.0,1,0,1,0
1927964,274,False,False,low_block,1026.7796,28.490000000000002,36.04,2.5,0.75,0,1,0,0.0,2.0,0.0,2.0,2.0,1.0,1,1,0,0
1927964,275,False,False,high_block,2961.2805,41.46,71.425,2.0,0.75,0,0,0,3.0,3.0,0.0,2.0,4.0,3.0,0,0,0,1
1927964,277,True,False,medium_block,1705.3221500000004,39.010000000000005,43.715,0.3333333333333333,0.15,0,0,0,0.0,0.0,1.0,3.0,1.0,0.0,0,0,1,0
1927964,278,True,False,low_block,1190.70765,29.335,40.59,2.0,0.15,0,0,0,0.0,1.0,1.0,1.0,1.0,0.0,0,1,0,0
1927964,279,False,False,medium_block,2142.7295999999997,32.96,65.00999999999999,3.0,0.75,0,1,0,0.0,1.0,0.0,2.0,2.0,1.0,1,0,1,0
1927964,284,False,False,high_block,2450.6762,44.26,55.37,0.0,0.0,0,0,0,0.0,1.0,0.0,2.0,1.0,0.0,0,0,0,1
1927964,285,False,False,medium_block,2420.4768,43.44,55.72,0.6666666666666666,0.75,0,1,0,0.0,1.0,0.0,3.0,2.0,1.0,1,0,1,0
1927964,286,False,False,high_block,2463.0567,37.370000000000005,65.91,2.3333333333333335,1.25,0,1,0,2.0,2.0,0.0,3.0,4.0,3.0,1,0,0,1
1927964,288,False,False,medium_block,1843.914,38.2,48.269999999999996,0.5,0.15,0,0,0,0.0,1.0,1.0,2.0,1.0,0.0,0,0,1,0
1927964,289,False,False,high_block,1965.9508,37.865,51.92,0.0,0.15,0,0,0,0.0,0.0,1.0,2.0,1.0,0.0,0,0,0,1
1927964,290,False,False,medium_block,1954.7286000000001,37.49,52.14,0.0,0.5,0,0,0,2.0,2.0,0.0,1.0,3.0,2.0,0,0,1,0
1927964,291,False,False,high_block,2178.35415,36.915,59.010000000000005,0.0,0.55,0,0,0,1.0,1.0,2.0,1.0,2.0,1.0,0,0,0,1
1927964,292,False,False,medium_block,2219.3281249999995,34.474999999999994,64.375,2.0,0.9,0,1,0,0.0,1.0,1.0,1.0,2.0,1.0,1,0,1,0
1927964,293,False,False,low_block,1529.00215,29.185000000000002,52.39,2.5,1.05,0,1,0,0.0,2.0,2.0,2.0,2.0,1.0,1,1,0,0
1927964,294,False,False,high_block,2921.055,40.36,72.375,2.5,1.95,1,0,0,2.0,2.0,3.0,2.0,4.0,3.0,1,0,0,1
1927964,295,False,False,medium_block,2822.8966,42.44,66.515,1.5,3.05,1,1,0,4.0,4.0,2.0,2.0,7.0,6.0,1,0,1,0
1927964,297,False,False,high_block,2587.9026000000003,39.045,66.28,1.0,0.0,0,0,0,0.0,0.0,0.0,1.0,1.0,0.0,0,0,0,1
1927964,298,False,False,medium_block,2224.33815,41.41,53.715,1.0,0.0,0,0,0,0.0,1.0,0.0,1.0,1.0,0.0,0,0,1,0
1927964,299,False,False,medium_block,2245.6818,42.22,53.19,0.5,1.4,1,0,0,1.0,2.0,1.0,2.0,3.0,2.0,1,0,1,0
1927964,300,False,False,high_block,2440.1230000000005,38.84,62.825,0.0,0.4,0,0,0,1.0,1.0,1.0,1.0,2.0,1.0,0,0,0,1
1927964,301,False,False,medium_block,2920.2736499999996,41.49,70.38499999999999,0.0,0.25,0,0,0,1.0,1.0,0.0,1.0,2.0,1.0,0,0,1,0
1927964,302,False,False,medium_block,2400.3759,48.209999999999994,49.790000000000006,1.6666666666666667,3.95,1,1,1,4.0,4.0,3.0,3.0,7.0,6.0,1,0,1,0
1927964,303,False,False,high_block,2608.7167499999996,41.55,62.785,3.0,0.0,0,0,0,0.0,1.0,0.0,1.0,1.0,0.0,0,0,0,1
1927964,304,False,False,medium_block,2858.7495000000004,42.18,67.775,3.0,0.15,0,0,0,0.0,1.0,1.0,1.0,1.0,0.0,0,0,1,0
1927964,305,False,False,medium_block,1783.9672500000001,34.35,51.935,0.0,0.7,0,0,0,1.0,1.0,3.0,1.0,2.0,1.0,0,0,1,0
1927964,306,False,False,high_block,2514.5463,39.54,63.595,1.0,0.25,0,0,0,1.0,1.0,0.0,1.0,2.0,1.0,0,0,0,1
1927964,308,False,False,medium_block,1423.5834,27.96,50.915,2.6666666666666665,3.05,1,1,0,5.0,6.0,2.0,3.0,8.0,7.0,1,0,1,0
1927964,310,True,True,medium_block,1686.8984999999998,30.975,54.459999999999994,1.5,1.05,0,1,0,0.0,3.0,2.0,2.0,2.0,1.0,1,0,1,0
1927964,311,True,True,low_block,928.3985,26.755,34.7,3.0,1.05,0,1,0,0.0,5.0,2.0,3.0,2.0,1.0,1,1,0,0
1927964,312,False,False,medium_block,1751.4805000000001,37.345,46.900000000000006,0.0,0.5,0,0,0,2.0,2.0,0.0,2.0,3.0,2.0,0,0,1,0
1927964,313,False,False,high_block,2357.3213999999994,40.769999999999996,57.81999999999999,1.5,0.5,0,0,0,2.0,2.0,0.0,2.0,3.0,2.0,0,0,0,1
1927964,314,False,False,medium_block,2566.3847499999997,41.41,61.975,1.5,1.0,0,1,0,1.0,1.0,0.0,2.0,3.0,2.0,1,0,1,0
1927964,315,False,False,low_block,2490.9556000000002,48.68,51.17,1.5,1.0,0,1,0,1.0,2.0,0.0,2.0,3.0,2.0,1,1,0,0
1927964,316,False,False,medium_block,2221.8260999999998,43.94,50.565,1.6666666666666667,1.35,0,1,0,0.0,1.0,4.0,3.0,2.0,1.0,1,0,1,0
1927964,317,False,False,low_block,1414.0674,31.14,45.41,3.0,1.05,0,1,0,0.0,4.0,2.0,2.0,2.0,1.0,1,1,0,0
1927964,319,True,False,low_block,1468.2907500000001,34.35,42.745000000000005,0.0,0.15,0,0,0,0.0,1.0,1.0,1.0,1.0,0.0,0,1,0,0
1927964,320,True,False,medium_block,1886.79495,39.81,47.394999999999996,0.0,0.25,0,0,0,1.0,1.0,0.0,1.0,2.0,1.0,0,0,1,0
1927964,321,True,False,high_block,2528.87805,41.129999999999995,61.485,2.0,0.25,0,0,0,1.0,2.0,0.0,2.0,2.0,1.0,0,0,0,1
1927964,322,True,False,medium_block,2312.83535,36.155,63.97,1.0,0.6,0,0,0,0.0,0.0,4.0,2.0,1.0,0.0,0,0,1,0
1927964,323,False,False,low_block,1343.2014000000001,22.59,59.46000000000001,2.0,0.3,0,0,0,0.0,1.0,2.0,1.0,1.0,0.0,0,1,0,0
1927964,326,False,False,high_block,2546.7715000000007,39.025000000000006,65.26,0.0,0.15,0,0,0,0.0,0.0,1.0,1.0,1.0,0.0,0,0,0,1
1927964,327,False,False,medium_block,2748.7475999999997,40.68,67.57,0.5,0.25,0,0,0,1.0,1.0,0.0,2.0,2.0,1.0,0,0,1,0
1927964,328,False,False,medium_block,2436.890625,41.925,58.125,1.6666666666666667,2.55,1,1,0,2.0,2.0,2.0,3.0,5.0,4.0,1,0,1,0
1927964,333,True,False,medium_block,802.4676999999999,26.105,30.74,0.0,0.0,0,0,0,0.0,0.0,0.0,2.0,1.0,0.0,0,0,1,0
1927964,334,True,False,low_block,939.25525,25.825000000000003,36.37,2.0,0.15,0,0,0,0.0,2.0,1.0,2.0,1.0,0.0,0,1,0,0
1927964,335,True,False,high_block,1937.843175,28.895,67.065,1.5,0.0,0,0,0,0.0,1.0,0.0,1.0,1.0,0.0,0,0,0,1
1927964,336,True,False,medium_block,2128.266,31.92,66.675,2.0,1.35,0,1,0,0.0,4.0,4.0,2.0,2.0,1.0,1,0,1,0
1927964,337,True,False,low_block,1333.1196,24.66,54.06,2.0,0.75,0,1,0,0.0,1.0,0.0,3.0,2.0,1.0,1,1,0,0
1927964,338,False,False,medium_block,2347.686975,41.155,57.045,0.0,0.0,0,0,0,0.0,0.0,0.0,1.0,1.0,0.0,0,0,1,0
1927964,340,True,False,high_block,2607.84,36.22,72.0,2.0,2.65,1,1,0,3.0,3.0,1.0,3.0,6.0,5.0,1,0,0,1
1927964,341,True,False,medium_block,1884.7832250000001,27.695,68.055,1.0,0.6,0,0,0,0.0,1.0,4.0,1.0,1.0,0.0,0,0,1,0
1927964,342,True,False,low_block,1230.2871,19.77,62.230000000000004,3.0,1.35,0,1,0,0.0,2.0,4.0,3.0,2.0,1.0,1,1,0,0
1927964,343,False,False,high_block,2755.276,41.05,67.12,0.0,0.15,0,0,0,0.0,0.0,1.0,2.0,1.0,0.0,0,0,0,1
1927964,344,False,False,medium_block,1957.2541999999996,40.12,48.785,0.0,0.4,0,0,0,1.0,2.0,1.0,2.0,2.0,1.0,0,0,1,0
1927964,345,False,False,low_block,1511.9268749999999,36.675,41.225,1.6666666666666667,0.9,0,1,0,0.0,2.0,1.0,3.0,2.0,1.0,1,1,0,0
1927964,346,False,False,high_block,2862.4697499999997,44.345,64.55,2.5,2.9,1,1,0,5.0,5.0,1.0,2.0,8.0,7.0,1,0,0,1
1927964,347,False,False,medium_block,2738.0155,40.805,67.1,3.0,2.65,1,1,0,3.0,3.0,1.0,1.0,6.0,5.0,1,0,1,0
1927964,349,False,False,medium_block,1306.9037249999997,34.065,38.364999999999995,0.0,0.15,0,0,0,0.0,1.0,1.0,1.0,1.0,0.0,0,0,1,0
1927964,350,False,False,low_block,1333.5822,35.965,37.08,0.0,0.4,0,0,0,1.0,2.0,1.0,2.0,2.0,1.0,0,1,0,0
1927964,351,False,False,medium_block,1433.295,35.39,40.5,0.5,0.7,0,0,0,1.0,2.0,3.0,2.0,2.0,1.0,0,0,1,0
1927964,352,False,False,low_block,1273.7329,33.37,38.17,0.5,0.15,0,0,0,0.0,1.0,1.0,2.0,1.0,0.0,0,1,0,0
1927964,353,False,False,medium_block,1109.1941250000002,33.475,33.135000000000005,0.0,0.15,0,0,0,0.0,0.0,1.0,2.0,1.0,0.0,0,0,1,0
1927964,354,False,False,low_block,1028.0702249999997,35.864999999999995,28.665,2.5,0.0,0,0,0,0.0,1.0,0.0,2.0,1.0,0.0,0,1,0,0
1927964,355,False,False,high_block,2335.61205,31.635,73.83,3.0,0.0,0,0,0,0.0,2.0,0.0,2.0,1.0,0.0,0,0,0,1
1927964,356,False,False,medium_block,2225.719125,30.825000000000003,72.205,3.0,0.0,0,0,0,0.0,2.0,0.0,2.0,1.0,0.0,0,0,1,0
1927964,359,False,False,medium_block,1729.2745499999999,34.41,50.255,1.6666666666666667,0.75,0,1,0,0.0,2.0,0.0,3.0,2.0,1.0,1,0,1,0
1927964,361,False,False,high_block,2261.1572,35.71,63.32,2.0,0.0,0,0,0,0.0,1.0,0.0,1.0,1.0,0.0,0,0,0,1
1927964,362,False,False,medium_block,2276.78955,37.03,61.485,2.0,0.0,0,0,0,0.0,1.0,0.0,1.0,1.0,0.0,0,0,1,0
1927964,363,False,False,medium_block,1574.79975,26.445,59.55,3.0,0.9,0,1,0,0.0,1.0,1.0,2.0,2.0,1.0,1,0,1,0
1927964,365,False,False,medium_block,1564.7962499999999,27.525,56.849999999999994,2.5,1.05,0,1,0,0.0,2.0,2.0,2.0,2.0,1.0,1,0,1,0
1927964,366,False,False,low_block,1733.5709,30.83,56.230000000000004,3.5,1.05,0,1,0,0.0,4.0,2.0,2.0,2.0,1.0,1,1,0,0
1927964,368,True,False,low_block,1057.09615,23.965,44.11,2.0,1.05,0,1,0,0.0,0.0,2.0,1.0,2.0,1.0,1,1,0,0
1927964,369,False,False,medium_block,1979.48,41.0,48.28,1.5,1.25,0,1,0,2.0,2.0,0.0,2.0,4.0,3.0,1,0,1,0
1927964,373,False,False,high_block,1987.839,31.78,62.55,2.0,3.2,1,1,0,4.0,4.0,3.0,3.0,7.0,6.0,1,0,0,1
1927964,374,False,False,medium_block,2081.5505,34.94,59.575,1.0,0.6,0,0,0,0.0,0.0,4.0,1.0,1.0,0.0,0,0,1,0
1927964,375,False,False,low_block,1619.064,35.82,45.2,2.0,0.75,0,1,0,0.0,3.0,0.0,3.0,2.0,1.0,1,1,0,0
1927964,377,False,False,high_block,2650.8198500000008,40.415000000000006,65.59,1.0,0.3,0,0,0,0.0,1.0,2.0,1.0,1.0,0.0,0,0,0,1
1927964,378,False,False,medium_block,2719.4995750000003,41.015,66.305,1.0,0.3,0,0,0,0.0,1.0,2.0,2.0,1.0,0.0,0,0,1,0
1927964,381,False,False,low_block,1771.465125,39.075,45.334999999999994,1.5,0.75,0,1,0,0.0,3.0,0.0,2.0,2.0,1.0,1,1,0,0
1927964,382,False,False,medium_block,1791.18,34.875,51.36,1.5,0.5,0,0,0,2.0,2.0,0.0,2.0,3.0,2.0,0,0,1,0
1927964,383,False,False,high_block,2468.3395,37.09,66.55,2.0,0.25,0,0,0,1.0,1.0,0.0,1.0,2.0,1.0,0,0,0,1
1927964,384,False,False,medium_block,2614.8099499999994,35.785,73.07,2.0,1.0,0,1,0,1.0,1.0,0.0,2.0,3.0,2.0,1,0,1,0
1927964,386,False,False,medium_block,2143.28515,34.015,63.01,2.0,0.75,0,1,0,0.0,1.0,0.0,2.0,2.0,1.0,1,0,1,0
1927964,387,False,False,low_block,2591.06095,53.21,48.695,2.0,0.0,0,0,0,0.0,2.0,0.0,1.0,1.0,0.0,0,1,0,0
1927964,391,False,False,high_block,3021.8120999999996,41.46,72.88499999999999,3.5,1.05,0,1,0,0.0,3.0,2.0,2.0,2.0,1.0,1,0,0,1
1927964,392,False,False,medium_block,3238.2588,48.39,66.92,3.0,1.05,0,1,0,0.0,2.0,2.0,1.0,2.0,1.0,1,0,1,0
1927964,393,False,False,low_block,1136.7216,35.28,32.22,1.0,0.0,0,0,0,0.0,1.0,0.0,1.0,1.0,0.0,0,1,0,0
1927964,394,False,False,medium_block,1545.450225,36.445,42.405,1.5,2.3,1,1,0,1.0,2.0,2.0,2.0,4.0,3.0,1,0,1,0
1927964,395,False,False,low_block,1757.6416,36.739999999999995,47.84,2.0,0.9,0,1,0,0.0,1.0,1.0,1.0,2.0,1.0,1,1,0,0
1927964,396,False,False,high_block,2746.3472,40.34,68.08,2.0,1.8,1,0,0,2.0,2.0,2.0,2.0,4.0,3.0,1,0,0,1
1927964,397,False,False,medium_block,1923.094125,36.405,52.825,0.0,0.0,0,0,0,0.0,0.0,0.0,2.0,1.0,0.0,0,0,1,0
1927964,398,False,False,low_block,1390.6525499999998,33.614999999999995,41.37,1.0,1.25,0,1,0,2.0,3.0,0.0,3.0,4.0,3.0,1,1,0,0
1927964,399,False,False,medium_block,1691.1731250000003,36.665000000000006,46.125,1.0,0.5,0,0,0,2.0,2.0,0.0,2.0,3.0,2.0,0,0,1,0
1927964,400,False,False,medium_block,1404.3293999999999,37.26,37.69,1.5,0.15,0,0,0,0.0,1.0,1.0,1.0,1.0,0.0,0,0,1,0
1927964,401,False,False,low_block,2195.1771,45.905,47.82,2.0,0.9,0,1,0,0.0,4.0,1.0,3.0,2.0,1.0,1,1,0,0
1927964,403,False,False,high_block,2713.2068,41.480000000000004,65.41,2.0,0.5,0,0,0,2.0,2.0,0.0,2.0,3.0,2.0,0,0,0,1
1927964,404,False,False,medium_block,2385.64625,37.375,63.83,1.0,0.5,0,0,0,2.0,2.0,0.0,2.0,3.0,2.0,0,0,1,0
1927964,406,False,False,medium_block,2431.0388999999996,36.535,66.53999999999999,1.0,0.3,0,0,0,0.0,1.0,2.0,1.0,1.0,0.0,0,0,1,0
1927964,407,False,False,low_block,1401.550575,22.794999999999998,61.485,3.0,1.2,0,1,0,0.0,6.0,3.0,2.0,2.0,1.0,1,1,0,0
1927964,408,False,False,low_block,1013.27545,24.305,41.69,3.0,0.9,0,1,0,0.0,5.0,1.0,2.0,2.0,1.0,1,1,0,0
1927964,410,False,False,medium_block,1429.0161750000002,34.935,40.905,0.0,0.0,0,0,0,0.0,0.0,0.0,2.0,1.0,0.0,0,0,1,0
1927964,411,False,False,low_block,1260.2628000000002,34.92,36.09,0.0,0.0,0,0,0,0.0,0.0,0.0,1.0,1.0,0.0,0,1,0,0
1927964,412,False,False,medium_block,1682.6738,39.370000000000005,42.739999999999995,0.5,1.95,1,0,0,2.0,3.0,3.0,2.0,4.0,3.0,1,0,1,0
1927964,413,False,False,low_block,2111.722,39.575,53.36,4.0,1.05,0,1,0,0.0,2.0,2.0,1.0,2.0,1.0,1,1,0,0
1927964,415,False,False,medium_block,2438.0552000000002,37.03,65.84,1.5,0.0,0,0,0,0.0,0.0,0.0,1.0,1.0,0.0,0,0,1,0
1927964,417,False,False,medium_block,1717.1253000000002,32.42,52.965,1.5,0.15,0,0,0,0.0,1.0,1.0,1.0,1.0,0.0,0,0,1,0
1927964,421,False,False,low_block,1377.3548,32.08,42.935,3.0,1.05,0,1,0,0.0,3.0,2.0,2.0,2.0,1.0,1,1,0,0
1927964,425,True,True,low_block,690.9256000000001,25.12,27.505000000000003,3.0,0.0,0,0,0,0.0,3.0,0.0,1.0,1.0,0.0,0,1,0,0
1953632,0,False,False,medium_block,2015.3313,44.82,44.965,1.3333333333333333,1.65,0,1,0,3.0,4.0,1.0,3.0,5.0,4.0,1,0,1,0
1953632,2,False,False,medium_block,1918.588875,40.575,47.285,1.0,2.55,1,1,0,2.0,2.0,2.0,2.0,5.0,4.0,1,0,1,0
1953632,3,False,False,high_block,2295.40115,35.995000000000005,63.769999999999996,2.0,1.65,0,1,0,3.0,3.0,1.0,3.0,5.0,4.0,1,0,0,1
1953632,4,False,False,medium_block,2676.539375,39.144999999999996,68.375,2.0,2.55,1,1,0,2.0,2.0,2.0,3.0,5.0,4.0,1,0,1,0
1953632,5,False,False,medium_block,1770.6637500000002,39.75,44.545,1.0,0.6,0,0,0,0.0,2.0,4.0,2.0,1.0,0.0,0,0,1,0
1953632,6,False,False,low_block,1487.42695,39.47,37.685,1.0,0.6,0,0,0,0.0,2.0,4.0,2.0,1.0,0.0,0,1,0,0
1953632,16,False,False,medium_block,1647.3555,36.15,45.57,0.0,0.44999999999999996,0,0,0,0.0,0.0,3.0,2.0,1.0,0.0,0,0,1,0
1953632,18,False,False,medium_block,2822.1507249999995,42.815,65.91499999999999,1.5,0.0,0,0,0,0.0,0.0,0.0,1.0,1.0,0.0,0,0,1,0
1953632,21,False,False,medium_block,1797.7118999999998,33.98,52.905,1.5,0.15,0,0,0,0.0,1.0,1.0,2.0,1.0,0.0,0,0,1,0
1953632,22,False,False,medium_block,2300.952075,46.545,49.435,0.5,1.65,1,0,0,2.0,2.0,1.0,2.0,4.0,3.0,1,0,1,0
1953632,24,False,False,high_block,2898.45645,38.03,76.215,1.0,1.25,0,0,1,2.0,2.0,0.0,2.0,3.0,2.0,1,0,0,1
1953632,25,False,False,low_block,844.5091249999999,32.425,26.045,1.0,0.15,0,0,0,0.0,1.0,1.0,1.0,1.0,0.0,0,1,0,0
1953632,26,False,False,medium_block,1285.2209999999998,37.47,34.3,0.0,0.15,0,0,0,0.0,0.0,1.0,2.0,1.0,0.0,0,0,1,0
1953632,27,False,False,low_block,1435.064225,39.935,35.935,0.5,0.0,0,0,0,0.0,2.0,0.0,2.0,1.0,0.0,0,1,0,0
1953632,28,False,False,medium_block,1488.6874500000001,41.735,35.67,1.0,0.75,0,1,0,0.0,1.0,0.0,2.0,2.0,1.0,1,0,1,0
1953632,29,False,False,low_block,1492.723425,40.835,36.555,1.3333333333333333,0.75,0,1,0,0.0,2.0,0.0,3.0,2.0,1.0,1,1,0,0
1953632,30,False,False,high_block,2528.9676,42.16,59.985,2.0,0.0,0,0,0,0.0,3.0,0.0,2.0,1.0,0.0,0,0,0,1
1953632,31,False,False,medium_block,2163.1194,34.92,61.945,2.0,0.15,0,0,0,0.0,3.0,1.0,2.0,1.0,0.0,0,0,1,0
1953632,33,False,False,low_block,882.74505,33.33,26.485,0.0,0.15,0,0,0,0.0,0.0,1.0,1.0,1.0,0.0,0,1,0,0
1953632,34,False,False,medium_block,1248.1298750000003,37.075,33.665000000000006,0.0,0.3,0,0,0,0.0,0.0,2.0,1.0,1.0,0.0,0,0,1,0
1953632,35,False,False,low_block,1308.0514,39.56,33.065,0.0,0.15,0,0,0,0.0,1.0,1.0,1.0,1.0,0.0,0,1,0,0
1953632,36,False,False,medium_block,1349.874675,40.665,33.195,0.0,0.0,0,0,0,0.0,0.0,0.0,1.0,1.0,0.0,0,0,1,0
1953632,37,False,False,low_block,1524.48785,42.53,35.845,0.0,0.0,0,0,0,0.0,1.0,0.0,2.0,1.0,0.0,0,1,0,0
1953632,38,False,False,medium_block,1948.4870999999998,41.93,46.47,2.0,2.7,1,1,0,2.0,2.0,3.0,3.0,5.0,4.0,1,0,1,0
1953632,39,False,False,high_block,2527.2401999999997,44.58,56.69,0.0,1.95,1,0,0,2.0,2.0,3.0,2.0,4.0,3.0,1,0,0,1
1953632,40,False,False,medium_block,1932.5377499999997,36.525,52.91,0.5,0.8,0,0,0,2.0,2.0,2.0,2.0,3.0,2.0,0,0,1,0
1953632,42,False,False,medium_block,2282.57925,44.364999999999995,51.45,0.0,0.15,0,0,0,0.0,1.0,1.0,1.0,1.0,0.0,0,0,1,0
1953632,43,False,False,medium_block,1566.9061999999997,37.879999999999995,41.364999999999995,0.5,0.15,0,0,0,0.0,1.0,1.0,2.0,1.0,0.0,0,0,1,0
1953632,44,False,False,low_block,1245.6325,33.574999999999996,37.1,2.5,1.05,0,1,0,0.0,5.0,2.0,4.0,2.0,1.0,1,1,0,0
1953632,46,False,False,low_block,989.9703000000001,30.47,32.49,3.0,0.75,0,1,0,0.0,3.0,0.0,2.0,2.0,1.0,1,1,0,0
1953632,50,False,False,high_block,2176.4862,33.87,64.26,3.0,2.65,1,0,1,3.0,3.0,1.0,2.0,5.0,4.0,1,0,0,1
1953632,51,False,False,medium_block,2132.81865,33.435,63.790000000000006,3.0,3.55,1,1,1,3.0,3.0,2.0,3.0,6.0,5.0,1,0,1,0
1953632,53,False,False,medium_block,1775.6198,32.39,54.82,2.0,0.25,0,0,0,1.0,1.0,0.0,1.0,2.0,1.0,0,0,1,0
1953632,54,False,False,high_block,2035.511225,38.555,52.795,0.0,0.0,0,0,0,0.0,0.0,0.0,1.0,1.0,0.0,0,0,0,1
1953632,55,False,False,medium_block,1916.5375,42.5,45.095,0.0,0.6,0,0,0,0.0,0.0,4.0,2.0,1.0,0.0,0,0,1,0
1953632,56,False,False,low_block,1586.9117,38.06,41.695,1.5,0.6,0,0,0,0.0,1.0,4.0,2.0,1.0,0.0,0,1,0,0
1953632,60,False,False,medium_block,1535.2722,30.21,50.82,1.5,0.0,0,0,0,0.0,0.0,0.0,0.0,1.0,0.0,0,0,1,0
1953632,61,False,False,high_block,2146.84365,37.47,57.295,3.0,0.25,0,0,0,1.0,1.0,0.0,1.0,2.0,1.0,0,0,0,1
1953632,62,False,False,high_block,1819.11075,30.424999999999997,59.790000000000006,2.0,0.25,0,0,0,1.0,2.0,0.0,2.0,2.0,1.0,0,0,0,1
1953632,63,False,False,medium_block,1640.639,42.349999999999994,38.74,2.0,1.25,0,1,0,2.0,4.0,0.0,3.0,4.0,3.0,1,0,1,0
1953632,65,False,False,medium_block,1919.559675,40.254999999999995,47.685,0.0,1.15,0,1,0,1.0,1.0,1.0,2.0,3.0,2.0,1,0,1,0
1953632,66,False,False,medium_block,2322.2106,43.22,53.73,3.0,2.05,0,1,0,4.0,4.0,2.0,2.0,6.0,5.0,1,0,1,0
1953632,67,False,False,high_block,2171.1846,33.735,64.36,2.0,0.5,0,0,0,2.0,2.0,0.0,3.0,3.0,2.0,0,0,0,1
1953632,69,False,False,medium_block,2332.72215,35.53,65.655,2.0,0.55,0,0,0,1.0,1.0,2.0,1.0,2.0,1.0,0,0,1,0
1953632,70,False,False,high_block,2430.07485,38.29,63.465,2.0,1.55,1,0,0,1.0,1.0,2.0,1.0,3.0,2.0,1,0,0,1
1953632,72,False,False,medium_block,2007.11385,44.415,45.19,1.5,0.15,0,0,0,0.0,1.0,1.0,2.0,1.0,0.0,0,0,1,0
1953632,73,False,False,medium_block,2613.357175,55.835,46.805,1.5,0.15,0,0,0,0.0,1.0,1.0,2.0,1.0,0.0,0,0,1,0
1953632,74,False,False,high_block,2949.1566,50.83,58.019999999999996,3.0,0.0,0,0,0,0.0,1.0,0.0,1.0,1.0,0.0,0,0,0,1
1953632,76,False,False,medium_block,1704.2512000000002,38.315,44.480000000000004,1.5,0.3,0,0,0,0.0,0.0,2.0,1.0,1.0,0.0,0,0,1,0
1953632,77,False,False,low_block,1507.0710000000001,41.46,36.35,1.0,0.3,0,0,0,0.0,1.0,2.0,2.0,1.0,0.0,0,1,0,0
1953632,78,False,False,medium_block,1256.19595,37.045,33.91,0.0,0.0,0,0,0,0.0,0.0,0.0,2.0,1.0,0.0,0,0,1,0
1953632,79,False,False,low_block,1383.9945500000001,39.730000000000004,34.835,0.0,0.0,0,0,0,0.0,0.0,0.0,2.0,1.0,0.0,0,1,0,0
1953632,80,False,False,medium_block,1629.3240250000001,42.205,38.605000000000004,1.0,0.5,0,0,0,2.0,4.0,0.0,2.0,3.0,2.0,0,0,1,0
1953632,81,False,False,low_block,1927.9857000000004,44.230000000000004,43.59,2.3333333333333335,2.05,1,0,0,3.0,5.0,2.0,3.0,5.0,4.0,1,1,0,0
1953632,82,False,False,medium_block,1834.3720499999997,43.894999999999996,41.79,0.0,0.44999999999999996,0,0,0,0.0,1.0,3.0,1.0,1.0,0.0,0,0,1,0
1953632,83,False,False,low_block,1645.54995,43.230000000000004,38.065,0.0,0.44999999999999996,0,0,0,0.0,2.0,3.0,1.0,1.0,0.0,0,1,0,0
1953632,84,False,False,medium_block,1547.9050499999998,40.41,38.305,1.5,1.05,0,1,0,0.0,3.0,2.0,2.0,2.0,1.0,1,0,1,0
1953632,85,False,False,low_block,1427.88565,37.69,37.885,1.6666666666666667,0.9,0,1,0,0.0,3.0,1.0,3.0,2.0,1.0,1,1,0,0
1953632,86,False,False,medium_block,1554.683625,40.095,38.775,0.0,0.15,0,0,0,0.0,0.0,1.0,1.0,1.0,0.0,0,0,1,0
1953632,87,False,False,low_block,1477.7364000000002,39.480000000000004,37.43,1.6666666666666667,0.9,0,1,0,0.0,4.0,1.0,3.0,2.0,1.0,1,1,0,0
1953632,88,False,False,medium_block,1220.5886999999998,36.23,33.69,1.6666666666666667,0.9,0,1,0,0.0,4.0,1.0,3.0,2.0,1.0,1,0,1,0
1953632,89,False,False,medium_block,3150.2016000000003,54.09,58.24,2.3333333333333335,1.9,0,1,0,4.0,6.0,1.0,3.0,6.0,5.0,1,0,1,0
1953632,90,False,False,high_block,2421.0459,42.230000000000004,57.33,1.6666666666666667,1.9,0,1,0,4.0,4.0,1.0,3.0,6.0,5.0,1,0,0,1
1953632,91,False,False,medium_block,2076.69,35.96,57.75,2.0,1.4,0,1,0,2.0,2.0,1.0,2.0,4.0,3.0,1,0,1,0
1953632,93,False,False,medium_block,2125.3742,40.28,52.765,1.0,0.9,0,1,0,0.0,1.0,1.0,2.0,2.0,1.0,1,0,1,0
1953632,94,False,False,low_block,964.7819999999999,29.925,32.239999999999995,3.0,0.9,0,1,0,0.0,3.0,1.0,2.0,2.0,1.0,1,1,0,0
1953632,96,False,False,high_block,2807.0499999999997,38.75,72.44,1.0,0.25,0,0,0,1.0,1.0,0.0,1.0,2.0,1.0,0,0,0,1
1953632,97,False,False,medium_block,2807.8592249999997,39.055,71.895,1.0,0.25,0,0,0,1.0,1.0,0.0,1.0,2.0,1.0,0,0,1,0
1953632,98,False,False,low_block,1663.4989500000001,43.53,38.215,0.0,0.44999999999999996,0,0,0,0.0,1.0,3.0,1.0,1.0,0.0,0,1,0,0
1953632,100,False,False,medium_block,2189.9514,34.58,63.33,3.0,1.2,0,1,0,0.0,2.0,3.0,1.0,2.0,1.0,1,0,1,0
1953632,102,False,False,medium_block,1456.9522500000003,30.705000000000002,47.45,1.6666666666666667,1.25,0,1,0,2.0,3.0,0.0,3.0,4.0,3.0,1,0,1,0
1953632,103,False,False,high_block,2095.627875,33.825,61.955,3.0,2.4,1,0,1,2.0,2.0,1.0,2.0,4.0,3.0,1,0,0,1
1953632,104,False,False,medium_block,2230.6713,35.86,62.205,1.5,1.2,0,1,0,0.0,1.0,3.0,2.0,2.0,1.0,1,0,1,0
1953632,105,False,False,low_block,1965.9793499999998,37.629999999999995,52.245000000000005,1.0,0.3,0,0,0,0.0,0.0,2.0,2.0,1.0,0.0,0,1,0,0
1953632,106,False,False,high_block,2769.468,39.974999999999994,69.28,0.0,0.0,0,0,0,0.0,0.0,0.0,2.0,1.0,0.0,0,0,0,1
1953632,107,False,False,medium_block,2370.960675,44.114999999999995,53.745000000000005,0.5,0.0,0,0,0,0.0,1.0,0.0,2.0,1.0,0.0,0,0,1,0
1953632,108,False,False,high_block,2166.29345,45.635000000000005,47.47,0.0,0.0,0,0,0,0.0,0.0,0.0,2.0,1.0,0.0,0,0,0,1
1953632,109,False,False,medium_block,2203.748475,43.894999999999996,50.205,1.5,0.4,0,0,0,1.0,2.0,1.0,2.0,2.0,1.0,0,0,1,0
1953632,110,False,False,high_block,2739.4740000000006,43.650000000000006,62.760000000000005,2.5,0.3,0,0,0,0.0,2.0,2.0,2.0,1.0,0.0,0,0,0,1
1953632,111,False,False,medium_block,2471.9903999999997,36.72,67.32,2.0,1.05,0,1,0,0.0,2.0,2.0,3.0,2.0,1.0,1,0,1,0
1953632,112,False,False,low_block,1648.9690500000002,40.605000000000004,40.61,0.5,0.75,0,1,0,0.0,1.0,0.0,2.0,2.0,1.0,1,1,0,0
1953632,113,False,False,medium_block,1779.7752,40.230000000000004,44.239999999999995,1.0,0.65,0,0,0,2.0,2.0,1.0,2.0,3.0,2.0,0,0,1,0
1953632,114,False,False,high_block,2177.2630499999996,42.83,50.834999999999994,0.0,0.15,0,0,0,0.0,0.0,1.0,2.0,1.0,0.0,0,0,0,1
1953632,115,False,False,medium_block,1844.688675,39.855000000000004,46.285,1.5,1.05,0,1,0,0.0,2.0,2.0,2.0,2.0,1.0,1,0,1,0
1953632,120,False,False,medium_block,2532.59115,43.370000000000005,58.394999999999996,1.5,0.5,0,0,0,2.0,2.0,0.0,2.0,3.0,2.0,0,0,1,0
1953632,121,False,False,high_block,2521.10915,43.015,58.61,1.5,0.65,0,0,0,2.0,2.0,1.0,2.0,3.0,2.0,0,0,0,1
1953632,122,False,False,medium_block,2130.940075,44.585,47.795,0.0,0.0,0,0,0,0.0,0.0,0.0,2.0,1.0,0.0,0,0,1,0
1953632,123,False,False,low_block,1512.5764749999998,43.235,34.985,1.0,0.15,0,0,0,0.0,1.0,1.0,1.0,1.0,0.0,0,1,0,0
1953632,124,False,False,medium_block,1680.8610000000003,39.480000000000004,42.575,1.0,0.3,0,0,0,0.0,2.0,2.0,3.0,1.0,0.0,0,0,1,0
1953632,125,False,False,low_block,1761.669,37.8,46.605000000000004,3.0,0.15,0,0,0,0.0,1.0,1.0,1.0,1.0,0.0,0,1,0,0
1953632,126,True,False,low_block,994.5189,32.49,30.61,0.0,0.0,0,0,0,0.0,1.0,0.0,1.0,1.0,0.0,0,1,0,0
1953632,127,True,False,medium_block,1536.4261749999998,40.555,37.885,1.0,0.9,0,1,0,0.0,0.0,1.0,2.0,2.0,1.0,1,0,1,0
1953632,128,True,False,low_block,1360.6426,33.83,40.22,2.5,1.2,0,1,0,0.0,4.0,3.0,2.0,2.0,1.0,1,1,0,0
1953632,131,False,False,medium_block,2135.1425,44.575,47.9,1.3333333333333333,0.75,0,1,0,0.0,3.0,0.0,3.0,2.0,1.0,1,0,1,0
1953632,133,False,False,medium_block,2494.9918,43.894999999999996,56.84,1.3333333333333333,2.55,1,1,0,2.0,2.0,2.0,3.0,5.0,4.0,1,0,1,0
1953632,135,False,False,medium_block,2298.1995,39.59,58.05,2.0,0.75,0,1,0,0.0,3.0,0.0,1.0,2.0,1.0,1,0,1,0
1953632,136,False,False,low_block,1586.642125,28.295,56.075,2.5,0.75,0,1,0,0.0,6.0,0.0,2.0,2.0,1.0,1,1,0,0
1953632,138,False,False,medium_block,1843.2134,38.78,47.53,0.0,1.0,0,1,0,1.0,1.0,0.0,2.0,3.0,2.0,1,0,1,0
1953632,141,False,False,medium_block,2041.8712,42.61,47.92,0.5,0.3,0,0,0,0.0,1.0,2.0,2.0,1.0,0.0,0,0,1,0
1953632,142,False,False,low_block,1696.1290500000002,39.235,43.230000000000004,1.0,0.3,0,0,0,0.0,1.0,2.0,1.0,1.0,0.0,0,1,0,0
1953632,143,False,False,medium_block,1660.82865,40.17,41.345,1.0,0.0,0,0,0,0.0,1.0,0.0,2.0,1.0,0.0,0,0,1,0
1953632,146,False,False,medium_block,1941.46935,38.915,49.89,1.3333333333333333,1.0,0,1,0,1.0,3.0,0.0,3.0,3.0,2.0,1,0,1,0
1953632,147,False,False,high_block,2350.7698499999997,38.61,60.885,2.0,1.65,1,0,0,2.0,2.0,1.0,2.0,4.0,3.0,1,0,0,1
1953632,149,False,False,medium_block,2093.58275,32.975,63.49,2.0,1.2,0,1,0,0.0,2.0,3.0,2.0,2.0,1.0,1,0,1,0
1953632,150,False,False,medium_block,2025.8832,40.26,50.32,2.0,1.2,0,1,0,0.0,2.0,3.0,2.0,2.0,1.0,1,0,1,0
1953632,151,False,False,high_block,2323.583025,39.955,58.155,2.0,0.4,0,0,0,1.0,1.0,1.0,1.0,2.0,1.0,0,0,0,1
1953632,152,False,False,medium_block,2752.5999749999996,48.135,57.184999999999995,0.0,0.0,0,0,0,0.0,0.0,0.0,2.0,1.0,0.0,0,0,1,0
1953632,153,False,False,low_block,2246.5503750000003,52.215,43.025000000000006,0.6666666666666666,0.9,0,1,0,0.0,3.0,1.0,4.0,2.0,1.0,1,1,0,0
1953632,154,False,False,medium_block,1693.86,41.44,40.875,1.0,0.75,0,1,0,0.0,2.0,0.0,2.0,2.0,1.0,1,0,1,0
1953632,157,False,False,high_block,2832.0376,45.28,62.545,1.0,1.25,0,1,0,2.0,2.0,0.0,3.0,4.0,3.0,1,0,0,1
1953632,158,False,False,medium_block,2653.990075,43.835,60.545,1.0,1.25,0,1,0,2.0,2.0,0.0,3.0,4.0,3.0,1,0,1,0
1953632,159,False,False,high_block,2507.4167749999997,42.144999999999996,59.495,1.0,2.4,1,1,0,2.0,2.0,1.0,2.0,5.0,4.0,1,0,0,1
1953632,160,False,False,medium_block,2133.8468000000003,38.42,55.54,2.0,2.4,1,1,0,2.0,5.0,1.0,3.0,5.0,4.0,1,0,1,0
1953632,162,False,False,medium_block,1655.5338,30.455,54.36,2.5,1.35,0,1,0,0.0,3.0,4.0,2.0,2.0,1.0,1,0,1,0
1953632,163,False,False,low_block,1349.0858249999999,25.384999999999998,53.144999999999996,2.0,0.44999999999999996,0,0,0,0.0,1.0,3.0,2.0,1.0,0.0,0,1,0,0
1953632,164,False,False,high_block,2563.093175,33.955,75.485,3.0,1.25,0,1,0,2.0,2.0,0.0,1.0,4.0,3.0,1,0,0,1
1953632,165,False,False,medium_block,2397.9728000000005,35.515,67.52000000000001,3.0,1.5,0,1,0,3.0,3.0,0.0,3.0,5.0,4.0,1,0,1,0
1953632,166,False,False,high_block,2060.7889499999997,32.61,63.19499999999999,2.3333333333333335,1.4,0,1,0,2.0,2.0,1.0,3.0,4.0,3.0,1,0,0,1
1953632,167,False,False,medium_block,2001.8369999999998,36.6,54.69499999999999,1.0,0.25,0,0,0,1.0,1.0,0.0,1.0,2.0,1.0,0,0,1,0
1953632,168,False,False,medium_block,1944.1889500000002,38.17,50.935,1.5,0.0,0,0,0,0.0,0.0,0.0,1.0,1.0,0.0,0,0,1,0
1953632,169,False,False,high_block,2178.5368499999995,38.565,56.489999999999995,0.0,0.15,0,0,0,0.0,1.0,1.0,2.0,1.0,0.0,0,0,0,1
1953632,170,False,False,medium_block,2326.682925,39.735,58.555,3.0,1.4,1,0,0,1.0,1.0,1.0,2.0,3.0,2.0,1,0,1,0
1953632,171,False,False,high_block,2453.7290000000003,39.95,61.42,0.6666666666666666,1.55,0,1,0,2.0,2.0,2.0,3.0,4.0,3.0,1,0,0,1
1953632,172,False,False,medium_block,2218.6323750000006,35.655,62.22500000000001,1.0,1.35,0,1,0,0.0,1.0,5.0,2.0,2.0,1.0,1,0,1,0
1953632,173,False,False,low_block,1183.4550000000002,27.625,42.84,1.6666666666666667,0.75,0,1,0,0.0,3.0,0.0,3.0,2.0,1.0,1,1,0,0
1953632,175,False,False,medium_block,2253.699,43.1,52.29,1.5,1.5,0,1,0,3.0,3.0,0.0,2.0,5.0,4.0,1,0,1,0
1953632,176,False,False,high_block,2265.75405,43.769999999999996,51.765,0.0,0.0,0,0,0,0.0,0.0,0.0,1.0,1.0,0.0,0,0,0,1
1953632,177,False,False,medium_block,1954.3104,41.265,47.36,0.0,0.15,0,0,0,0.0,1.0,1.0,1.0,1.0,0.0,0,0,1,0
1953632,179,False,False,medium_block,2371.9191250000003,47.605000000000004,49.825,1.0,0.75,0,0,0,3.0,3.0,0.0,3.0,4.0,3.0,0,0,1,0
1953632,180,False,False,high_block,2966.42995,49.61,59.795,2.5,2.4,1,0,1,2.0,2.0,1.0,2.0,4.0,3.0,1,0,0,1
1953632,181,False,False,medium_block,1718.3900000000003,37.85,45.400000000000006,2.0,1.4,1,0,0,1.0,1.0,1.0,2.0,3.0,2.0,1,0,1,0
1953632,182,False,False,medium_block,2761.0679,50.62,54.545,1.5,1.0,0,1,0,1.0,1.0,0.0,3.0,3.0,2.0,1,0,1,0
1953632,183,False,False,high_block,2348.1120749999995,43.754999999999995,53.665,0.0,0.25,0,0,0,1.0,1.0,0.0,2.0,2.0,1.0,0,0,0,1
1953632,184,False,False,medium_block,2218.3434,42.03,52.78,1.6666666666666667,1.9,0,1,0,4.0,4.0,1.0,3.0,6.0,5.0,1,0,1,0
1953632,185,False,False,high_block,2320.7284,41.83,55.480000000000004,0.0,0.75,0,1,0,0.0,0.0,0.0,2.0,2.0,1.0,1,0,0,1
1953632,186,False,False,medium_block,2037.5835999999995,43.16,47.209999999999994,0.0,1.0,0,1,0,1.0,1.0,0.0,2.0,3.0,2.0,1,0,1,0
1953632,187,False,False,low_block,1485.342625,40.445,36.725,0.0,0.0,0,0,0,0.0,2.0,0.0,2.0,1.0,0.0,0,1,0,0
1953632,188,False,False,medium_block,1812.9657000000004,41.34,43.855000000000004,0.5,1.4,1,0,0,1.0,1.0,1.0,2.0,3.0,2.0,1,0,1,0
1953632,189,False,False,high_block,2487.0143999999996,45.12,55.12,0.0,0.0,0,0,0,0.0,0.0,0.0,1.0,1.0,0.0,0,0,0,1
1953632,190,False,False,medium_block,2594.556775,44.515,58.285,0.5,0.25,0,0,0,1.0,2.0,0.0,2.0,2.0,1.0,0,0,1,0
1953632,191,False,False,medium_block,1804.7084,44.44,40.61,2.0,1.9,0,1,0,4.0,5.0,1.0,3.0,6.0,5.0,1,0,1,0
1953632,194,False,False,low_block,882.8933249999999,28.604999999999997,30.865,0.0,0.0,0,0,0,0.0,0.0,0.0,3.0,1.0,0.0,0,1,0,0
1953632,195,False,False,medium_block,1203.5952499999999,36.025,33.41,0.0,0.0,0,0,0,0.0,0.0,0.0,2.0,1.0,0.0,0,0,1,0
1953632,196,False,False,low_block,1344.7038750000004,38.825,34.635000000000005,2.6666666666666665,0.44999999999999996,0,0,0,0.0,3.0,3.0,3.0,1.0,0.0,0,1,0,0
1953632,197,False,False,high_block,3571.9631249999998,49.975,71.475,4.0,0.0,0,0,0,0.0,1.0,0.0,1.0,1.0,0.0,0,0,0,1
1953632,205,False,False,high_block,2222.8024,34.58,64.28,1.5,0.15,0,0,0,0.0,0.0,1.0,2.0,1.0,0.0,0,0,0,1
1953632,208,False,False,high_block,1679.33565,28.305,59.33,1.5,2.6,1,1,0,1.0,1.0,4.0,2.0,4.0,3.0,1,0,0,1
1953632,209,False,False,medium_block,1865.3563500000002,32.89,56.715,1.3333333333333333,2.55,1,1,0,2.0,2.0,2.0,3.0,5.0,4.0,1,0,1,0
1953632,210,False,False,high_block,2317.85275,37.43,61.925,1.0,0.15,0,0,0,0.0,1.0,1.0,2.0,1.0,0.0,0,0,0,1
1953632,211,False,False,medium_block,2687.6298,40.945,65.64,1.0,0.15,0,0,0,0.0,1.0,1.0,2.0,1.0,0.0,0,0,1,0
1953632,212,False,False,high_block,2487.89135,39.235,63.41,1.0,0.0,0,0,0,0.0,1.0,0.0,2.0,1.0,0.0,0,0,0,1
1953632,216,False,False,medium_block,1411.9437500000001,36.875,38.290000000000006,0.0,0.0,0,0,0,0.0,0.0,0.0,1.0,1.0,0.0,0,0,1,0
1953632,218,False,False,low_block,957.4191,29.91,32.01,0.0,0.0,0,0,0,0.0,0.0,0.0,1.0,1.0,0.0,0,1,0,0
1953632,219,False,False,medium_block,1590.1514999999997,37.275,42.66,1.5,2.55,1,1,0,2.0,2.0,2.0,2.0,5.0,4.0,1,0,1,0
1953632,221,False,False,medium_block,2561.7275,43.375,59.06,0.5,0.5,0,0,0,2.0,2.0,0.0,2.0,3.0,2.0,0,0,1,0
1953632,222,False,False,high_block,2221.2228499999997,40.144999999999996,55.33,0.0,0.0,0,0,0,0.0,1.0,0.0,1.0,1.0,0.0,0,0,0,1
1953632,223,False,False,medium_block,2317.9747500000003,40.95,56.605000000000004,3.0,0.0,0,0,0,0.0,1.0,0.0,1.0,1.0,0.0,0,0,1,0
1953632,224,False,False,high_block,2258.9611,40.585,55.66,1.5,0.0,0,0,0,0.0,1.0,0.0,2.0,1.0,0.0,0,0,0,1
1953632,228,False,False,medium_block,1603.6222500000001,37.35,42.935,1.0,0.0,0,0,0,0.0,2.0,0.0,3.0,1.0,0.0,0,0,1,0
1953632,229,False,False,low_block,1464.3143250000003,36.385000000000005,40.245000000000005,0.0,0.15,0,0,0,0.0,0.0,1.0,2.0,1.0,0.0,0,1,0,0
1953632,230,False,False,medium_block,1560.999825,38.115,40.955,2.0,0.0,0,0,0,0.0,1.0,0.0,2.0,1.0,0.0,0,0,1,0
1953632,231,False,False,high_block,2748.2584999999995,40.3,68.195,0.0,0.0,0,0,0,0.0,0.0,0.0,2.0,1.0,0.0,0,0,0,1
1953632,232,False,False,medium_block,2276.457375,35.335,64.425,0.0,0.0,0,0,0,0.0,0.0,0.0,2.0,1.0,0.0,0,0,1,0
1953632,233,False,False,low_block,2695.2609,54.715,49.26,0.5,1.0,0,1,0,1.0,1.0,0.0,2.0,3.0,2.0,1,1,0,0
1953632,234,False,False,medium_block,2121.42975,44.334999999999994,47.85,1.5,2.7,1,1,0,2.0,2.0,3.0,2.0,5.0,4.0,1,0,1,0
1953632,235,False,False,low_block,1816.8556999999998,38.83,46.79,2.5,0.0,0,0,0,0.0,2.0,0.0,2.0,1.0,0.0,0,1,0,0
1953632,236,False,False,medium_block,1527.8804000000002,34.915,43.760000000000005,1.0,1.4,1,0,0,1.0,1.0,1.0,1.0,3.0,2.0,1,0,1,0
1953632,237,False,False,high_block,2146.8685000000005,36.730000000000004,58.45,0.5,0.9,0,1,0,0.0,0.0,1.0,2.0,2.0,1.0,1,0,0,1
1953632,238,False,False,medium_block,2628.97485,42.355000000000004,62.07,2.0,1.05,0,1,0,0.0,3.0,2.0,3.0,2.0,1.0,1,0,1,0
1953632,239,False,False,medium_block,2616.319875,42.325,61.815,3.0,0.75,0,1,0,0.0,3.0,0.0,1.0,2.0,1.0,1,0,1,0
1953632,240,False,False,medium_block,2174.368,38.08,57.1,1.0,0.25,0,0,0,1.0,1.0,0.0,2.0,2.0,1.0,0,0,1,0
1953632,244,False,False,high_block,2356.11635,39.07,60.305,0.5,1.25,0,1,0,2.0,2.0,0.0,2.0,4.0,3.0,1,0,0,1
1953632,245,False,False,medium_block,1922.6304249999996,34.864999999999995,55.144999999999996,1.0,1.85,1,0,0,1.0,2.0,4.0,1.0,3.0,2.0,1,0,1,0
1953632,246,False,False,low_block,1481.109375,35.625,41.575,1.5,0.9,0,1,0,0.0,3.0,1.0,2.0,2.0,1.0,1,1,0,0
1953632,250,False,False,medium_block,1456.71965,31.630000000000003,46.055,3.0,0.0,0,0,0,0.0,2.0,0.0,1.0,1.0,0.0,0,0,1,0
1953632,251,False,False,low_block,1700.288175,30.365,55.995,3.0,0.0,0,0,0,0.0,2.0,0.0,1.0,1.0,0.0,0,1,0,0
1953632,253,False,False,medium_block,1635.3744,31.02,52.72,1.0,0.44999999999999996,0,0,0,0.0,1.0,3.0,1.0,1.0,0.0,0,0,1,0
1953632,254,False,False,low_block,1439.3053,30.41,47.33,2.3333333333333335,0.3,0,0,0,0.0,2.0,2.0,3.0,1.0,0.0,0,1,0,0
1953632,256,False,False,medium_block,1747.0859,34.405,50.78,1.6666666666666667,2.8,1,1,0,3.0,4.0,2.0,3.0,6.0,5.0,1,0,1,0
1953632,258,False,False,medium_block,1753.92525,33.275,52.71,1.5,0.0,0,0,0,0.0,0.0,0.0,0.0,1.0,0.0,0,0,1,0
1953632,259,False,False,high_block,1981.1424999999997,34.91,56.75,0.5,0.5,0,0,0,2.0,2.0,0.0,2.0,3.0,2.0,0,0,0,1
1953632,260,False,False,medium_block,2069.0246500000003,35.59,58.135000000000005,0.5,0.25,0,0,0,1.0,1.0,0.0,2.0,2.0,1.0,0,0,1,0
1953632,261,False,False,high_block,2242.596825,37.555,59.715,0.0,0.55,0,0,0,1.0,1.0,2.0,1.0,2.0,1.0,0,0,0,1
1953632,262,False,False,medium_block,2584.435,41.0,63.035,0.0,0.55,0,0,0,1.0,1.0,2.0,2.0,2.0,1.0,0,0,1,0
1953632,263,False,False,high_block,2637.8352,40.04,65.88,1.0,0.15,0,0,0,0.0,1.0,1.0,2.0,1.0,0.0,0,0,0,1
1953632,265,False,False,medium_block,2388.4824999999996,46.925,50.9,0.0,1.4,0,0,1,2.0,2.0,1.0,1.0,3.0,2.0,1,0,1,0
1953632,266,False,False,high_block,2683.144125,42.974999999999994,62.435,1.5,2.55,1,0,1,2.0,2.0,2.0,2.0,4.0,3.0,1,0,0,1
1953632,267,False,False,medium_block,3429.3654,47.64,71.985,4.0,0.3,0,0,0,0.0,1.0,2.0,1.0,1.0,0.0,0,0,1,0
1953632,268,False,False,low_block,3338.7938499999996,47.285,70.61,4.0,0.15,0,0,0,0.0,1.0,1.0,1.0,1.0,0.0,0,1,0,0
1953632,269,False,False,high_block,2159.8416,35.28,61.22,0.0,0.25,0,0,0,1.0,1.0,0.0,1.0,2.0,1.0,0,0,0,1
1953632,270,False,False,medium_block,1926.1969,32.98,58.405,2.0,2.85,1,1,0,2.0,2.0,4.0,2.0,5.0,4.0,1,0,1,0
1953632,271,False,False,low_block,1785.6285999999998,35.379999999999995,50.47,2.6666666666666665,0.8,0,0,0,2.0,5.0,2.0,3.0,3.0,2.0,0,1,0,0
1953632,272,False,False,high_block,3491.10025,45.83,76.175,3.0,1.25,0,1,0,2.0,2.0,0.0,2.0,4.0,3.0,1,0,0,1
1953632,273,True,False,low_block,903.5488,29.259999999999998,30.880000000000003,3.0,0.0,0,0,0,0.0,1.0,0.0,1.0,1.0,0.0,0,1,0,0
1953632,274,False,False,high_block,2909.1986999999995,42.66,68.195,2.5,1.8,1,0,0,2.0,2.0,2.0,2.0,4.0,3.0,1,0,0,1
1953632,276,False,False,medium_block,1647.706,29.634999999999998,55.6,2.0,2.65,1,1,0,3.0,3.0,1.0,2.0,6.0,5.0,1,0,1,0
1953632,277,False,False,high_block,2706.6036,43.14,62.74,1.5,0.3,0,0,0,0.0,0.0,2.0,1.0,1.0,0.0,0,0,0,1
1953632,278,False,False,medium_block,3815.7504,56.96,66.99,2.0,0.0,0,0,0,0.0,0.0,0.0,2.0,1.0,0.0,0,0,1,0
1953632,280,False,False,high_block,3432.31035,53.655,63.97,2.0,0.25,0,0,0,1.0,1.0,0.0,1.0,2.0,1.0,0,0,0,1
1953632,281,False,False,medium_block,3090.7754750000004,49.655,62.245000000000005,2.0,0.5,0,0,0,2.0,2.0,0.0,1.0,3.0,2.0,0,0,1,0
1953632,282,False,False,medium_block,1496.51505,36.385,41.13,1.5,0.44999999999999996,0,0,0,0.0,2.0,3.0,2.0,1.0,0.0,0,0,1,0
1953632,283,False,False,low_block,1502.0428499999998,35.585,42.209999999999994,2.5,0.3,0,0,0,0.0,4.0,2.0,2.0,1.0,0.0,0,1,0,0
1953632,284,False,False,medium_block,1701.0175000000002,37.385000000000005,45.5,1.5,1.25,0,1,0,2.0,2.0,0.0,2.0,4.0,3.0,1,0,1,0
1953632,285,False,False,high_block,2479.2915,42.49,58.349999999999994,0.0,1.8,1,0,0,2.0,2.0,2.0,1.0,4.0,3.0,1,0,0,1
1953632,286,False,False,medium_block,2607.3337500000002,42.375,61.53,2.75,1.75,0,1,0,5.0,6.0,0.0,4.0,7.0,6.0,1,0,1,0
1953632,288,False,False,medium_block,2062.84525,36.65,56.285,0.5,1.75,0,1,1,1.0,2.0,0.0,2.0,3.0,2.0,1,0,1,0
1953632,289,False,False,high_block,2025.3007499999999,34.925,57.99,1.0,0.75,0,1,0,0.0,2.0,0.0,2.0,2.0,1.0,1,0,0,1
1953632,290,False,False,medium_block,1662.3967499999999,31.71,52.425,1.0,0.3,0,0,0,0.0,2.0,2.0,2.0,1.0,0.0,0,0,1,0
1953632,291,False,False,low_block,1089.0576999999998,26.395,41.26,1.0,0.15,0,0,0,0.0,1.0,1.0,1.0,1.0,0.0,0,1,0,0
1953632,296,False,False,medium_block,,,,1.5,0.75,0,1,0,0.0,1.0,0.0,2.0,2.0,1.0,1,0,1,0
1953632,297,False,False,low_block,958.7157000000001,26.295,36.46,1.5,0.9,0,1,0,0.0,2.0,1.0,1.0,2.0,1.0,1,1,0,0
1953632,298,False,False,high_block,2663.9249999999997,41.25,64.58,1.5,0.15,0,0,0,0.0,1.0,1.0,1.0,1.0,0.0,0,0,0,1
1953632,299,False,False,medium_block,2637.3615,41.325,63.82,3.0,0.44999999999999996,0,0,0,0.0,2.0,3.0,1.0,1.0,0.0,0,0,1,0
1953632,300,False,False,low_block,2253.9132,38.06,59.22,3.0,0.3,0,0,0,0.0,3.0,2.0,2.0,1.0,0.0,0,1,0,0
1953632,303,False,False,medium_block,2182.9332,42.42,51.46,0.0,0.15,0,0,0,0.0,1.0,1.0,1.0,1.0,0.0,0,0,1,0
1953632,304,False,False,high_block,2297.8148,34.985,65.68,1.5,0.0,0,0,0,0.0,1.0,0.0,1.0,1.0,0.0,0,0,0,1
1953632,306,False,False,medium_block,1952.25505,31.595,61.79,2.0,0.3,0,0,0,0.0,2.0,2.0,1.0,1.0,0.0,0,0,1,0
1953632,307,False,False,high_block,2753.7597,44.93,61.29,2.0,0.15,0,0,0,0.0,1.0,1.0,2.0,1.0,0.0,0,0,0,1
1953632,310,True,False,medium_block,2033.006625,38.025,53.465,2.0,1.05,0,1,0,0.0,0.0,2.0,2.0,2.0,1.0,1,0,1,0
1953632,311,True,False,low_block,1699.79605,36.004999999999995,47.21,1.0,0.75,0,1,0,0.0,3.0,0.0,3.0,2.0,1.0,1,1,0,0
1953632,312,True,False,medium_block,1609.6571000000001,38.89,41.39,1.0,0.9,0,1,0,0.0,3.0,1.0,2.0,2.0,1.0,1,0,1,0
1953632,313,True,False,low_block,1433.6851500000002,34.605000000000004,41.43,1.0,0.3,0,0,0,0.0,3.0,2.0,1.0,1.0,0.0,0,1,0,0
1953632,315,False,False,medium_block,1451.822925,38.515,37.695,1.3333333333333333,1.8,1,0,0,2.0,3.0,2.0,3.0,4.0,3.0,1,0,1,0
1953632,316,False,False,low_block,1743.1411000000003,42.745000000000005,40.78,1.6666666666666667,1.55,1,0,0,1.0,2.0,2.0,3.0,3.0,2.0,1,1,0,0
1953632,317,False,False,high_block,2415.63625,40.375,59.83,0.5,0.25,0,0,0,1.0,1.0,0.0,2.0,2.0,1.0,0,0,0,1
1953632,319,False,False,low_block,2498.42275,52.765,47.35,2.5,0.9,0,1,0,0.0,1.0,1.0,2.0,2.0,1.0,1,1,0,0
1953632,320,False,False,medium_block,1882.4255999999996,44.565,42.239999999999995,2.0,1.5,0,1,0,3.0,3.0,0.0,3.0,5.0,4.0,1,0,1,0
1953632,322,False,False,low_block,935.7826499999999,26.07,35.894999999999996,1.0,0.75,0,1,0,0.0,1.0,0.0,1.0,2.0,1.0,1,1,0,0
1953632,323,False,False,high_block,2558.95275,40.57,63.075,1.0,0.75,0,1,0,0.0,1.0,0.0,2.0,2.0,1.0,1,0,0,1
1953632,324,False,False,medium_block,2751.25455,45.21,60.855000000000004,1.0,0.75,0,1,0,0.0,1.0,0.0,2.0,2.0,1.0,1,0,1,0
1953632,330,False,False,medium_block,1656.31425,35.11,47.175,0.5,0.9,0,1,0,0.0,1.0,1.0,2.0,2.0,1.0,1,0,1,0
1953632,336,False,False,high_block,2890.1719000000003,42.14,68.58500000000001,1.5,0.5,0,0,0,2.0,2.0,0.0,2.0,3.0,2.0,0,0,0,1
1953632,338,False,False,medium_block,1932.1458999999998,36.23,53.33,1.5,0.7,0,0,0,1.0,1.0,3.0,1.0,2.0,1.0,0,0,1,0
1953632,339,False,False,medium_block,2280.582825,44.364999999999995,51.405,2.3333333333333335,1.65,0,1,0,3.0,4.0,1.0,3.0,5.0,4.0,1,0,1,0
1953632,344,False,False,medium_block,1679.59735,31.61,53.135,1.5,1.7,0,1,0,2.0,3.0,3.0,2.0,4.0,3.0,1,0,1,0
1953632,345,False,False,high_block,2424.2176999999992,37.129999999999995,65.28999999999999,2.0,0.4,0,0,0,1.0,1.0,1.0,1.0,2.0,1.0,0,0,0,1
1953632,348,False,False,medium_block,2370.4779999999996,40.66,58.3,2.0,1.95,1,0,0,2.0,2.0,3.0,1.0,4.0,3.0,1,0,1,0
1953632,354,False,False,medium_block,1722.3041999999998,31.93,53.94,2.0,1.5,0,1,0,3.0,3.0,0.0,3.0,5.0,4.0,1,0,1,0
1953632,355,False,False,medium_block,2307.732,46.34,49.8,0.0,0.9,0,1,0,0.0,2.0,1.0,1.0,2.0,1.0,1,0,1,0
1953632,356,False,False,low_block,2026.48075,45.325,44.709999999999994,0.5,0.9,0,1,0,0.0,2.0,1.0,2.0,2.0,1.0,1,1,0,0
1953632,357,False,False,medium_block,2177.00175,44.275,49.17,0.0,0.25,0,0,0,1.0,1.0,0.0,2.0,2.0,1.0,0,0,1,0
1953632,359,False,False,medium_block,2453.045775,42.015,58.385,1.0,1.65,1,0,0,2.0,2.0,1.0,1.0,4.0,3.0,1,0,1,0
1953632,360,False,False,high_block,2337.2337,39.045,59.86,2.6666666666666665,2.7,1,1,0,2.0,2.0,3.0,3.0,5.0,4.0,1,0,0,1
1953632,362,False,False,low_block,1023.1237499999999,28.05,36.474999999999994,1.0,0.3,0,0,0,0.0,2.0,2.0,2.0,1.0,0.0,0,1,0,0
1953632,364,False,False,medium_block,1971.3491999999999,34.379999999999995,57.34,0.5,0.4,0,0,0,1.0,1.0,1.0,2.0,2.0,1.0,0,0,1,0
1953632,365,False,False,high_block,2393.7449249999995,40.754999999999995,58.735,1.0,1.8,1,0,0,2.0,2.0,2.0,3.0,4.0,3.0,1,0,0,1
1953632,367,False,False,medium_block,2136.751175,43.355,49.285,1.0,0.0,0,0,0,0.0,1.0,0.0,1.0,1.0,0.0,0,0,1,0
1953632,368,False,False,high_block,2082.2745999999997,35.245,59.08,0.0,0.0,0,0,0,0.0,1.0,0.0,1.0,1.0,0.0,0,0,0,1
1953632,370,False,False,medium_block,1588.20355,38.33,41.435,1.0,0.0,0,0,0,0.0,1.0,0.0,1.0,1.0,0.0,0,0,1,0
1953632,371,False,False,low_block,1560.22265,38.33,40.705,1.0,0.0,0,0,0,0.0,1.0,0.0,1.0,1.0,0.0,0,1,0,0
1953632,372,False,False,medium_block,1622.0231249999997,38.504999999999995,42.125,1.0,0.9,0,1,0,0.0,2.0,1.0,2.0,2.0,1.0,1,0,1,0
1953632,373,False,False,low_block,1602.297125,39.325,40.745,0.0,0.0,0,0,0,0.0,1.0,0.0,2.0,1.0,0.0,0,1,0,0
1953632,374,False,False,medium_block,2008.2934,41.255,48.68,1.0,2.55,1,1,0,2.0,2.0,2.0,2.0,5.0,4.0,1,0,1,0
1953632,375,False,False,high_block,2458.54575,39.85,61.695,1.0,1.65,0,1,0,3.0,3.0,1.0,2.0,5.0,4.0,1,0,0,1
1953632,376,False,False,medium_block,2362.700525,38.105000000000004,62.004999999999995,2.0,1.25,0,1,0,2.0,2.0,0.0,2.0,4.0,3.0,1,0,1,0
1953632,377,False,False,high_block,2796.0454,44.92,62.245,2.0,0.3,0,0,0,0.0,0.0,2.0,1.0,1.0,0.0,0,0,0,1
1953632,378,False,False,medium_block,2844.7794,44.644999999999996,63.72,2.0,0.3,0,0,0,0.0,0.0,2.0,1.0,1.0,0.0,0,0,1,0
1953632,380,False,False,medium_block,2160.1513499999996,38.144999999999996,56.629999999999995,2.0,0.75,0,1,0,0.0,3.0,0.0,1.0,2.0,1.0,1,0,1,0
1953632,381,False,False,medium_block,1700.7703999999999,35.315,48.16,0.0,0.0,0,0,0,0.0,0.0,0.0,1.0,1.0,0.0,0,0,1,0
1953632,382,False,False,high_block,2348.1598000000004,40.03,58.660000000000004,2.5,1.0,0,1,0,1.0,2.0,0.0,2.0,3.0,2.0,1,0,0,1
1953632,385,False,False,low_block,792.27435,28.689999999999998,27.615000000000002,2.0,0.15,0,0,0,0.0,3.0,1.0,1.0,1.0,0.0,0,1,0,0
1953632,387,False,False,medium_block,1687.13775,40.605000000000004,41.55,0.0,0.25,0,0,0,1.0,1.0,0.0,1.0,2.0,1.0,0,0,1,0
1953632,388,False,False,high_block,2376.762,42.96,55.325,0.5,1.55,1,0,0,1.0,1.0,2.0,2.0,3.0,2.0,1,0,0,1
1953632,390,False,False,medium_block,2446.0849500000004,37.965,64.43,2.0,2.6,1,1,0,1.0,1.0,5.0,1.0,4.0,3.0,1,0,1,0
1953632,391,False,False,low_block,2253.02,33.25,67.76,2.5,1.35,0,1,0,0.0,3.0,4.0,4.0,2.0,1.0,1,1,0,0
1953632,393,False,False,high_block,2098.859,30.73,68.3,1.5,0.15,0,0,0,0.0,1.0,1.0,1.0,1.0,0.0,0,0,0,1
1953632,395,False,False,medium_block,2180.9424000000004,43.68000000000001,49.93,1.0,0.3,0,0,0,0.0,1.0,2.0,2.0,1.0,0.0,0,0,1,0
1953632,396,False,False,low_block,1181.0494999999999,33.725,35.019999999999996,3.0,0.0,0,0,0,0.0,2.0,0.0,1.0,1.0,0.0,0,1,0,0
1953632,397,False,False,low_block,1130.1157500000002,36.95,30.585,2.0,2.15,1,0,1,1.0,3.0,1.0,1.0,3.0,2.0,1,1,0,0
1953632,398,False,False,medium_block,1621.1399999999999,41.0,39.54,1.0,2.55,1,0,1,2.0,2.0,2.0,2.0,4.0,3.0,1,0,1,0
1953632,399,False,False,medium_block,2021.2967499999997,40.974999999999994,49.33,0.0,0.44999999999999996,0,0,0,0.0,1.0,3.0,2.0,1.0,0.0,0,0,1,0
1953632,401,False,False,medium_block,2587.080675,45.915000000000006,56.345,0.0,0.44999999999999996,0,0,0,0.0,1.0,3.0,1.0,1.0,0.0,0,0,1,0
1953632,402,False,False,low_block,1834.4796500000004,41.215,44.510000000000005,2.0,0.75,0,1,0,0.0,2.0,0.0,3.0,2.0,1.0,1,1,0,0
1953632,403,False,False,medium_block,1424.9560000000004,40.900000000000006,34.84,0.0,0.0,0,0,0,0.0,0.0,0.0,1.0,1.0,0.0,0,0,1,0
1953632,404,False,False,low_block,1585.3244750000001,43.715,36.265,0.0,0.0,0,0,0,0.0,0.0,0.0,2.0,1.0,0.0,0,1,0,0
1953632,406,False,False,low_block,1633.42065,32.77,49.845,1.0,0.9,0,1,0,0.0,0.0,1.0,2.0,2.0,1.0,1,1,0,0
1953632,407,False,False,medium_block,1646.910975,31.064999999999998,53.015,1.0,1.7,0,1,0,2.0,2.0,3.0,3.0,4.0,3.0,1,0,1,0
1953632,408,False,False,high_block,2185.8878,36.98,59.11,0.0,0.0,0,0,0,0.0,1.0,0.0,2.0,1.0,0.0,0,0,0,1
1953632,409,False,False,medium_block,2409.509375,40.075,60.125,1.0,0.75,0,1,0,0.0,3.0,0.0,2.0,2.0,1.0,1,0,1,0
1953632,411,False,False,medium_block,1766.4156999999998,36.785,48.019999999999996,1.5,0.15,0,0,0,0.0,1.0,1.0,1.0,1.0,0.0,0,0,1,0
1953632,412,False,False,low_block,1545.2775,35.22,43.875,1.5,0.15,0,0,0,0.0,1.0,1.0,1.0,1.0,0.0,0,1,0,0
1953632,413,False,False,medium_block,1751.6684249999998,36.765,47.644999999999996,3.0,2.55,1,1,0,2.0,3.0,2.0,2.0,5.0,4.0,1,0,1,0
1959846,0,True,False,medium_block,1534.36305,28.79,53.295,1.5,0.15,0,0,0,0.0,0.0,1.0,1.0,1.0,0.0,0,0,1,0
1959846,1,False,False,high_block,2539.7931999999996,38.93,65.24,1.0,1.5,0,0,1,3.0,3.0,0.0,2.0,4.0,3.0,1,0,0,1
1959846,9,False,False,medium_block,2240.035225,43.315,51.715,2.5,1.3,0,1,0,1.0,1.0,2.0,2.0,3.0,2.0,1,0,1,0
1959846,10,False,False,low_block,1694.9787999999999,34.36,49.33,2.0,0.3,0,0,0,0.0,0.0,2.0,1.0,1.0,0.0,0,1,0,0
1959846,14,False,False,high_block,2194.5311999999994,33.12,66.25999999999999,2.0,1.65,1,0,0,2.0,2.0,1.0,2.0,4.0,3.0,1,0,0,1
1959846,19,False,False,low_block,1443.7648000000002,34.31,42.08,2.0,0.75,0,1,0,0.0,3.0,0.0,3.0,2.0,1.0,1,1,0,0
1959846,20,False,False,medium_block,1151.3073,31.405,36.66,3.0,0.9,0,1,0,0.0,5.0,1.0,3.0,2.0,1.0,1,0,1,0
1959846,22,False,False,low_block,1305.4041000000002,36.855000000000004,35.42,1.5,0.0,0,0,0,0.0,0.0,0.0,0.0,1.0,0.0,0,1,0,0
1959846,23,False,False,medium_block,1297.3036,36.73,35.32,1.5,0.0,0,0,0,0.0,0.0,0.0,0.0,1.0,0.0,0,0,1,0
1959846,24,False,False,medium_block,1415.209425,36.015,39.295,0.0,1.0,0,1,0,1.0,1.0,0.0,2.0,3.0,2.0,1,0,1,0
1959846,25,False,False,high_block,2280.18615,36.795,61.97,2.3333333333333335,3.2,1,1,0,4.0,4.0,3.0,3.0,7.0,6.0,1,0,0,1
1959846,26,False,False,medium_block,1608.305825,26.915,59.755,4.0,1.7,0,1,0,2.0,2.0,3.0,1.0,4.0,3.0,1,0,1,0
1959846,27,False,False,medium_block,2061.9662000000003,36.68,56.215,1.5,1.0,0,0,1,1.0,1.0,0.0,1.0,2.0,1.0,1,0,1,0
1959846,28,False,False,high_block,2506.2790499999996,40.535,61.83,2.0,2.15,1,0,1,1.0,1.0,1.0,1.0,3.0,2.0,1,0,0,1
1959846,29,False,False,medium_block,2840.7623,43.58,65.185,2.0,2.15,1,0,1,1.0,1.0,1.0,1.0,3.0,2.0,1,0,1,0
1959846,30,False,False,high_block,2658.2679999999996,42.4,62.69499999999999,2.0,0.0,0,0,0,0.0,1.0,0.0,1.0,1.0,0.0,0,0,0,1
1959846,31,False,False,medium_block,1560.664,33.635,46.400000000000006,4.0,0.9,0,1,0,0.0,2.0,1.0,2.0,2.0,1.0,1,0,1,0
1959846,33,True,False,medium_block,1842.5910000000001,36.705,50.2,2.0,1.35,0,1,0,0.0,1.0,4.0,1.0,2.0,1.0,1,0,1,0
1959846,34,False,False,low_block,1506.5067,32.18,46.815,2.0,1.35,0,1,0,0.0,3.0,4.0,1.0,2.0,1.0,1,1,0,0
1959846,35,False,False,medium_block,1330.6405,32.9,40.445,0.0,0.0,0,0,0,0.0,0.0,0.0,1.0,1.0,0.0,0,0,1,0
1959846,36,False,False,low_block,1302.6096,34.96,37.26,1.0,0.0,0,0,0,0.0,1.0,0.0,2.0,1.0,0.0,0,1,0,0
1959846,37,False,False,medium_block,1339.8987999999997,36.44,36.769999999999996,1.5,0.75,0,1,0,0.0,1.0,0.0,2.0,2.0,1.0,1,0,1,0
1959846,38,False,False,low_block,1505.0170750000002,39.905,37.715,1.5,0.75,0,1,0,0.0,1.0,0.0,2.0,2.0,1.0,1,1,0,0
1959846,40,False,False,low_block,1213.2428000000002,35.81,33.88,0.0,0.0,0,0,0,0.0,0.0,0.0,1.0,1.0,0.0,0,1,0,0
1959846,41,False,False,medium_block,1384.9143,36.739999999999995,37.695,1.0,0.0,0,0,0,0.0,0.0,0.0,1.0,1.0,0.0,0,0,1,0
1959846,42,False,False,medium_block,3005.8826249999997,51.475,58.394999999999996,1.0,0.0,0,0,0,0.0,0.0,0.0,1.0,1.0,0.0,0,0,1,0
1959846,43,False,False,high_block,3017.2697,48.129999999999995,62.69,2.0,0.75,0,1,0,0.0,0.0,0.0,1.0,2.0,1.0,1,0,0,1
1959846,44,False,False,medium_block,2759.4345,42.915,64.3,2.0,1.05,0,1,0,0.0,4.0,2.0,2.0,2.0,1.0,1,0,1,0
1959846,49,True,True,low_block,569.562,21.3,26.740000000000002,2.0,0.9,0,1,0,0.0,2.0,1.0,2.0,2.0,1.0,1,1,0,0
1959846,50,False,False,medium_block,1442.23905,33.285,43.33,1.3333333333333333,0.75,0,1,0,0.0,1.0,0.0,3.0,2.0,1.0,1,0,1,0
1959846,52,False,False,medium_block,2069.125825,36.985,55.945,2.0,1.8,1,0,0,2.0,2.0,2.0,1.0,4.0,3.0,1,0,1,0
1959846,54,True,False,medium_block,1583.31165,40.155,39.43,1.0,1.05,0,1,0,0.0,1.0,2.0,3.0,2.0,1.0,1,0,1,0
1959846,55,True,False,low_block,1660.7894,40.33,41.18,3.0,0.15,0,0,0,0.0,1.0,1.0,1.0,1.0,0.0,0,1,0,0
1959846,56,False,False,high_block,2078.362,36.335,57.2,0.0,1.0,0,0,1,1.0,1.0,0.0,1.0,2.0,1.0,1,0,0,1
1959846,57,False,False,medium_block,2032.4362500000004,38.025000000000006,53.45,0.0,1.0,0,0,1,1.0,1.0,0.0,1.0,2.0,1.0,1,0,1,0
1959846,58,True,False,high_block,2685.9392,39.68,67.69,1.5,1.3,0,1,0,1.0,1.0,2.0,2.0,3.0,2.0,1,0,0,1
1959846,59,True,False,medium_block,2591.9202,42.87,60.46,1.0,0.44999999999999996,0,0,0,0.0,1.0,3.0,1.0,1.0,0.0,0,0,1,0
1959846,60,True,False,low_block,2444.8803750000006,45.465,53.775000000000006,2.5,0.6,0,0,0,0.0,2.0,4.0,2.0,1.0,0.0,0,1,0,0
1959846,61,False,False,high_block,2603.7900999999997,36.31,71.71,1.5,0.0,0,0,0,0.0,0.0,0.0,0.0,1.0,0.0,0,0,0,1
1959846,63,False,False,medium_block,2273.6696500000003,41.83,54.355000000000004,1.5,0.4,0,0,0,1.0,1.0,1.0,1.0,2.0,1.0,0,0,1,0
1959846,64,False,False,high_block,2194.46925,37.075,59.19,2.0,2.65,1,1,0,3.0,3.0,1.0,2.0,6.0,5.0,1,0,0,1
1959846,65,False,False,medium_block,2295.693225,43.715,52.515,1.0,1.55,1,0,0,1.0,1.0,2.0,2.0,3.0,2.0,1,0,1,0
1959846,66,False,False,high_block,2284.6931250000002,42.605000000000004,53.625,1.0,2.05,1,0,0,3.0,3.0,2.0,2.0,5.0,4.0,1,0,0,1
1959846,67,False,False,medium_block,2159.4762,38.36,56.295,1.0,1.65,0,1,0,3.0,4.0,1.0,3.0,5.0,4.0,1,0,1,0
1959846,68,False,False,medium_block,2689.6702,51.31,52.42,1.5,1.65,1,0,0,2.0,2.0,1.0,2.0,4.0,3.0,1,0,1,0
1959846,69,False,False,high_block,2398.005,40.5,59.21,1.5,1.8,1,0,0,2.0,2.0,2.0,2.0,4.0,3.0,1,0,0,1
1959846,73,False,False,medium_block,1808.0208999999998,36.43,49.629999999999995,1.5,1.25,0,1,0,2.0,2.0,0.0,2.0,4.0,3.0,1,0,1,0
1959846,74,False,False,high_block,1997.08245,39.17,50.985,0.5,0.25,0,0,0,1.0,1.0,0.0,2.0,2.0,1.0,0,0,0,1
1959846,75,False,False,medium_block,1976.688,39.22,50.400000000000006,2.0,1.4,0,1,0,2.0,2.0,1.0,2.0,4.0,3.0,1,0,1,0
1959846,76,False,False,high_block,2174.7045000000003,38.900000000000006,55.905,1.0,1.4,0,1,0,2.0,2.0,1.0,2.0,4.0,3.0,1,0,0,1
1959846,77,False,False,medium_block,2043.2104,36.08,56.63,2.0,2.7,1,1,0,2.0,3.0,3.0,1.0,5.0,4.0,1,0,1,0
1959846,79,False,False,medium_block,1977.1205999999997,41.16,48.035,0.6666666666666666,1.25,0,1,0,2.0,2.0,0.0,3.0,4.0,3.0,1,0,1,0
1959846,80,False,False,high_block,2307.7989500000003,42.31,54.545,0.0,0.0,0,0,0,0.0,0.0,0.0,1.0,1.0,0.0,0,0,0,1
1959846,81,False,False,medium_block,2117.836,43.975,48.16,1.0,0.15,0,0,0,0.0,1.0,1.0,2.0,1.0,0.0,0,0,1,0
1959846,82,False,False,low_block,1593.2754,39.555,40.28,2.5,1.25,0,1,0,2.0,6.0,0.0,4.0,4.0,3.0,1,1,0,0
1959846,83,False,False,high_block,1974.740625,31.915,61.875,3.0,1.9,0,1,0,5.0,5.0,1.0,4.0,7.0,6.0,1,0,0,1
1959846,84,False,False,medium_block,1646.527025,27.745,59.345,3.0,1.65,0,1,0,3.0,4.0,1.0,4.0,5.0,4.0,1,0,1,0
1959846,88,True,False,low_block,1216.8345,30.345,40.1,3.0,0.75,0,1,0,0.0,3.0,0.0,2.0,2.0,1.0,1,1,0,0
1959846,90,False,False,low_block,495.9806250000001,24.645000000000003,20.125,2.0,0.3,0,0,0,0.0,1.0,2.0,1.0,1.0,0.0,0,1,0,0
1959846,92,True,True,low_block,582.4979999999999,24.12,24.15,3.0,1.05,0,1,0,0.0,4.0,2.0,2.0,2.0,1.0,1,1,0,0
1959846,95,False,False,high_block,1903.996875,30.525000000000002,62.375,2.5,1.8,1,0,0,2.0,2.0,2.0,2.0,4.0,3.0,1,0,0,1
1959846,96,False,False,medium_block,2210.7444250000003,36.935,59.855000000000004,0.0,0.25,0,0,0,1.0,1.0,0.0,1.0,2.0,1.0,0,0,1,0
1959846,97,False,False,high_block,2111.7386,39.605000000000004,53.32,0.0,0.15,0,0,0,0.0,0.0,1.0,2.0,1.0,0.0,0,0,0,1
1959846,98,False,False,medium_block,2053.369725,40.015,51.315,1.6666666666666667,1.5,0,1,0,3.0,3.0,0.0,3.0,5.0,4.0,1,0,1,0
1959846,99,False,False,high_block,2148.51045,40.515,53.03,0.0,0.3,0,0,0,0.0,0.0,2.0,2.0,1.0,0.0,0,0,0,1
1959846,100,False,False,medium_block,2250.1463999999996,41.485,54.239999999999995,1.0,0.6,0,0,0,0.0,3.0,5.0,2.0,1.0,0.0,0,0,1,0
1959846,101,False,False,low_block,2221.7886,41.19,53.94,2.0,0.6,0,0,0,0.0,2.0,5.0,2.0,1.0,0.0,0,1,0,0
1959846,106,True,False,low_block,1578.8618000000004,40.52,38.965,1.0,0.75,0,1,0,0.0,2.0,0.0,2.0,2.0,1.0,1,1,0,0
1959846,107,True,False,medium_block,1367.35895,38.945,35.11,0.0,0.15,0,0,0,0.0,0.0,1.0,1.0,1.0,0.0,0,0,1,0
1959846,108,True,False,low_block,1350.2102249999998,35.295,38.254999999999995,4.0,0.75,0,1,0,0.0,2.0,0.0,1.0,2.0,1.0,1,1,0,0
1959846,112,False,False,low_block,1007.897175,35.235,28.605,2.0,0.0,0,0,0,0.0,2.0,0.0,2.0,1.0,0.0,0,1,0,0
1959846,113,False,False,medium_block,1185.2522500000002,34.405,34.45,0.5,0.0,0,0,0,0.0,0.0,0.0,2.0,1.0,0.0,0,0,1,0
1959846,114,False,False,low_block,1182.5840000000003,35.620000000000005,33.2,0.0,0.15,0,0,0,0.0,0.0,1.0,1.0,1.0,0.0,0,1,0,0
1959846,115,False,False,medium_block,1419.3466250000001,34.555,41.075,0.0,0.15,0,0,0,0.0,0.0,1.0,1.0,1.0,0.0,0,0,1,0
1959846,117,False,False,medium_block,1646.9082,29.61,55.620000000000005,3.0,1.2,0,1,0,0.0,4.0,3.0,1.0,2.0,1.0,1,0,1,0
1959846,118,False,False,low_block,1526.5897000000002,26.905,56.74,3.0,1.2,0,1,0,0.0,4.0,3.0,1.0,2.0,1.0,1,1,0,0
1959846,119,False,False,high_block,2804.0638499999995,37.135,75.50999999999999,2.0,0.3,0,0,0,0.0,0.0,2.0,2.0,1.0,0.0,0,0,0,1
1959846,120,False,False,medium_block,2239.86955,38.89,57.595,0.0,0.0,0,0,0,0.0,0.0,0.0,1.0,1.0,0.0,0,0,1,0
1959846,122,True,False,high_block,2698.8873,38.19,70.67,1.5,2.55,1,1,0,2.0,2.0,2.0,2.0,5.0,4.0,1,0,0,1
1959846,123,True,False,medium_block,2533.322325,37.045,68.385,1.0,1.05,0,1,0,0.0,0.0,2.0,1.0,2.0,1.0,1,0,1,0
1959846,124,True,False,low_block,1769.6154000000001,33.81,52.34,2.5,0.3,0,0,0,0.0,2.0,2.0,2.0,1.0,0.0,0,1,0,0
1959846,125,False,False,low_block,1073.18115,33.21,32.315,0.0,0.0,0,0,0,0.0,1.0,0.0,1.0,1.0,0.0,0,1,0,0
1959846,126,False,False,medium_block,1321.3774500000002,35.115,37.63,1.6666666666666667,1.75,0,1,0,4.0,4.0,0.0,3.0,6.0,5.0,1,0,1,0
1959846,128,False,False,low_block,1224.9072,36.63,33.44,1.6666666666666667,0.75,0,1,0,0.0,3.0,0.0,3.0,2.0,1.0,1,1,0,0
1959846,130,False,False,high_block,2037.294,29.785,68.4,1.5,0.15,0,0,0,0.0,0.0,1.0,0.0,1.0,0.0,0,0,0,1
1959846,131,False,False,medium_block,2033.66375,37.25,54.595,0.3333333333333333,0.5,0,0,0,2.0,2.0,0.0,3.0,3.0,2.0,0,0,1,0
1959846,132,False,False,high_block,1938.939875,38.915,49.825,0.0,0.15,0,0,0,0.0,0.0,1.0,3.0,1.0,0.0,0,0,0,1
1959846,133,False,False,medium_block,1740.2746,39.805,43.72,1.0,2.8,1,0,1,3.0,3.0,2.0,2.0,5.0,4.0,1,0,1,0
1959846,134,False,False,high_block,2456.435025,35.195,69.795,1.5,0.25,0,0,0,1.0,1.0,0.0,1.0,2.0,1.0,0,0,0,1
1959846,135,False,False,high_block,2624.3635000000004,37.015,70.9,2.5,2.8,1,1,0,3.0,3.0,2.0,2.0,6.0,5.0,1,0,0,1
1959846,136,False,False,medium_block,2361.891675,37.245000000000005,63.41499999999999,3.0,1.55,1,0,0,1.0,1.0,2.0,1.0,3.0,2.0,1,0,1,0
1959846,137,False,False,medium_block,1494.257125,35.855000000000004,41.675,1.5,0.0,0,0,0,0.0,0.0,0.0,0.0,1.0,0.0,0,0,1,0
1959846,138,False,False,medium_block,1726.4304999999997,37.3,46.285,0.0,0.4,0,0,0,1.0,1.0,1.0,1.0,2.0,1.0,0,0,1,0
1959846,139,False,False,high_block,2234.6416500000005,40.935,54.59,0.0,0.65,0,0,0,2.0,2.0,1.0,1.0,3.0,2.0,0,0,0,1
1959846,140,False,False,medium_block,2593.78455,43.955,59.01,1.0,0.65,0,0,0,2.0,2.0,1.0,2.0,3.0,2.0,0,0,1,0
1959846,141,False,False,high_block,2726.9055,44.55,61.21,2.0,0.5,0,0,0,2.0,2.0,0.0,2.0,3.0,2.0,0,0,0,1
1959846,144,False,False,medium_block,1457.378325,36.105000000000004,40.364999999999995,0.0,0.0,0,0,0,0.0,0.0,0.0,1.0,1.0,0.0,0,0,1,0
1959846,145,False,False,medium_block,1613.2818999999997,41.345,39.019999999999996,1.0,0.44999999999999996,0,0,0,0.0,2.0,3.0,2.0,1.0,0.0,0,0,1,0
1959846,146,False,False,low_block,1765.78325,47.075,37.51,3.0,1.2,0,1,0,0.0,4.0,3.0,3.0,2.0,1.0,1,1,0,0
1959846,147,False,False,medium_block,3044.79,48.6,62.65,2.3333333333333335,1.75,0,1,0,4.0,4.0,0.0,3.0,6.0,5.0,1,0,1,0
1959846,148,False,False,medium_block,2130.7374,43.480000000000004,49.004999999999995,3.0,0.3,0,0,0,0.0,1.0,2.0,1.0,1.0,0.0,0,0,1,0
1959846,149,False,False,low_block,1856.4208,38.935,47.68,3.0,1.05,0,1,0,0.0,2.0,2.0,2.0,2.0,1.0,1,1,0,0
1959846,151,False,False,low_block,407.49502500000006,24.105,16.905,1.5,0.0,0,0,0,0.0,1.0,0.0,1.0,1.0,0.0,0,1,0,0
1959846,153,False,False,low_block,298.11195,17.91,16.645,3.0,0.9,0,1,0,0.0,0.0,1.0,1.0,2.0,1.0,1,1,0,0
1959846,154,False,False,low_block,995.995,34.825,28.599999999999998,1.0,0.0,0,0,0,0.0,2.0,0.0,2.0,1.0,0.0,0,1,0,0
1959846,155,False,False,medium_block,1610.7033999999999,36.22,44.47,1.0,1.15,0,0,1,1.0,1.0,1.0,1.0,2.0,1.0,1,0,1,0
1959846,156,False,False,high_block,2232.408,38.2,58.44,0.5,1.4,0,0,1,2.0,2.0,1.0,2.0,3.0,2.0,1,0,0,1
1959846,157,False,False,medium_block,2617.942075,40.705,64.315,0.0,1.15,0,0,1,1.0,1.0,1.0,1.0,2.0,1.0,1,0,1,0
1959846,159,False,False,medium_block,1914.0123500000002,39.29,48.715,1.5,0.15,0,0,0,0.0,0.0,1.0,1.0,1.0,0.0,0,0,1,0
1959846,160,False,False,high_block,2226.7364000000002,38.605000000000004,57.68,1.5,3.3,1,1,1,2.0,2.0,2.0,2.0,5.0,4.0,1,0,0,1
1959846,161,False,False,medium_block,2615.1455000000005,40.295,64.9,1.5,3.3,1,1,1,2.0,2.0,2.0,2.0,5.0,4.0,1,0,1,0
1959846,163,False,False,high_block,2540.90425,40.03,63.474999999999994,2.0,0.0,0,0,0,0.0,0.0,0.0,1.0,1.0,0.0,0,0,0,1
1959846,164,False,False,medium_block,2234.9712,36.96,60.47,1.3333333333333333,1.5,0,1,0,3.0,3.0,0.0,3.0,5.0,4.0,1,0,1,0
1959846,165,False,False,high_block,2190.6212,38.405,57.04,0.5,0.15,0,0,0,0.0,2.0,1.0,2.0,1.0,0.0,0,0,0,1
1959846,166,False,False,medium_block,2459.3868,42.120000000000005,58.39,0.6666666666666666,0.9,0,1,0,0.0,3.0,1.0,3.0,2.0,1.0,1,0,1,0
1959846,169,False,False,low_block,1513.1852999999996,37.739999999999995,40.095,0.0,0.9,0,1,0,0.0,1.0,1.0,1.0,2.0,1.0,1,1,0,0
1959846,171,False,False,high_block,2221.57495,35.21,63.095,1.6666666666666667,2.4,1,1,0,2.0,2.0,1.0,3.0,5.0,4.0,1,0,0,1
1959846,173,False,False,medium_block,2634.1533999999997,38.59,68.25999999999999,1.5,0.0,0,0,0,0.0,0.0,0.0,1.0,1.0,0.0,0,0,1,0
1959846,177,False,False,high_block,2530.8968999999997,39.045,64.82,3.0,0.75,0,1,0,0.0,3.0,0.0,2.0,2.0,1.0,1,0,0,1
1959846,178,False,False,medium_block,2297.5381,37.18,61.795,3.0,0.75,0,1,0,0.0,2.0,0.0,2.0,2.0,1.0,1,0,1,0
1959846,181,False,False,low_block,1685.797175,35.015,48.144999999999996,1.0,0.0,0,0,0,0.0,0.0,0.0,1.0,1.0,0.0,0,1,0,0
1959846,182,False,False,medium_block,1681.0719000000001,38.085,44.14,0.0,0.0,0,0,0,0.0,1.0,0.0,2.0,1.0,0.0,0,0,1,0
1959846,183,False,False,low_block,1572.113475,39.745000000000005,39.555,0.0,0.0,0,0,0,0.0,1.0,0.0,2.0,1.0,0.0,0,1,0,0
1959846,184,False,False,medium_block,1849.341375,39.285,47.075,0.5,1.95,1,0,0,2.0,3.0,3.0,2.0,4.0,3.0,1,0,1,0
1959846,186,True,False,medium_block,1657.4251000000002,33.295,49.78,1.5,1.7,0,1,0,2.0,3.0,3.0,2.0,4.0,3.0,1,0,1,0
1959846,187,True,False,low_block,1440.7472,31.54,45.68,2.6666666666666665,1.3,0,1,0,1.0,4.0,2.0,3.0,3.0,2.0,1,1,0,0
1959846,189,True,False,low_block,1253.6228250000001,34.015,36.855000000000004,2.0,0.15,0,0,0,0.0,2.0,1.0,2.0,1.0,0.0,0,1,0,0
1959846,190,True,False,medium_block,1353.2697749999998,35.815,37.785,0.0,0.44999999999999996,0,0,0,0.0,2.0,3.0,1.0,1.0,0.0,0,0,1,0
1959846,191,True,False,low_block,1674.2050000000002,43.0,38.935,1.0,0.44999999999999996,0,0,0,0.0,2.0,3.0,2.0,1.0,0.0,0,1,0,0
1959846,192,True,False,medium_block,1665.14355,43.785,38.03,1.0,1.05,0,1,0,0.0,2.0,2.0,2.0,2.0,1.0,1,0,1,0
1959846,193,True,False,low_block,1335.1338,37.62,35.49,3.0,1.05,0,1,0,0.0,1.0,2.0,2.0,2.0,1.0,1,1,0,0
1959846,194,False,False,medium_block,,,,1.5,0.0,0,0,0,0.0,0.0,0.0,0.0,1.0,0.0,0,0,1,0
1959846,195,False,False,high_block,2024.746875,35.625,56.835,0.0,0.5,0,0,0,2.0,2.0,0.0,2.0,3.0,2.0,0,0,0,1
1959846,196,False,False,medium_block,2118.9360500000003,38.39,55.195,2.0,0.75,0,1,0,0.0,1.0,0.0,1.0,2.0,1.0,1,0,1,0
1959846,200,False,False,medium_block,2330.93995,45.79,50.905,1.5,0.0,0,0,0,0.0,0.0,0.0,1.0,1.0,0.0,0,0,1,0
1959846,201,False,False,high_block,2322.063125,39.575,58.675,1.0,1.25,0,0,1,2.0,2.0,0.0,2.0,3.0,2.0,1,0,0,1
1959846,203,False,False,low_block,1932.8975999999998,36.36,53.16,3.0,0.3,0,0,0,0.0,2.0,2.0,2.0,1.0,0.0,0,1,0,0
1959846,204,False,False,low_block,1149.9614,30.31,37.94,1.0,0.0,0,0,0,0.0,1.0,0.0,2.0,1.0,0.0,0,1,0,0
1959846,206,True,True,high_block,2106.4245499999997,30.97,68.015,2.5,1.05,0,1,0,0.0,1.0,2.0,2.0,2.0,1.0,1,0,0,1
1959846,207,True,True,medium_block,1906.6671750000003,28.095,67.86500000000001,2.5,1.05,0,1,0,0.0,2.0,2.0,2.0,2.0,1.0,1,0,1,0
1959846,208,True,True,low_block,1779.321975,26.795,66.405,3.0,0.15,0,0,0,0.0,2.0,1.0,2.0,1.0,0.0,0,1,0,0
1959846,209,False,False,medium_block,1684.4982000000002,43.89,38.38,3.0,2.8,1,1,0,3.0,3.0,2.0,2.0,6.0,5.0,1,0,1,0
1959846,211,False,False,medium_block,1367.3972999999999,39.86,34.305,0.3333333333333333,0.0,0,0,0,0.0,1.0,0.0,3.0,1.0,0.0,0,0,1,0
1959846,212,False,False,low_block,1335.285,42.39,31.5,1.0,0.15,0,0,0,0.0,2.0,1.0,1.0,1.0,0.0,0,1,0,0
1959846,215,False,False,high_block,2567.7151500000004,38.39,66.885,1.5,0.75,0,0,0,3.0,3.0,0.0,2.0,4.0,3.0,0,0,0,1
1959846,217,False,False,medium_block,2655.0225,40.69,65.25,4.0,1.8,1,0,0,2.0,2.0,2.0,1.0,4.0,3.0,1,0,1,0
1959846,218,False,False,medium_block,2152.6128,38.33,56.16,1.0,0.3,0,0,0,0.0,1.0,2.0,1.0,1.0,0.0,0,0,1,0
1959846,219,False,False,low_block,1662.8570000000002,38.92,42.725,2.0,0.15,0,0,0,0.0,1.0,1.0,1.0,1.0,0.0,0,1,0,0
1959846,222,False,False,medium_block,1692.0567,31.41,53.870000000000005,2.0,0.25,0,0,0,1.0,1.0,0.0,1.0,2.0,1.0,0,0,1,0
1959846,223,False,False,high_block,1973.8627000000004,34.49,57.230000000000004,0.0,0.5,0,0,0,2.0,2.0,0.0,1.0,3.0,2.0,0,0,0,1
1959846,224,False,False,medium_block,2160.0448,39.245000000000005,55.04,2.0,1.85,1,0,0,1.0,1.0,4.0,2.0,3.0,2.0,1,0,1,0
1959846,225,False,False,low_block,2368.84725,39.55,59.894999999999996,2.0,1.05,0,1,0,0.0,2.0,2.0,3.0,2.0,1.0,1,1,0,0
1959846,228,False,False,medium_block,1417.17515,35.17,40.295,0.5,0.15,0,0,0,0.0,1.0,1.0,2.0,1.0,0.0,0,0,1,0
1959846,229,False,False,low_block,1653.3769,44.38,37.254999999999995,1.0,0.15,0,0,0,0.0,1.0,1.0,1.0,1.0,0.0,0,1,0,0
1959846,230,False,False,medium_block,1575.3169999999998,41.62,37.849999999999994,0.0,0.15,0,0,0,0.0,2.0,1.0,1.0,1.0,0.0,0,0,1,0
1959846,231,False,False,low_block,1525.8655999999999,38.08,40.07,1.5,1.05,0,1,0,0.0,2.0,2.0,2.0,2.0,1.0,1,1,0,0
1959846,233,False,False,high_block,2585.77035,35.39,73.065,3.0,0.0,0,0,0,0.0,1.0,0.0,1.0,1.0,0.0,0,0,0,1
1959846,234,False,False,medium_block,1499.9194,37.33,40.18,0.0,0.0,0,0,0,0.0,1.0,0.0,1.0,1.0,0.0,0,0,1,0
1959846,236,False,False,high_block,3104.595,47.125,65.88,2.6666666666666665,3.35,1,1,0,4.0,4.0,5.0,3.0,7.0,6.0,1,0,0,1
1959846,237,False,False,medium_block,2602.27485,43.71,59.535,3.0,1.4,1,0,0,1.0,1.0,1.0,1.0,3.0,2.0,1,0,1,0
1959846,239,False,False,medium_block,1831.6721999999997,44.019999999999996,41.61,1.6666666666666667,0.15,0,0,0,0.0,2.0,1.0,3.0,1.0,0.0,0,0,1,0
1959846,242,False,False,medium_block,2085.8255,35.05,59.510000000000005,1.0,0.44999999999999996,0,0,0,0.0,0.0,3.0,1.0,1.0,0.0,0,0,1,0
1959846,243,False,False,low_block,1774.8901999999998,30.665,57.879999999999995,1.0,0.3,0,0,0,0.0,1.0,2.0,1.0,1.0,0.0,0,1,0,0
1959846,244,False,False,low_block,938.65495,33.71,27.845,0.5,0.15,0,0,0,0.0,2.0,1.0,2.0,1.0,0.0,0,1,0,0
1959846,245,False,False,medium_block,1410.463575,40.455,34.865,0.0,0.15,0,0,0,0.0,1.0,1.0,2.0,1.0,0.0,0,0,1,0
1959846,246,False,False,low_block,1640.288475,44.835,36.585,0.5,0.15,0,0,0,0.0,3.0,1.0,2.0,1.0,0.0,0,1,0,0
1959846,247,False,False,medium_block,1613.0522500000002,43.655,36.95,2.0,0.3,0,0,0,0.0,3.0,2.0,2.0,1.0,0.0,0,0,1,0
1959846,248,False,False,low_block,1477.1846,39.64,37.265,2.0,0.0,0,0,0,0.0,3.0,0.0,2.0,1.0,0.0,0,1,0,0
1959846,249,False,False,medium_block,1660.4441,37.94,43.765,2.0,2.8,1,1,0,3.0,3.0,2.0,3.0,6.0,5.0,1,0,1,0
1959846,250,False,False,low_block,1265.6759999999997,34.8,36.37,1.5,0.0,0,0,0,0.0,0.0,0.0,0.0,1.0,0.0,0,1,0,0
1959846,251,False,False,medium_block,,,,1.5,0.0,0,0,0,0.0,0.0,0.0,0.0,1.0,0.0,0,0,1,0
1959846,252,False,False,medium_block,2178.7866,45.72,47.655,0.0,0.9,0,1,0,0.0,1.0,1.0,2.0,2.0,1.0,1,0,1,0
1959846,254,False,False,high_block,2486.6215,40.01,62.150000000000006,0.0,0.0,0,0,0,0.0,1.0,0.0,1.0,1.0,0.0,0,0,0,1
1959846,255,False,False,medium_block,2419.8833999999997,43.305,55.879999999999995,0.0,0.0,0,0,0,0.0,1.0,0.0,1.0,1.0,0.0,0,0,1,0
1959846,257,False,False,high_block,2107.36375,33.875,62.209999999999994,3.0,1.0,0,0,1,1.0,1.0,0.0,1.0,2.0,1.0,1,0,0,1
1959846,260,False,False,medium_block,1744.335625,38.375,45.455,3.0,0.75,0,1,0,0.0,0.0,0.0,1.0,2.0,1.0,1,0,1,0
1959846,261,False,False,medium_block,1524.4632000000001,34.71,43.92,2.3333333333333335,1.75,0,1,0,5.0,6.0,0.0,3.0,7.0,6.0,1,0,1,0
1959846,264,True,False,low_block,678.86455,32.435,20.93,3.0,0.0,0,0,0,0.0,1.0,0.0,1.0,1.0,0.0,0,1,0,0
1959846,268,False,False,medium_block,1860.1608,34.295,54.24,2.0,0.25,0,0,0,1.0,1.0,0.0,2.0,2.0,1.0,0,0,1,0
1959846,269,False,False,high_block,2290.987574999999,35.44499999999999,64.63499999999999,1.5,0.5,0,0,0,2.0,2.0,0.0,2.0,3.0,2.0,0,0,0,1
1959846,271,True,False,low_block,1168.71625,30.475,38.349999999999994,3.6666666666666665,0.75,0,1,0,0.0,4.0,0.0,3.0,2.0,1.0,1,1,0,0
1959846,272,False,False,medium_block,,,,1.5,0.0,0,0,0,0.0,0.0,0.0,0.0,1.0,0.0,0,0,1,0
1959846,277,False,False,low_block,1149.97025,27.17,42.325,2.5,0.75,0,1,0,0.0,5.0,0.0,4.0,2.0,1.0,1,1,0,0
1959846,279,False,False,high_block,2154.55955,30.634999999999998,70.33,1.0,1.05,0,1,0,0.0,1.0,2.0,2.0,2.0,1.0,1,0,0,1
1959846,280,True,False,low_block,1223.2829,27.009999999999998,45.29,2.5,0.9,0,1,0,0.0,5.0,1.0,2.0,2.0,1.0,1,1,0,0
1959846,284,False,False,medium_block,1856.7233999999999,36.36,51.065,1.0,0.3,0,0,0,0.0,1.0,2.0,2.0,1.0,0.0,0,0,1,0
1959846,285,False,False,high_block,1911.23415,35.505,53.83,0.0,0.0,0,0,0,0.0,1.0,0.0,2.0,1.0,0.0,0,0,0,1
1959846,286,False,False,medium_block,2113.9785,38.1,55.485,0.6666666666666666,0.0,0,0,0,0.0,1.0,0.0,3.0,1.0,0.0,0,0,1,0
1959846,287,False,False,high_block,2111.10945,39.335,53.67,0.0,0.4,0,0,0,1.0,1.0,1.0,2.0,2.0,1.0,0,0,0,1
1959846,288,False,False,medium_block,1758.43055,35.89,48.995,1.0,0.25,0,0,0,1.0,2.0,0.0,2.0,2.0,1.0,0,0,1,0
1959846,289,False,False,low_block,1308.5966250000001,33.705,38.825,2.0,0.0,0,0,0,0.0,1.0,0.0,1.0,1.0,0.0,0,1,0,0
1959846,291,False,False,low_block,505.5675499999999,27.13,18.634999999999998,0.5,0.15,0,0,0,0.0,1.0,1.0,3.0,1.0,0.0,0,1,0,0
1959846,292,False,False,high_block,2118.071175,34.415,61.545,2.0,1.25,0,1,0,2.0,2.0,0.0,2.0,4.0,3.0,1,0,0,1
1959846,293,False,False,high_block,2939.9647999999997,45.68,64.36,2.0,0.9,0,1,0,0.0,2.0,1.0,2.0,2.0,1.0,1,0,0,1
1959846,294,False,False,medium_block,2844.7683000000006,47.715,59.620000000000005,1.5,0.15,0,0,0,0.0,0.0,1.0,1.0,1.0,0.0,0,0,1,0
1959846,295,False,False,high_block,3190.1199,50.79,62.81,0.5,1.25,0,1,0,2.0,2.0,0.0,3.0,4.0,3.0,1,0,0,1
1959846,296,False,False,medium_block,2575.2858,41.480000000000004,62.085,0.5,1.25,0,1,0,2.0,2.0,0.0,2.0,4.0,3.0,1,0,1,0
1959846,297,False,False,high_block,2515.73525,41.09,61.225,1.5,1.25,0,1,0,2.0,2.0,0.0,2.0,4.0,3.0,1,0,0,1
1959846,298,False,False,medium_block,2513.5761500000003,41.485,60.59,1.5,1.25,0,1,0,2.0,3.0,0.0,3.0,4.0,3.0,1,0,1,0
1959846,301,False,False,medium_block,1883.0322000000003,37.995000000000005,49.56,2.0,2.65,0,1,1,4.0,4.0,1.0,3.0,6.0,5.0,1,0,1,0
1959846,304,False,False,high_block,2721.141,41.56,65.475,1.5,0.15,0,0,0,0.0,1.0,1.0,1.0,1.0,0.0,0,0,0,1
1959846,306,False,False,medium_block,2510.548425,40.095,62.615,3.0,1.35,0,1,0,0.0,6.0,5.0,2.0,2.0,1.0,1,0,1,0
1959846,307,False,False,low_block,1945.3516499999998,34.21,56.864999999999995,3.5,1.2,0,1,0,0.0,4.0,3.0,2.0,2.0,1.0,1,1,0,0
1959846,310,False,False,medium_block,1314.7062500000002,35.75,36.775000000000006,1.0,0.15,0,0,0,0.0,2.0,1.0,2.0,1.0,0.0,0,0,1,0
1959846,311,False,False,low_block,1143.0086,31.715,36.04,1.6666666666666667,1.05,0,1,0,0.0,4.0,2.0,3.0,2.0,1.0,1,1,0,0
1959846,314,False,False,high_block,2559.8760000000007,37.84,67.65,1.5,2.0,0,1,1,2.0,2.0,0.0,2.0,4.0,3.0,1,0,0,1
1959846,315,False,False,medium_block,2433.7485000000006,37.900000000000006,64.215,1.5,0.0,0,0,0,0.0,0.0,0.0,0.0,1.0,0.0,0,0,1,0
1959846,316,False,False,high_block,2369.2554,36.495,64.92,2.0,0.0,0,0,0,0.0,0.0,0.0,1.0,1.0,0.0,0,0,0,1
1959846,317,False,False,low_block,784.6662749999999,30.705,25.555,2.75,0.75,0,1,0,0.0,7.0,0.0,4.0,2.0,1.0,1,1,0,0
1959846,320,False,False,low_block,1963.6632000000002,43.92,44.71,3.0,0.0,0,0,0,0.0,2.0,0.0,1.0,1.0,0.0,0,1,0,0
1959846,322,True,False,low_block,240.66900000000007,25.740000000000002,9.350000000000001,4.0,0.75,0,1,0,0.0,0.0,0.0,1.0,2.0,1.0,1,1,0,0
1959846,324,False,False,medium_block,1392.076,29.05,47.92,3.0,1.2,0,1,0,0.0,2.0,3.0,1.0,2.0,1.0,1,0,1,0
1959846,325,False,False,low_block,1893.9953750000002,30.935000000000002,61.225,2.0,1.05,0,1,0,0.0,2.0,2.0,2.0,2.0,1.0,1,1,0,0
1959846,330,True,False,medium_block,1867.1423,28.09,66.47,2.0,0.0,0,0,0,0.0,2.0,0.0,3.0,1.0,0.0,0,0,1,0
1959846,331,True,False,high_block,1883.306425,28.945,65.065,2.0,1.0,0,0,1,1.0,3.0,0.0,3.0,2.0,1.0,1,0,0,1
1959846,332,True,False,medium_block,2017.5809249999998,32.144999999999996,62.765,2.0,3.6,1,1,1,2.0,2.0,6.0,1.0,5.0,4.0,1,0,1,0
1959846,333,True,False,low_block,1518.0395250000001,30.795,49.295,3.0,0.9,0,1,0,0.0,2.0,1.0,3.0,2.0,1.0,1,1,0,0
1959846,335,False,False,low_block,1597.8417,35.555,44.94,2.0,1.05,0,1,0,0.0,3.0,2.0,2.0,2.0,1.0,1,1,0,0
1959846,336,False,False,medium_block,1404.9090250000002,29.965,46.885000000000005,2.5,0.75,0,1,0,0.0,5.0,0.0,2.0,2.0,1.0,1,0,1,0
1959846,337,False,False,low_block,1215.8915,27.7,43.895,2.0,0.75,0,1,0,0.0,1.0,0.0,2.0,2.0,1.0,1,1,0,0
1959846,338,False,False,medium_block,1846.474075,31.615000000000002,58.405,1.5,0.3,0,0,0,0.0,2.0,2.0,1.0,1.0,0.0,0,0,1,0
1959846,339,False,False,low_block,1713.618725,32.305,53.045,2.0,0.3,0,0,0,0.0,1.0,2.0,1.0,1.0,0.0,0,1,0,0
1959846,340,False,False,high_block,2446.7292499999994,36.89,66.32499999999999,2.0,0.0,0,0,0,0.0,1.0,0.0,1.0,1.0,0.0,0,0,0,1
1959846,343,True,False,medium_block,2031.6135000000002,44.31,45.85,0.0,0.0,0,0,0,0.0,1.0,0.0,2.0,1.0,0.0,0,0,1,0
1959846,344,True,False,low_block,1383.2499,35.305,39.18,0.0,0.0,0,0,0,0.0,1.0,0.0,2.0,1.0,0.0,0,1,0,0
1959846,345,True,False,medium_block,1305.0499,36.845,35.42,0.0,0.0,0,0,0,0.0,1.0,0.0,1.0,1.0,0.0,0,0,1,0
1959846,346,True,False,low_block,1330.697725,33.355000000000004,39.894999999999996,4.0,0.9,0,1,0,0.0,2.0,1.0,2.0,2.0,1.0,1,1,0,0
1959846,347,False,False,high_block,2760.023,38.71,71.3,1.5,0.0,0,0,0,0.0,1.0,0.0,1.0,1.0,0.0,0,0,0,1
1959846,348,False,False,medium_block,2781.5741,40.114999999999995,69.34,1.5,0.0,0,0,0,0.0,1.0,0.0,1.0,1.0,0.0,0,0,1,0
1959846,349,False,False,high_block,1990.9812,34.905,57.04,2.75,1.75,0,1,0,4.0,6.0,0.0,4.0,6.0,5.0,1,0,0,1
1959846,350,False,False,medium_block,2063.8720000000003,37.120000000000005,55.6,2.6666666666666665,1.0,0,1,0,1.0,6.0,0.0,3.0,3.0,2.0,1,0,1,0
1959846,351,False,False,low_block,1712.5710249999997,39.565,43.285,2.0,0.15,0,0,0,0.0,1.0,1.0,1.0,1.0,0.0,0,1,0,0
1959846,353,False,False,high_block,2747.392875,40.675,67.545,2.0,0.5,0,0,0,2.0,2.0,0.0,2.0,3.0,2.0,0,0,0,1
1959846,358,False,False,medium_block,2304.666625,41.394999999999996,55.675,2.0,0.44999999999999996,0,0,0,0.0,1.0,3.0,1.0,1.0,0.0,0,0,1,0
1959846,359,False,False,low_block,1302.5014999999999,30.475,42.739999999999995,3.0,0.75,0,1,0,0.0,4.0,0.0,2.0,2.0,1.0,1,1,0,0
1959846,361,False,False,medium_block,2002.365575,43.715,45.805,0.0,0.3,0,0,0,0.0,2.0,2.0,1.0,1.0,0.0,0,0,1,0
1959846,362,False,False,medium_block,2311.8550999999998,38.769999999999996,59.63,0.0,0.3,0,0,0,0.0,2.0,2.0,1.0,1.0,0.0,0,0,1,0
1959846,363,False,False,high_block,2485.4051999999997,38.19,65.08,0.5,0.5,0,0,0,2.0,2.0,0.0,2.0,3.0,2.0,0,0,0,1
1959846,365,False,False,medium_block,1862.4692999999997,33.86,55.004999999999995,1.0,1.85,0,1,0,2.0,2.0,5.0,3.0,4.0,3.0,1,0,1,0
1959846,366,False,False,low_block,1018.8977999999998,25.72,39.614999999999995,2.3333333333333335,1.35,0,1,0,0.0,4.0,4.0,3.0,2.0,1.0,1,1,0,0
1959846,367,False,False,low_block,974.51605,31.345,31.09,1.75,0.75,0,1,0,0.0,4.0,0.0,4.0,2.0,1.0,1,1,0,0
1959846,369,False,False,low_block,720.9852,29.38,24.54,2.5,0.9,0,1,0,0.0,5.0,1.0,4.0,2.0,1.0,1,1,0,0
1959846,371,False,False,medium_block,2158.912875,35.925,60.095,2.0,0.9,0,1,0,0.0,1.0,1.0,2.0,2.0,1.0,1,0,1,0
1959846,372,False,False,high_block,2260.9206750000003,36.195,62.465,0.6666666666666666,0.0,0,0,0,0.0,1.0,0.0,3.0,1.0,0.0,0,0,0,1
1959846,373,False,False,medium_block,2184.2551500000004,37.015,59.010000000000005,2.5,0.55,0,0,0,1.0,2.0,2.0,2.0,2.0,1.0,0,0,1,0
1959846,374,False,False,low_block,1483.1443749999999,29.875,49.644999999999996,2.0,0.6,0,0,0,0.0,0.0,4.0,1.0,1.0,0.0,0,1,0,0
1959846,375,True,False,high_block,2683.351,38.665,69.4,2.0,1.4,1,0,0,1.0,1.0,1.0,1.0,3.0,2.0,1,0,0,1
1959846,376,True,False,medium_block,2232.7578,33.54,66.57,1.0,0.6,0,0,0,0.0,1.0,4.0,1.0,1.0,0.0,0,0,1,0
1959846,377,False,False,low_block,1403.1909,25.58,54.855000000000004,1.5,0.9,0,1,0,0.0,3.0,1.0,2.0,2.0,1.0,1,1,0,0
1959846,379,False,False,medium_block,1786.7114999999997,32.849999999999994,54.39,0.5,0.75,0,1,0,0.0,0.0,0.0,2.0,2.0,1.0,1,0,1,0
1959846,380,False,False,low_block,1617.6325500000003,32.115,50.370000000000005,1.5,0.75,0,1,0,0.0,3.0,0.0,2.0,2.0,1.0,1,1,0,0
1959846,382,False,False,high_block,2317.6,40.0,57.94,0.5,0.55,0,0,0,1.0,1.0,2.0,2.0,2.0,1.0,0,0,0,1
1959846,383,False,False,medium_block,2545.619625,41.955,60.675,1.0,0.4,0,0,0,1.0,1.0,1.0,1.0,2.0,1.0,0,0,1,0
1959846,385,False,False,medium_block,1703.3802500000002,34.45,49.445,1.5,1.05,0,0,0,3.0,4.0,2.0,2.0,4.0,3.0,0,0,1,0
1959846,386,False,False,medium_block,1955.4905999999996,36.785,53.16,1.5,2.7,1,1,0,2.0,2.0,3.0,2.0,5.0,4.0,1,0,1,0
1959846,387,False,False,high_block,1745.9299,29.42,59.345,0.5,0.55,0,0,0,1.0,1.0,2.0,2.0,2.0,1.0,0,0,0,1
1959846,388,False,False,medium_block,1869.308,35.35,52.879999999999995,2.5,1.0,0,1,0,1.0,2.0,0.0,2.0,3.0,2.0,1,0,1,0
1959846,391,False,False,medium_block,1943.6536,43.855000000000004,44.32,0.5,0.55,0,0,0,1.0,2.0,2.0,2.0,2.0,1.0,0,0,1,0
1959846,392,False,False,low_block,1383.1677000000002,34.42,40.185,2.0,0.15,0,0,0,0.0,1.0,1.0,2.0,1.0,0.0,0,1,0,0
1959846,393,False,False,medium_block,2448.718775,39.665,61.735,0.0,0.0,0,0,0,0.0,0.0,0.0,1.0,1.0,0.0,0,0,1,0
1959846,395,False,False,medium_block,1577.7206999999999,28.305,55.739999999999995,1.5,0.0,0,0,0,0.0,0.0,0.0,1.0,1.0,0.0,0,0,1,0
1959846,396,True,True,medium_block,1748.2604999999999,31.775,55.019999999999996,2.3333333333333335,3.1,1,1,0,3.0,4.0,8.0,3.0,6.0,5.0,1,0,1,0
1959846,397,True,True,low_block,1115.926,23.6,47.285,2.0,1.2,0,1,0,0.0,3.0,3.0,2.0,2.0,1.0,1,1,0,0
1959846,398,True,False,medium_block,1470.021025,32.555,45.155,2.5,3.05,1,1,1,1.0,2.0,2.0,2.0,4.0,3.0,1,0,1,0
1959846,399,True,False,low_block,1392.588125,29.395,47.375,2.25,1.05,0,1,0,0.0,5.0,2.0,4.0,2.0,1.0,1,1,0,0
1959846,400,True,False,medium_block,1413.8650249999998,32.364999999999995,43.685,0.3333333333333333,0.3,0,0,0,0.0,2.0,2.0,3.0,1.0,0.0,0,0,1,0
1959846,401,True,False,low_block,1418.7434999999998,34.85,40.709999999999994,0.5,0.15,0,0,0,0.0,1.0,1.0,2.0,1.0,0.0,0,1,0,0
1959846,402,True,False,medium_block,1374.6723749999999,33.754999999999995,40.725,1.0,0.75,0,1,0,0.0,3.0,0.0,2.0,2.0,1.0,1,0,1,0
1959846,403,True,False,low_block,1341.875,31.25,42.94,1.0,0.9,0,1,0,0.0,2.0,1.0,2.0,2.0,1.0,1,1,0,0
1959846,404,True,False,medium_block,1266.1379499999998,29.645,42.709999999999994,1.0,0.9,0,1,0,0.0,2.0,1.0,2.0,2.0,1.0,1,0,1,0
1959846,405,True,False,low_block,1282.9165,29.869999999999997,42.95,1.0,1.05,0,1,0,0.0,0.0,2.0,3.0,2.0,1.0,1,1,0,0
1959846,407,False,False,high_block,1987.5105,31.14,63.825,1.5,1.05,0,1,0,0.0,0.0,2.0,1.0,2.0,1.0,1,0,0,1
1959846,408,False,False,medium_block,2067.891375,33.825,61.135000000000005,2.0,0.3,0,0,0,0.0,2.0,2.0,1.0,1.0,0.0,0,0,1,0
1959846,409,False,False,low_block,2160.9644,37.519999999999996,57.595,2.5,0.3,0,0,0,0.0,2.0,2.0,2.0,1.0,0.0,0,1,0,0
1959846,410,False,False,high_block,2633.5481999999997,36.379999999999995,72.39,1.5,1.0,0,1,0,1.0,1.0,0.0,2.0,3.0,2.0,1,0,0,1
1959846,411,False,False,medium_block,2007.540625,30.475,65.875,1.0,0.44999999999999996,0,0,0,0.0,0.0,3.0,2.0,1.0,0.0,0,0,1,0
1959846,412,False,False,low_block,1443.6675000000002,26.125,55.260000000000005,1.0,0.3,0,0,0,0.0,1.0,2.0,1.0,1.0,0.0,0,1,0,0
1959846,414,True,False,low_block,214.33175,15.725000000000001,13.629999999999999,2.0,0.15,0,0,0,0.0,1.0,1.0,2.0,1.0,0.0,0,1,0,0
1959846,417,False,False,high_block,1850.7734500000001,31.385,58.97,0.0,0.44999999999999996,0,0,0,0.0,0.0,3.0,2.0,1.0,0.0,0,0,0,1
1959846,418,False,False,medium_block,1609.9064999999998,31.23,51.55,2.5,3.1,1,1,0,3.0,3.0,4.0,2.0,6.0,5.0,1,0,1,0
1959846,419,False,False,low_block,1185.7637,26.015,45.58,2.5,0.75,0,1,0,0.0,3.0,0.0,2.0,2.0,1.0,1,1,0,0
1959846,420,False,False,high_block,2265.0112,34.36,65.92,3.0,0.0,0,0,0,0.0,2.0,0.0,1.0,1.0,0.0,0,0,0,1
1959846,421,False,False,medium_block,2456.7853000000005,37.34,65.795,3.0,0.25,0,0,0,1.0,3.0,0.0,1.0,2.0,1.0,0,0,1,0
1959846,422,False,False,high_block,2178.4224000000004,33.68,64.68,3.0,1.0,0,1,0,1.0,1.0,0.0,1.0,3.0,2.0,1,0,0,1
1959846,423,False,False,medium_block,1798.7424,29.12,61.77,2.0,1.0,0,1,0,1.0,2.0,0.0,2.0,3.0,2.0,1,0,1,0
1959846,424,False,False,medium_block,1147.7718,25.66,44.73,2.3333333333333335,1.4,0,1,0,2.0,5.0,1.0,4.0,4.0,3.0,1,0,1,0
1959846,426,False,False,medium_block,1643.9895000000001,31.725,51.82,0.5,0.0,0,0,0,0.0,0.0,0.0,2.0,1.0,0.0,0,0,1,0
1959846,429,False,False,medium_block,1785.3075500000002,35.81,49.855000000000004,2.5,2.55,1,1,0,2.0,3.0,2.0,2.0,5.0,4.0,1,0,1,0
1959846,430,False,False,low_block,1125.6693000000002,34.620000000000005,32.515,1.0,0.15,0,0,0,0.0,3.0,1.0,2.0,1.0,0.0,0,1,0,0
1959846,431,False,False,medium_block,1613.1204,36.43,44.28,0.5,0.3,0,0,0,0.0,1.0,2.0,2.0,1.0,0.0,0,0,1,0
1959846,432,False,False,high_block,2357.7353999999996,39.239999999999995,60.084999999999994,0.0,0.3,0,0,0,0.0,1.0,2.0,2.0,1.0,0.0,0,0,0,1
1959846,434,False,False,medium_block,2129.7753749999997,33.675,63.245,2.3333333333333335,1.35,0,1,0,0.0,2.0,4.0,3.0,2.0,1.0,1,0,1,0
1959846,435,False,False,low_block,1326.8156000000001,25.96,51.11,2.5,1.35,0,1,0,0.0,1.0,5.0,3.0,2.0,1.0,1,1,0,0
1959846,437,False,False,medium_block,1981.882,37.1,53.42,0.0,0.0,0,0,0,0.0,0.0,0.0,2.0,1.0,0.0,0,0,1,0
1959846,441,False,False,low_block,1167.0354499999996,33.144999999999996,35.209999999999994,0.0,0.0,0,0,0,0.0,0.0,0.0,1.0,1.0,0.0,0,1,0,0
1959846,442,False,False,low_block,1865.8822500000003,37.355000000000004,49.95,2.0,0.75,0,1,0,0.0,1.0,0.0,3.0,2.0,1.0,1,1,0,0
1959846,445,True,False,low_block,1019.9159999999999,27.64,36.9,3.0,0.75,0,1,0,0.0,2.0,0.0,1.0,2.0,1.0,1,1,0,0
1959846,446,True,False,medium_block,953.4384,27.21,35.04,1.0,0.75,0,1,0,0.0,2.0,0.0,3.0,2.0,1.0,1,0,1,0
1959846,447,True,False,low_block,860.214375,24.525,35.075,2.0,1.05,0,1,0,0.0,2.0,2.0,1.0,2.0,1.0,1,1,0,0
1959846,448,False,False,low_block,1004.6641500000001,32.545,30.87,2.0,0.3,0,0,0,0.0,1.0,2.0,2.0,1.0,0.0,0,1,0,0
1959846,450,True,True,low_block,109.64800000000001,8.8,12.46,4.0,0.75,0,1,0,0.0,0.0,0.0,1.0,2.0,1.0,1,1,0,0
1959846,451,False,False,medium_block,2002.55355,41.435,48.33,0.0,0.0,0,0,0,0.0,1.0,0.0,2.0,1.0,0.0,0,0,1,0
1959846,452,False,False,medium_block,1885.3399999999997,35.239999999999995,53.5,0.0,0.0,0,0,0,0.0,0.0,0.0,1.0,1.0,0.0,0,0,1,0
1959846,456,False,False,low_block,994.92475,31.61,31.475,0.0,0.3,0,0,0,0.0,2.0,2.0,1.0,1.0,0.0,0,1,0,0
1959846,457,False,False,medium_block,1349.90445,35.835,37.67,0.5,0.15,0,0,0,0.0,1.0,1.0,2.0,1.0,0.0,0,0,1,0
1959846,458,False,False,low_block,1499.8413500000004,37.870000000000005,39.605000000000004,0.5,0.15,0,0,0,0.0,1.0,1.0,2.0,1.0,0.0,0,1,0,0
1959846,459,False,False,medium_block,1327.8609999999999,34.67,38.3,0.0,0.0,0,0,0,0.0,0.0,0.0,1.0,1.0,0.0,0,0,1,0
1959846,464,True,True,low_block,748.4717499999999,29.45,25.415,3.0,0.9,0,1,0,0.0,4.0,1.0,2.0,2.0,1.0,1,1,0,0
1959846,465,True,False,medium_block,1527.1962749999998,34.595,44.144999999999996,0.0,1.1,0,0,0,2.0,2.0,4.0,2.0,3.0,2.0,0,0,1,0
1959846,466,True,False,low_block,892.3139000000001,24.67,36.17,3.5,0.75,0,1,0,0.0,3.0,0.0,3.0,2.0,1.0,1,1,0,0
1986691,0,False,False,medium_block,1701.9975,35.7,47.675,2.0,0.25,0,0,0,1.0,1.0,0.0,2.0,2.0,1.0,0,0,1,0
1986691,2,False,False,medium_block,1451.1735,28.98,50.075,2.5,1.25,0,1,0,2.0,4.0,0.0,3.0,4.0,3.0,1,0,1,0
1986691,5,False,False,medium_block,1629.8588249999998,36.015,45.254999999999995,1.0,0.6,0,0,0,0.0,1.0,4.0,2.0,1.0,0.0,0,0,1,0
1986691,7,True,False,low_block,884.7271999999999,25.759999999999998,34.345,3.5,0.75,0,1,0,0.0,5.0,0.0,2.0,2.0,1.0,1,1,0,0
1986691,9,False,False,medium_block,1701.264,31.74,53.6,1.5,1.9,1,0,0,3.0,4.0,1.0,3.0,5.0,4.0,1,0,1,0
1986691,10,False,False,medium_block,1852.6300749999996,34.535,53.644999999999996,1.5,1.55,1,0,0,1.0,2.0,2.0,2.0,3.0,2.0,1,0,1,0
1986691,11,False,False,high_block,1926.923,35.15,54.82,0.0,0.15,0,0,0,0.0,0.0,1.0,2.0,1.0,0.0,0,0,0,1
1986691,12,False,False,medium_block,2194.4719999999998,42.08,52.15,1.0,0.3,0,0,0,0.0,1.0,2.0,2.0,1.0,0.0,0,0,1,0
1986691,13,False,False,medium_block,2585.1349999999998,44.379999999999995,58.25,1.0,0.44999999999999996,0,0,0,0.0,2.0,3.0,1.0,1.0,0.0,0,0,1,0
1986691,14,False,False,low_block,1532.9439,31.86,48.115,2.0,0.0,0,0,0,0.0,1.0,0.0,1.0,1.0,0.0,0,1,0,0
1986691,16,False,False,medium_block,1436.9427500000002,34.075,42.17,1.0,1.85,1,0,0,1.0,1.0,4.0,1.0,3.0,2.0,1,0,1,0
1986691,17,False,False,high_block,1907.8873,37.34,51.095,1.0,0.0,0,0,0,0.0,1.0,0.0,2.0,1.0,0.0,0,0,0,1
1986691,18,False,False,medium_block,1770.4163750000002,33.835,52.325,1.0,0.0,0,0,0,0.0,1.0,0.0,2.0,1.0,0.0,0,0,1,0
1986691,19,False,False,high_block,1984.3432500000001,37.650000000000006,52.705,0.0,0.15,0,0,0,0.0,1.0,1.0,2.0,1.0,0.0,0,0,0,1
1986691,20,False,False,medium_block,2250.4066,40.82,55.129999999999995,1.5,0.75,0,1,0,0.0,1.0,0.0,2.0,2.0,1.0,1,0,1,0
1986691,21,False,False,medium_block,2043.212325,35.805,57.065,2.3333333333333335,1.45,0,1,0,1.0,2.0,3.0,3.0,3.0,2.0,1,0,1,0
1986691,22,False,False,low_block,1609.9982000000002,38.120000000000005,42.235,0.5,0.9,0,1,0,0.0,2.0,1.0,2.0,2.0,1.0,1,1,0,0
1986691,23,False,False,medium_block,1186.0275000000001,33.25,35.67,0.0,0.15,0,0,0,0.0,0.0,1.0,2.0,1.0,0.0,0,0,1,0
1986691,24,False,False,low_block,1280.8248,36.32,35.265,0.0,0.15,0,0,0,0.0,2.0,1.0,1.0,1.0,0.0,0,1,0,0
1986691,25,False,False,medium_block,1521.9204000000004,38.010000000000005,40.040000000000006,0.3333333333333333,0.15,0,0,0,0.0,2.0,1.0,3.0,1.0,0.0,0,0,1,0
1986691,26,False,False,low_block,1362.1803750000001,38.925,34.995000000000005,1.5,0.0,0,0,0,0.0,0.0,0.0,0.0,1.0,0.0,0,1,0,0
1986691,27,False,False,medium_block,2003.2541999999999,36.73,54.54,2.0,0.15,0,0,0,0.0,1.0,1.0,1.0,1.0,0.0,0,0,1,0
1986691,28,False,False,high_block,2237.444875,37.475,59.705,1.0,0.85,0,0,0,1.0,1.0,4.0,2.0,2.0,1.0,0,0,0,1
1986691,29,False,False,medium_block,2019.3586000000003,33.32,60.605000000000004,1.5,1.2,0,1,0,0.0,0.0,3.0,1.0,2.0,1.0,1,0,1,0
1986691,30,False,False,medium_block,2429.2720999999997,39.785,61.06,2.0,1.4,0,1,0,2.0,2.0,1.0,1.0,4.0,3.0,1,0,1,0
1986691,31,False,False,high_block,2333.4256000000005,37.015,63.040000000000006,2.0,0.25,0,0,0,1.0,1.0,0.0,1.0,2.0,1.0,0,0,0,1
1986691,35,False,False,medium_block,1587.6915999999999,32.12,49.43,1.5,0.15,0,0,0,0.0,1.0,1.0,1.0,1.0,0.0,0,0,1,0
1986691,36,False,False,high_block,1720.9276999999997,33.94,50.705,0.0,0.0,0,0,0,0.0,0.0,0.0,1.0,1.0,0.0,0,0,0,1
1986691,37,False,False,medium_block,1849.0016999999996,34.709999999999994,53.269999999999996,0.0,0.4,0,0,0,1.0,1.0,1.0,2.0,2.0,1.0,0,0,1,0
1986691,38,False,False,high_block,1963.8992750000002,34.385000000000005,57.114999999999995,0.0,0.5,0,0,0,2.0,2.0,0.0,1.0,3.0,2.0,0,0,0,1
1986691,39,False,False,medium_block,1871.0846249999997,32.425,57.705,2.5,1.6,0,1,0,1.0,5.0,6.0,3.0,3.0,2.0,1,0,1,0
1986691,40,False,False,medium_block,1842.9135749999998,35.705,51.614999999999995,0.5,1.3,0,1,0,1.0,1.0,2.0,2.0,3.0,2.0,1,0,1,0
1986691,41,False,False,low_block,1379.7839999999999,34.4,40.11,1.0,0.15,0,0,0,0.0,2.0,1.0,1.0,1.0,0.0,0,1,0,0
1986691,42,False,False,medium_block,1342.9562500000002,37.75,35.575,0.0,0.15,0,0,0,0.0,0.0,1.0,2.0,1.0,0.0,0,0,1,0
1986691,43,False,False,low_block,1323.54475,38.17,34.675,0.0,0.0,0,0,0,0.0,0.0,0.0,1.0,1.0,0.0,0,1,0,0
1986691,44,False,False,medium_block,1257.3617499999998,37.55,33.485,0.0,0.0,0,0,0,0.0,0.0,0.0,2.0,1.0,0.0,0,0,1,0
1986691,45,False,False,low_block,1930.9184999999995,39.69,48.64999999999999,2.5,0.9,0,1,0,0.0,4.0,1.0,3.0,2.0,1.0,1,1,0,0
1986691,49,False,False,low_block,1610.0286250000001,33.665,47.825,1.5,0.0,0,0,0,0.0,0.0,0.0,1.0,1.0,0.0,0,1,0,0
1986691,50,False,False,medium_block,,,,1.5,0.0,0,0,0,0.0,0.0,0.0,1.0,1.0,0.0,0,0,1,0
1986691,54,False,False,medium_block,2079.1484000000005,36.260000000000005,57.34,2.0,0.15,0,0,0,0.0,1.0,1.0,1.0,1.0,0.0,0,0,1,0
1986691,58,False,False,medium_block,1495.605675,29.415,50.845,0.0,0.0,0,0,0,0.0,0.0,0.0,1.0,1.0,0.0,0,0,1,0
1986691,59,False,False,high_block,1414.4775,28.25,50.07,0.0,0.0,0,0,0,0.0,0.0,0.0,2.0,1.0,0.0,0,0,0,1
1986691,60,False,False,medium_block,1478.290125,28.825000000000003,51.285,0.0,0.25,0,0,0,1.0,1.0,0.0,2.0,2.0,1.0,0,0,1,0
1986691,61,False,False,high_block,1895.095,33.5,56.57,1.6666666666666667,2.05,1,0,0,3.0,3.0,2.0,3.0,5.0,4.0,1,0,0,1
1986691,62,False,False,medium_block,2150.8921499999997,36.11,59.565,2.0,1.8,1,0,0,2.0,2.0,2.0,3.0,4.0,3.0,1,0,1,0
1986691,65,False,False,medium_block,1642.1508,34.47,47.64,2.5,0.44999999999999996,0,0,0,0.0,2.0,3.0,2.0,1.0,0.0,0,0,1,0
1986691,66,False,False,low_block,2302.4642750000003,39.355000000000004,58.504999999999995,1.6666666666666667,0.75,0,1,0,0.0,3.0,0.0,3.0,2.0,1.0,1,1,0,0
1986691,68,False,False,high_block,2885.0448,44.44,64.92,2.0,1.5,0,1,0,3.0,4.0,0.0,3.0,5.0,4.0,1,0,0,1
1986691,69,False,False,low_block,1457.2689999999998,38.68,37.675,2.3333333333333335,1.2,0,1,0,0.0,5.0,3.0,3.0,2.0,1.0,1,1,0,0
1986691,71,False,False,high_block,2323.3821,30.81,75.41,1.5,0.0,0,0,0,0.0,0.0,0.0,1.0,1.0,0.0,0,0,0,1
1986691,73,False,False,medium_block,1396.2353250000003,24.935000000000002,55.995000000000005,1.5,0.75,0,1,0,0.0,0.0,0.0,2.0,2.0,1.0,1,0,1,0
1986691,77,False,False,high_block,2426.34525,36.05,67.305,1.0,0.5,0,0,0,2.0,2.0,0.0,1.0,3.0,2.0,0,0,0,1
1986691,78,False,False,medium_block,2339.3592,40.14,58.28,2.5,1.25,0,1,0,2.0,2.0,0.0,2.0,4.0,3.0,1,0,1,0
1986691,79,False,False,medium_block,1731.4460000000001,36.2,47.83,2.0,0.4,0,0,0,1.0,2.0,1.0,2.0,2.0,1.0,0,0,1,0
1986691,80,False,False,high_block,2445.0443999999998,36.18,67.58,3.0,1.75,0,1,0,4.0,4.0,0.0,2.0,6.0,5.0,1,0,0,1
1986691,81,False,False,medium_block,1942.92,30.84,63.0,3.0,1.75,0,1,0,4.0,4.0,0.0,2.0,6.0,5.0,1,0,1,0
1986691,83,True,False,low_block,1250.367825,32.745,38.185,3.0,0.9,0,1,0,0.0,1.0,1.0,1.0,2.0,1.0,1,1,0,0
1986691,84,True,False,medium_block,1311.034875,33.855000000000004,38.724999999999994,1.0,0.15,0,0,0,0.0,2.0,1.0,2.0,1.0,0.0,0,0,1,0
1986691,85,True,False,low_block,1248.6495000000002,32.7,38.185,1.0,0.15,0,0,0,0.0,1.0,1.0,1.0,1.0,0.0,0,1,0,0
1986691,86,True,False,medium_block,1289.871,35.475,36.36,0.0,0.0,0,0,0,0.0,0.0,0.0,3.0,1.0,0.0,0,0,1,0
1986691,87,True,False,low_block,1315.545,37.400000000000006,35.175,0.0,0.15,0,0,0,0.0,1.0,1.0,1.0,1.0,0.0,0,1,0,0
1986691,88,True,False,medium_block,1336.77685,38.21,34.985,0.0,0.3,0,0,0,0.0,0.0,2.0,2.0,1.0,0.0,0,0,1,0
1986691,89,True,False,low_block,928.918375,32.795,28.325,2.5,0.75,0,1,0,0.0,2.0,0.0,2.0,2.0,1.0,1,1,0,0
1986691,90,False,False,high_block,2571.87,39.72,64.75,1.5,0.0,0,0,0,0.0,2.0,0.0,1.0,1.0,0.0,0,0,0,1
1986691,91,False,False,medium_block,2567.0556000000006,39.92,64.305,1.5,0.0,0,0,0,0.0,2.0,0.0,1.0,1.0,0.0,0,0,1,0
1986691,93,False,False,low_block,1601.5223999999998,34.635,46.239999999999995,1.5,0.15,0,0,0,0.0,1.0,1.0,3.0,1.0,0.0,0,1,0,0
1986691,95,False,False,high_block,2038.2053999999998,29.505,69.08,1.5,1.0,0,1,0,1.0,1.0,0.0,1.0,3.0,2.0,1,0,0,1
1986691,96,False,False,medium_block,2005.6484999999998,35.675,56.22,1.5,1.4,0,1,0,2.0,2.0,1.0,2.0,4.0,3.0,1,0,1,0
1986691,97,False,False,high_block,1887.373125,38.775000000000006,48.675,0.0,0.15,0,0,0,0.0,0.0,1.0,2.0,1.0,0.0,0,0,0,1
1986691,98,False,False,medium_block,1848.86205,38.53,47.985,2.5,1.4,1,0,0,1.0,1.0,1.0,2.0,3.0,2.0,1,0,1,0
1986691,99,False,False,medium_block,1353.8064,31.439999999999998,43.06,0.0,0.15,0,0,0,0.0,0.0,1.0,1.0,1.0,0.0,0,0,1,0
1986691,100,False,False,low_block,1411.2,36.0,39.2,2.0,0.3,0,0,0,0.0,2.0,2.0,2.0,1.0,0.0,0,1,0,0
1986691,101,False,False,high_block,1940.2523999999999,33.58,57.78,0.0,0.4,0,0,0,1.0,1.0,1.0,2.0,2.0,1.0,0,0,0,1
1986691,102,False,False,medium_block,1899.57915,33.915,56.010000000000005,3.0,3.35,1,1,0,4.0,5.0,4.0,3.0,7.0,6.0,1,0,1,0
1986691,103,False,False,low_block,1919.7024000000001,33.92,56.595,4.0,1.05,0,1,0,0.0,1.0,2.0,1.0,2.0,1.0,1,1,0,0
1986691,108,False,False,low_block,1025.0625,24.85,41.25,2.3333333333333335,1.75,0,1,1,1.0,7.0,0.0,3.0,3.0,2.0,1,1,0,0
1986691,109,False,False,high_block,2260.0405000000005,32.95,68.59,2.3333333333333335,2.0,0,1,1,2.0,4.0,0.0,3.0,4.0,3.0,1,0,0,1
1986691,111,False,False,medium_block,2082.800475,32.715,63.665,3.0,0.9,0,1,0,0.0,1.0,1.0,2.0,2.0,1.0,1,0,1,0
1986691,112,False,False,high_block,2493.6569,37.66,66.215,1.0,0.0,0,0,0,0.0,0.0,0.0,2.0,1.0,0.0,0,0,0,1
1986691,113,False,False,medium_block,2044.6209000000001,35.14,58.185,1.75,1.75,0,1,0,4.0,4.0,0.0,4.0,6.0,5.0,1,0,1,0
1986691,114,False,False,high_block,2141.864175,37.455,57.185,0.0,1.4,0,0,1,2.0,2.0,1.0,2.0,3.0,2.0,1,0,0,1
1986691,115,False,False,medium_block,2467.7274750000006,43.665000000000006,56.515,0.5,1.15,0,0,1,1.0,1.0,1.0,2.0,2.0,1.0,1,0,1,0
1986691,116,False,False,high_block,2460.92415,42.47,57.945,1.3333333333333333,3.4,1,1,1,3.0,3.0,1.0,3.0,6.0,5.0,1,0,0,1
1986691,117,False,False,medium_block,2427.0894000000003,39.42,61.57,1.6666666666666667,3.4,1,1,1,3.0,3.0,1.0,3.0,6.0,5.0,1,0,1,0
1986691,118,False,False,medium_block,1816.6837500000001,37.17,48.875,0.0,0.3,0,0,0,0.0,1.0,2.0,1.0,1.0,0.0,0,0,1,0
1986691,119,False,False,low_block,1298.7242250000002,34.665,37.465,2.5,0.0,0,0,0,0.0,2.0,0.0,2.0,1.0,0.0,0,1,0,0
1986691,121,False,False,medium_block,1751.7412,41.14,42.58,1.5,0.0,0,0,0,0.0,0.0,0.0,1.0,1.0,0.0,0,0,1,0
1986691,125,False,False,high_block,2482.3471,36.17,68.63,4.0,0.75,0,1,0,0.0,2.0,0.0,1.0,2.0,1.0,1,0,0,1
1986691,126,False,False,medium_block,2759.863125,38.265,72.125,1.0,0.15,0,0,0,0.0,1.0,1.0,1.0,1.0,0.0,0,0,1,0
1986691,127,True,False,low_block,1316.04435,36.39,36.165,0.0,0.15,0,0,0,0.0,1.0,1.0,1.0,1.0,0.0,0,1,0,0
1986691,129,False,False,medium_block,2146.59,39.1,54.9,1.6666666666666667,1.25,0,1,0,2.0,3.0,0.0,3.0,4.0,3.0,1,0,1,0
1986691,131,False,False,high_block,2276.0225,34.42,66.125,2.0,2.45,1,1,0,1.0,3.0,3.0,3.0,4.0,3.0,1,0,0,1
1986691,132,False,False,medium_block,2107.1782000000003,32.21,65.42,1.6666666666666667,1.35,0,1,0,0.0,1.0,6.0,3.0,2.0,1.0,1,0,1,0
1986691,133,False,False,low_block,1483.4964,31.439999999999998,47.185,2.0,0.9,0,1,0,0.0,2.0,1.0,2.0,2.0,1.0,1,1,0,0
1986691,135,False,False,medium_block,1330.9705999999999,28.58,46.57,1.0,1.55,1,0,0,1.0,1.0,2.0,1.0,3.0,2.0,1,0,1,0
1986691,136,False,False,high_block,1907.5637,31.990000000000002,59.629999999999995,0.5,1.8,1,0,0,2.0,2.0,2.0,2.0,4.0,3.0,1,0,0,1
1986691,138,False,False,medium_block,2153.0382750000003,41.835,51.465,3.0,1.05,0,1,0,0.0,1.0,2.0,2.0,2.0,1.0,1,0,1,0
1986691,139,False,False,high_block,2266.7191999999995,40.239999999999995,56.33,0.0,1.65,1,0,0,2.0,2.0,1.0,2.0,4.0,3.0,1,0,0,1
1986691,140,False,False,medium_block,2391.7656,39.235,60.96,1.5,1.65,1,0,0,2.0,2.0,1.0,2.0,4.0,3.0,1,0,1,0
1986691,145,False,False,medium_block,1706.7152499999997,38.974999999999994,43.79,0.0,0.0,0,0,0,0.0,1.0,0.0,1.0,1.0,0.0,0,0,1,0
1986691,146,False,False,low_block,1568.9605000000001,34.7,45.215,2.3333333333333335,0.75,0,1,0,0.0,3.0,0.0,3.0,2.0,1.0,1,1,0,0
1986691,150,False,False,low_block,1390.9430000000004,33.400000000000006,41.645,1.5,0.15,0,0,0,0.0,1.0,1.0,2.0,1.0,0.0,0,1,0,0
1986691,151,False,False,medium_block,1491.0839999999998,36.6,40.739999999999995,0.0,0.0,0,0,0,0.0,0.0,0.0,2.0,1.0,0.0,0,0,1,0
1986691,152,False,False,low_block,1266.0555000000002,35.34,35.825,1.0,0.15,0,0,0,0.0,1.0,1.0,1.0,1.0,0.0,0,1,0,0
1986691,153,False,False,high_block,2526.9251,38.485,65.66,2.3333333333333335,1.75,0,1,0,4.0,4.0,0.0,3.0,6.0,5.0,1,0,0,1
1986691,154,False,False,medium_block,1724.8128749999998,27.075,63.705,3.0,1.5,0,1,0,3.0,5.0,0.0,3.0,5.0,4.0,1,0,1,0
1986691,156,False,False,medium_block,2360.7426,35.965,65.64,1.5,1.35,0,1,0,0.0,1.0,4.0,2.0,2.0,1.0,1,0,1,0
1986691,157,False,False,low_block,1563.1245,29.189999999999998,53.55,2.6666666666666665,1.35,0,1,0,0.0,4.0,5.0,3.0,2.0,1.0,1,1,0,0
1986691,159,False,False,medium_block,2784.1036749999994,40.084999999999994,69.455,3.0,0.15,0,0,0,0.0,1.0,1.0,1.0,1.0,0.0,0,0,1,0
1986691,163,False,False,low_block,598.4712000000002,27.810000000000002,21.520000000000003,0.0,0.0,0,0,0,0.0,0.0,0.0,2.0,1.0,0.0,0,1,0,0
1986691,164,False,False,high_block,2882.2635999999998,41.239999999999995,69.89,1.0,0.9,0,1,0,0.0,1.0,1.0,3.0,2.0,1.0,1,0,0,1
1986691,165,False,False,medium_block,1947.377025,34.815,55.935,0.5,0.9,0,1,0,0.0,1.0,1.0,2.0,2.0,1.0,1,0,1,0
1986691,166,False,False,low_block,1482.0578500000001,37.135000000000005,39.91,0.6666666666666666,0.0,0,0,0,0.0,3.0,0.0,3.0,1.0,0.0,0,1,0,0
1986691,167,False,False,medium_block,1428.65385,38.415,37.19,0.0,0.0,0,0,0,0.0,1.0,0.0,2.0,1.0,0.0,0,0,1,0
1986691,168,False,False,low_block,1464.068925,40.095,36.515,0.5,0.3,0,0,0,0.0,1.0,2.0,2.0,1.0,0.0,0,1,0,0
1986691,170,False,False,high_block,2033.8062499999999,30.625,66.41,1.0,0.3,0,0,0,0.0,0.0,2.0,2.0,1.0,0.0,0,0,0,1
1986691,171,False,False,medium_block,1929.9150499999996,34.269999999999996,56.315,1.0,1.0,0,1,0,1.0,1.0,0.0,2.0,3.0,2.0,1,0,1,0
1986691,172,False,False,high_block,2012.844975,39.705,50.695,0.0,0.0,0,0,0,0.0,0.0,0.0,2.0,1.0,0.0,0,0,0,1
1986691,173,False,False,medium_block,2087.5372,40.88,51.065,0.0,0.0,0,0,0,0.0,0.0,0.0,2.0,1.0,0.0,0,0,1,0
1986691,174,False,False,high_block,1931.408325,38.295,50.435,0.0,0.0,0,0,0,0.0,0.0,0.0,2.0,1.0,0.0,0,0,0,1
1986691,175,False,False,medium_block,1684.1968000000002,34.64,48.620000000000005,3.0,0.3,0,0,0,0.0,1.0,2.0,1.0,1.0,0.0,0,0,1,0
1986691,176,False,False,medium_block,984.405,22.475,43.8,3.5,1.2,0,1,0,0.0,4.0,3.0,3.0,2.0,1.0,1,0,1,0
1986691,177,False,False,low_block,848.1224500000002,18.770000000000003,45.185,4.0,0.44999999999999996,0,0,0,0.0,2.0,3.0,1.0,1.0,0.0,0,1,0,0
1986691,178,False,False,medium_block,2087.4053,35.18,59.335,2.0,1.55,1,0,0,1.0,2.0,2.0,1.0,3.0,2.0,1,0,1,0
1986691,179,True,False,medium_block,1825.7712,33.22,54.96,2.0,1.35,0,1,0,0.0,3.0,5.0,2.0,2.0,1.0,1,0,1,0
1986691,180,False,False,low_block,1495.4772,28.715,52.08,3.0,1.2,0,1,0,0.0,2.0,3.0,1.0,2.0,1.0,1,1,0,0
1986691,183,False,False,low_block,987.8584000000001,26.12,37.82,2.75,1.2,0,1,0,0.0,5.0,3.0,4.0,2.0,1.0,1,1,0,0
1986691,184,False,False,high_block,2185.6351999999997,31.36,69.695,2.6666666666666665,1.9,0,1,0,4.0,4.0,1.0,3.0,6.0,5.0,1,0,0,1
1986691,185,False,False,medium_block,1995.1982500000001,30.475,65.47,2.6666666666666665,1.4,0,1,0,2.0,3.0,1.0,3.0,4.0,3.0,1,0,1,0
1986691,188,True,False,high_block,2988.456,41.68,71.7,1.5,1.4,1,0,0,1.0,1.0,1.0,0.0,3.0,2.0,1,0,0,1
1986691,189,True,False,medium_block,2496.911625,37.115,67.275,1.0,1.3,0,1,0,1.0,1.0,2.0,1.0,3.0,2.0,1,0,1,0
1986691,190,True,False,low_block,1455.9948000000002,26.415,55.120000000000005,3.0,0.15,0,0,0,0.0,2.0,1.0,1.0,1.0,0.0,0,1,0,0
1986691,193,False,False,high_block,2105.8296,30.759999999999998,68.46000000000001,2.5,0.9,0,1,0,0.0,2.0,1.0,2.0,2.0,1.0,1,0,0,1
1986691,195,False,False,high_block,2343.289,34.45,68.02,1.5,1.55,0,0,1,2.0,2.0,2.0,2.0,3.0,2.0,1,0,0,1
1986691,197,False,False,medium_block,1356.124,28.490000000000002,47.6,1.5,0.0,0,0,0,0.0,0.0,0.0,0.0,1.0,0.0,0,0,1,0
1986691,198,False,False,low_block,1731.8688000000002,30.405,56.96,2.0,1.05,0,1,0,0.0,4.0,2.0,2.0,2.0,1.0,1,1,0,0
1986691,199,False,False,medium_block,1253.4305250000002,31.145,40.245000000000005,0.0,0.15,0,0,0,0.0,1.0,1.0,2.0,1.0,0.0,0,0,1,0
1986691,200,False,False,low_block,2067.2599999999998,39.754999999999995,52.0,2.0,0.15,0,0,0,0.0,1.0,1.0,1.0,1.0,0.0,0,1,0,0
1986691,201,False,False,medium_block,1324.4412000000002,32.43,40.84,2.0,0.0,0,0,0,0.0,0.0,0.0,3.0,1.0,0.0,0,0,1,0
1986691,202,False,False,low_block,1488.1418999999999,35.61,41.79,2.0,0.0,0,0,0,0.0,0.0,0.0,2.0,1.0,0.0,0,1,0,0
1986691,203,False,False,medium_block,1568.7419999999997,34.44,45.55,2.0,2.55,1,1,0,2.0,2.0,2.0,2.0,5.0,4.0,1,0,1,0
1986691,204,False,False,medium_block,1622.7207500000002,33.355000000000004,48.65,0.0,0.0,0,0,0,0.0,0.0,0.0,1.0,1.0,0.0,0,0,1,0
1986691,205,False,False,high_block,1683.0070499999997,34.144999999999996,49.29,0.0,0.0,0,0,0,0.0,0.0,0.0,2.0,1.0,0.0,0,0,0,1
1986691,206,False,False,medium_block,2074.0929,45.705,45.38,1.5,1.25,0,1,0,2.0,2.0,0.0,2.0,4.0,3.0,1,0,1,0
1986691,207,False,False,medium_block,1718.6524,40.765,42.16,2.0,1.9,0,1,0,4.0,4.0,1.0,3.0,6.0,5.0,1,0,1,0
1986691,211,False,False,medium_block,1409.8825000000002,23.075000000000003,61.1,4.0,1.35,0,1,0,0.0,1.0,4.0,2.0,2.0,1.0,1,0,1,0
1986691,212,False,False,low_block,1497.2363249999999,26.265,57.004999999999995,4.0,0.44999999999999996,0,0,0,0.0,2.0,3.0,1.0,1.0,0.0,0,1,0,0
1986691,213,True,False,low_block,1042.6082999999999,30.259999999999998,34.455,3.3333333333333335,0.75,0,1,0,0.0,3.0,0.0,3.0,2.0,1.0,1,1,0,0
1986691,215,False,False,medium_block,1705.3653,27.87,61.19,2.0,3.1,1,1,0,3.0,3.0,4.0,2.0,6.0,5.0,1,0,1,0
1986691,216,False,False,high_block,2512.5324,39.705,63.28,2.0,0.5,0,0,0,2.0,2.0,0.0,2.0,3.0,2.0,0,0,0,1
1986691,217,False,False,medium_block,2764.33965,43.335,63.79,2.0,0.5,0,0,0,2.0,2.0,0.0,3.0,3.0,2.0,0,0,1,0
1986691,224,False,False,medium_block,1519.40315,35.89,42.335,0.0,0.15,0,0,0,0.0,0.0,1.0,2.0,1.0,0.0,0,0,1,0
1986691,226,False,False,high_block,2534.62,41.0,61.82,0.6666666666666666,0.75,0,1,0,0.0,1.0,0.0,3.0,2.0,1.0,1,0,0,1
1986691,227,False,False,medium_block,2054.8320000000003,35.52,57.85,2.5,1.05,0,1,0,0.0,3.0,2.0,2.0,2.0,1.0,1,0,1,0
1986691,228,False,False,low_block,1775.0732999999996,33.41,53.129999999999995,2.3333333333333335,0.9,0,1,0,0.0,5.0,1.0,3.0,2.0,1.0,1,1,0,0
1986691,232,True,False,low_block,1166.9799999999998,28.119999999999997,41.5,3.0,0.75,0,1,0,0.0,1.0,0.0,1.0,2.0,1.0,1,1,0,0
1986691,235,False,False,medium_block,1258.6423499999999,25.89,48.614999999999995,1.5,2.7,1,1,0,2.0,2.0,3.0,2.0,5.0,4.0,1,0,1,0
1986691,236,False,False,low_block,1068.5115750000002,29.685000000000002,35.995000000000005,0.0,0.3,0,0,0,0.0,0.0,2.0,1.0,1.0,0.0,0,1,0,0
1986691,238,False,False,medium_block,1848.8188999999998,35.33,52.33,3.0,0.75,0,1,0,0.0,3.0,0.0,2.0,2.0,1.0,1,0,1,0
1986691,241,False,False,low_block,1247.9213500000003,32.105000000000004,38.870000000000005,1.0,0.15,0,0,0,0.0,1.0,1.0,1.0,1.0,0.0,0,1,0,0
1986691,242,False,False,medium_block,1248.5406,33.455,37.32,0.0,0.3,0,0,0,0.0,1.0,2.0,1.0,1.0,0.0,0,0,1,0
1986691,243,False,False,low_block,1595.1176500000001,38.59,41.335,1.0,0.44999999999999996,0,0,0,0.0,1.0,3.0,1.0,1.0,0.0,0,1,0,0
1986691,244,False,False,medium_block,1729.7220750000001,36.885000000000005,46.894999999999996,2.0,2.8,1,1,0,3.0,3.0,2.0,2.0,6.0,5.0,1,0,1,0
1986691,245,True,False,low_block,1194.6285,35.1,34.035,0.0,0.0,0,0,0,0.0,1.0,0.0,2.0,1.0,0.0,0,1,0,0
1986691,246,True,False,medium_block,1198.7044999999998,35.825,33.459999999999994,0.0,0.0,0,0,0,0.0,1.0,0.0,2.0,1.0,0.0,0,0,1,0
1986691,247,True,False,low_block,1273.4338750000004,36.275000000000006,35.105000000000004,0.0,0.25,0,0,0,1.0,3.0,0.0,3.0,2.0,1.0,0,1,0,0
1986691,248,True,False,medium_block,1453.868875,36.415,39.925,0.0,0.55,0,0,0,1.0,1.0,2.0,1.0,2.0,1.0,0,0,1,0
1986691,249,True,False,low_block,1251.3085,30.950000000000003,40.43,1.0,0.75,0,1,0,0.0,3.0,0.0,2.0,2.0,1.0,1,1,0,0
1986691,250,False,False,medium_block,1997.4606249999995,32.974999999999994,60.574999999999996,1.0,1.05,0,1,0,0.0,3.0,2.0,2.0,2.0,1.0,1,0,1,0
1986691,253,True,False,medium_block,2046.5009250000003,32.585,62.80500000000001,0.0,1.2,0,1,0,0.0,1.0,3.0,2.0,2.0,1.0,1,0,1,0
1986691,254,True,False,low_block,1207.7939999999999,33.775,35.76,2.0,0.75,0,1,0,0.0,3.0,0.0,2.0,2.0,1.0,1,1,0,0
1986691,255,False,False,medium_block,1622.7484,26.585,61.04,1.5,0.0,0,0,0,0.0,2.0,0.0,0.0,1.0,0.0,0,0,1,0
1986691,256,False,False,high_block,1782.8948,29.08,61.31,1.5,0.0,0,0,0,0.0,2.0,0.0,1.0,1.0,0.0,0,0,0,1
1986691,257,False,False,medium_block,2008.4311999999995,32.989999999999995,60.879999999999995,1.5,0.75,0,1,0,0.0,2.0,0.0,2.0,2.0,1.0,1,0,1,0
1986691,259,False,False,medium_block,2040.572975,35.665,57.215,1.0,0.9,0,1,0,0.0,0.0,1.0,2.0,2.0,1.0,1,0,1,0
1986691,260,False,False,high_block,2262.5503999999996,33.44,67.66,3.0,1.65,1,0,0,2.0,2.0,1.0,1.0,4.0,3.0,1,0,0,1
1986691,261,False,False,medium_block,2045.3312,29.92,68.36,1.5,0.0,0,0,0,0.0,0.0,0.0,0.0,1.0,0.0,0,0,1,0
1986691,262,True,False,high_block,1886.8118750000003,32.075,58.825,1.0,0.3,0,0,0,0.0,0.0,2.0,1.0,1.0,0.0,0,0,0,1
1986691,263,True,False,medium_block,1709.9142250000002,31.715000000000003,53.915,1.0,1.05,0,1,0,0.0,1.0,2.0,2.0,2.0,1.0,1,0,1,0
1986691,264,True,False,low_block,1352.6271000000002,25.380000000000003,53.295,2.5,1.05,0,1,0,0.0,2.0,2.0,2.0,2.0,1.0,1,1,0,0
1986691,265,False,False,medium_block,1155.0130499999998,25.845,44.69,1.5,0.75,0,1,0,0.0,1.0,0.0,1.0,2.0,1.0,1,0,1,0
1986691,269,False,False,medium_block,2068.88565,32.545,63.57000000000001,1.0,0.75,0,1,0,0.0,0.0,0.0,1.0,2.0,1.0,1,0,1,0
1986691,270,True,False,low_block,1749.7649500000002,35.615,49.13,2.0,1.2,0,1,0,0.0,4.0,3.0,3.0,2.0,1.0,1,1,0,0
1986691,273,False,False,high_block,2176.7270000000003,35.825,60.76,2.0,1.55,0,0,1,2.0,2.0,2.0,2.0,3.0,2.0,1,0,0,1
1986691,274,False,False,medium_block,2621.7450000000003,42.63,61.5,2.0,1.55,0,0,1,2.0,2.0,2.0,2.0,3.0,2.0,1,0,1,0
1986691,275,False,False,high_block,2674.6005,42.9,62.345,2.0,1.15,0,0,1,1.0,1.0,1.0,1.0,2.0,1.0,1,0,0,1
1986691,278,False,False,medium_block,1604.139,29.85,53.739999999999995,4.0,0.9,0,1,0,0.0,2.0,1.0,1.0,2.0,1.0,1,0,1,0
1986691,279,False,False,low_block,1265.9054999999998,29.98,42.224999999999994,1.0,0.44999999999999996,0,0,0,0.0,0.0,3.0,2.0,1.0,0.0,0,1,0,0
1986691,280,False,False,high_block,2625.763975,36.665,71.615,1.0,0.75,0,1,0,0.0,1.0,0.0,2.0,2.0,1.0,1,0,0,1
1986691,283,False,False,medium_block,,,,1.5,0.0,0,0,0,0.0,1.0,0.0,1.0,1.0,0.0,0,0,1,0
1986691,284,False,False,low_block,1563.806325,33.135,47.195,3.0,0.0,0,0,0,0.0,2.0,0.0,3.0,1.0,0.0,0,1,0,0
1986691,289,False,False,medium_block,1367.7425999999998,30.659999999999997,44.61,0.0,0.0,0,0,0,0.0,2.0,0.0,1.0,1.0,0.0,0,0,1,0
1986691,290,False,False,low_block,1401.3984,33.24,42.16,0.0,0.0,0,0,0,0.0,2.0,0.0,1.0,1.0,0.0,0,1,0,0
1986691,291,False,False,medium_block,1394.2817499999999,34.675,40.21,0.0,0.3,0,0,0,0.0,0.0,2.0,2.0,1.0,0.0,0,0,1,0
1986691,292,False,False,low_block,1318.4956,35.32,37.33,0.0,0.3,0,0,0,0.0,0.0,2.0,1.0,1.0,0.0,0,1,0,0
1986691,293,False,False,medium_block,1315.65995,33.935,38.769999999999996,0.0,0.15,0,0,0,0.0,1.0,1.0,3.0,1.0,0.0,0,0,1,0
1986691,294,False,False,low_block,1206.5856,32.505,37.12,1.0,1.05,0,1,0,0.0,3.0,2.0,3.0,2.0,1.0,1,1,0,0
1986691,295,False,False,medium_block,1173.9568,33.58,34.96,0.0,0.0,0,0,0,0.0,0.0,0.0,2.0,1.0,0.0,0,0,1,0
1986691,296,False,False,low_block,1324.5606,35.64,37.165,0.5,0.9,0,1,0,0.0,2.0,1.0,2.0,2.0,1.0,1,1,0,0
1986691,297,False,False,medium_block,1624.5642000000005,39.165000000000006,41.480000000000004,0.5,0.15,0,0,0,0.0,2.0,1.0,2.0,1.0,0.0,0,0,1,0
1986691,298,False,False,low_block,1846.3770000000002,41.925,44.040000000000006,2.6666666666666665,0.9,0,1,0,0.0,3.0,1.0,3.0,2.0,1.0,1,1,0,0
1986691,300,True,False,low_block,1155.1976000000002,33.64,34.34,3.0,1.05,0,1,0,0.0,3.0,2.0,3.0,2.0,1.0,1,1,0,0
1986691,304,False,False,medium_block,874.3264750000001,24.695,35.405,0.0,0.15,0,0,0,0.0,1.0,1.0,1.0,1.0,0.0,0,0,1,0
1986691,306,False,False,low_block,1488.5813249999999,33.705,44.165,1.0,0.9,0,1,0,0.0,2.0,1.0,2.0,2.0,1.0,1,1,0,0
1986691,308,False,False,low_block,956.745,28.5,33.57,2.0,0.15,0,0,0,0.0,2.0,1.0,2.0,1.0,0.0,0,1,0,0
1986691,311,False,False,medium_block,2248.3492499999998,42.175,53.31,1.0,1.05,0,1,0,0.0,1.0,2.0,2.0,2.0,1.0,1,0,1,0
1986691,312,False,False,low_block,1622.050425,35.795,45.315,1.0,1.05,0,1,0,0.0,1.0,2.0,2.0,2.0,1.0,1,1,0,0
1986691,313,False,False,medium_block,1540.0308,35.715,43.12,0.5,1.55,1,0,0,1.0,3.0,2.0,2.0,3.0,2.0,1,0,1,0
1986691,314,False,False,low_block,1451.8754249999997,37.765,38.44499999999999,2.0,1.05,0,1,0,0.0,2.0,2.0,3.0,2.0,1.0,1,1,0,0
1986691,315,False,False,high_block,2752.8370000000004,39.575,69.56,3.0,0.5,0,0,0,2.0,2.0,0.0,2.0,3.0,2.0,0,0,0,1
1986691,320,False,False,high_block,2620.2998000000002,43.57,60.14,1.5,0.0,0,0,0,0.0,1.0,0.0,1.0,1.0,0.0,0,0,0,1
1986691,322,False,False,medium_block,2302.9687999999996,44.769999999999996,51.44,1.0,2.3,1,1,0,1.0,1.0,2.0,2.0,4.0,3.0,1,0,1,0
1986691,323,False,False,low_block,1136.2972499999998,30.689999999999998,37.025,2.0,0.0,0,0,0,0.0,3.0,0.0,1.0,1.0,0.0,0,1,0,0
1986691,329,False,False,medium_block,2091.1275,44.73,46.75,0.0,0.0,0,0,0,0.0,0.0,0.0,2.0,1.0,0.0,0,0,1,0
1986691,331,False,False,low_block,1226.41095,34.31,35.745,2.0,1.05,0,1,0,0.0,2.0,2.0,1.0,2.0,1.0,1,1,0,0
1986691,333,True,False,low_block,800.49095,27.79,28.805,1.5,0.0,0,0,0,0.0,2.0,0.0,3.0,1.0,0.0,0,1,0,0
1986691,334,False,False,medium_block,2564.201775,37.795,67.845,3.0,0.75,0,0,0,3.0,3.0,0.0,1.0,4.0,3.0,0,0,1,0
1986691,335,False,False,high_block,2892.0528000000004,43.68,66.21000000000001,1.0,1.8,1,0,0,2.0,2.0,2.0,2.0,4.0,3.0,1,0,0,1
1986691,337,False,False,medium_block,2042.2301249999998,41.724999999999994,48.945,0.5,0.75,0,1,0,0.0,1.0,0.0,2.0,2.0,1.0,1,0,1,0
1986691,338,False,False,high_block,2237.2314250000004,43.615,51.295,0.0,0.0,0,0,0,0.0,0.0,0.0,1.0,1.0,0.0,0,0,0,1
1986691,339,False,False,medium_block,2268.3505999999998,44.019999999999996,51.53,1.5,1.2,0,1,0,0.0,2.0,3.0,2.0,2.0,1.0,1,0,1,0
1986691,340,False,False,low_block,1796.8557750000002,38.555,46.605000000000004,1.6666666666666667,0.9,0,1,0,0.0,3.0,1.0,3.0,2.0,1.0,1,1,0,0
1986691,341,False,False,high_block,2604.0236999999997,41.504999999999995,62.74,2.0,1.05,0,1,0,0.0,1.0,2.0,2.0,2.0,1.0,1,0,0,1
1986691,342,False,False,medium_block,2331.675,38.7,60.25,2.5,0.75,0,1,0,0.0,2.0,0.0,2.0,2.0,1.0,1,0,1,0
1986691,343,False,False,medium_block,1895.67,42.84,44.25,0.0,0.55,0,0,0,1.0,2.0,2.0,2.0,2.0,1.0,0,0,1,0
1986691,344,False,False,low_block,1336.2720749999996,34.605,38.614999999999995,3.0,0.0,0,0,0,0.0,1.0,0.0,1.0,1.0,0.0,0,1,0,0
1986691,346,False,False,medium_block,1958.8137,36.91,53.07,1.5,2.15,1,1,0,1.0,2.0,1.0,2.0,4.0,3.0,1,0,1,0
1986691,347,False,False,low_block,1672.2720000000002,35.55,47.040000000000006,2.0,1.15,0,0,1,1.0,3.0,1.0,2.0,2.0,1.0,1,1,0,0
1986691,348,False,False,high_block,2445.438325,36.655,66.715,2.5,2.25,0,1,1,3.0,3.0,0.0,2.0,5.0,4.0,1,0,0,1
1986691,349,False,False,medium_block,2352.776,35.8,65.72,2.5,2.25,0,1,1,3.0,3.0,0.0,2.0,5.0,4.0,1,0,1,0
1986691,350,False,False,medium_block,2210.79375,44.55,49.625,3.0,0.0,0,0,0,0.0,3.0,0.0,2.0,1.0,0.0,0,0,1,0
1986691,351,False,False,high_block,2347.1055,39.315,59.7,0.3333333333333333,0.9,0,1,0,0.0,0.0,1.0,3.0,2.0,1.0,1,0,0,1
1986691,352,False,False,medium_block,2100.539,38.150000000000006,55.06,2.0,1.95,1,0,0,2.0,2.0,3.0,2.0,4.0,3.0,1,0,1,0
1986691,354,False,False,medium_block,1786.8404249999999,36.065,49.545,0.0,0.25,0,0,0,1.0,1.0,0.0,1.0,2.0,1.0,0,0,1,0
1986691,355,False,False,high_block,2319.0126999999998,40.415,57.379999999999995,2.0,1.65,1,0,0,2.0,2.0,1.0,1.0,4.0,3.0,1,0,0,1
1986691,356,False,False,low_block,981.2340999999999,25.27,38.83,3.0,1.2,0,1,0,0.0,5.0,3.0,1.0,2.0,1.0,1,1,0,0
1986691,361,True,False,medium_block,1661.6404,29.84,55.685,2.0,0.0,0,0,0,0.0,0.0,0.0,1.0,1.0,0.0,0,0,1,0
1986691,362,True,False,high_block,2197.2505,37.21,59.05,0.5,2.2,1,0,0,3.0,3.0,3.0,2.0,5.0,4.0,1,0,0,1
1986691,363,True,False,medium_block,2157.8458,39.82,54.19,1.0,0.9,0,1,0,0.0,1.0,1.0,2.0,2.0,1.0,1,0,1,0
1986691,364,True,False,low_block,1200.6860000000001,28.880000000000003,41.575,2.0,0.9,0,1,0,0.0,4.0,1.0,1.0,2.0,1.0,1,1,0,0
1986691,369,False,False,high_block,2665.536,38.400000000000006,69.41499999999999,2.0,1.0,0,0,0,4.0,4.0,0.0,3.0,5.0,4.0,0,0,0,1
1986691,371,False,False,medium_block,1801.2031999999997,34.879999999999995,51.64,2.5,2.4,1,1,0,2.0,4.0,1.0,2.0,5.0,4.0,1,0,1,0
1986691,372,False,False,low_block,1496.7327,31.62,47.335,2.0,0.9,0,1,0,0.0,3.0,1.0,3.0,2.0,1.0,1,1,0,0
1986691,373,False,False,medium_block,1384.308675,32.355000000000004,42.785,1.5,2.3,1,1,0,1.0,2.0,2.0,2.0,4.0,3.0,1,0,1,0
1986691,374,False,False,high_block,2938.54665,48.165,61.010000000000005,1.0,1.0,0,1,0,1.0,1.0,0.0,2.0,3.0,2.0,1,0,0,1
1986691,375,False,False,medium_block,2365.8277499999995,40.849999999999994,57.915,1.0,1.5,0,1,0,3.0,3.0,0.0,2.0,5.0,4.0,1,0,1,0
1986691,376,False,False,high_block,2274.4995,39.9,57.005,0.5,1.7,1,0,0,1.0,1.0,3.0,2.0,3.0,2.0,1,0,0,1
1986691,377,False,False,medium_block,1694.5915000000002,33.74,50.225,2.3333333333333335,1.75,0,1,0,4.0,5.0,0.0,3.0,6.0,5.0,1,0,1,0
1986691,379,False,False,medium_block,,,,1.5,0.0,0,0,0,0.0,1.0,0.0,1.0,1.0,0.0,0,0,1,0
1986691,380,False,False,low_block,1463.9149,38.585,37.94,1.0,0.0,0,0,0,0.0,2.0,0.0,2.0,1.0,0.0,0,1,0,0
1986691,381,False,False,medium_block,1806.6852000000001,40.545,44.56,1.0,2.65,1,1,0,3.0,3.0,1.0,2.0,6.0,5.0,1,0,1,0
1986691,382,False,False,high_block,2225.418,41.55,53.56,1.0,1.0,0,1,0,1.0,1.0,0.0,2.0,3.0,2.0,1,0,0,1
1986691,383,False,False,medium_block,2359.07895,41.61,56.695,1.0,1.0,0,1,0,1.0,1.0,0.0,2.0,3.0,2.0,1,0,1,0
1986691,384,False,False,high_block,2570.4614,42.34,60.709999999999994,1.5,0.65,0,0,0,2.0,3.0,1.0,2.0,3.0,2.0,0,0,0,1
1986691,385,False,False,medium_block,2635.5731249999994,42.084999999999994,62.625,2.0,1.4,0,1,0,2.0,4.0,1.0,3.0,4.0,3.0,1,0,1,0
1986691,388,False,False,medium_block,1331.4113,34.13,39.01,0.0,0.0,0,0,0,0.0,1.0,0.0,2.0,1.0,0.0,0,0,1,0
1986691,389,False,False,low_block,1236.7372500000001,33.525000000000006,36.89,1.3333333333333333,0.75,0,1,0,0.0,4.0,0.0,3.0,2.0,1.0,1,1,0,0
1986691,390,False,False,medium_block,2882.0181,49.66,58.035,1.0,1.2,0,1,0,0.0,1.0,3.0,3.0,2.0,1.0,1,0,1,0
1986691,391,False,False,high_block,2449.60905,44.03,55.635,0.0,0.25,0,0,0,1.0,1.0,0.0,1.0,2.0,1.0,0,0,0,1
1986691,392,False,False,medium_block,2107.8789,39.22,53.745000000000005,0.0,0.5,0,0,0,2.0,2.0,0.0,1.0,3.0,2.0,0,0,1,0
1986691,393,False,False,high_block,2348.975,42.5,55.269999999999996,0.3333333333333333,0.65,0,0,0,2.0,2.0,1.0,3.0,3.0,2.0,0,0,0,1
1986691,394,False,False,medium_block,2509.2909999999997,44.57,56.3,3.0,1.65,1,0,0,2.0,2.0,1.0,1.0,4.0,3.0,1,0,1,0
1986691,395,False,False,medium_block,2067.8322,43.57,47.46,1.5,1.05,0,0,0,3.0,3.0,2.0,2.0,4.0,3.0,0,0,1,0
1986691,397,False,False,medium_block,2688.9512000000004,45.56,59.02,1.0,0.75,0,1,0,0.0,0.0,0.0,1.0,2.0,1.0,1,0,1,0
1986691,399,False,False,medium_block,2468.5911250000004,41.965,58.825,3.0,1.2,0,1,0,0.0,1.0,3.0,1.0,2.0,1.0,1,0,1,0
1986691,401,False,False,high_block,1739.75025,25.755000000000003,67.55,1.5,0.0,0,0,0,0.0,0.0,0.0,1.0,1.0,0.0,0,0,0,1
1986691,403,False,False,low_block,1824.0767999999996,27.839999999999996,65.52,2.3333333333333335,0.9,0,1,0,0.0,5.0,1.0,3.0,2.0,1.0,1,1,0,0
1986691,404,False,False,medium_block,1062.698675,22.565,47.095,1.6666666666666667,1.2,0,1,0,0.0,5.0,3.0,3.0,2.0,1.0,1,0,1,0
1986691,405,False,False,low_block,1422.03505,32.33,43.985,1.5,0.44999999999999996,0,0,0,0.0,2.0,3.0,2.0,1.0,0.0,0,1,0,0
1986691,407,False,False,low_block,1722.59285,37.33,46.145,3.0,1.0,0,1,0,1.0,2.0,0.0,2.0,3.0,2.0,1,1,0,0
1986691,408,False,False,medium_block,1740.9510000000002,34.2,50.905,2.0,2.55,1,1,0,2.0,2.0,2.0,2.0,5.0,4.0,1,0,1,0
1986691,409,False,False,high_block,2356.3982250000004,36.885000000000005,63.885000000000005,1.0,1.7,1,0,0,1.0,1.0,3.0,1.0,3.0,2.0,1,0,0,1
1986691,410,False,False,medium_block,2914.704,43.2,67.47,2.5,1.7,1,0,0,1.0,3.0,3.0,2.0,3.0,2.0,1,0,1,0
1986691,413,True,True,low_block,1049.714025,21.884999999999998,47.965,4.0,0.9,0,1,0,0.0,2.0,1.0,1.0,2.0,1.0,1,1,0,0
1986691,414,False,False,medium_block,1825.28675,38.15,47.845,1.5,0.44999999999999996,0,0,0,0.0,0.0,3.0,1.0,1.0,0.0,0,0,1,0
1986691,417,False,False,low_block,1303.7607,33.34,39.105,2.0,0.3,0,0,0,0.0,2.0,2.0,3.0,1.0,0.0,0,1,0,0
1986691,419,False,False,low_block,1215.6026000000002,29.765,40.84,2.0,0.9,0,1,0,0.0,2.0,1.0,3.0,2.0,1.0,1,1,0,0
1996435,0,False,False,medium_block,1473.2965,33.83,43.55,1.5,0.15,0,0,0,0.0,0.0,1.0,1.0,1.0,0.0,0,0,1,0
1996435,1,False,False,high_block,1535.7224999999999,30.875,49.739999999999995,1.5,0.15,0,0,0,0.0,0.0,1.0,1.0,1.0,0.0,0,0,0,1
1996435,9,False,False,high_block,2096.7761,37.58,55.795,1.6666666666666667,2.2,1,0,0,3.0,3.0,3.0,3.0,5.0,4.0,1,0,0,1
1996435,10,False,False,medium_block,2267.5975,37.45,60.55,2.0,2.95,1,1,0,3.0,3.0,3.0,4.0,6.0,5.0,1,0,1,0
1996435,11,False,False,medium_block,2614.3256499999998,51.985,50.29,2.0,2.4,1,1,0,2.0,2.0,1.0,3.0,5.0,4.0,1,0,1,0
1996435,12,False,False,high_block,2755.3830000000003,43.1,63.93,1.0,2.1,1,0,0,2.0,2.0,5.0,2.0,4.0,3.0,1,0,0,1
1996435,13,False,False,medium_block,2266.28325,34.65,65.405,1.0,1.5,0,1,0,3.0,3.0,0.0,2.0,5.0,4.0,1,0,1,0
1996435,14,False,False,high_block,1790.899775,30.695,58.345,1.0,2.05,0,1,1,1.0,1.0,2.0,2.0,3.0,2.0,1,0,0,1
1996435,15,False,False,medium_block,2011.5553500000003,34.545,58.230000000000004,1.5,3.3,1,1,1,2.0,3.0,2.0,2.0,5.0,4.0,1,0,1,0
1996435,17,False,False,low_block,926.7943999999999,25.13,36.879999999999995,2.6666666666666665,0.9,0,1,0,0.0,6.0,1.0,3.0,2.0,1.0,1,1,0,0
1996435,18,False,False,high_block,2220.9642,36.504999999999995,60.84,2.5,1.9,1,0,0,3.0,3.0,1.0,3.0,5.0,4.0,1,0,0,1
1996435,19,False,False,medium_block,2277.010825,37.985,59.945,2.5,1.65,1,0,0,2.0,2.0,1.0,2.0,4.0,3.0,1,0,1,0
1996435,20,False,False,high_block,2331.1815,37.85,61.59,3.0,2.85,1,1,0,2.0,3.0,4.0,2.0,5.0,4.0,1,0,0,1
1996435,21,False,False,medium_block,2454.188,38.6,63.58,2.6666666666666665,2.85,1,1,0,2.0,4.0,4.0,3.0,5.0,4.0,1,0,1,0
1996435,22,False,False,low_block,1932.2725499999997,47.87,40.364999999999995,2.5,2.7,1,1,0,2.0,4.0,3.0,4.0,5.0,4.0,1,1,0,0
1996435,23,False,False,medium_block,1548.1220500000002,37.21,41.605000000000004,2.3333333333333335,2.4,1,1,0,2.0,4.0,1.0,3.0,5.0,4.0,1,0,1,0
1996435,24,False,False,low_block,1273.8138,31.08,40.985,0.75,0.15,0,0,0,0.0,2.0,1.0,4.0,1.0,0.0,0,1,0,0
1996435,25,False,False,medium_block,1368.7566749999999,33.585,40.754999999999995,0.6666666666666666,1.8,1,0,0,2.0,2.0,2.0,3.0,4.0,3.0,1,0,1,0
1996435,26,False,False,low_block,1547.4336,35.92,43.08,1.5,0.0,0,0,0,0.0,0.0,0.0,1.0,1.0,0.0,0,1,0,0
1996435,27,False,False,medium_block,1717.716,36.3,47.32,1.0,1.85,1,0,0,1.0,1.0,4.0,2.0,3.0,2.0,1,0,1,0
1996435,28,False,False,high_block,1910.46425,34.085,56.05,1.0,2.85,1,1,0,2.0,2.0,4.0,2.0,5.0,4.0,1,0,0,1
1996435,29,False,False,medium_block,1927.53225,32.864999999999995,58.650000000000006,1.0,2.85,1,1,0,2.0,2.0,4.0,2.0,5.0,4.0,1,0,1,0
1996435,30,False,False,high_block,2016.5304,30.665,65.76,2.0,0.25,0,0,0,1.0,1.0,0.0,1.0,2.0,1.0,0,0,0,1
1996435,34,False,False,medium_block,1481.854325,29.795,49.735,0.5,1.65,1,0,0,2.0,2.0,1.0,2.0,4.0,3.0,1,0,1,0
1996435,35,False,False,high_block,2311.80105,36.53,63.285,2.0,0.4,0,0,0,1.0,1.0,1.0,1.0,2.0,1.0,0,0,0,1
1996435,36,False,False,medium_block,2689.2251749999996,40.285,66.755,1.0,0.25,0,0,0,1.0,1.0,0.0,2.0,2.0,1.0,0,0,1,0
1996435,37,False,False,medium_block,2557.85205,51.915,49.269999999999996,0.0,0.0,0,0,0,0.0,0.0,0.0,1.0,1.0,0.0,0,0,1,0
1996435,38,False,False,high_block,2206.6349999999998,39.25,56.22,2.5,1.0,0,1,0,1.0,1.0,0.0,3.0,3.0,2.0,1,0,0,1
1996435,39,False,False,medium_block,1719.5339000000001,28.01,61.39,2.5,1.0,0,1,0,1.0,1.0,0.0,3.0,3.0,2.0,1,0,1,0
1996435,40,False,False,low_block,1450.377175,31.915,45.445,2.5,2.4,1,1,0,2.0,2.0,1.0,2.0,5.0,4.0,1,1,0,0
1996435,41,False,False,medium_block,1408.1369,29.695,47.42,1.5,0.15,0,0,0,0.0,0.0,1.0,0.0,1.0,0.0,0,0,1,0
1996435,43,False,False,medium_block,1269.814625,31.805,39.925,1.5,1.55,0,1,0,2.0,2.0,2.0,2.0,4.0,3.0,1,0,1,0
1996435,44,False,False,medium_block,2207.622925,41.815,52.795,2.0,1.2,0,1,0,0.0,4.0,3.0,3.0,2.0,1.0,1,0,1,0
1996435,45,False,False,low_block,1703.8352,33.86,50.32,2.6666666666666665,1.2,0,1,0,0.0,7.0,3.0,3.0,2.0,1.0,1,1,0,0
1996435,46,False,False,high_block,2384.9278,39.11,60.980000000000004,2.5,0.75,0,1,0,0.0,7.0,0.0,4.0,2.0,1.0,1,0,0,1
1996435,47,False,False,medium_block,2078.3026499999996,34.864999999999995,59.61,3.0,0.75,0,1,0,0.0,2.0,0.0,2.0,2.0,1.0,1,0,1,0
1996435,50,False,False,medium_block,1565.8269,33.415,46.86,3.0,2.15,1,1,0,1.0,1.0,1.0,1.0,4.0,3.0,1,0,1,0
1996435,51,False,False,high_block,1738.425625,36.695,47.375,0.0,0.0,0,0,0,0.0,0.0,0.0,2.0,1.0,0.0,0,0,0,1
1996435,52,False,False,medium_block,1948.8358,38.93,50.06,1.0,0.44999999999999996,0,0,0,0.0,2.0,3.0,2.0,1.0,0.0,0,0,1,0
1996435,53,False,False,low_block,1678.283,33.85,49.58,1.5,1.35,0,1,0,0.0,2.0,4.0,2.0,2.0,1.0,1,1,0,0
1996435,55,False,False,medium_block,997.5612499999999,23.064999999999998,43.25,3.0,0.44999999999999996,0,0,0,0.0,1.0,3.0,1.0,1.0,0.0,0,0,1,0
1996435,56,False,False,high_block,1626.41875,28.85,56.375,1.5,2.85,1,1,0,2.0,2.0,4.0,2.0,5.0,4.0,1,0,0,1
1996435,57,False,False,medium_block,2068.17435,34.53,59.894999999999996,2.0,3.1,1,1,0,3.0,3.0,5.0,3.0,6.0,5.0,1,0,1,0
1996435,58,False,False,high_block,2145.8125,36.14,59.375,2.0,2.95,1,1,0,3.0,3.0,3.0,3.0,6.0,5.0,1,0,0,1
1996435,59,False,False,medium_block,2266.0080000000003,35.9,63.120000000000005,3.0,2.7,1,1,0,2.0,2.0,3.0,2.0,5.0,4.0,1,0,1,0
1996435,60,False,False,medium_block,1326.5615999999998,30.369999999999997,43.68,1.0,0.25,0,0,0,1.0,1.0,0.0,1.0,2.0,1.0,0,0,1,0
1996435,61,False,False,high_block,1906.2057750000001,33.855000000000004,56.305,1.0,1.55,1,0,0,1.0,1.0,2.0,1.0,3.0,2.0,1,0,0,1
1996435,62,False,False,medium_block,2435.7733,38.66,63.004999999999995,0.5,2.3,1,1,0,1.0,2.0,2.0,2.0,4.0,3.0,1,0,1,0
1996435,64,False,False,high_block,2482.5186000000003,39.24,63.265,2.0,0.25,0,0,0,1.0,1.0,0.0,2.0,2.0,1.0,0,0,0,1
1996435,65,False,False,medium_block,2656.6500999999994,40.69,65.28999999999999,2.3333333333333335,0.5,0,0,0,2.0,3.0,0.0,3.0,3.0,2.0,0,0,1,0
1996435,67,False,False,medium_block,1482.2392,28.72,51.61,2.5,1.5,0,1,0,3.0,6.0,0.0,2.0,5.0,4.0,1,0,1,0
1996435,69,False,False,high_block,1820.4111250000003,31.525000000000002,57.745000000000005,2.0,0.5,0,0,0,2.0,2.0,0.0,2.0,3.0,2.0,0,0,0,1
1996435,70,False,False,medium_block,1978.4095499999999,33.595,58.89,2.0,1.65,1,0,0,2.0,2.0,1.0,2.0,4.0,3.0,1,0,1,0
1996435,71,False,False,high_block,2017.9167749999997,32.445,62.19499999999999,3.0,1.0,0,1,0,1.0,2.0,0.0,2.0,3.0,2.0,1,0,0,1
1996435,75,False,False,medium_block,2780.1488000000004,46.09,60.32,1.5,0.4,0,0,0,1.0,2.0,1.0,2.0,2.0,1.0,0,0,1,0
1996435,76,False,False,high_block,2659.325325,42.504999999999995,62.565,2.0,0.9,0,0,0,3.0,3.0,1.0,1.0,4.0,3.0,0,0,0,1
1996435,77,False,False,medium_block,2335.1518499999997,37.269999999999996,62.655,1.5,1.65,0,1,0,3.0,3.0,1.0,2.0,5.0,4.0,1,0,1,0
1996435,78,False,False,high_block,2351.988,35.55,66.16,1.6666666666666667,2.4,1,1,0,2.0,2.0,1.0,3.0,5.0,4.0,1,0,0,1
1996435,80,False,False,high_block,2687.8500000000004,37.125,72.4,0.0,0.0,0,0,0,0.0,1.0,0.0,1.0,1.0,0.0,0,0,0,1
1996435,81,False,False,medium_block,2690.8460999999998,36.254999999999995,74.22,0.0,0.75,0,1,0,0.0,2.0,0.0,2.0,2.0,1.0,1,0,1,0
1996435,83,False,False,high_block,2227.9950000000003,35.365,63.0,1.0,1.0,0,1,0,1.0,1.0,0.0,1.0,3.0,2.0,1,0,0,1
1996435,84,False,False,medium_block,2079.09155,34.235,60.730000000000004,3.5,2.45,1,1,0,1.0,2.0,3.0,2.0,4.0,3.0,1,0,1,0
1996435,85,False,False,low_block,2033.4213749999997,32.315,62.925,2.5,1.35,0,1,0,0.0,4.0,4.0,4.0,2.0,1.0,1,1,0,0
1996435,88,False,False,high_block,2291.9000000000005,35.260000000000005,65.0,2.0,2.65,1,1,0,3.0,3.0,1.0,3.0,6.0,5.0,1,0,0,1
1996435,89,False,False,medium_block,2279.9518000000003,35.06,65.03,2.0,0.25,0,0,0,1.0,1.0,0.0,2.0,2.0,1.0,0,0,1,0
1996435,93,False,False,medium_block,1547.8,28.4,54.5,0.6666666666666666,1.15,0,1,0,1.0,1.0,1.0,3.0,3.0,2.0,1,0,1,0
1996435,94,False,False,medium_block,1960.13145,38.370000000000005,51.084999999999994,2.0,0.9,0,1,0,0.0,3.0,1.0,2.0,2.0,1.0,1,0,1,0
1996435,95,False,False,low_block,1127.01925,30.835,36.55,3.0,1.05,0,1,0,0.0,2.0,2.0,2.0,2.0,1.0,1,1,0,0
1996435,97,False,False,low_block,1065.0432,32.63,32.64,0.6666666666666666,0.25,0,0,0,1.0,3.0,0.0,3.0,2.0,1.0,0,1,0,0
1996435,98,False,False,medium_block,1471.84785,36.81,39.985,2.0,1.25,0,1,0,2.0,3.0,0.0,3.0,4.0,3.0,1,0,1,0
1996435,100,False,False,high_block,2315.10015,35.31,65.565,0.0,0.0,0,0,0,0.0,0.0,0.0,2.0,1.0,0.0,0,0,0,1
1996435,101,False,False,medium_block,2012.4325000000001,32.59,61.75,0.0,0.0,0,0,0,0.0,1.0,0.0,1.0,1.0,0.0,0,0,1,0
1996435,102,False,False,high_block,2314.9754999999996,37.01,62.55,0.5,1.65,1,0,0,2.0,2.0,1.0,2.0,4.0,3.0,1,0,0,1
1996435,103,False,False,medium_block,2445.323025,38.355000000000004,63.754999999999995,1.25,3.05,1,1,0,5.0,5.0,2.0,4.0,8.0,7.0,1,0,1,0
1996435,104,False,False,medium_block,1865.573125,38.525,48.425,1.0,0.44999999999999996,0,0,0,0.0,2.0,3.0,1.0,1.0,0.0,0,0,1,0
1996435,105,False,False,low_block,2081.5066249999995,36.425,57.144999999999996,2.5,1.2,0,1,0,0.0,1.0,3.0,4.0,2.0,1.0,1,1,0,0
1996435,107,False,False,high_block,2684.470875,42.675,62.905,2.5,0.9,0,1,0,0.0,3.0,1.0,2.0,2.0,1.0,1,0,0,1
1996435,108,False,False,medium_block,2407.794975,38.894999999999996,61.905,1.5,0.44999999999999996,0,0,0,0.0,0.0,3.0,1.0,1.0,0.0,0,0,1,0
1996435,109,False,False,high_block,2042.214375,33.625,60.735,0.0,0.5,0,0,0,2.0,2.0,0.0,1.0,3.0,2.0,0,0,0,1
1996435,110,False,False,medium_block,1825.3200000000002,31.8,57.400000000000006,2.0,1.6,0,1,0,1.0,1.0,4.0,2.0,3.0,2.0,1,0,1,0
1996435,111,False,False,medium_block,2216.364375,39.525,56.075,2.0,1.6,0,1,0,1.0,1.0,4.0,2.0,3.0,2.0,1,0,1,0
1996435,112,False,False,high_block,2320.7309999999998,37.8,61.395,2.0,1.0,0,1,0,1.0,2.0,0.0,1.0,3.0,2.0,1,0,0,1
1996435,113,False,False,medium_block,2254.2479500000004,34.955,64.49000000000001,2.0,1.15,0,1,0,1.0,2.0,1.0,3.0,3.0,2.0,1,0,1,0
1996435,114,False,False,medium_block,1914.5072000000002,39.28,48.74,1.5,0.75,0,1,0,0.0,2.0,0.0,2.0,2.0,1.0,1,0,1,0
1996435,115,True,False,medium_block,1073.58,24.68,43.5,1.5,0.0,0,0,0,0.0,0.0,0.0,0.0,1.0,0.0,0,0,1,0
1996435,116,True,False,low_block,1156.6536749999998,27.314999999999998,42.345,2.75,1.2,0,1,0,0.0,5.0,3.0,5.0,2.0,1.0,1,1,0,0
1996435,118,False,False,medium_block,1501.14705,31.07,48.315,0.5,0.5,0,0,0,2.0,2.0,0.0,2.0,3.0,2.0,0,0,1,0
1996435,119,False,False,high_block,2273.7351249999997,39.355000000000004,57.77499999999999,1.5,1.25,0,1,0,2.0,2.0,0.0,2.0,4.0,3.0,1,0,0,1
1996435,121,False,False,medium_block,2349.9856250000003,39.085,60.125,3.0,2.7,1,1,0,2.0,2.0,3.0,2.0,5.0,4.0,1,0,1,0
1996435,122,False,False,low_block,578.0305999999999,22.82,25.33,2.0,0.0,0,0,0,0.0,1.0,0.0,1.0,1.0,0.0,0,1,0,0
1996435,123,False,False,high_block,2716.19655,37.39,72.645,1.5,2.15,1,1,0,1.0,2.0,1.0,2.0,4.0,3.0,1,0,0,1
1996435,124,False,False,medium_block,2782.9835,40.675,68.42,3.3333333333333335,3.35,1,1,0,4.0,4.0,4.0,3.0,7.0,6.0,1,0,1,0
1996435,127,False,False,medium_block,1504.4784,30.32,49.62,2.0,2.15,1,1,0,1.0,1.0,1.0,1.0,4.0,3.0,1,0,1,0
1996435,128,False,False,high_block,1970.3076000000003,33.56,58.71000000000001,1.6666666666666667,1.25,0,1,0,2.0,2.0,0.0,3.0,4.0,3.0,1,0,0,1
1996435,129,False,False,medium_block,2366.8718750000003,37.495000000000005,63.125,1.0,1.3,0,1,0,1.0,1.0,2.0,2.0,3.0,2.0,1,0,1,0
1996435,130,False,False,low_block,2272.42375,40.75,55.765,0.5,0.3,0,0,0,0.0,0.0,2.0,2.0,1.0,0.0,0,1,0,0
1996435,131,False,False,medium_block,2059.40455,39.730000000000004,51.835,0.5,0.3,0,0,0,0.0,0.0,2.0,2.0,1.0,0.0,0,0,1,0
1996435,132,False,False,low_block,1552.2337499999999,35.25,44.035,0.0,0.25,0,0,0,1.0,2.0,0.0,3.0,2.0,1.0,0,1,0,0
1996435,133,False,False,medium_block,1215.90975,31.35,38.785,0.3333333333333333,1.25,0,1,0,2.0,2.0,0.0,3.0,4.0,3.0,1,0,1,0
1996435,134,False,False,low_block,1231.1549999999997,31.375,39.239999999999995,0.3333333333333333,1.25,0,1,0,2.0,2.0,0.0,3.0,4.0,3.0,1,1,0,0
1996435,135,False,False,medium_block,1314.1947,31.395000000000003,41.86,0.3333333333333333,0.15,0,0,0,0.0,0.0,1.0,3.0,1.0,0.0,0,0,1,0
1996435,136,False,False,low_block,1271.86605,32.045,39.69,1.3333333333333333,1.05,0,1,0,0.0,3.0,2.0,3.0,2.0,1.0,1,1,0,0
1996435,137,False,False,medium_block,1472.9034750000003,36.105000000000004,40.795,2.0,0.5,0,0,0,2.0,2.0,0.0,2.0,3.0,2.0,0,0,1,0
1996435,140,False,False,high_block,2578.06705,38.47,67.015,1.0,0.75,0,0,0,3.0,3.0,0.0,2.0,4.0,3.0,0,0,0,1
1996435,143,False,False,medium_block,1731.3570499999998,29.034999999999997,59.63,1.0,1.05,0,1,0,0.0,0.0,2.0,1.0,2.0,1.0,1,0,1,0
1996435,144,False,False,low_block,1606.0261249999999,29.755000000000003,53.974999999999994,1.0,1.05,0,1,0,0.0,1.0,2.0,1.0,2.0,1.0,1,1,0,0
1996435,147,True,False,high_block,1948.6546999999998,30.86,63.144999999999996,0.3333333333333333,0.15,0,0,0,0.0,0.0,1.0,3.0,1.0,0.0,0,0,0,1
1996435,148,True,False,medium_block,1729.1537999999998,30.36,56.955,1.0,1.25,0,1,0,2.0,2.0,0.0,4.0,4.0,3.0,1,0,1,0
1996435,149,True,False,high_block,2233.3413750000004,37.325,59.83500000000001,1.0,0.8,0,0,0,2.0,2.0,2.0,3.0,3.0,2.0,0,0,0,1
1996435,150,True,False,medium_block,2157.9547500000003,38.150000000000006,56.565000000000005,1.0,1.7,1,0,0,1.0,1.0,3.0,1.0,3.0,2.0,1,0,1,0
1996435,151,True,False,low_block,1433.2423000000001,32.06,44.705,2.0,0.0,0,0,0,0.0,1.0,0.0,1.0,1.0,0.0,0,1,0,0
1996435,152,True,False,medium_block,2191.9503,33.47,65.49,1.5,0.44999999999999996,0,0,0,0.0,2.0,3.0,1.0,1.0,0.0,0,0,1,0
1996435,153,True,False,low_block,1767.3307750000001,28.805,61.355000000000004,0.0,1.35,0,1,0,0.0,3.0,4.0,2.0,2.0,1.0,1,1,0,0
1996435,155,True,False,medium_block,2925.6819000000005,51.86,56.415000000000006,0.0,0.0,0,0,0,0.0,0.0,0.0,1.0,1.0,0.0,0,0,1,0
1996435,156,True,False,high_block,2764.4673,44.345,62.339999999999996,1.0,1.05,0,1,0,0.0,0.0,2.0,1.0,2.0,1.0,1,0,0,1
1996435,157,True,False,medium_block,2245.6602,37.72,59.535,1.0,0.3,0,0,0,0.0,1.0,2.0,2.0,1.0,0.0,0,0,1,0
1996435,158,True,False,low_block,1329.0277,31.46,42.245000000000005,2.0,0.9,0,1,0,0.0,5.0,1.0,1.0,2.0,1.0,1,1,0,0
1996435,160,True,False,high_block,2536.8882000000003,38.31,66.22,2.5,1.65,1,0,0,2.0,2.0,1.0,2.0,4.0,3.0,1,0,0,1
1996435,161,True,False,medium_block,2383.6702750000004,35.665,66.83500000000001,3.0,0.44999999999999996,0,0,0,0.0,0.0,3.0,1.0,1.0,0.0,0,0,1,0
1996435,162,False,False,low_block,1952.02615,31.189999999999998,62.585,3.0,0.3,0,0,0,0.0,2.0,2.0,2.0,1.0,0.0,0,1,0,0
1996435,163,False,False,medium_block,2620.306125,38.435,68.175,2.0,0.6,0,0,0,0.0,1.0,4.0,2.0,1.0,0.0,0,0,1,0
1996435,164,False,False,low_block,2119.4299499999997,34.345,61.71,2.0,0.44999999999999996,0,0,0,0.0,2.0,3.0,1.0,1.0,0.0,0,1,0,0
1996435,165,False,False,high_block,2319.5865000000003,36.575,63.42,2.0,1.9,1,0,0,3.0,3.0,1.0,2.0,5.0,4.0,1,0,0,1
1996435,166,False,False,medium_block,2505.9645,39.3,63.765,1.0,0.6,0,0,0,0.0,1.0,4.0,1.0,1.0,0.0,0,0,1,0
1996435,167,False,False,low_block,2105.9637000000002,38.055,55.34,1.0,0.44999999999999996,0,0,0,0.0,1.0,3.0,1.0,1.0,0.0,0,1,0,0
1996435,169,False,False,medium_block,1868.663125,29.255,63.875,2.0,0.3,0,0,0,0.0,2.0,2.0,2.0,1.0,0.0,0,0,1,0
1996435,173,False,False,high_block,2264.4,38.25,59.2,1.5,1.9,1,0,0,3.0,3.0,1.0,1.0,5.0,4.0,1,0,0,1
1996435,174,False,False,medium_block,2131.6933000000004,37.510000000000005,56.83,2.5,2.9,1,1,0,4.0,4.0,1.0,3.0,7.0,6.0,1,0,1,0
1996435,175,False,False,high_block,2233.43685,34.805,64.17,2.0,0.5,0,0,0,2.0,2.0,0.0,3.0,3.0,2.0,0,0,0,1
1996435,176,True,False,low_block,2397.6513750000004,55.405,43.275000000000006,2.6666666666666665,1.0,0,1,0,1.0,2.0,0.0,3.0,3.0,2.0,1,1,0,0
1996435,179,False,False,high_block,1543.26,25.5,60.52,2.0,1.5,0,1,0,3.0,3.0,0.0,2.0,5.0,4.0,1,0,0,1
1996435,180,False,False,medium_block,2112.5296500000004,34.510000000000005,61.215,1.5,0.55,0,0,0,1.0,2.0,2.0,2.0,2.0,1.0,0,0,1,0
1996435,181,False,False,high_block,2398.8482000000004,35.66,67.27000000000001,2.3333333333333335,1.55,0,1,0,2.0,3.0,2.0,3.0,4.0,3.0,1,0,0,1
1996435,182,False,False,low_block,1508.7323999999996,36.12,41.769999999999996,2.5,0.9,0,1,0,0.0,4.0,1.0,2.0,2.0,1.0,1,1,0,0
1996435,184,False,False,low_block,1929.5504999999996,40.724999999999994,47.379999999999995,2.0,0.75,0,1,0,0.0,2.0,0.0,1.0,2.0,1.0,1,1,0,0
1996435,185,False,False,medium_block,1489.353425,31.685000000000002,47.004999999999995,0.0,1.2,0,1,0,0.0,0.0,3.0,1.0,2.0,1.0,1,0,1,0
1996435,186,False,False,low_block,936.969975,24.615000000000002,38.065,2.0,0.9,0,1,0,0.0,1.0,1.0,3.0,2.0,1.0,1,1,0,0
1996435,187,False,False,medium_block,1026.8414999999998,25.95,39.56999999999999,0.0,0.4,0,0,0,1.0,1.0,1.0,1.0,2.0,1.0,0,0,1,0
1996435,189,False,False,medium_block,1126.5495999999998,25.04,44.989999999999995,2.0,1.4,1,0,0,1.0,3.0,1.0,2.0,3.0,2.0,1,0,1,0
1996435,190,False,False,low_block,1235.46735,25.755,47.97,3.5,0.4,0,0,0,1.0,3.0,1.0,2.0,2.0,1.0,0,1,0,0
1996435,191,False,False,high_block,2625.15625,39.625,66.25,2.6666666666666665,1.5,0,1,0,3.0,4.0,0.0,3.0,5.0,4.0,1,0,0,1
1996435,192,True,False,low_block,1217.56355,30.205,40.31,1.0,0.0,0,0,0,0.0,2.0,0.0,2.0,1.0,0.0,0,1,0,0
1996435,193,True,False,medium_block,1303.0210999999997,32.47,40.129999999999995,1.0,1.4,0,1,0,2.0,3.0,1.0,2.0,4.0,3.0,1,0,1,0
1996435,194,True,False,low_block,1430.00145,31.369999999999997,45.585,2.0,1.15,0,1,0,1.0,3.0,1.0,3.0,3.0,2.0,1,1,0,0
1996435,196,True,True,high_block,2267.0064,34.92,64.92,1.5,1.25,0,1,0,2.0,2.0,0.0,2.0,4.0,3.0,1,0,0,1
1996435,197,True,True,medium_block,2362.0416250000003,36.635000000000005,64.475,1.0,1.35,0,1,0,0.0,2.0,4.0,1.0,2.0,1.0,1,0,1,0
1996435,198,True,True,low_block,1730.2383250000003,30.005000000000003,57.665000000000006,3.0,1.05,0,1,0,0.0,4.0,2.0,2.0,2.0,1.0,1,1,0,0
1996435,199,False,False,medium_block,1566.432675,31.445,49.815,0.6666666666666666,0.5,0,0,0,2.0,2.0,0.0,3.0,3.0,2.0,0,0,1,0
1996435,200,False,False,high_block,2035.1837499999997,33.349999999999994,61.025,1.0,0.65,0,0,0,2.0,2.0,1.0,3.0,3.0,2.0,0,0,0,1
1996435,202,False,False,high_block,3036.294,43.65,69.56,2.5,0.55,0,0,0,1.0,2.0,2.0,2.0,2.0,1.0,0,0,0,1
1996435,204,False,False,high_block,2544.8726250000004,36.275000000000006,70.155,2.5,1.05,0,1,0,0.0,3.0,2.0,2.0,2.0,1.0,1,0,0,1
1996435,205,False,False,medium_block,2560.4566250000003,39.805,64.325,2.0,1.05,0,1,0,0.0,1.0,2.0,1.0,2.0,1.0,1,0,1,0
1996435,206,False,False,medium_block,2099.9017000000003,38.09,55.13,1.0,0.3,0,0,0,0.0,2.0,2.0,2.0,1.0,0.0,0,0,1,0
1996435,207,False,False,low_block,1667.4462999999998,34.19,48.769999999999996,3.0,1.05,0,1,0,0.0,3.0,2.0,2.0,2.0,1.0,1,1,0,0
1996435,208,False,False,high_block,2343.386675,36.295,64.565,2.0,1.15,0,0,0,4.0,4.0,1.0,1.0,5.0,4.0,0,0,0,1
1996435,209,False,False,medium_block,2154.1905,34.65,62.17,2.3333333333333335,1.9,0,1,0,5.0,6.0,1.0,3.0,7.0,6.0,1,0,1,0
1996435,210,False,False,medium_block,2322.7171500000004,45.370000000000005,51.195,0.5,0.6,0,0,0,0.0,1.0,4.0,2.0,1.0,0.0,0,0,1,0
1996435,211,False,False,low_block,1512.8244,29.880000000000003,50.629999999999995,1.0,0.3,0,0,0,0.0,2.0,2.0,1.0,1.0,0.0,0,1,0,0
1996435,212,False,False,medium_block,2189.1420000000003,34.2,64.01,2.0,0.9,0,1,0,0.0,1.0,1.0,2.0,2.0,1.0,1,0,1,0
1996435,213,False,False,low_block,1732.932,39.03,44.4,1.5,0.9,0,1,0,0.0,3.0,1.0,2.0,2.0,1.0,1,1,0,0
1996435,214,False,False,high_block,2752.8929999999996,46.035,59.8,2.6666666666666665,2.65,1,1,0,3.0,5.0,1.0,3.0,6.0,5.0,1,0,0,1
1996435,215,False,False,medium_block,2049.2857000000004,35.965,56.980000000000004,1.5,0.15,0,0,0,0.0,0.0,1.0,1.0,1.0,0.0,0,0,1,0
1996435,216,False,False,medium_block,1720.2223999999999,34.64,49.66,1.5,0.0,0,0,0,0.0,1.0,0.0,1.0,1.0,0.0,0,0,1,0
1996435,217,False,False,low_block,1599.1682250000001,33.515,47.715,3.0,0.3,0,0,0,0.0,1.0,2.0,1.0,1.0,0.0,0,1,0,0
1996435,220,True,False,medium_block,925.103575,24.845,37.235,1.0,0.0,0,0,0,0.0,2.0,0.0,1.0,1.0,0.0,0,0,1,0
1996435,221,True,False,low_block,1570.9523499999998,29.814999999999998,52.69,2.6,1.05,0,1,0,0.0,5.0,2.0,5.0,2.0,1.0,1,1,0,0
1996435,225,False,False,high_block,2456.7408,41.76,58.83,1.5,2.65,1,1,0,3.0,3.0,1.0,3.0,6.0,5.0,1,0,0,1
1996435,226,False,False,medium_block,2320.8687,40.230000000000004,57.69,1.0,0.5,0,0,0,2.0,2.0,0.0,1.0,3.0,2.0,0,0,1,0
1996435,227,False,False,medium_block,1661.4512000000002,32.68,50.84,2.0,0.55,0,0,0,1.0,1.0,2.0,2.0,2.0,1.0,0,0,1,0
1996435,228,False,False,low_block,1628.22495,31.73,51.315,2.0,0.3,0,0,0,0.0,0.0,2.0,1.0,1.0,0.0,0,1,0,0
1996435,229,False,False,low_block,1096.153075,33.455,32.765,1.0,1.0,0,1,0,1.0,3.0,0.0,3.0,3.0,2.0,1,1,0,0
1996435,230,False,False,medium_block,1073.452975,31.255,34.345,1.0,3.05,1,1,0,4.0,4.0,2.0,2.0,7.0,6.0,1,0,1,0
1996435,231,False,False,low_block,1025.1391500000002,29.115000000000002,35.21,2.0,1.75,0,1,0,4.0,4.0,0.0,1.0,6.0,5.0,1,1,0,0
1996435,232,False,False,medium_block,1385.12925,34.585,40.05,2.0,0.15,0,0,0,0.0,3.0,1.0,1.0,1.0,0.0,0,0,1,0
1996435,234,False,False,medium_block,1700.7857999999999,35.01,48.58,2.0,0.9,0,1,0,0.0,4.0,1.0,3.0,2.0,1.0,1,0,1,0
1996435,236,False,False,high_block,2713.2378,35.495,76.44,0.0,0.15,0,0,0,0.0,0.0,1.0,2.0,1.0,0.0,0,0,0,1
1996435,237,False,False,medium_block,2700.504975,40.285,67.035,2.0,0.3,0,0,0,0.0,1.0,2.0,1.0,1.0,0.0,0,0,1,0
1996435,238,False,False,low_block,2154.7958249999997,38.955,55.315,0.0,0.0,0,0,0,0.0,1.0,0.0,2.0,1.0,0.0,0,1,0,0
1996435,239,False,False,medium_block,1664.5124,35.120000000000005,47.394999999999996,0.3333333333333333,0.0,0,0,0,0.0,2.0,0.0,3.0,1.0,0.0,0,0,1,0
1996435,240,False,False,low_block,1479.1925,33.5,44.155,2.0,0.0,0,0,0,0.0,2.0,0.0,1.0,1.0,0.0,0,1,0,0
1996435,241,True,True,medium_block,1448.70835,31.69,45.715,0.0,1.05,0,1,0,0.0,0.0,2.0,2.0,2.0,1.0,1,0,1,0
1996435,243,True,True,high_block,1429.3712,30.490000000000002,46.879999999999995,3.5,2.05,1,0,0,3.0,3.0,2.0,2.0,5.0,4.0,1,0,0,1
1996435,244,False,False,medium_block,1438.7417,34.045,42.26,1.5,0.75,0,1,0,0.0,0.0,0.0,1.0,2.0,1.0,1,0,1,0
1996435,245,False,False,high_block,1584.9861250000004,32.075,49.415000000000006,1.5,0.15,0,0,0,0.0,0.0,1.0,1.0,1.0,0.0,0,0,0,1
1996435,249,True,False,low_block,1822.5275,40.375,45.14,3.0,0.75,0,1,0,0.0,5.0,0.0,3.0,2.0,1.0,1,1,0,0
1996435,250,False,False,high_block,2756.0431250000006,38.875,70.89500000000001,2.5,1.25,0,0,1,2.0,2.0,0.0,2.0,3.0,2.0,1,0,0,1
1996435,251,False,False,medium_block,2992.6798999999996,40.99,73.00999999999999,2.5,1.25,0,0,1,2.0,2.0,0.0,2.0,3.0,2.0,1,0,1,0
1996435,252,True,True,high_block,2285.6785,35.525,64.34,1.5,0.0,0,0,0,0.0,0.0,0.0,0.0,1.0,0.0,0,0,0,1
1996435,253,True,True,medium_block,1877.62575,30.029999999999998,62.525000000000006,1.5,0.0,0,0,0,0.0,0.0,0.0,0.0,1.0,0.0,0,0,1,0
1996435,254,True,True,low_block,1432.305975,24.415,58.665,4.0,0.0,0,0,0,0.0,1.0,0.0,1.0,1.0,0.0,0,1,0,0
1996435,255,False,False,low_block,1544.8753500000005,35.790000000000006,43.165000000000006,2.0,0.0,0,0,0,0.0,1.0,0.0,3.0,1.0,0.0,0,1,0,0
1996435,256,False,False,medium_block,1857.7416,34.32,54.13,1.0,2.45,1,0,1,1.0,1.0,3.0,1.0,3.0,2.0,1,0,1,0
1996435,257,False,False,high_block,2291.8864499999995,35.385,64.77,2.5,1.5,0,0,1,3.0,3.0,0.0,2.0,4.0,3.0,1,0,0,1
1996435,259,False,False,medium_block,1995.1917250000001,31.895000000000003,62.555,2.0,1.7,1,0,0,1.0,1.0,3.0,2.0,3.0,2.0,1,0,1,0
1996435,260,True,False,high_block,2815.8009,38.17,73.77,1.5,0.75,0,1,0,0.0,0.0,0.0,1.0,2.0,1.0,1,0,0,1
1996435,261,True,False,low_block,1347.6681,30.21,44.61,1.5,1.05,0,1,0,0.0,1.0,2.0,1.0,2.0,1.0,1,1,0,0
1996435,262,False,False,high_block,2123.0726,34.21,62.06,1.5,0.15,0,0,0,0.0,1.0,1.0,1.0,1.0,0.0,0,0,0,1
1996435,263,False,False,medium_block,2021.34775,34.55,58.505,2.5,1.15,0,1,0,1.0,2.0,1.0,3.0,3.0,2.0,1,0,1,0
1996435,264,False,False,medium_block,2053.232625,41.325,49.685,0.3333333333333333,1.25,0,1,0,2.0,2.0,0.0,3.0,4.0,3.0,1,0,1,0
1996435,265,False,False,high_block,2077.8060000000005,37.2,55.855000000000004,1.3333333333333333,0.5,0,0,0,2.0,2.0,0.0,3.0,3.0,2.0,0,0,0,1
1996435,266,False,False,medium_block,2137.4690750000004,36.635000000000005,58.345,2.0,3.2,1,1,0,4.0,4.0,3.0,3.0,7.0,6.0,1,0,1,0
1996435,267,False,False,medium_block,2443.2201,44.97,54.33,2.6666666666666665,2.3,1,0,0,4.0,4.0,2.0,3.0,6.0,5.0,1,0,1,0
1996435,270,False,False,low_block,1027.9342749999998,34.535,29.765,2.0,0.0,0,0,0,0.0,3.0,0.0,2.0,1.0,0.0,0,1,0,0
1996435,274,False,False,medium_block,1358.39025,34.965,38.849999999999994,0.0,0.0,0,0,0,0.0,2.0,0.0,2.0,1.0,0.0,0,0,1,0
1996435,275,False,False,low_block,1400.0272499999999,33.695,41.55,3.3333333333333335,0.9,0,1,0,0.0,6.0,1.0,3.0,2.0,1.0,1,1,0,0
1996435,276,False,False,high_block,2610.1534750000005,38.495000000000005,67.805,2.0,1.7,1,0,0,1.0,1.0,3.0,1.0,3.0,2.0,1,0,0,1
1996435,279,False,False,high_block,2481.0280000000002,39.92,62.15,2.0,2.7,1,1,0,2.0,2.0,3.0,3.0,5.0,4.0,1,0,0,1
1996435,280,False,False,medium_block,2450.026575,39.945,61.335,2.0,2.7,1,1,0,2.0,2.0,3.0,3.0,5.0,4.0,1,0,1,0
1996435,284,False,False,medium_block,1730.57885,34.09,50.765,1.5,0.44999999999999996,0,0,0,0.0,1.0,3.0,2.0,1.0,0.0,0,0,1,0
1996435,285,False,False,low_block,1690.585,33.56,50.375,3.0,0.75,0,1,0,0.0,2.0,0.0,2.0,2.0,1.0,1,1,0,0
1996435,286,False,False,high_block,2646.3517500000007,37.995000000000005,69.65,2.6666666666666665,0.9,0,1,0,0.0,4.0,1.0,3.0,2.0,1.0,1,0,0,1
1996435,287,False,False,medium_block,2464.8650749999997,39.035,63.144999999999996,2.0,0.3,0,0,0,0.0,1.0,2.0,1.0,1.0,0.0,0,0,1,0
1996435,289,False,False,medium_block,1593.4784999999997,31.259999999999998,50.974999999999994,3.0,2.55,1,1,0,2.0,2.0,2.0,3.0,5.0,4.0,1,0,1,0
1996435,290,False,False,low_block,1333.6995,29.82,44.725,2.0,0.75,0,1,0,0.0,3.0,0.0,4.0,2.0,1.0,1,1,0,0
1996435,292,False,False,low_block,1295.546825,31.495,41.135,0.0,0.0,0,0,0,0.0,2.0,0.0,2.0,1.0,0.0,0,1,0,0
1996435,293,False,False,medium_block,1059.3465999999999,27.43,38.62,0.3333333333333333,0.0,0,0,0,0.0,3.0,0.0,3.0,1.0,0.0,0,0,1,0
1996435,294,False,False,low_block,1001.4434249999999,29.765,33.644999999999996,2.0,0.3,0,0,0,0.0,1.0,2.0,1.0,1.0,0.0,0,1,0,0
1996435,295,False,False,high_block,2895.0690499999996,41.915,69.07,3.0,2.65,1,1,0,3.0,3.0,1.0,4.0,6.0,5.0,1,0,0,1
1996435,296,False,False,low_block,2463.144125,44.425,55.445,2.75,0.9,0,1,0,0.0,4.0,1.0,4.0,2.0,1.0,1,1,0,0
1996435,298,False,False,medium_block,2304.5888999999997,39.54,58.285,1.5,0.0,0,0,0,0.0,0.0,0.0,0.0,1.0,0.0,0,0,1,0
1996435,299,False,False,high_block,2682.93615,41.295,64.97,2.0,1.45,0,1,0,1.0,1.0,3.0,2.0,3.0,2.0,1,0,0,1
1996435,301,False,False,high_block,2511.3118,36.980000000000004,67.91,1.6666666666666667,3.55,1,1,1,3.0,3.0,2.0,3.0,6.0,5.0,1,0,0,1
1996435,302,False,False,medium_block,2606.8781249999997,39.275,66.375,2.0,3.3,1,1,1,2.0,2.0,2.0,2.0,5.0,4.0,1,0,1,0
1996435,304,False,False,high_block,2559.8133,39.105000000000004,65.46,1.5,0.25,0,0,0,1.0,1.0,0.0,1.0,2.0,1.0,0,0,0,1
1996435,305,False,False,medium_block,1975.782575,35.635,55.445,2.0,2.85,1,1,0,2.0,4.0,4.0,2.0,5.0,4.0,1,0,1,0
1996435,306,False,False,low_block,1237.1717250000002,30.245,40.905,3.0,0.75,0,1,0,0.0,2.0,0.0,2.0,2.0,1.0,1,1,0,0
1996435,308,False,False,medium_block,1529.1045,34.65,44.13,2.0,0.44999999999999996,0,0,0,0.0,2.0,3.0,2.0,1.0,0.0,0,0,1,0
1996435,309,False,False,low_block,1829.475075,36.095,50.685,1.5,0.3,0,0,0,0.0,2.0,2.0,2.0,1.0,0.0,0,1,0,0
1996435,310,False,False,medium_block,1694.526,35.92,47.175,1.5,0.15,0,0,0,0.0,2.0,1.0,2.0,1.0,0.0,0,0,1,0
1996435,311,False,False,low_block,1442.890225,36.515,39.515,0.5,0.15,0,0,0,0.0,2.0,1.0,2.0,1.0,0.0,0,1,0,0
1996435,312,False,False,medium_block,1315.452875,36.515,36.025,0.0,0.0,0,0,0,0.0,1.0,0.0,2.0,1.0,0.0,0,0,1,0
1996435,313,False,False,low_block,1382.9238750000002,36.775,37.605000000000004,1.0,0.75,0,1,0,0.0,1.0,0.0,2.0,2.0,1.0,1,1,0,0
1996435,314,False,False,medium_block,1518.7039250000003,36.635000000000005,41.455,0.6666666666666666,1.25,0,1,0,2.0,2.0,0.0,3.0,4.0,3.0,1,0,1,0
1996435,317,False,False,medium_block,1316.191,27.85,47.26,1.0,1.4,0,1,0,2.0,2.0,1.0,2.0,4.0,3.0,1,0,1,0
1996435,318,False,False,medium_block,2242.8525,44.875,49.980000000000004,2.0,2.45,1,1,0,1.0,2.0,3.0,1.0,4.0,3.0,1,0,1,0
1996435,319,False,False,low_block,1132.2867,31.27,36.21,1.0,0.75,0,1,0,0.0,2.0,0.0,2.0,2.0,1.0,1,1,0,0
1996435,321,False,False,high_block,2082.2535,32.894999999999996,63.3,2.3333333333333335,0.75,0,0,0,3.0,3.0,0.0,3.0,4.0,3.0,0,0,0,1
1996435,323,True,False,medium_block,2136.7686000000003,48.120000000000005,44.405,0.5,0.0,0,0,0,0.0,1.0,0.0,2.0,1.0,0.0,0,0,1,0
1996435,324,True,False,low_block,1767.94495,42.265,41.83,0.5,0.15,0,0,0,0.0,2.0,1.0,2.0,1.0,0.0,0,1,0,0
1996435,325,True,False,medium_block,1679.3764000000003,39.385000000000005,42.64,2.5,1.05,0,1,0,0.0,2.0,2.0,2.0,2.0,1.0,1,0,1,0
1996435,326,True,False,low_block,1408.1457,34.17,41.21,4.0,0.9,0,1,0,0.0,2.0,1.0,1.0,2.0,1.0,1,1,0,0
1996435,327,True,False,medium_block,1553.0787500000001,33.31,46.625,1.0,0.15,0,0,0,0.0,2.0,1.0,1.0,1.0,0.0,0,0,1,0
1996435,328,True,False,low_block,1523.6275500000002,30.330000000000002,50.235,2.0,0.3,0,0,0,0.0,1.0,2.0,1.0,1.0,0.0,0,1,0,0
1996435,331,False,False,medium_block,1990.996225,34.295,58.055,2.5,2.85,1,1,0,2.0,3.0,4.0,2.0,5.0,4.0,1,0,1,0
1996435,332,False,False,low_block,2006.452,35.3,56.84,2.0,0.3,0,0,0,0.0,3.0,2.0,1.0,1.0,0.0,0,1,0,0
1996435,334,False,False,high_block,1726.0519499999998,28.244999999999997,61.11,0.0,0.4,0,0,0,1.0,1.0,1.0,2.0,2.0,1.0,0,0,0,1
1996435,335,False,False,medium_block,1803.76885,31.07,58.055,1.0,1.5,0,1,0,3.0,3.0,0.0,3.0,5.0,4.0,1,0,1,0
1996435,336,False,False,high_block,2212.1271500000003,32.855000000000004,67.33,3.5,1.25,0,1,0,2.0,2.0,0.0,2.0,4.0,3.0,1,0,0,1
1996435,344,False,False,medium_block,1383.8893000000003,31.015,44.620000000000005,2.0,2.6,1,1,0,1.0,2.0,5.0,2.0,4.0,3.0,1,0,1,0
1996435,345,False,False,low_block,1396.8902999999998,32.629999999999995,42.81,3.0,1.35,0,1,0,0.0,4.0,4.0,3.0,2.0,1.0,1,1,0,0
1996435,348,False,False,medium_block,1317.39055,29.785,44.230000000000004,1.0,0.3,0,0,0,0.0,1.0,2.0,1.0,1.0,0.0,0,0,1,0
1996435,349,False,False,high_block,1833.4081999999999,34.385,53.32,0.0,0.0,0,0,0,0.0,1.0,0.0,2.0,1.0,0.0,0,0,0,1
1996435,350,False,False,medium_block,1929.7584,39.415,48.96,3.5,1.8,1,0,0,2.0,3.0,2.0,2.0,4.0,3.0,1,0,1,0
1996435,352,False,False,low_block,1322.959,34.925,37.88,1.0,0.75,0,1,0,0.0,2.0,0.0,2.0,2.0,1.0,1,1,0,0
1996435,354,False,False,low_block,1367.4779750000002,33.155,41.245000000000005,1.0,0.75,0,1,0,0.0,2.0,0.0,3.0,2.0,1.0,1,1,0,0
1996435,355,False,False,medium_block,1458.5120000000002,35.2,41.435,0.5,0.15,0,0,0,0.0,3.0,1.0,2.0,1.0,0.0,0,0,1,0
1996435,356,True,False,medium_block,2405.1720000000005,45.6,52.745000000000005,2.5,0.6,0,0,0,0.0,4.0,4.0,2.0,1.0,0.0,0,0,1,0
1996435,357,True,False,low_block,1672.532,37.3,44.84,2.5,1.35,0,1,0,0.0,2.0,4.0,2.0,2.0,1.0,1,1,0,0
1996435,358,True,True,high_block,2850.1142,40.78,69.89,2.0,2.4,1,1,0,2.0,2.0,1.0,2.0,5.0,4.0,1,0,0,1
1996435,359,True,True,medium_block,2529.129375,39.075,64.725,2.0,2.15,1,1,0,1.0,2.0,1.0,1.0,4.0,3.0,1,0,1,0
1996435,360,True,True,high_block,2347.38325,38.425,61.09,1.5,1.0,0,1,0,1.0,3.0,0.0,2.0,3.0,2.0,1,0,0,1
1996435,361,True,True,medium_block,2083.8635,33.665,61.9,2.0,1.35,0,1,0,0.0,1.0,4.0,2.0,2.0,1.0,1,0,1,0
1996435,362,True,True,low_block,1371.0464000000002,24.91,55.040000000000006,1.5,0.75,0,1,0,0.0,0.0,0.0,1.0,2.0,1.0,1,1,0,0
1996435,363,False,False,medium_block,1639.090575,36.195,45.285,2.0,2.45,1,1,0,1.0,3.0,3.0,2.0,4.0,3.0,1,0,1,0
1996435,364,False,False,low_block,1261.62095,33.17,38.035,2.0,0.15,0,0,0,0.0,2.0,1.0,1.0,1.0,0.0,0,1,0,0
1996435,366,False,False,high_block,2335.055,35.8,65.225,2.3333333333333335,2.4,1,1,0,2.0,3.0,1.0,3.0,5.0,4.0,1,0,0,1
1996435,367,False,False,medium_block,2309.7852000000003,34.495,66.96000000000001,2.3333333333333335,2.4,1,1,0,2.0,3.0,1.0,3.0,5.0,4.0,1,0,1,0
1996435,370,False,False,high_block,2458.1972,35.74,68.78,1.5,0.3,0,0,0,0.0,1.0,2.0,1.0,1.0,0.0,0,0,0,1
1996435,373,False,False,medium_block,2123.6017500000003,45.135000000000005,47.05,1.5,0.25,0,0,0,1.0,1.0,0.0,2.0,2.0,1.0,0,0,1,0
1996435,374,False,False,high_block,2414.0193500000005,40.09,60.215,0.0,0.5,0,0,0,2.0,2.0,0.0,1.0,3.0,2.0,0,0,0,1
1996435,375,False,False,medium_block,1593.8328500000002,33.505,47.57,0.6666666666666666,2.55,1,1,0,2.0,3.0,2.0,3.0,5.0,4.0,1,0,1,0
1996435,376,False,False,low_block,1272.5508,31.53,40.36,2.0,0.3,0,0,0,0.0,1.0,2.0,2.0,1.0,0.0,0,1,0,0
1996435,380,False,False,medium_block,2357.4754,42.91,54.94,1.5,3.55,1,1,1,3.0,3.0,2.0,2.0,6.0,5.0,1,0,1,0
1996435,381,True,False,medium_block,1547.4502499999999,32.205,48.05,1.0,1.05,0,1,0,0.0,1.0,2.0,1.0,2.0,1.0,1,0,1,0
1996435,382,True,False,low_block,1459.379025,29.835,48.915,2.0,1.05,0,1,0,0.0,2.0,2.0,2.0,2.0,1.0,1,1,0,0
1996435,383,False,False,medium_block,2256.5816,38.92,57.98,2.0,2.95,1,1,0,3.0,4.0,3.0,3.0,6.0,5.0,1,0,1,0
1996435,385,False,False,high_block,2150.8749,35.83,60.03,1.0,0.5,0,0,0,2.0,2.0,0.0,3.0,3.0,2.0,0,0,0,1
1996435,386,False,False,medium_block,1882.6354249999997,32.394999999999996,58.114999999999995,1.0,1.35,0,1,0,0.0,0.0,5.0,2.0,2.0,1.0,1,0,1,0
1996435,387,False,False,low_block,2167.603575,35.015,61.905,1.3333333333333333,0.0,0,0,0,0.0,2.0,0.0,3.0,1.0,0.0,0,1,0,0
1996435,388,False,False,medium_block,1172.23605,32.535,36.03,0.0,0.0,0,0,0,0.0,0.0,0.0,1.0,1.0,0.0,0,0,1,0
1996435,389,False,False,low_block,1122.18575,31.745,35.35,1.0,0.15,0,0,0,0.0,1.0,1.0,1.0,1.0,0.0,0,1,0,0
1996435,390,False,False,medium_block,1128.1644000000001,30.689999999999998,36.760000000000005,0.5,0.15,0,0,0,0.0,1.0,1.0,2.0,1.0,0.0,0,0,1,0
1996435,391,False,False,low_block,903.4528999999999,27.79,32.51,3.3333333333333335,0.9,0,1,0,0.0,6.0,1.0,3.0,2.0,1.0,1,1,0,0
1996435,394,False,False,high_block,1841.1935,28.475,64.66,3.0,1.5,0,1,0,3.0,4.0,0.0,4.0,5.0,4.0,1,0,0,1
1996435,395,False,False,medium_block,2068.2967500000004,34.215,60.45,2.0,0.5,0,0,0,2.0,2.0,0.0,2.0,3.0,2.0,0,0,1,0
1996435,397,True,True,medium_block,3100.9410000000003,52.2,59.405,2.0,0.44999999999999996,0,0,0,0.0,1.0,3.0,1.0,1.0,0.0,0,0,1,0
1996435,398,True,True,low_block,1872.3471000000002,38.415000000000006,48.739999999999995,2.0,1.05,0,1,0,0.0,4.0,2.0,2.0,2.0,1.0,1,1,0,0
1996435,399,False,False,medium_block,1685.123,30.7,54.89,1.25,1.75,0,1,0,5.0,5.0,0.0,4.0,7.0,6.0,1,0,1,0
1996435,400,False,False,medium_block,2652.6544999999996,50.334999999999994,52.7,3.0,3.35,1,1,0,4.0,8.0,4.0,3.0,7.0,6.0,1,0,1,0
1996435,401,False,False,low_block,1762.1468999999995,34.379999999999995,51.254999999999995,2.0,0.75,0,1,0,0.0,2.0,0.0,2.0,2.0,1.0,1,1,0,0
1996435,403,False,False,medium_block,1678.2843000000003,35.31,47.53,1.5,0.6,0,0,0,0.0,2.0,4.0,2.0,1.0,0.0,0,0,1,0
1996435,404,False,False,low_block,1674.4539999999997,36.275,46.16,3.0,0.44999999999999996,0,0,0,0.0,2.0,3.0,1.0,1.0,0.0,0,1,0,0
1996435,405,False,False,medium_block,1267.19125,26.89,47.125,1.5,0.75,0,1,0,0.0,0.0,0.0,2.0,2.0,1.0,1,0,1,0
1996435,409,False,False,medium_block,1540.1162,33.16,46.445,3.0,3.3,1,1,1,2.0,2.0,2.0,2.0,5.0,4.0,1,0,1,0
1996435,410,False,False,low_block,1214.352625,35.575,34.135,2.0,0.9,0,1,0,0.0,2.0,1.0,3.0,2.0,1.0,1,1,0,0
1996435,412,False,False,low_block,976.3028999999999,34.065,28.66,3.0,0.6,0,0,0,0.0,3.0,4.0,3.0,1.0,0.0,0,1,0,0
1996435,413,False,False,low_block,952.5685499999998,33.815,28.169999999999998,0.0,0.0,0,0,0,0.0,0.0,0.0,1.0,1.0,0.0,0,1,0,0
1996435,414,False,False,medium_block,1126.4046749999998,32.834999999999994,34.305,0.0,0.0,0,0,0,0.0,1.0,0.0,2.0,1.0,0.0,0,0,1,0
1996435,415,False,False,low_block,1162.0786500000002,32.730000000000004,35.505,0.0,0.0,0,0,0,0.0,1.0,0.0,2.0,1.0,0.0,0,1,0,0
1996435,416,False,False,medium_block,1173.0354999999997,33.019999999999996,35.525,0.0,0.0,0,0,0,0.0,1.0,0.0,2.0,1.0,0.0,0,0,1,0
1996435,417,False,False,low_block,1082.6408999999999,33.42,32.394999999999996,2.0,0.75,0,1,0,0.0,3.0,0.0,2.0,2.0,1.0,1,1,0,0
1996435,419,True,False,high_block,2513.7378000000003,32.84,76.545,1.0,0.9,0,1,0,0.0,0.0,1.0,1.0,2.0,1.0,1,0,0,1
1996435,420,True,False,medium_block,2028.7058749999999,31.465,64.475,1.0,1.2,0,1,0,0.0,1.0,3.0,3.0,2.0,1.0,1,0,1,0
1996435,421,True,False,low_block,1460.617125,27.925,52.305,2.0,0.0,0,0,0,0.0,2.0,0.0,1.0,1.0,0.0,0,1,0,0
1996435,422,False,False,medium_block,1351.2576,28.16,47.985,3.0,1.75,0,1,1,1.0,1.0,0.0,1.0,3.0,2.0,1,0,1,0
1996435,423,False,False,medium_block,1521.6783750000002,33.985,44.775000000000006,2.5,3.85,1,1,1,3.0,3.0,5.0,2.0,6.0,5.0,1,0,1,0
1996435,425,False,False,high_block,2185.5566000000003,34.120000000000005,64.055,3.3333333333333335,3.8,1,1,1,4.0,5.0,2.0,3.0,7.0,6.0,1,0,0,1
1996435,426,False,False,medium_block,2019.295,32.18,62.75,3.0,3.55,1,1,1,3.0,4.0,2.0,2.0,6.0,5.0,1,0,1,0
1996435,428,False,False,medium_block,1496.3234999999997,32.55,45.97,3.3333333333333335,3.35,1,1,0,4.0,8.0,4.0,3.0,7.0,6.0,1,0,1,0
1996435,430,False,False,high_block,1711.171,31.3,54.67,1.5,1.8,1,0,0,2.0,3.0,2.0,1.0,4.0,3.0,1,0,0,1
1996435,431,False,False,medium_block,1900.3865999999998,36.26,52.41,0.5,1.8,1,0,0,2.0,2.0,2.0,2.0,4.0,3.0,1,0,1,0
1996435,432,False,False,high_block,2395.2977000000005,37.745000000000005,63.46000000000001,2.0,0.9,0,0,0,3.0,3.0,1.0,3.0,4.0,3.0,0,0,0,1
1996435,433,False,False,medium_block,2316.0285000000003,36.900000000000006,62.765,2.5,3.05,1,1,0,4.0,4.0,2.0,2.0,7.0,6.0,1,0,1,0
1996435,434,True,False,medium_block,1645.312625,33.055,49.775,0.5,0.3,0,0,0,0.0,0.0,2.0,2.0,1.0,0.0,0,0,1,0
1996435,435,True,False,low_block,1079.742625,26.065,41.425,2.0,1.05,0,1,0,0.0,3.0,2.0,2.0,2.0,1.0,1,1,0,0
1996435,436,True,False,high_block,2523.46045,36.89,68.405,1.0,1.65,1,0,0,2.0,2.0,1.0,2.0,4.0,3.0,1,0,0,1
1996435,437,True,False,medium_block,2541.340725,37.905,67.045,3.0,0.15,0,0,0,0.0,2.0,1.0,1.0,1.0,0.0,0,0,1,0
1996435,438,False,False,low_block,2704.80735,39.57,68.355,3.0,0.15,0,0,0,0.0,2.0,1.0,1.0,1.0,0.0,0,1,0,0
1996435,439,False,False,medium_block,1765.2058000000002,35.29,50.02,0.0,0.3,0,0,0,0.0,0.0,2.0,1.0,1.0,0.0,0,0,1,0
1996435,440,False,False,low_block,2342.548475,39.965,58.615,3.0,0.9,0,1,0,0.0,3.0,1.0,3.0,2.0,1.0,1,1,0,0
1996436,0,False,False,medium_block,1396.1825999999999,33.29,41.94,2.25,1.85,0,1,0,2.0,2.0,4.0,4.0,4.0,3.0,1,0,1,0
1996436,1,False,False,low_block,1241.3407,29.270000000000003,42.41,2.5,1.6,0,1,0,1.0,3.0,4.0,4.0,3.0,2.0,1,1,0,0
1996436,4,False,False,high_block,2243.2318,36.31,61.78,2.0,1.2,0,1,0,0.0,2.0,3.0,1.0,2.0,1.0,1,0,0,1
1996436,10,False,False,low_block,1088.54775,28.97,37.575,2.5,0.0,0,0,0,0.0,2.0,0.0,2.0,1.0,0.0,0,1,0,0
1996436,12,False,False,medium_block,1907.5239749999998,33.004999999999995,57.795,3.0,1.25,0,1,0,2.0,2.0,0.0,2.0,4.0,3.0,1,0,1,0
1996436,14,False,False,medium_block,1422.5969,27.905,50.98,4.0,0.3,0,0,0,0.0,1.0,2.0,1.0,1.0,0.0,0,0,1,0
1996436,15,False,False,low_block,1382.1254999999999,28.035,49.3,4.0,0.44999999999999996,0,0,0,0.0,2.0,3.0,1.0,1.0,0.0,0,1,0,0
1996436,17,False,False,high_block,1962.5261,31.06,63.185,2.5,1.8,1,0,0,2.0,2.0,2.0,2.0,4.0,3.0,1,0,0,1
1996436,18,False,False,medium_block,2146.0937999999996,34.62,61.989999999999995,2.5,1.7,1,0,0,1.0,2.0,3.0,3.0,3.0,2.0,1,0,1,0
1996436,20,False,False,medium_block,1768.4335499999997,33.629999999999995,52.585,1.0,0.9,0,1,0,0.0,2.0,1.0,1.0,2.0,1.0,1,0,1,0
1996436,21,False,False,low_block,1225.071,28.9,42.39,2.0,0.75,0,1,0,0.0,3.0,0.0,2.0,2.0,1.0,1,1,0,0
1996436,22,False,False,medium_block,1151.1710999999998,28.259999999999998,40.735,2.0,0.9,0,1,0,0.0,3.0,1.0,3.0,2.0,1.0,1,0,1,0
1996436,23,False,False,low_block,1909.1259000000002,33.57,56.870000000000005,1.0,0.44999999999999996,0,0,0,0.0,2.0,3.0,3.0,1.0,0.0,0,1,0,0
1996436,25,False,False,medium_block,2385.4593750000004,36.075,66.125,0.0,0.0,0,0,0,0.0,0.0,0.0,1.0,1.0,0.0,0,0,1,0
1996436,27,False,False,medium_block,2147.93685,35.79,60.015,3.0,1.2,0,1,0,0.0,1.0,3.0,2.0,2.0,1.0,1,0,1,0
1996436,28,False,False,low_block,2175.8093750000003,36.875,59.005,3.0,1.45,0,1,0,1.0,2.0,3.0,3.0,3.0,2.0,1,1,0,0
1996436,29,False,False,high_block,3103.68625,41.245000000000005,75.25,2.3333333333333335,1.25,0,1,0,2.0,3.0,0.0,3.0,4.0,3.0,1,0,0,1
1996436,30,False,False,low_block,1780.9038000000003,40.365,44.120000000000005,3.0,0.15,0,0,0,0.0,2.0,1.0,1.0,1.0,0.0,0,1,0,0
1996436,31,False,False,medium_block,1426.371525,32.915,43.335,2.5,0.0,0,0,0,0.0,2.0,0.0,2.0,1.0,0.0,0,0,1,0
1996436,40,False,False,medium_block,1553.6106750000001,33.045,47.015,1.0,1.8,1,0,0,2.0,2.0,2.0,2.0,4.0,3.0,1,0,1,0
1996436,41,False,False,high_block,2135.2670999999996,35.56999999999999,60.03,1.5,1.55,1,0,0,1.0,1.0,2.0,2.0,3.0,2.0,1,0,0,1
1996436,56,False,False,high_block,2326.0788250000005,36.715,63.355000000000004,3.0,0.15,0,0,0,0.0,2.0,1.0,1.0,1.0,0.0,0,0,0,1
1996436,57,False,False,medium_block,2168.76165,34.485,62.89,3.5,1.2,0,1,0,0.0,3.0,3.0,2.0,2.0,1.0,1,0,1,0
1996436,58,False,False,low_block,2006.83455,33.59,59.745,2.5,1.2,0,1,0,0.0,3.0,3.0,2.0,2.0,1.0,1,1,0,0
1996436,59,False,False,high_block,3191.5234,44.155,72.28,1.5,1.05,0,1,0,0.0,1.0,2.0,3.0,2.0,1.0,1,0,0,1
1996436,63,False,False,high_block,2740.63585,40.345,67.93,2.0,1.55,1,0,0,1.0,1.0,2.0,1.0,3.0,2.0,1,0,0,1
1996436,64,True,False,medium_block,1926.8460749999997,35.495,54.285,2.0,1.35,0,1,0,0.0,3.0,5.0,1.0,2.0,1.0,1,0,1,0
1996436,65,True,False,low_block,1447.2408,31.52,45.915,1.0,0.9,0,1,0,0.0,1.0,1.0,2.0,2.0,1.0,1,1,0,0
1996436,69,False,False,medium_block,1994.8041249999997,34.224999999999994,58.285,3.0,0.75,0,1,0,0.0,1.0,0.0,1.0,2.0,1.0,1,0,1,0
1996436,70,False,False,high_block,2044.69395,34.53,59.215,2.0,1.55,1,0,0,1.0,1.0,2.0,1.0,3.0,2.0,1,0,0,1
1996436,71,False,False,medium_block,2279.19445,35.89,63.505,2.0,0.25,0,0,0,1.0,1.0,0.0,1.0,2.0,1.0,0,0,1,0
1996436,73,False,False,high_block,2654.322,39.3,67.54,1.0,0.15,0,0,0,0.0,2.0,1.0,1.0,1.0,0.0,0,0,0,1
1996436,74,False,False,medium_block,2495.7401999999997,38.58,64.69,0.5,0.15,0,0,0,0.0,2.0,1.0,2.0,1.0,0.0,0,0,1,0
1996436,76,False,False,medium_block,2543.4932999999996,44.489999999999995,57.17,3.0,1.2,0,1,0,0.0,1.0,3.0,1.0,2.0,1.0,1,0,1,0
1996436,77,False,False,low_block,2189.0387250000003,35.655,61.395,3.0,0.75,0,1,0,0.0,1.0,0.0,3.0,2.0,1.0,1,1,0,0
1996436,82,True,True,low_block,1235.821725,28.485,43.385000000000005,4.0,0.9,0,1,0,0.0,1.0,1.0,2.0,2.0,1.0,1,1,0,0
1996436,83,False,False,medium_block,2194.70275,45.205,48.55,0.5,1.55,0,1,0,2.0,2.0,2.0,2.0,4.0,3.0,1,0,1,0
1996436,84,False,False,high_block,2178.6908,37.16,58.629999999999995,0.3333333333333333,2.2,1,0,0,3.0,3.0,3.0,3.0,5.0,4.0,1,0,0,1
1996436,85,False,False,medium_block,2258.9816,37.28,60.595,0.0,1.4,1,0,0,1.0,1.0,1.0,2.0,3.0,2.0,1,0,1,0
1996436,86,False,False,high_block,2187.50695,36.235,60.370000000000005,1.0,2.4,1,1,0,2.0,2.0,1.0,2.0,5.0,4.0,1,0,0,1
1996436,87,False,False,medium_block,2263.038675,37.815,59.845,0.3333333333333333,1.8,1,0,0,2.0,2.0,2.0,3.0,4.0,3.0,1,0,1,0
1996436,88,False,False,high_block,2423.9486250000004,39.825,60.865,0.0,0.3,0,0,0,0.0,0.0,2.0,1.0,1.0,0.0,0,0,0,1
1996436,91,False,False,low_block,2177.95075,36.635,59.45,2.0,0.5,0,0,0,2.0,2.0,0.0,2.0,3.0,2.0,0,1,0,0
1996436,92,False,False,medium_block,2038.561875,36.225,56.275,1.0,2.55,1,1,0,2.0,2.0,2.0,2.0,5.0,4.0,1,0,1,0
1996436,93,False,False,low_block,1768.53,35.3,50.1,2.0,0.15,0,0,0,0.0,0.0,1.0,1.0,1.0,0.0,0,1,0,0
1996436,95,False,False,high_block,1919.0020000000002,29.66,64.7,2.0,0.75,0,1,0,0.0,1.0,0.0,2.0,2.0,1.0,1,0,0,1
1996436,96,False,False,low_block,1480.6596000000002,34.370000000000005,43.08,1.0,0.15,0,0,0,0.0,1.0,1.0,2.0,1.0,0.0,0,1,0,0
1996436,97,False,False,medium_block,1562.9525999999998,36.81,42.459999999999994,0.0,0.3,0,0,0,0.0,1.0,2.0,1.0,1.0,0.0,0,0,1,0
1996436,98,False,False,low_block,1671.3585000000003,38.290000000000006,43.65,0.0,0.3,0,0,0,0.0,1.0,2.0,1.0,1.0,0.0,0,1,0,0
1996436,99,False,False,high_block,1958.871875,29.375,66.685,3.0,0.75,0,1,0,0.0,2.0,0.0,2.0,2.0,1.0,1,0,0,1
1996436,101,False,False,medium_block,1729.9229499999997,34.955,49.489999999999995,1.5,0.9,0,1,0,0.0,1.0,1.0,2.0,2.0,1.0,1,0,1,0
1996436,104,False,False,medium_block,1769.6591999999998,36.144999999999996,48.96,0.0,0.0,0,0,0,0.0,0.0,0.0,2.0,1.0,0.0,0,0,1,0
1996436,105,False,False,low_block,1744.0677750000002,40.55500000000001,43.004999999999995,1.5,0.15,0,0,0,0.0,2.0,1.0,2.0,1.0,0.0,0,1,0,0
1996436,106,False,False,medium_block,1592.4815999999998,34.739999999999995,45.84,1.5,0.75,0,1,0,0.0,2.0,0.0,2.0,2.0,1.0,1,0,1,0
1996436,109,False,False,medium_block,2001.38785,39.655,50.47,1.0,0.5,0,0,0,2.0,2.0,0.0,2.0,3.0,2.0,0,0,1,0
1996436,110,False,False,high_block,2493.0622499999995,41.474999999999994,60.11,1.0,0.5,0,0,0,2.0,2.0,0.0,2.0,3.0,2.0,0,0,0,1
1996436,112,False,False,medium_block,1930.9823999999999,39.44,48.96,1.6666666666666667,1.45,0,1,0,1.0,4.0,3.0,3.0,3.0,2.0,1,0,1,0
1996436,113,False,False,medium_block,2309.96925,45.81,50.425,1.5,1.3,0,1,0,1.0,3.0,2.0,2.0,3.0,2.0,1,0,1,0
1996436,114,False,False,low_block,1534.2975,33.3,46.075,1.6666666666666667,1.3,0,1,0,1.0,4.0,2.0,3.0,3.0,2.0,1,1,0,0
1996436,118,False,False,medium_block,1424.6771000000003,34.910000000000004,40.81,1.0,1.65,1,0,0,2.0,2.0,1.0,2.0,4.0,3.0,1,0,1,0
1996436,122,True,False,low_block,1431.9184499999997,38.565,37.129999999999995,0.5,0.5,0,0,0,2.0,2.0,0.0,2.0,3.0,2.0,0,1,0,0
1996436,123,True,False,medium_block,1430.8874999999998,36.224999999999994,39.5,1.75,1.5,0,1,0,3.0,5.0,0.0,4.0,5.0,4.0,1,0,1,0
1996436,124,True,False,low_block,1409.03525,34.175,41.230000000000004,3.0,1.2,0,1,0,0.0,2.0,3.0,1.0,2.0,1.0,1,1,0,0
1996436,125,False,False,medium_block,2161.2186,36.84,58.665,2.0,0.0,0,0,0,0.0,1.0,0.0,1.0,1.0,0.0,0,0,1,0
1996436,128,False,False,low_block,1432.9225,30.7,46.675,2.6666666666666665,0.75,0,1,0,0.0,4.0,0.0,3.0,2.0,1.0,1,1,0,0
1996436,129,False,False,medium_block,1323.594,28.575000000000003,46.32,2.5,0.75,0,1,0,0.0,4.0,0.0,2.0,2.0,1.0,1,0,1,0
1996436,130,False,False,low_block,1329.2934,28.810000000000002,46.14,3.0,0.75,0,1,0,0.0,2.0,0.0,1.0,2.0,1.0,1,1,0,0
1996436,132,False,False,high_block,1971.692325,29.585,66.645,2.75,3.2,1,1,1,1.0,3.0,3.0,4.0,4.0,3.0,1,0,0,1
1996436,133,False,False,medium_block,1873.60985,28.945,64.73,3.0,3.45,1,1,1,2.0,2.0,3.0,1.0,5.0,4.0,1,0,1,0
1996436,134,False,False,medium_block,1832.5439999999999,40.905,44.8,1.5,0.0,0,0,0,0.0,0.0,0.0,0.0,1.0,0.0,0,0,1,0
1996436,135,False,False,low_block,1942.51655,42.815,45.370000000000005,3.0,0.3,0,0,0,0.0,2.0,2.0,1.0,1.0,0.0,0,1,0,0
1996436,136,False,False,low_block,1297.016,32.2,40.28,2.0,0.75,0,1,0,0.0,5.0,0.0,3.0,2.0,1.0,1,1,0,0
1996436,137,False,False,medium_block,1359.8815,32.05,42.43,1.5,0.75,0,1,0,0.0,4.0,0.0,2.0,2.0,1.0,1,0,1,0
1996436,139,False,False,medium_block,1904.3859000000002,35.790000000000006,53.209999999999994,4.0,0.3,0,0,0,0.0,1.0,2.0,1.0,1.0,0.0,0,0,1,0
1996436,140,False,False,low_block,2053.7467500000002,37.29,55.075,2.0,0.3,0,0,0,0.0,1.0,2.0,2.0,1.0,0.0,0,1,0,0
1996436,141,False,False,high_block,2698.4682500000004,40.475,66.67,1.0,1.5,0,1,0,3.0,3.0,0.0,2.0,5.0,4.0,1,0,0,1
1996436,142,False,False,medium_block,2095.4628000000002,39.120000000000005,53.565,0.0,1.15,0,1,0,1.0,1.0,1.0,1.0,3.0,2.0,1,0,1,0
1996436,143,False,False,medium_block,2536.79115,44.47,57.045,1.0,1.2,0,1,0,0.0,0.0,3.0,2.0,2.0,1.0,1,0,1,0
1996436,147,True,False,medium_block,1587.9102750000002,39.515,40.185,0.0,0.15,0,0,0,0.0,0.0,1.0,1.0,1.0,0.0,0,0,1,0
1996436,148,True,False,low_block,1500.7796999999998,39.515,37.98,3.0,0.9,0,1,0,0.0,1.0,1.0,3.0,2.0,1.0,1,1,0,0
1996436,149,False,False,high_block,2757.5904,41.480000000000004,66.47999999999999,1.5,0.0,0,0,0,0.0,0.0,0.0,2.0,1.0,0.0,0,0,0,1
1996436,150,False,False,medium_block,2476.89,43.5,56.94,1.5,0.75,0,1,0,0.0,0.0,0.0,2.0,2.0,1.0,1,0,1,0
1996436,152,False,False,medium_block,2058.0296,42.68,48.22,0.0,1.0,0,0,1,1.0,1.0,0.0,1.0,2.0,1.0,1,0,1,0
1996436,153,False,False,medium_block,1718.9746749999997,38.555,44.584999999999994,1.5,2.05,1,0,0,3.0,3.0,2.0,3.0,5.0,4.0,1,0,1,0
1996436,154,False,False,high_block,2836.147,46.925,60.44,2.0,0.5,0,0,0,2.0,2.0,0.0,1.0,3.0,2.0,0,0,0,1
1996436,155,False,False,medium_block,2180.8683,40.230000000000004,54.21,2.0,1.25,0,1,0,2.0,2.0,0.0,3.0,4.0,3.0,1,0,1,0
1996436,160,False,False,medium_block,2091.1937250000005,35.465,58.965,0.0,0.15,0,0,0,0.0,0.0,1.0,1.0,1.0,0.0,0,0,1,0
1996436,161,False,False,medium_block,1520.826,28.2,53.93,4.0,0.0,0,0,0,0.0,1.0,0.0,1.0,1.0,0.0,0,0,1,0
1996436,162,False,False,medium_block,2003.2324,37.57,53.32,1.5,1.8,1,0,0,2.0,2.0,2.0,2.0,4.0,3.0,1,0,1,0
1996436,163,False,False,medium_block,,,,1.5,0.0,0,0,0,0.0,0.0,0.0,1.0,1.0,0.0,0,0,1,0
1996436,164,False,False,low_block,1377.6251249999998,30.665,44.925,1.5,0.9,0,1,0,0.0,4.0,1.0,2.0,2.0,1.0,1,1,0,0
1996436,165,False,False,medium_block,1438.1705000000002,31.525,45.620000000000005,1.0,0.3,0,0,0,0.0,1.0,2.0,1.0,1.0,0.0,0,0,1,0
1996436,166,False,False,high_block,1616.1748750000002,34.405,46.975,0.0,0.15,0,0,0,0.0,0.0,1.0,2.0,1.0,0.0,0,0,0,1
1996436,167,False,False,medium_block,1700.5703749999998,37.175,45.745,0.0,0.15,0,0,0,0.0,0.0,1.0,2.0,1.0,0.0,0,0,1,0
1996436,169,False,False,low_block,1436.3833499999998,31.509999999999998,45.585,2.0,0.44999999999999996,0,0,0,0.0,2.0,3.0,2.0,1.0,0.0,0,1,0,0
1996436,172,False,False,medium_block,1817.2386,40.455,44.92,0.0,0.15,0,0,0,0.0,0.0,1.0,1.0,1.0,0.0,0,0,1,0
1996436,173,False,False,low_block,1863.8576000000003,42.515,43.84,0.5,0.15,0,0,0,0.0,1.0,1.0,2.0,1.0,0.0,0,1,0,0
1996436,174,False,False,medium_block,1922.8557,42.335,45.42,3.0,1.25,0,0,1,2.0,3.0,0.0,2.0,3.0,2.0,1,0,1,0
1996436,177,False,False,medium_block,1489.6233,34.980000000000004,42.584999999999994,0.0,0.15,0,0,0,0.0,0.0,1.0,3.0,1.0,0.0,0,0,1,0
1996436,178,False,False,low_block,1384.3635,36.335,38.099999999999994,1.0,0.15,0,0,0,0.0,1.0,1.0,2.0,1.0,0.0,0,1,0,0
1996436,179,False,False,high_block,3007.4500500000004,42.13,71.385,1.0,0.15,0,0,0,0.0,1.0,1.0,1.0,1.0,0.0,0,0,0,1
1996436,180,False,False,medium_block,1943.4141,35.82,54.254999999999995,3.0,1.25,0,1,0,2.0,5.0,0.0,2.0,4.0,3.0,1,0,1,0
1996436,181,False,False,low_block,700.3886249999999,32.675,21.435,2.5,0.0,0,0,0,0.0,2.0,0.0,2.0,1.0,0.0,0,1,0,0
1996436,182,False,False,medium_block,2594.95065,40.83,63.55500000000001,3.5,0.3,0,0,0,0.0,2.0,2.0,2.0,1.0,0.0,0,0,1,0
1996436,183,True,False,medium_block,1662.6852749999998,30.595,54.345,2.0,0.44999999999999996,0,0,0,0.0,4.0,3.0,1.0,1.0,0.0,0,0,1,0
1996436,184,True,False,low_block,1102.5254249999998,30.284999999999997,36.405,0.5,0.15,0,0,0,0.0,1.0,1.0,2.0,1.0,0.0,0,1,0,0
1996436,188,False,False,high_block,1787.4330499999999,27.235,65.63,2.0,1.25,0,1,0,2.0,2.0,0.0,1.0,4.0,3.0,1,0,0,1
1996436,189,False,False,medium_block,1744.5857000000003,27.17,64.21000000000001,2.5,1.5,0,1,0,3.0,4.0,0.0,2.0,5.0,4.0,1,0,1,0
1996436,190,False,False,medium_block,1860.1891999999998,36.46,51.019999999999996,3.0,0.75,0,1,0,0.0,2.0,0.0,1.0,2.0,1.0,1,0,1,0
1996436,191,False,False,medium_block,2285.8415,39.35,58.09,2.5,2.65,1,1,0,3.0,3.0,1.0,4.0,6.0,5.0,1,0,1,0
1996436,193,False,False,low_block,1596.4457750000001,29.765,53.635000000000005,3.5,0.75,0,1,0,0.0,4.0,0.0,2.0,2.0,1.0,1,1,0,0
1996436,195,False,False,medium_block,1587.62245,25.895,61.31,3.0,0.0,0,0,0,0.0,3.0,0.0,2.0,1.0,0.0,0,0,1,0
1996436,198,True,False,medium_block,1449.5076250000002,27.835,52.075,3.0,1.2,0,1,0,0.0,3.0,3.0,2.0,2.0,1.0,1,0,1,0
1996436,199,True,False,low_block,1350.3799999999999,33.625,40.16,0.5,0.75,0,1,0,0.0,1.0,0.0,2.0,2.0,1.0,1,1,0,0
1996436,200,False,False,medium_block,1245.74745,35.705,34.89,0.0,0.0,0,0,0,0.0,1.0,0.0,2.0,1.0,0.0,0,0,1,0
1996436,201,False,False,low_block,1382.79795,35.47,38.985,0.0,0.0,0,0,0,0.0,1.0,0.0,1.0,1.0,0.0,0,1,0,0
1996436,202,False,False,medium_block,1497.4963500000001,38.71,38.685,0.5,0.15,0,0,0,0.0,1.0,1.0,2.0,1.0,0.0,0,0,1,0
1996436,203,False,False,low_block,1654.5545999999997,42.165,39.239999999999995,1.0,0.15,0,0,0,0.0,2.0,1.0,1.0,1.0,0.0,0,1,0,0
1996436,204,False,False,medium_block,1932.696675,44.785,43.155,1.5,0.15,0,0,0,0.0,1.0,1.0,2.0,1.0,0.0,0,0,1,0
1996436,205,False,False,low_block,2041.57635,46.31,44.085,3.5,0.3,0,0,0,0.0,3.0,2.0,2.0,1.0,0.0,0,1,0,0
1996436,206,False,False,high_block,3022.399575,48.285,62.595,4.0,0.0,0,0,0,0.0,1.0,0.0,1.0,1.0,0.0,0,0,0,1
1996436,207,True,False,low_block,1140.0551249999999,31.515,36.175,2.5,0.75,0,1,0,0.0,3.0,0.0,2.0,2.0,1.0,1,1,0,0
1996436,208,False,False,medium_block,2396.8725,42.725,56.1,0.0,0.0,0,0,0,0.0,0.0,0.0,2.0,1.0,0.0,0,0,1,0
1996436,211,True,False,medium_block,1681.27125,34.845,48.25,1.5,0.75,0,1,0,0.0,0.0,0.0,2.0,2.0,1.0,1,0,1,0
1996436,212,True,False,low_block,1416.8309,30.365,46.66,0.0,0.44999999999999996,0,0,0,0.0,1.0,3.0,2.0,1.0,0.0,0,1,0,0
1996436,214,False,False,medium_block,2400.0933,57.57,41.69,1.5,0.0,0,0,0,0.0,0.0,0.0,1.0,1.0,0.0,0,0,1,0
1996436,215,False,False,medium_block,1589.41075,39.95,39.785,0.3333333333333333,0.15,0,0,0,0.0,1.0,1.0,3.0,1.0,0.0,0,0,1,0
1996436,216,False,False,low_block,1287.9439999999997,34.879999999999995,36.925,0.0,0.0,0,0,0,0.0,2.0,0.0,2.0,1.0,0.0,0,1,0,0
1996436,217,False,False,medium_block,1163.63075,31.475,36.97,0.0,0.0,0,0,0,0.0,2.0,0.0,2.0,1.0,0.0,0,0,1,0
1996436,218,False,False,low_block,1264.4343999999999,33.38,37.879999999999995,1.0,1.2,0,1,0,0.0,2.0,3.0,3.0,2.0,1.0,1,1,0,0
1996436,219,False,False,medium_block,1371.58805,36.295,37.79,0.0,0.15,0,0,0,0.0,0.0,1.0,1.0,1.0,0.0,0,0,1,0
1996436,220,False,False,low_block,1282.5018500000003,35.995000000000005,35.63,1.5,0.75,0,1,0,0.0,1.0,0.0,2.0,2.0,1.0,1,1,0,0
1996436,222,False,False,high_block,2678.10225,33.725,79.41,2.0,2.55,1,1,0,2.0,2.0,2.0,3.0,5.0,4.0,1,0,0,1
1996436,223,False,False,medium_block,2351.7531,37.365,62.94,1.0,0.75,0,1,0,0.0,2.0,0.0,3.0,2.0,1.0,1,0,1,0
1996436,224,False,False,low_block,1731.49735,42.79,40.465,1.0,0.0,0,0,0,0.0,2.0,0.0,1.0,1.0,0.0,0,1,0,0
1996436,225,False,False,medium_block,1542.2519,41.614999999999995,37.06,0.0,0.0,0,0,0,0.0,1.0,0.0,2.0,1.0,0.0,0,0,1,0
1996436,227,False,False,medium_block,1867.7852750000002,38.795,48.145,3.0,0.5,0,0,0,2.0,2.0,0.0,1.0,3.0,2.0,0,0,1,0
1996436,228,False,False,medium_block,1830.7334000000003,39.695,46.120000000000005,2.0,1.05,0,1,0,0.0,2.0,2.0,1.0,2.0,1.0,1,0,1,0
1996436,229,False,False,low_block,1630.0203749999998,36.675,44.445,2.0,0.9,0,1,0,0.0,4.0,1.0,4.0,2.0,1.0,1,1,0,0
1996436,232,False,False,low_block,1675.05075,34.025,49.230000000000004,2.5,0.75,0,1,0,0.0,2.0,0.0,2.0,2.0,1.0,1,1,0,0
1996436,238,False,False,low_block,1047.916125,29.665,35.325,1.0,0.15,0,0,0,0.0,1.0,1.0,1.0,1.0,0.0,0,1,0,0
1996436,239,True,False,medium_block,1255.0101,26.805,46.82,3.0,2.95,1,1,0,3.0,3.0,3.0,1.0,6.0,5.0,1,0,1,0
1996436,240,True,False,low_block,1224.1881,31.055,39.42,3.0,1.2,0,1,0,0.0,2.0,3.0,2.0,2.0,1.0,1,1,0,0
1996436,245,False,False,medium_block,1533.79485,27.355,56.07,1.5,0.0,0,0,0,0.0,0.0,0.0,1.0,1.0,0.0,0,0,1,0
1996436,247,True,False,medium_block,1580.6999999999998,30.0,52.69,2.0,1.8,1,0,0,2.0,2.0,2.0,2.0,4.0,3.0,1,0,1,0
1996436,248,True,False,low_block,1397.7942,29.145,47.96,2.6666666666666665,1.2,0,1,0,0.0,5.0,3.0,3.0,2.0,1.0,1,1,0,0
1996436,250,False,False,high_block,1719.7761,25.165,68.34,3.0,0.5,0,0,0,2.0,2.0,0.0,1.0,3.0,2.0,0,0,0,1
1996436,251,False,False,medium_block,2036.472,31.799999999999997,64.04,1.0,1.6,0,1,0,1.0,2.0,6.0,2.0,3.0,2.0,1,0,1,0
1996436,252,False,False,low_block,1748.4934499999997,33.57,52.084999999999994,1.0,0.44999999999999996,0,0,0,0.0,1.0,3.0,1.0,1.0,0.0,0,1,0,0
1996436,253,False,False,high_block,2807.076375,38.925,72.11500000000001,2.0,1.4,1,0,0,1.0,1.0,1.0,1.0,3.0,2.0,1,0,0,1
1996436,254,False,False,medium_block,2347.400775,39.055,60.105000000000004,2.0,1.2,0,1,0,0.0,3.0,3.0,2.0,2.0,1.0,1,0,1,0
1996436,255,False,False,low_block,1620.9089,34.385,47.14,2.0,1.05,0,1,0,0.0,4.0,2.0,1.0,2.0,1.0,1,1,0,0
1996436,258,True,False,low_block,1052.9409,22.605,46.58,1.0,0.44999999999999996,0,0,0,0.0,1.0,3.0,1.0,1.0,0.0,0,1,0,0
1996436,260,False,False,medium_block,1612.274875,30.924999999999997,52.135000000000005,2.6666666666666665,1.35,0,1,0,0.0,2.0,5.0,3.0,2.0,1.0,1,0,1,0
1996436,261,False,False,low_block,1503.6381500000002,32.870000000000005,45.745,2.6666666666666665,1.2,0,1,0,0.0,4.0,3.0,3.0,2.0,1.0,1,1,0,0
1996436,264,True,False,low_block,1148.9972,29.560000000000002,38.87,1.0,0.0,0,0,0,0.0,1.0,0.0,1.0,1.0,0.0,0,1,0,0
1996436,266,True,False,low_block,1259.905,29.0,43.445,2.5,1.75,0,1,1,1.0,2.0,0.0,2.0,3.0,2.0,1,1,0,0
1996436,267,True,False,medium_block,1405.114775,28.235,49.765,2.0,2.4,1,0,1,2.0,3.0,1.0,2.0,4.0,3.0,1,0,1,0
1996436,268,True,False,high_block,1953.825325,31.055,62.915,2.0,1.4,0,0,1,2.0,2.0,1.0,1.0,3.0,2.0,1,0,0,1
1996436,269,True,False,medium_block,1950.5622500000002,36.155,53.95,0.0,0.15,0,0,0,0.0,0.0,1.0,2.0,1.0,0.0,0,0,1,0
1996436,270,True,False,low_block,1226.580375,31.175,39.345,2.0,0.9,0,1,0,0.0,3.0,1.0,2.0,2.0,1.0,1,1,0,0
1996436,274,False,False,medium_block,1758.9682,31.240000000000002,56.305,2.6666666666666665,2.3,1,1,0,1.0,3.0,2.0,3.0,4.0,3.0,1,0,1,0
1996436,275,False,False,medium_block,1861.8871000000001,41.065,45.34,0.0,0.0,0,0,0,0.0,2.0,0.0,1.0,1.0,0.0,0,0,1,0
1996436,276,False,False,low_block,1618.7884499999998,37.655,42.989999999999995,2.0,0.9,0,1,0,0.0,1.0,1.0,1.0,2.0,1.0,1,1,0,0
1996436,277,False,False,medium_block,1547.5768000000003,36.260000000000005,42.68,0.0,0.3,0,0,0,0.0,0.0,2.0,1.0,1.0,0.0,0,0,1,0
1996436,278,False,False,low_block,1199.1573,30.795,38.94,2.5,1.75,0,1,1,1.0,3.0,0.0,2.0,3.0,2.0,1,1,0,0
1996436,279,False,False,medium_block,1986.297,33.575,59.16,2.0,3.85,1,1,1,3.0,3.0,4.0,2.0,6.0,5.0,1,0,1,0
1996436,280,False,False,medium_block,1517.91575,31.265,48.55,0.0,0.15,0,0,0,0.0,0.0,1.0,1.0,1.0,0.0,0,0,1,0
1996436,281,False,False,low_block,1426.3754999999999,34.705,41.1,1.0,0.6,0,0,0,0.0,1.0,4.0,2.0,1.0,0.0,0,1,0,0
1996436,283,False,False,medium_block,1527.61205,35.83,42.635,1.0,1.7,1,0,0,1.0,1.0,3.0,2.0,3.0,2.0,1,0,1,0
1996436,284,False,False,low_block,1366.5340999999999,32.39,42.19,0.0,0.3,0,0,0,0.0,1.0,2.0,1.0,1.0,0.0,0,1,0,0
1996436,285,False,False,medium_block,2167.1499999999996,38.959999999999994,55.625,2.6666666666666665,2.4,1,1,0,2.0,3.0,1.0,3.0,5.0,4.0,1,0,1,0
1996436,287,True,False,low_block,1626.6132999999998,32.754999999999995,49.66,2.0,0.0,0,0,0,0.0,2.0,0.0,1.0,1.0,0.0,0,1,0,0
1996436,289,False,False,medium_block,1882.20935,33.155,56.77,0.5,0.6,0,0,0,0.0,1.0,4.0,2.0,1.0,0.0,0,0,1,0
1996436,290,False,False,low_block,1129.06195,29.395000000000003,38.41,2.0,0.75,0,1,0,0.0,4.0,0.0,3.0,2.0,1.0,1,1,0,0
1996436,292,False,False,medium_block,1113.954975,23.805,46.795,3.0,0.3,0,0,0,0.0,1.0,2.0,1.0,1.0,0.0,0,0,1,0
1996436,293,False,False,low_block,1425.4468499999998,30.244999999999997,47.129999999999995,3.0,0.15,0,0,0,0.0,4.0,1.0,2.0,1.0,0.0,0,1,0,0
1996436,296,False,False,high_block,1737.2896,26.560000000000002,65.41,2.0,0.5,0,0,0,2.0,3.0,0.0,2.0,3.0,2.0,0,0,0,1
1996436,297,False,False,medium_block,1700.0424,26.53,64.08,2.5,1.15,0,1,0,1.0,2.0,1.0,2.0,3.0,2.0,1,0,1,0
1996436,299,False,False,medium_block,1982.210625,40.375,49.095,0.5,0.44999999999999996,0,0,0,0.0,1.0,3.0,2.0,1.0,0.0,0,0,1,0
1996436,300,False,False,low_block,1421.177025,38.405,37.004999999999995,2.0,0.15,0,0,0,0.0,1.0,1.0,1.0,1.0,0.0,0,1,0,0
1996436,303,False,False,medium_block,2231.5119999999997,44.32,50.349999999999994,1.5,0.15,0,0,0,0.0,0.0,1.0,1.0,1.0,0.0,0,0,1,0
1996436,304,False,False,high_block,2461.6375,40.19,61.25,1.0,0.15,0,0,0,0.0,1.0,1.0,2.0,1.0,0.0,0,0,0,1
1996436,306,False,False,medium_block,1798.02205,39.53,45.485,1.5,1.35,0,1,0,0.0,2.0,4.0,2.0,2.0,1.0,1,0,1,0
1996436,307,False,False,low_block,1159.57285,31.729999999999997,36.545,1.25,1.35,0,1,0,0.0,3.0,4.0,4.0,2.0,1.0,1,1,0,0
1996436,311,False,False,medium_block,1903.3476249999999,36.175,52.615,1.5,0.0,0,0,0,0.0,0.0,0.0,1.0,1.0,0.0,0,0,1,0
1996436,314,False,False,low_block,832.6023,36.019999999999996,23.115000000000002,3.5,0.75,0,1,0,0.0,3.0,0.0,2.0,2.0,1.0,1,1,0,0
1996436,320,False,False,medium_block,2187.1139999999996,45.66,47.9,0.0,0.0,0,0,0,0.0,0.0,0.0,2.0,1.0,0.0,0,0,1,0
1996436,326,False,False,medium_block,1577.8801999999996,38.739999999999995,40.73,0.5,0.15,0,0,0,0.0,1.0,1.0,2.0,1.0,0.0,0,0,1,0
1996436,327,False,False,low_block,1093.7331,36.385,30.06,3.0,0.75,0,1,0,0.0,5.0,0.0,2.0,2.0,1.0,1,1,0,0
1996436,328,False,False,medium_block,1232.17955,34.510000000000005,35.705,0.0,0.15,0,0,0,0.0,2.0,1.0,1.0,1.0,0.0,0,0,1,0
1996436,329,False,False,low_block,1198.1298,33.18,36.11,1.0,1.4,0,1,0,2.0,4.0,1.0,2.0,4.0,3.0,1,1,0,0
1996436,330,False,False,medium_block,2824.2740750000003,49.105000000000004,57.515,3.0,2.65,1,1,0,3.0,4.0,1.0,2.0,6.0,5.0,1,0,1,0
1996436,333,True,False,medium_block,,,,1.5,0.75,0,1,0,0.0,2.0,0.0,1.0,2.0,1.0,1,0,1,0
1996436,334,True,False,low_block,1214.48405,29.509999999999998,41.155,2.0,0.44999999999999996,0,0,0,0.0,1.0,3.0,1.0,1.0,0.0,0,1,0,0
1996436,335,False,False,high_block,2198.5941999999995,38.66,56.87,1.5,0.0,0,0,0,0.0,2.0,0.0,1.0,1.0,0.0,0,0,0,1
1996436,336,False,False,medium_block,1969.3597499999998,37.025,53.19,1.5,0.15,0,0,0,0.0,2.0,1.0,1.0,1.0,0.0,0,0,1,0
1996436,338,False,False,high_block,1836.7601999999997,28.04,65.505,2.6666666666666665,2.9,1,1,0,4.0,4.0,1.0,3.0,7.0,6.0,1,0,0,1
1996436,339,False,False,medium_block,2191.40415,33.864999999999995,64.71000000000001,3.0,2.15,1,1,0,1.0,1.0,1.0,2.0,4.0,3.0,1,0,1,0
1996436,342,True,False,medium_block,1677.7692000000002,33.21,50.52,1.0,0.44999999999999996,0,0,0,0.0,0.0,3.0,1.0,1.0,0.0,0,0,1,0
1996436,343,True,False,high_block,2103.2804499999997,37.19,56.555,0.0,0.65,0,0,0,2.0,2.0,1.0,2.0,3.0,2.0,0,0,0,1
1996436,344,True,False,medium_block,2026.0281500000003,34.63,58.505,2.0,2.6,1,1,0,1.0,3.0,4.0,2.0,4.0,3.0,1,0,1,0
1996436,345,True,False,low_block,1744.3585500000002,32.285000000000004,54.03,3.0,0.3,0,0,0,0.0,3.0,2.0,2.0,1.0,0.0,0,1,0,0
1996436,346,False,False,high_block,2504.9246,32.019999999999996,78.23,2.75,2.25,0,1,1,3.0,4.0,0.0,4.0,5.0,4.0,1,0,0,1
1996436,347,False,False,medium_block,2422.9568,43.36,55.88,2.0,0.6,0,0,0,0.0,2.0,4.0,2.0,1.0,0.0,0,0,1,0
1996436,348,False,False,low_block,1808.49575,38.45,47.035,0.0,0.0,0,0,0,0.0,1.0,0.0,1.0,1.0,0.0,0,1,0,0
1996436,349,False,False,high_block,2952.9005999999995,41.64,70.91499999999999,3.0,2.15,1,0,0,4.0,4.0,1.0,3.0,6.0,5.0,1,0,0,1
1996436,350,False,False,medium_block,2860.8800000000006,44.0,65.02000000000001,3.5,1.65,1,0,0,2.0,2.0,1.0,2.0,4.0,3.0,1,0,1,0
1996436,351,False,False,medium_block,1521.34605,36.47,41.715,1.5,0.0,0,0,0,0.0,0.0,0.0,0.0,1.0,0.0,0,0,1,0
1996436,352,False,False,low_block,1738.318725,40.095,43.355000000000004,3.0,0.15,0,0,0,0.0,3.0,1.0,1.0,1.0,0.0,0,1,0,0
1996436,353,True,False,low_block,1094.99895,32.43,33.765,4.0,0.75,0,1,0,0.0,3.0,0.0,1.0,2.0,1.0,1,1,0,0
1996436,357,False,False,medium_block,1408.7193750000001,29.925,47.075,1.5,0.9,0,1,0,0.0,2.0,1.0,2.0,2.0,1.0,1,0,1,0
1996436,358,False,False,high_block,2150.333175,36.265,59.295,0.5,0.3,0,0,0,0.0,1.0,2.0,2.0,1.0,0.0,0,0,0,1
1996436,360,False,False,medium_block,1953.766725,39.885,48.985,2.0,2.65,1,1,0,3.0,5.0,1.0,3.0,6.0,5.0,1,0,1,0
1996436,361,False,False,low_block,1446.6149,32.93,43.93,2.0,0.0,0,0,0,0.0,4.0,0.0,3.0,1.0,0.0,0,1,0,0
1996436,362,False,False,medium_block,1433.6744749999996,35.394999999999996,40.504999999999995,0.0,0.15,0,0,0,0.0,0.0,1.0,2.0,1.0,0.0,0,0,1,0
1996436,363,False,False,low_block,1402.3940000000002,38.150000000000006,36.76,0.0,0.3,0,0,0,0.0,2.0,2.0,1.0,1.0,0.0,0,1,0,0
1996436,369,False,False,medium_block,1328.5856999999999,29.58,44.915,2.0,2.55,1,1,0,2.0,3.0,2.0,1.0,5.0,4.0,1,0,1,0
1996436,370,False,False,low_block,1376.3795000000002,32.81,41.95,2.0,0.75,0,1,0,0.0,2.0,0.0,2.0,2.0,1.0,1,1,0,0
1996436,371,False,False,medium_block,1485.328625,35.675,41.635000000000005,0.0,0.0,0,0,0,0.0,1.0,0.0,1.0,1.0,0.0,0,0,1,0
1996436,373,True,False,low_block,1740.688425,39.165,44.445,2.0,0.0,0,0,0,0.0,2.0,0.0,1.0,1.0,0.0,0,1,0,0
1996436,375,False,False,low_block,1153.24245,33.03,34.915,4.0,0.75,0,1,0,0.0,2.0,0.0,1.0,2.0,1.0,1,1,0,0
1996436,376,False,False,high_block,2181.504,33.28,65.55,0.0,0.15,0,0,0,0.0,0.0,1.0,1.0,1.0,0.0,0,0,0,1
1996436,377,False,False,medium_block,2081.5013,37.39,55.67,0.5,0.3,0,0,0,0.0,1.0,2.0,2.0,1.0,0.0,0,0,1,0
1996436,381,False,False,medium_block,1510.3182750000003,31.035,48.665000000000006,3.0,0.9,0,1,0,0.0,2.0,1.0,3.0,2.0,1.0,1,0,1,0
2006229,0,False,False,medium_block,1704.9912,38.28,44.54,0.0,0.9,0,1,0,0.0,1.0,1.0,2.0,2.0,1.0,1,0,1,0
2006229,3,False,False,medium_block,2182.2652,40.36,54.07,2.5,0.5,0,0,0,2.0,3.0,0.0,2.0,3.0,2.0,0,0,1,0
2006229,4,False,False,high_block,2279.5136,39.52,57.68,1.0,0.25,0,0,0,1.0,1.0,0.0,1.0,2.0,1.0,0,0,0,1
2006229,5,False,False,medium_block,2173.392,37.44,58.05,1.0,0.25,0,0,0,1.0,1.0,0.0,2.0,2.0,1.0,0,0,1,0
2006229,11,True,False,medium_block,2023.58565,42.33,47.805,1.3333333333333333,2.45,1,1,0,1.0,1.0,3.0,3.0,4.0,3.0,1,0,1,0
2006229,13,False,False,medium_block,2244.9726,35.46,63.31,1.5,0.6,0,0,0,0.0,1.0,4.0,1.0,1.0,0.0,0,0,1,0
2006229,15,False,False,low_block,1389.8354249999998,38.335,36.254999999999995,0.0,0.0,0,0,0,0.0,1.0,0.0,3.0,1.0,0.0,0,1,0,0
2006229,16,False,False,medium_block,1709.268975,40.185,42.535,0.0,0.75,0,1,0,0.0,2.0,0.0,2.0,2.0,1.0,1,0,1,0
2006229,18,False,False,medium_block,1849.4756000000002,35.56,52.010000000000005,1.0,0.6,0,0,0,0.0,2.0,6.0,1.0,1.0,0.0,0,0,1,0
2006229,19,False,False,low_block,1274.48,28.48,44.75,1.0,0.6,0,0,0,0.0,4.0,5.0,1.0,1.0,0.0,0,1,0,0
2006229,23,False,False,medium_block,1426.2732250000001,34.885000000000005,40.885,0.0,0.65,0,0,0,2.0,2.0,1.0,2.0,3.0,2.0,0,0,1,0
2006229,24,False,False,high_block,2292.7092000000002,38.82,59.06,0.5,0.25,0,0,0,1.0,1.0,0.0,2.0,2.0,1.0,0,0,0,1
2006229,25,False,False,medium_block,2446.1753249999997,39.254999999999995,62.315000000000005,2.6666666666666665,1.4,0,1,0,2.0,2.0,1.0,3.0,4.0,3.0,1,0,1,0
2006229,30,False,False,medium_block,1550.75525,32.15,48.235,1.0,0.75,0,0,0,3.0,5.0,0.0,2.0,4.0,3.0,0,0,1,0
2006229,31,False,False,high_block,2376.8765999999996,38.519999999999996,61.705,1.5,0.5,0,0,0,2.0,2.0,0.0,2.0,3.0,2.0,0,0,0,1
2006229,35,False,False,medium_block,1630.4075999999998,37.08,43.97,1.0,0.0,0,0,0,0.0,0.0,0.0,2.0,1.0,0.0,0,0,1,0
2006229,36,False,False,low_block,1325.19915,38.445,34.47,3.0,0.0,0,0,0,0.0,2.0,0.0,2.0,1.0,0.0,0,1,0,0
2006229,37,False,False,high_block,2127.57325,33.550000000000004,63.41499999999999,2.3333333333333335,2.6,1,1,0,1.0,2.0,5.0,3.0,4.0,3.0,1,0,0,1
2006229,38,False,False,medium_block,1454.5878749999997,29.025,50.114999999999995,3.0,1.4,1,0,0,1.0,2.0,1.0,2.0,3.0,2.0,1,0,1,0
2006229,40,False,False,medium_block,1418.2074999999998,34.675,40.9,0.0,0.5,0,0,0,2.0,2.0,0.0,2.0,3.0,2.0,0,0,1,0
2006229,42,False,False,low_block,2341.3678,43.135,54.28,3.0,0.44999999999999996,0,0,0,0.0,1.0,3.0,1.0,1.0,0.0,0,1,0,0
2006229,44,False,False,medium_block,1528.3242,30.68,49.815,2.5,0.15,0,0,0,0.0,2.0,1.0,2.0,1.0,0.0,0,0,1,0
2006229,46,False,False,low_block,1095.4689999999998,32.05,34.18,1.0,0.0,0,0,0,0.0,1.0,0.0,1.0,1.0,0.0,0,1,0,0
2006229,47,False,False,medium_block,1341.312225,36.345,36.905,1.5,0.9,0,1,0,0.0,1.0,1.0,3.0,2.0,1.0,1,0,1,0
2006229,49,False,False,high_block,2693.1111,37.99,70.89,2.0,1.0,0,0,1,1.0,1.0,0.0,1.0,2.0,1.0,1,0,0,1
2006229,50,False,False,medium_block,2559.9018,37.56,68.155,1.5,1.05,0,1,0,0.0,1.0,2.0,2.0,2.0,1.0,1,0,1,0
2006229,51,False,False,high_block,2430.9857,36.17,67.21000000000001,0.0,0.0,0,0,0,0.0,1.0,0.0,1.0,1.0,0.0,0,0,0,1
2006229,52,False,False,high_block,1989.61675,37.675,52.81,0.0,0.15,0,0,0,0.0,1.0,1.0,1.0,1.0,0.0,0,0,0,1
2006229,53,False,False,medium_block,2086.733,37.4,55.795,0.0,0.15,0,0,0,0.0,1.0,1.0,1.0,1.0,0.0,0,0,1,0
2006229,56,False,False,high_block,2618.03545,40.91,63.995000000000005,2.0,2.15,1,0,0,4.0,4.0,1.0,2.0,6.0,5.0,1,0,0,1
2006229,57,False,False,medium_block,1951.8411,33.22,58.755,2.0,1.35,0,1,0,0.0,1.0,6.0,1.0,2.0,1.0,1,0,1,0
2006229,58,False,False,low_block,1339.8152499999999,25.45,52.644999999999996,2.0,0.44999999999999996,0,0,0,0.0,0.0,3.0,1.0,1.0,0.0,0,1,0,0
2006229,60,False,False,low_block,1220.8845,30.325,40.26,2.0,0.0,0,0,0,0.0,1.0,0.0,1.0,1.0,0.0,0,1,0,0
2006229,61,False,False,medium_block,1285.87305,35.09,36.644999999999996,0.0,0.15,0,0,0,0.0,0.0,1.0,1.0,1.0,0.0,0,0,1,0
2006229,62,False,False,low_block,1474.58755,39.565,37.27,1.5,0.15,0,0,0,0.0,2.0,1.0,2.0,1.0,0.0,0,1,0,0
2006229,63,False,False,high_block,2061.122,34.04,60.55,2.5,1.25,0,1,0,2.0,3.0,0.0,3.0,4.0,3.0,1,0,0,1
2006229,65,False,False,low_block,1020.396,33.76,30.225,1.0,0.3,0,0,0,0.0,3.0,2.0,2.0,1.0,0.0,0,1,0,0
2006229,66,False,False,medium_block,1650.1529999999998,42.224999999999994,39.08,1.0,0.9,0,1,0,0.0,1.0,1.0,2.0,2.0,1.0,1,0,1,0
2006229,67,False,False,low_block,1287.40865,38.83,33.155,2.0,0.3,0,0,0,0.0,1.0,2.0,1.0,1.0,0.0,0,1,0,0
2006229,69,False,False,low_block,942.5567500000001,32.53,28.975,0.0,0.0,0,0,0,0.0,0.0,0.0,1.0,1.0,0.0,0,1,0,0
2006229,70,False,False,medium_block,1123.9245,34.11,32.95,0.0,0.0,0,0,0,0.0,0.0,0.0,2.0,1.0,0.0,0,0,1,0
2006229,71,False,False,low_block,1209.635775,33.615,35.985,2.6666666666666665,0.9,0,1,0,0.0,5.0,1.0,3.0,2.0,1.0,1,1,0,0
2006229,73,False,False,medium_block,1463.49035,37.135000000000005,39.41,0.0,0.0,0,0,0,0.0,1.0,0.0,1.0,1.0,0.0,0,0,1,0
2006229,74,False,False,high_block,2256.9597,42.54,53.055,0.0,0.25,0,0,0,1.0,1.0,0.0,1.0,2.0,1.0,0,0,0,1
2006229,75,False,False,medium_block,2333.2644,39.96,58.39,2.0,0.6,0,0,0,0.0,1.0,7.0,1.0,1.0,0.0,0,0,1,0
2006229,76,False,False,low_block,1408.27365,27.090000000000003,51.985,2.0,1.35,0,1,0,0.0,3.0,5.0,2.0,2.0,1.0,1,1,0,0
2006229,77,False,False,high_block,2426.4945000000002,35.71,67.95,1.5,0.0,0,0,0,0.0,0.0,0.0,1.0,1.0,0.0,0,0,0,1
2006229,82,False,False,medium_block,1637.6894000000002,35.93000000000001,45.58,0.0,0.0,0,0,0,0.0,0.0,0.0,1.0,1.0,0.0,0,0,1,0
2006229,83,False,False,high_block,2042.8380000000004,37.2,54.915000000000006,2.0,1.25,0,1,0,2.0,3.0,0.0,2.0,4.0,3.0,1,0,0,1
2006229,86,False,False,high_block,2947.7963250000003,47.595,61.935,0.0,0.15,0,0,0,0.0,0.0,1.0,3.0,1.0,0.0,0,0,0,1
2006229,87,False,False,medium_block,2221.1911999999998,44.08,50.39,1.5,0.75,0,1,0,0.0,1.0,0.0,2.0,2.0,1.0,1,0,1,0
2006229,88,False,False,medium_block,1650.6319500000002,45.870000000000005,35.985,0.0,0.0,0,0,0,0.0,0.0,0.0,1.0,1.0,0.0,0,0,1,0
2006229,89,False,False,low_block,1635.03,44.19,37.0,0.3333333333333333,0.0,0,0,0,0.0,1.0,0.0,3.0,1.0,0.0,0,1,0,0
2006229,90,False,False,medium_block,1726.6269,42.465,40.66,0.0,0.44999999999999996,0,0,0,0.0,0.0,3.0,2.0,1.0,0.0,0,0,1,0
2006229,91,False,False,medium_block,2008.4677499999998,48.849999999999994,41.115,1.0,1.25,0,1,0,2.0,4.0,0.0,2.0,4.0,3.0,1,0,1,0
2006229,92,False,False,medium_block,2275.2611,47.53,47.870000000000005,1.5,1.05,0,1,0,0.0,2.0,2.0,2.0,2.0,1.0,1,0,1,0
2006229,93,False,False,low_block,1602.44665,34.015,47.11,1.6666666666666667,1.05,0,1,0,0.0,3.0,2.0,3.0,2.0,1.0,1,1,0,0
2006229,94,False,False,high_block,2778.2232,42.96,64.67,2.0,0.9,0,1,0,0.0,4.0,1.0,2.0,2.0,1.0,1,0,0,1
2006229,95,False,False,medium_block,2606.6932500000007,39.075,66.71000000000001,3.0,0.75,0,1,0,0.0,3.0,0.0,2.0,2.0,1.0,1,0,1,0
2006229,97,False,False,medium_block,2706.7039999999997,49.28,54.925,1.0,1.05,0,1,0,0.0,1.0,2.0,1.0,2.0,1.0,1,0,1,0
2006229,98,False,False,low_block,2105.7965499999996,40.43,52.084999999999994,2.5,1.2,0,1,0,0.0,4.0,3.0,2.0,2.0,1.0,1,1,0,0
2006229,100,False,False,medium_block,,,,1.5,0.0,0,0,0,0.0,0.0,0.0,1.0,1.0,0.0,0,0,1,0
2006229,101,False,False,low_block,1094.2365000000002,34.475,31.740000000000002,1.5,0.0,0,0,0,0.0,0.0,0.0,1.0,1.0,0.0,0,1,0,0
2006229,102,False,False,medium_block,1560.5408,37.28,41.86,0.5,0.15,0,0,0,0.0,0.0,1.0,2.0,1.0,0.0,0,0,1,0
2006229,103,False,False,high_block,2299.1488499999996,44.635,51.51,0.0,0.65,0,0,0,2.0,2.0,1.0,2.0,3.0,2.0,0,0,0,1
2006229,104,False,False,medium_block,2482.93255,47.11,52.705,1.0,0.65,0,0,0,2.0,2.0,1.0,2.0,3.0,2.0,0,0,1,0
2006229,105,False,False,high_block,2280.118875,45.075,50.585,0.0,0.0,0,0,0,0.0,0.0,0.0,2.0,1.0,0.0,0,0,0,1
2006229,106,False,False,medium_block,1741.13235,40.29,43.215,0.0,0.0,0,0,0,0.0,0.0,0.0,1.0,1.0,0.0,0,0,1,0
2006229,107,False,False,low_block,1187.6684999999998,33.644999999999996,35.3,1.5,1.05,0,1,0,0.0,2.0,2.0,3.0,2.0,1.0,1,1,0,0
2006229,110,False,False,medium_block,2278.886425,45.455,50.135000000000005,0.0,0.25,0,0,0,1.0,1.0,0.0,2.0,2.0,1.0,0,0,1,0
2006229,111,False,False,high_block,2594.09515,44.53,58.255,1.0,1.7,1,0,0,1.0,1.0,3.0,2.0,3.0,2.0,1,0,0,1
2006229,112,False,False,medium_block,2759.8735,43.7,63.155,1.0,1.55,1,0,0,1.0,1.0,2.0,2.0,3.0,2.0,1,0,1,0
2006229,113,False,False,low_block,2591.4537,53.91,48.07,2.0,0.0,0,0,0,0.0,2.0,0.0,2.0,1.0,0.0,0,1,0,0
2006229,114,False,False,medium_block,2131.4782499999997,43.79,48.675,2.6666666666666665,2.6,1,1,0,1.0,3.0,4.0,3.0,4.0,3.0,1,0,1,0
2006229,115,False,False,low_block,1812.8164499999998,37.665,48.129999999999995,3.0,0.9,0,1,0,0.0,2.0,1.0,2.0,2.0,1.0,1,1,0,0
2006229,119,False,False,high_block,2694.003,40.2,67.015,1.5,2.55,1,1,0,2.0,2.0,2.0,3.0,5.0,4.0,1,0,0,1
2006229,120,False,False,medium_block,2362.2270000000003,39.400000000000006,59.955,2.0,2.7,1,1,0,2.0,2.0,3.0,2.0,5.0,4.0,1,0,1,0
2006229,122,False,False,medium_block,2594.94,45.75,56.72,0.0,0.5,0,0,0,2.0,2.0,0.0,2.0,3.0,2.0,0,0,1,0
2006229,123,False,False,high_block,2575.0597499999994,45.974999999999994,56.01,0.0,1.65,1,0,0,2.0,2.0,1.0,1.0,4.0,3.0,1,0,0,1
2006229,124,False,False,medium_block,2339.057875,40.975,57.085,3.0,2.3,1,1,0,1.0,2.0,2.0,2.0,4.0,3.0,1,0,1,0
2006229,127,False,False,high_block,2714.6424,42.72,63.545,1.3333333333333333,1.4,0,1,0,2.0,3.0,1.0,3.0,4.0,3.0,1,0,0,1
2006229,128,False,False,medium_block,2520.784,39.760000000000005,63.4,2.0,0.44999999999999996,0,0,0,0.0,1.0,3.0,1.0,1.0,0.0,0,0,1,0
2006229,129,False,False,low_block,1837.1034,36.135,50.84,0.5,0.75,0,1,0,0.0,2.0,0.0,2.0,2.0,1.0,1,1,0,0
2006229,130,False,False,medium_block,1514.6852,37.66,40.22,0.0,0.9,0,1,0,0.0,1.0,1.0,2.0,2.0,1.0,1,0,1,0
2006229,131,False,False,low_block,1703.5704,41.04,41.510000000000005,0.0,0.15,0,0,0,0.0,0.0,1.0,2.0,1.0,0.0,0,1,0,0
2006229,132,False,False,medium_block,1633.5722249999997,41.205,39.644999999999996,0.0,0.15,0,0,0,0.0,0.0,1.0,2.0,1.0,0.0,0,0,1,0
2006229,133,False,False,low_block,1460.283,38.76,37.675,2.0,0.15,0,0,0,0.0,1.0,1.0,1.0,1.0,0.0,0,1,0,0
2006229,134,False,False,medium_block,,,,2.0,0.15,0,0,0,0.0,1.0,1.0,1.0,1.0,0.0,0,0,1,0
2006229,136,False,False,low_block,1637.2562,39.394999999999996,41.56,1.0,0.3,0,0,0,0.0,2.0,2.0,2.0,1.0,0.0,0,1,0,0
2006229,137,False,False,medium_block,2037.5404,40.54,50.260000000000005,2.0,0.3,0,0,0,0.0,2.0,2.0,1.0,1.0,0.0,0,0,1,0
2006229,138,False,False,low_block,2195.84855,39.515,55.57,2.0,0.15,0,0,0,0.0,2.0,1.0,1.0,1.0,0.0,0,1,0,0
2006229,139,False,False,high_block,3026.8852749999996,48.535,62.364999999999995,1.6666666666666667,1.75,0,1,0,4.0,4.0,0.0,3.0,6.0,5.0,1,0,0,1
2006229,140,False,False,medium_block,2432.4621749999997,40.754999999999995,59.685,2.3333333333333335,1.75,0,1,0,4.0,4.0,0.0,3.0,6.0,5.0,1,0,1,0
2006229,141,False,False,medium_block,1668.148375,34.735,48.025,0.0,0.0,0,0,0,0.0,0.0,0.0,1.0,1.0,0.0,0,0,1,0
2006229,142,False,False,high_block,1884.012,37.16,50.7,1.0,1.9,1,0,0,3.0,3.0,1.0,2.0,5.0,4.0,1,0,0,1
2006229,143,False,False,medium_block,2068.2597749999995,39.205,52.754999999999995,2.0,1.65,1,0,0,2.0,2.0,1.0,1.0,4.0,3.0,1,0,1,0
2006229,144,False,False,medium_block,1643.94495,34.015,48.33,1.5,0.0,0,0,0,0.0,0.0,0.0,0.0,1.0,0.0,0,0,1,0
2006229,145,False,False,high_block,2065.98075,39.225,52.67,0.0,0.65,0,0,0,2.0,2.0,1.0,1.0,3.0,2.0,0,0,0,1
2006229,146,False,False,medium_block,2367.7007999999996,43.459999999999994,54.480000000000004,0.0,0.0,0,0,0,0.0,0.0,0.0,2.0,1.0,0.0,0,0,1,0
2006229,147,True,True,medium_block,2586.086625,50.475,51.235,1.0,0.75,0,1,0,0.0,1.0,0.0,1.0,2.0,1.0,1,0,1,0
2006229,148,True,True,high_block,2376.9939999999997,45.19,52.599999999999994,0.0,0.15,0,0,0,0.0,0.0,1.0,2.0,1.0,0.0,0,0,0,1
2006229,149,True,True,medium_block,2459.76075,46.05,53.415000000000006,0.0,0.0,0,0,0,0.0,0.0,0.0,1.0,1.0,0.0,0,0,1,0
2006229,151,False,False,medium_block,1770.11055,39.015,45.370000000000005,1.25,1.5,0,1,0,3.0,5.0,0.0,4.0,5.0,4.0,1,0,1,0
2006229,154,False,False,medium_block,2415.6949,47.260000000000005,51.114999999999995,2.0,0.3,0,0,0,0.0,1.0,2.0,1.0,1.0,0.0,0,0,1,0
2006229,155,False,False,high_block,2501.559825,46.065,54.305,0.0,0.15,0,0,0,0.0,2.0,1.0,1.0,1.0,0.0,0,0,0,1
2006229,156,False,False,medium_block,2306.02215,41.19,55.985,1.0,1.05,0,1,0,0.0,5.0,2.0,2.0,2.0,1.0,1,0,1,0
2006229,159,False,False,high_block,2172.4222,31.33,69.34,2.0,1.3,0,0,1,1.0,1.0,2.0,1.0,2.0,1.0,1,0,0,1
2006229,160,False,False,medium_block,1639.2443999999998,41.269999999999996,39.72,1.6666666666666667,2.95,1,1,0,3.0,3.0,3.0,3.0,6.0,5.0,1,0,1,0
2006229,162,False,False,medium_block,2155.3162,45.49,47.38,1.0,1.05,0,1,0,0.0,1.0,2.0,2.0,2.0,1.0,1,0,1,0
2006229,163,False,False,low_block,2031.12,40.3,50.4,2.6666666666666665,0.75,0,1,0,0.0,6.0,0.0,3.0,2.0,1.0,1,1,0,0
2006229,164,False,False,medium_block,1481.545625,34.555,42.875,2.0,0.75,0,1,0,0.0,3.0,0.0,2.0,2.0,1.0,1,0,1,0
2006229,165,False,False,low_block,1192.554375,31.125,38.315,1.0,0.75,0,1,0,0.0,1.0,0.0,1.0,2.0,1.0,1,1,0,0
2006229,166,False,False,medium_block,1690.3643250000005,37.245000000000005,45.385000000000005,0.0,0.25,0,0,0,1.0,1.0,0.0,1.0,2.0,1.0,0,0,1,0
2006229,167,False,False,high_block,2270.9359750000003,43.055,52.745000000000005,0.5,1.15,0,1,0,1.0,1.0,1.0,2.0,3.0,2.0,1,0,0,1
2006229,168,False,False,medium_block,2061.716125,40.565,50.825,1.6666666666666667,1.25,0,1,0,2.0,3.0,0.0,3.0,4.0,3.0,1,0,1,0
2006229,169,False,False,medium_block,2080.3621249999997,48.635,42.775,1.6666666666666667,2.8,1,1,0,3.0,4.0,2.0,3.0,6.0,5.0,1,0,1,0
2006229,170,False,False,medium_block,2073.646575,42.315,49.005,2.0,2.45,1,1,0,1.0,5.0,3.0,3.0,4.0,3.0,1,0,1,0
2006229,174,False,False,medium_block,1847.489875,40.325,45.815,0.3333333333333333,1.15,0,1,0,1.0,1.0,1.0,3.0,3.0,2.0,1,0,1,0
2006229,175,False,False,high_block,2465.866725,43.295,56.955,3.0,2.15,1,1,0,1.0,1.0,1.0,2.0,4.0,3.0,1,0,0,1
2006229,176,False,False,low_block,1271.22485,36.43,34.895,0.0,0.0,0,0,0,0.0,0.0,0.0,1.0,1.0,0.0,0,1,0,0
2006229,177,False,False,medium_block,1488.6953999999998,38.04,39.135,0.0,0.0,0,0,0,0.0,1.0,0.0,2.0,1.0,0.0,0,0,1,0
2006229,179,False,False,low_block,1668.5082250000003,39.665000000000006,42.065,0.0,0.25,0,0,0,1.0,1.0,0.0,1.0,2.0,1.0,0,1,0,0
2006229,180,False,False,medium_block,1371.08,36.32,37.75,0.0,0.25,0,0,0,1.0,1.0,0.0,2.0,2.0,1.0,0,0,1,0
2006229,181,False,False,medium_block,2651.659,52.075,50.92,0.0,0.25,0,0,0,1.0,1.0,0.0,1.0,2.0,1.0,0,0,1,0
2006229,182,False,False,high_block,2422.830375,44.805,54.075,0.0,0.25,0,0,0,1.0,1.0,0.0,2.0,2.0,1.0,0,0,0,1
2006229,183,False,False,medium_block,2341.002,46.68,50.15,1.5,1.5,0,1,0,3.0,3.0,0.0,2.0,5.0,4.0,1,0,1,0
2006229,184,False,False,high_block,2312.619575,44.435,52.045,2.5,2.4,1,1,0,2.0,2.0,1.0,2.0,5.0,4.0,1,0,0,1
2006229,187,True,False,medium_block,2077.4477500000003,41.825,49.67,1.0,1.4,1,0,0,1.0,1.0,1.0,1.0,3.0,2.0,1,0,1,0
2006229,188,True,False,high_block,2581.712,45.325,56.96,1.0,1.25,0,1,0,2.0,2.0,0.0,3.0,4.0,3.0,1,0,0,1
2006229,189,True,False,medium_block,2525.3844,43.44,58.135,1.0,1.0,0,1,0,1.0,1.0,0.0,2.0,3.0,2.0,1,0,1,0
2006229,192,False,False,medium_block,1703.1545999999998,37.26,45.71,1.5,2.3,1,1,0,1.0,3.0,2.0,2.0,4.0,3.0,1,0,1,0
2006229,193,False,False,low_block,1500.888375,35.825,41.894999999999996,3.0,1.05,0,1,0,0.0,3.0,2.0,3.0,2.0,1.0,1,1,0,0
2006229,194,False,False,high_block,2142.1463999999996,29.555,72.47999999999999,3.5,0.9,0,1,0,0.0,1.0,1.0,2.0,2.0,1.0,1,0,0,1
2006229,195,False,False,low_block,1432.70865,38.79,36.935,1.0,0.0,0,0,0,0.0,2.0,0.0,2.0,1.0,0.0,0,1,0,0
2006229,196,False,False,low_block,1279.3284999999998,37.55,34.07,0.0,0.0,0,0,0,0.0,0.0,0.0,1.0,1.0,0.0,0,1,0,0
2006229,197,False,False,medium_block,1618.2276000000002,37.84,42.765,1.6666666666666667,2.9,1,1,0,4.0,4.0,1.0,3.0,7.0,6.0,1,0,1,0
2006229,199,False,False,medium_block,1763.6357749999997,37.235,47.364999999999995,1.0,0.3,0,0,0,0.0,1.0,2.0,1.0,1.0,0.0,0,0,1,0
2006229,200,False,False,low_block,1251.1301,32.59,38.39,1.5,1.05,0,1,0,0.0,2.0,2.0,2.0,2.0,1.0,1,1,0,0
2006229,202,False,False,medium_block,2696.2903499999993,55.44499999999999,48.629999999999995,1.5,0.75,0,1,0,0.0,1.0,0.0,1.0,2.0,1.0,1,0,1,0
2006229,205,False,False,medium_block,2395.197,39.15,61.18000000000001,0.5,0.65,0,0,0,2.0,2.0,1.0,2.0,3.0,2.0,0,0,1,0
2006229,206,False,False,high_block,2371.3266500000004,40.790000000000006,58.135,0.0,0.5,0,0,0,2.0,2.0,0.0,2.0,3.0,2.0,0,0,0,1
2006229,215,False,False,medium_block,1684.6620999999998,32.23,52.269999999999996,1.5,0.25,0,0,0,1.0,2.0,0.0,2.0,2.0,1.0,0,0,1,0
2006229,216,False,False,high_block,2415.385525,38.705,62.405,1.0,0.55,0,0,0,1.0,1.0,2.0,1.0,2.0,1.0,0,0,0,1
2006229,217,False,False,medium_block,1667.0463249999998,38.754999999999995,43.015,0.0,0.4,0,0,0,1.0,1.0,1.0,1.0,2.0,1.0,0,0,1,0
2006229,221,False,False,low_block,1420.75575,35.55,39.965,3.0,0.15,0,0,0,0.0,2.0,1.0,1.0,1.0,0.0,0,1,0,0
2006229,222,False,False,medium_block,2719.5927,55.31,49.17,0.0,0.15,0,0,0,0.0,1.0,1.0,1.0,1.0,0.0,0,0,1,0
2006229,225,False,False,low_block,1719.3325000000002,36.5,47.105000000000004,1.0,0.75,0,1,0,0.0,0.0,0.0,2.0,2.0,1.0,1,1,0,0
2006229,226,False,False,medium_block,1907.4692,38.92,49.01,0.5,0.4,0,0,0,1.0,1.0,1.0,2.0,2.0,1.0,0,0,1,0
2006229,227,False,False,high_block,2355.0562,42.695,55.16,0.0,0.44999999999999996,0,0,0,0.0,1.0,3.0,2.0,1.0,0.0,0,0,0,1
2006229,228,False,False,medium_block,2577.5298,44.54,57.87,0.0,0.44999999999999996,0,0,0,0.0,1.0,3.0,2.0,1.0,0.0,0,0,1,0
2006229,230,False,False,medium_block,2347.3880000000004,40.195,58.400000000000006,3.0,0.6,0,0,0,0.0,1.0,4.0,1.0,1.0,0.0,0,0,1,0
2006229,231,False,False,low_block,1943.9044000000001,39.92,48.695,4.0,0.0,0,0,0,0.0,1.0,0.0,1.0,1.0,0.0,0,1,0,0
2006229,233,False,False,low_block,2214.4688499999997,48.235,45.91,1.0,0.25,0,0,0,1.0,2.0,0.0,2.0,2.0,1.0,0,1,0,0
2006229,234,False,False,high_block,2839.9066,41.17,68.97999999999999,2.0,1.55,0,1,0,2.0,2.0,2.0,2.0,4.0,3.0,1,0,0,1
2006229,235,False,False,medium_block,2073.3556500000004,35.865,57.81,3.0,2.55,1,1,0,2.0,3.0,2.0,2.0,5.0,4.0,1,0,1,0
2006229,236,False,False,low_block,1636.261175,34.415,47.545,3.3333333333333335,1.4,0,1,0,2.0,5.0,1.0,3.0,4.0,3.0,1,1,0,0
2006229,238,False,False,low_block,1670.5543999999998,37.489999999999995,44.56,2.0,0.75,0,1,0,0.0,2.0,0.0,2.0,2.0,1.0,1,1,0,0
2006229,239,False,False,medium_block,1695.1577999999997,36.33,46.66,0.5,0.25,0,0,0,1.0,1.0,0.0,3.0,2.0,1.0,0,0,1,0
2006229,241,False,False,medium_block,1946.2679499999995,38.334999999999994,50.769999999999996,1.0,0.15,0,0,0,0.0,0.0,1.0,1.0,1.0,0.0,0,0,1,0
2006229,242,False,False,low_block,1471.01705,36.67,40.114999999999995,2.6666666666666665,0.9,0,1,0,0.0,2.0,1.0,3.0,2.0,1.0,1,1,0,0
2006229,244,False,False,medium_block,1794.3397500000003,39.135000000000005,45.85,0.0,0.5,0,0,0,2.0,2.0,0.0,2.0,3.0,2.0,0,0,1,0
2006229,245,False,False,medium_block,2705.3235,52.89,51.15,0.3333333333333333,0.5,0,0,0,2.0,2.0,0.0,3.0,3.0,2.0,0,0,1,0
2006229,246,False,False,high_block,2416.0839499999997,44.065,54.83,0.75,0.75,0,0,0,3.0,3.0,0.0,4.0,4.0,3.0,0,0,0,1
2006229,247,False,False,medium_block,2430.243,43.8,55.485,3.0,2.4,1,1,0,2.0,2.0,1.0,1.0,5.0,4.0,1,0,1,0
2006229,249,False,False,low_block,745.1074,26.630000000000003,27.979999999999997,0.0,0.15,0,0,0,0.0,0.0,1.0,1.0,1.0,0.0,0,1,0,0
2006229,251,False,False,low_block,1259.2644750000002,34.965,36.015,2.5,0.75,0,1,0,0.0,3.0,0.0,2.0,2.0,1.0,1,1,0,0
2006229,252,False,False,low_block,1160.7003249999998,35.885,32.345,0.0,0.15,0,0,0,0.0,1.0,1.0,1.0,1.0,0.0,0,1,0,0
2006229,253,False,False,medium_block,1528.0240000000001,40.900000000000006,37.36,0.5,0.25,0,0,0,1.0,1.0,0.0,2.0,2.0,1.0,0,0,1,0
2006229,254,False,False,low_block,1772.6154999999997,45.474999999999994,38.98,2.0,1.15,0,0,1,1.0,2.0,1.0,2.0,2.0,1.0,1,1,0,0
2006229,255,False,False,high_block,2677.6187499999996,41.675,64.25,2.0,2.25,0,1,1,3.0,3.0,0.0,2.0,5.0,4.0,1,0,0,1
2006229,256,False,False,low_block,600.667425,30.545,19.665,3.0,0.9,0,1,0,0.0,6.0,1.0,3.0,2.0,1.0,1,1,0,0
2006229,258,False,False,medium_block,1316.1471500000002,32.59,40.385000000000005,1.75,3.05,1,1,0,4.0,7.0,2.0,4.0,7.0,6.0,1,0,1,0
2006229,259,False,False,low_block,1168.0095,30.275,38.58,2.0,2.4,1,1,0,2.0,5.0,1.0,3.0,5.0,4.0,1,1,0,0
2006229,262,True,False,medium_block,1925.7381,37.18,51.795,0.0,1.05,0,1,0,0.0,0.0,2.0,2.0,2.0,1.0,1,0,1,0
2006229,263,True,False,low_block,1025.6110999999999,28.18,36.394999999999996,1.0,0.75,0,1,0,0.0,1.0,0.0,2.0,2.0,1.0,1,1,0,0
2006229,264,True,False,high_block,3477.438,51.12,68.025,1.5,0.0,0,0,0,0.0,0.0,0.0,1.0,1.0,0.0,0,0,0,1
2006229,265,True,False,medium_block,2669.82765,41.335,64.59,2.0,1.35,0,1,0,0.0,1.0,6.0,2.0,2.0,1.0,1,0,1,0
2006229,266,True,False,low_block,1544.934675,27.634999999999998,55.905,3.0,1.2,0,1,0,0.0,3.0,3.0,2.0,2.0,1.0,1,1,0,0
2006229,268,False,False,low_block,2213.2714499999997,46.605000000000004,47.489999999999995,1.5,1.2,0,1,0,0.0,4.0,3.0,2.0,2.0,1.0,1,1,0,0
2006229,269,False,False,medium_block,1787.18715,39.955,44.730000000000004,1.0,0.44999999999999996,0,0,0,0.0,1.0,3.0,1.0,1.0,0.0,0,0,1,0
2006229,270,False,False,low_block,1514.2828999999997,38.379999999999995,39.455,3.0,0.3,0,0,0,0.0,1.0,2.0,1.0,1.0,0.0,0,1,0,0
2006229,271,False,False,medium_block,1789.7585000000001,42.715,41.9,2.0,0.9,0,1,0,0.0,2.0,1.0,2.0,2.0,1.0,1,0,1,0
2006229,272,False,False,medium_block,1685.7540000000001,35.7,47.22,1.0,0.4,0,0,0,1.0,1.0,1.0,1.0,2.0,1.0,0,0,1,0
2006229,273,False,False,high_block,2430.4352,39.04,62.255,1.5,1.8,1,0,0,2.0,2.0,2.0,2.0,4.0,3.0,1,0,0,1
2006229,274,False,False,medium_block,2386.863875,35.585,67.075,0.0,2.6,1,1,0,1.0,1.0,6.0,1.0,4.0,3.0,1,0,1,0
2006229,275,False,False,low_block,1784.4959249999997,28.845,61.864999999999995,1.0,0.3,0,0,0,0.0,1.0,2.0,1.0,1.0,0.0,0,1,0,0
2006229,276,False,False,low_block,1340.447425,32.335,41.455,0.0,0.15,0,0,0,0.0,0.0,1.0,2.0,1.0,0.0,0,1,0,0
2006229,277,False,False,medium_block,1527.6219,38.010000000000005,40.19,0.0,0.3,0,0,0,0.0,2.0,2.0,2.0,1.0,0.0,0,0,1,0
2006229,278,False,False,low_block,1742.45675,40.85,42.655,2.0,0.9,0,1,0,0.0,4.0,1.0,2.0,2.0,1.0,1,1,0,0
2006229,279,False,False,high_block,2819.3437999999996,44.135,63.879999999999995,2.0,0.9,0,1,0,0.0,4.0,1.0,2.0,2.0,1.0,1,0,0,1
2006229,280,False,False,medium_block,2453.9975249999998,39.815,61.635,1.0,0.9,0,1,0,0.0,0.0,1.0,2.0,2.0,1.0,1,0,1,0
2006229,281,False,False,high_block,2376.0781500000003,38.67,61.445,0.0,0.0,0,0,0,0.0,0.0,0.0,1.0,1.0,0.0,0,0,0,1
2006229,282,False,False,medium_block,2551.88465,39.97,63.845,0.0,0.0,0,0,0,0.0,0.0,0.0,2.0,1.0,0.0,0,0,1,0
2006229,285,False,False,medium_block,992.1658499999999,27.355,36.269999999999996,2.0,1.05,0,1,0,0.0,3.0,2.0,3.0,2.0,1.0,1,0,1,0
2006229,286,False,False,low_block,1151.6774249999999,31.215,36.894999999999996,0.0,0.0,0,0,0,0.0,1.0,0.0,1.0,1.0,0.0,0,1,0,0
2006229,287,False,False,medium_block,1534.9125000000001,37.21,41.25,1.0,1.35,0,1,0,0.0,0.0,4.0,1.0,2.0,1.0,1,0,1,0
2006229,289,False,False,high_block,2640.8376,37.08,71.22,1.0,1.25,0,1,0,2.0,2.0,0.0,3.0,4.0,3.0,1,0,0,1
2006229,290,False,False,low_block,2117.68895,46.945,45.11,1.5,0.9,0,1,0,0.0,4.0,1.0,4.0,2.0,1.0,1,1,0,0
2006229,291,False,False,medium_block,1837.187625,38.455,47.775000000000006,0.0,0.44999999999999996,0,0,0,0.0,1.0,3.0,1.0,1.0,0.0,0,0,1,0
2006229,292,False,False,high_block,2424.05865,40.230000000000004,60.254999999999995,2.0,1.4,1,0,0,1.0,1.0,1.0,1.0,3.0,2.0,1,0,0,1
2006229,295,False,False,medium_block,1943.55015,41.19,47.185,3.0,1.75,0,1,0,5.0,5.0,0.0,1.0,7.0,6.0,1,0,1,0
2006229,296,False,False,low_block,1256.8990000000003,27.685000000000002,45.400000000000006,3.0,1.25,0,1,0,2.0,2.0,0.0,1.0,4.0,3.0,1,1,0,0
2006229,297,False,False,medium_block,1239.9527249999999,26.935,46.035,1.0,1.5,0,1,0,3.0,3.0,0.0,3.0,5.0,4.0,1,0,1,0
2006229,299,False,False,medium_block,1987.4452,29.77,66.76,1.0,0.75,0,1,0,0.0,1.0,0.0,1.0,2.0,1.0,1,0,1,0
2006229,300,True,False,low_block,2067.9054,45.21,45.74,1.6666666666666667,0.25,0,0,0,1.0,4.0,0.0,3.0,2.0,1.0,0,1,0,0
2006229,301,True,False,medium_block,1793.3222,39.31,45.62,0.0,1.05,0,1,0,0.0,0.0,2.0,2.0,2.0,1.0,1,0,1,0
2006229,302,True,False,low_block,1404.6760000000002,30.94,45.400000000000006,1.5,0.75,0,1,0,0.0,2.0,0.0,2.0,2.0,1.0,1,1,0,0
2006229,305,False,False,high_block,3339.6279999999997,48.8,68.435,2.0,2.7,1,1,0,2.0,3.0,3.0,2.0,5.0,4.0,1,0,0,1
2006229,306,False,False,medium_block,2778.2412,44.695,62.16,3.5,1.0,0,1,0,1.0,2.0,0.0,2.0,3.0,2.0,1,0,1,0
2006229,308,False,False,high_block,2330.8401000000003,36.545,63.78,2.0,2.65,1,1,0,3.0,3.0,1.0,3.0,6.0,5.0,1,0,0,1
2006229,309,False,False,medium_block,2079.22125,35.25,58.985,1.5,2.4,1,1,0,2.0,2.0,1.0,2.0,5.0,4.0,1,0,1,0
2006229,310,False,False,medium_block,1333.5075,35.25,37.83,2.3333333333333335,1.65,0,1,0,3.0,5.0,1.0,3.0,5.0,4.0,1,0,1,0
2006229,311,False,False,low_block,1866.15285,33.89,55.065,3.3333333333333335,0.9,0,1,0,0.0,8.0,1.0,3.0,2.0,1.0,1,1,0,0
2006229,315,False,False,low_block,1183.4247,28.020000000000003,42.235,3.0,1.05,0,1,0,0.0,0.0,2.0,2.0,2.0,1.0,1,1,0,0
2006229,316,False,False,medium_block,1330.027725,32.045,41.504999999999995,0.5,1.0,0,1,0,1.0,1.0,0.0,2.0,3.0,2.0,1,0,1,0
2006229,317,False,False,low_block,1416.36195,34.83,40.665,0.5,1.0,0,1,0,1.0,1.0,0.0,2.0,3.0,2.0,1,1,0,0
2006229,318,False,False,medium_block,1733.75,36.5,47.5,1.5,1.4,0,1,0,2.0,2.0,1.0,2.0,4.0,3.0,1,0,1,0
2006229,319,False,False,medium_block,2965.0507,56.135,52.82,2.0,1.3,0,1,0,1.0,2.0,2.0,2.0,3.0,2.0,1,0,1,0
2006229,320,False,False,high_block,3048.1997,51.14,59.605000000000004,1.5,2.65,1,1,0,3.0,3.0,1.0,2.0,6.0,5.0,1,0,0,1
2006229,321,False,False,medium_block,3044.7707999999993,49.379999999999995,61.66,1.75,2.65,1,1,0,3.0,4.0,1.0,4.0,6.0,5.0,1,0,1,0
2006229,322,False,False,low_block,2727.2063,55.51,49.129999999999995,2.0,2.4,1,1,0,2.0,3.0,1.0,3.0,5.0,4.0,1,1,0,0
2006229,323,False,False,medium_block,2179.9496249999997,43.525,50.085,2.0,0.75,0,0,0,3.0,3.0,0.0,1.0,4.0,3.0,0,0,1,0
2006229,324,False,False,high_block,1801.7773,35.095,51.34,0.0,0.0,0,0,0,0.0,0.0,0.0,2.0,1.0,0.0,0,0,0,1
2006229,325,False,False,medium_block,1621.7417000000003,35.510000000000005,45.67,1.3333333333333333,1.95,1,0,0,2.0,3.0,3.0,3.0,4.0,3.0,1,0,1,0
2006229,326,False,False,low_block,1286.37675,35.55,36.185,1.0,1.0,0,1,0,1.0,3.0,0.0,3.0,3.0,2.0,1,1,0,0
2006229,327,False,False,medium_block,1252.834,37.510000000000005,33.4,1.0,1.0,0,1,0,1.0,3.0,0.0,3.0,3.0,2.0,1,0,1,0
2006229,328,False,False,low_block,1280.6304,36.480000000000004,35.105,0.5,0.25,0,0,0,1.0,2.0,0.0,2.0,2.0,1.0,0,1,0,0
2006229,329,False,False,medium_block,1468.5113249999997,37.305,39.364999999999995,1.0,2.65,1,1,0,3.0,3.0,1.0,3.0,6.0,5.0,1,0,1,0
2006229,331,False,False,medium_block,1947.4861250000004,38.545,50.525000000000006,2.0,1.45,0,1,0,1.0,1.0,3.0,2.0,3.0,2.0,1,0,1,0
2006229,332,False,False,low_block,1857.8876750000002,37.835,49.105000000000004,1.5,0.6,0,0,0,0.0,3.0,5.0,3.0,1.0,0.0,0,1,0,0
2006229,334,False,False,medium_block,1391.875625,41.125,33.845,1.5,1.55,1,0,0,1.0,2.0,2.0,2.0,3.0,2.0,1,0,1,0
2006229,335,False,False,low_block,1700.3246,41.209999999999994,41.260000000000005,2.0,0.3,0,0,0,0.0,1.0,2.0,1.0,1.0,0.0,0,1,0,0
2006229,336,False,False,medium_block,1696.7174999999997,39.004999999999995,43.5,2.0,0.3,0,0,0,0.0,1.0,2.0,1.0,1.0,0.0,0,0,1,0
2006229,337,False,False,low_block,1655.0469999999998,37.925,43.64,2.5,0.0,0,0,0,0.0,2.0,0.0,2.0,1.0,0.0,0,1,0,0
2006229,338,False,False,medium_block,2623.64,42.8,61.3,4.0,0.9,0,1,0,0.0,2.0,1.0,1.0,2.0,1.0,1,0,1,0
2006229,339,True,False,medium_block,1722.9076000000002,34.99,49.24,0.0,0.3,0,0,0,0.0,1.0,2.0,1.0,1.0,0.0,0,0,1,0
2006229,340,True,False,low_block,1395.7631999999999,30.29,46.08,2.6666666666666665,0.9,0,1,0,0.0,8.0,1.0,3.0,2.0,1.0,1,1,0,0
2006229,341,False,False,high_block,2188.8957999999993,33.144999999999996,66.03999999999999,1.5,0.0,0,0,0,0.0,1.0,0.0,0.0,1.0,0.0,0,0,0,1
2006229,342,False,False,medium_block,1854.9827999999998,30.33,61.16,3.0,0.75,0,1,0,0.0,3.0,0.0,1.0,2.0,1.0,1,0,1,0
2006229,345,False,False,medium_block,1704.5534999999998,39.65,42.989999999999995,0.0,0.3,0,0,0,0.0,1.0,2.0,2.0,1.0,0.0,0,0,1,0
2006229,349,False,False,medium_block,1382.8319999999999,31.68,43.65,2.6666666666666665,2.25,0,1,1,3.0,3.0,0.0,3.0,5.0,4.0,1,0,1,0
2006229,351,False,False,medium_block,1435.317625,30.265,47.425,0.0,0.15,0,0,0,0.0,1.0,1.0,1.0,1.0,0.0,0,0,1,0
2006229,352,False,False,high_block,2031.6219,35.655,56.980000000000004,0.0,0.3,0,0,0,0.0,0.0,2.0,1.0,1.0,0.0,0,0,0,1
2006229,354,False,False,medium_block,2057.393625,37.275,55.195,3.0,1.05,0,1,0,0.0,3.0,2.0,2.0,2.0,1.0,1,0,1,0
2006229,355,False,False,low_block,2050.8659249999996,38.144999999999996,53.765,3.0,1.05,0,1,0,0.0,3.0,2.0,2.0,2.0,1.0,1,1,0,0
2006229,359,False,False,medium_block,1759.5,36.0,48.875,3.0,2.15,1,1,0,1.0,1.0,1.0,1.0,4.0,3.0,1,0,1,0
2006229,362,False,False,high_block,1655.9177250000002,25.755000000000003,64.295,2.0,1.3,0,0,0,4.0,4.0,2.0,3.0,5.0,4.0,0,0,0,1
2006229,364,False,False,low_block,1633.7489999999996,32.599999999999994,50.114999999999995,2.5,0.75,0,1,0,0.0,3.0,0.0,2.0,2.0,1.0,1,1,0,0
2006229,365,False,False,medium_block,1525.5400000000002,33.2,45.95,2.0,0.15,0,0,0,0.0,1.0,1.0,1.0,1.0,0.0,0,0,1,0
2006229,366,False,False,high_block,1997.1766,38.735,51.56,0.0,1.0,0,0,0,4.0,4.0,0.0,2.0,5.0,4.0,0,0,0,1
2006229,367,False,False,medium_block,2683.5948249999997,45.205,59.364999999999995,1.0,0.25,0,0,0,1.0,2.0,0.0,2.0,2.0,1.0,0,0,1,0
2006229,368,False,False,high_block,2986.7447999999995,45.239999999999995,66.02,1.5,0.0,0,0,0,0.0,1.0,0.0,2.0,1.0,0.0,0,0,0,1
2006229,370,False,False,medium_block,1875.3078750000002,30.705000000000002,61.075,2.5,2.65,1,1,0,3.0,4.0,1.0,4.0,6.0,5.0,1,0,1,0
2006229,372,False,False,high_block,2255.83625,35.275,63.95,2.5,0.5,0,0,0,2.0,2.0,0.0,2.0,3.0,2.0,0,0,0,1
2006229,373,False,False,high_block,2095.2906000000003,30.615000000000002,68.44,2.0,0.25,0,0,0,1.0,2.0,0.0,1.0,2.0,1.0,0,0,0,1
2006229,374,False,False,medium_block,2025.11795,29.39,68.905,2.0,0.25,0,0,0,1.0,2.0,0.0,1.0,2.0,1.0,0,0,1,0
2006229,375,True,False,low_block,2202.1734,47.915000000000006,45.959999999999994,1.5,1.0,0,1,0,1.0,2.0,0.0,2.0,3.0,2.0,1,1,0,0
2006229,376,True,False,medium_block,2259.6422,42.26,53.47,1.0,0.25,0,0,0,1.0,1.0,0.0,1.0,2.0,1.0,0,0,1,0
2006229,377,True,False,high_block,2389.1112,38.64,61.83,1.5,0.25,0,0,0,1.0,1.0,0.0,2.0,2.0,1.0,0,0,0,1
2006229,379,True,False,medium_block,2124.6816249999997,37.675,56.394999999999996,3.0,0.44999999999999996,0,0,0,0.0,2.0,3.0,1.0,1.0,0.0,0,0,1,0
2006229,380,True,False,low_block,1747.760625,34.875,50.114999999999995,2.0,1.2,0,1,0,0.0,1.0,3.0,3.0,2.0,1.0,1,1,0,0
2006229,381,False,False,high_block,2495.5248,38.44,64.92,1.5,2.05,1,0,0,3.0,3.0,2.0,2.0,5.0,4.0,1,0,0,1
2006229,382,False,False,medium_block,2395.634475,38.035,62.985,3.0,2.4,1,1,0,2.0,2.0,1.0,2.0,5.0,4.0,1,0,1,0
2006229,384,False,False,medium_block,2339.93135,42.97,54.455,0.5,0.15,0,0,0,0.0,0.0,1.0,2.0,1.0,0.0,0,0,1,0
2006229,385,False,False,low_block,1798.3114999999996,43.489999999999995,41.349999999999994,1.0,0.15,0,0,0,0.0,2.0,1.0,2.0,1.0,0.0,0,1,0,0
2006229,388,False,False,medium_block,1594.6466249999999,36.025,44.265,3.0,0.15,0,0,0,0.0,1.0,1.0,1.0,1.0,0.0,0,0,1,0
2006229,389,False,False,high_block,2525.1711250000003,39.595,63.775000000000006,2.0,0.0,0,0,0,0.0,1.0,0.0,1.0,1.0,0.0,0,0,0,1
2006229,390,False,False,medium_block,2456.81875,40.375,60.85,1.0,0.0,0,0,0,0.0,1.0,0.0,1.0,1.0,0.0,0,0,1,0
2006229,393,False,False,low_block,1441.573875,36.225,39.795,2.2,1.3,0,1,0,1.0,6.0,2.0,5.0,3.0,2.0,1,1,0,0
2006229,394,False,False,high_block,2279.6319,36.995,61.620000000000005,2.5,1.5,0,1,0,3.0,3.0,0.0,2.0,5.0,4.0,1,0,0,1
2006229,395,False,False,medium_block,1896.4441250000002,34.075,55.655,2.5,1.25,0,1,0,2.0,3.0,0.0,2.0,4.0,3.0,1,0,1,0
2006229,396,False,False,medium_block,2064.986,37.1,55.66,1.0,2.2,1,0,0,3.0,3.0,3.0,1.0,5.0,4.0,1,0,1,0
2006229,397,False,False,high_block,2367.264225,38.265,61.865,1.0,0.4,0,0,0,1.0,1.0,1.0,1.0,2.0,1.0,0,0,0,1
2006229,401,False,False,high_block,2052.604125,32.175,63.795,2.0,0.9,0,1,0,0.0,2.0,1.0,2.0,2.0,1.0,1,0,0,1
2006229,402,False,False,medium_block,2054.3361,35.18,58.395,2.0,0.9,0,1,0,0.0,2.0,1.0,2.0,2.0,1.0,1,0,1,0
2006229,404,False,False,medium_block,1369.57825,29.485,46.45,1.5,0.75,0,1,0,0.0,2.0,0.0,3.0,2.0,1.0,1,0,1,0
2006229,407,False,False,medium_block,1758.1236000000004,33.260000000000005,52.86,1.5,0.0,0,0,0,0.0,0.0,0.0,0.0,1.0,0.0,0,0,1,0
2006229,408,False,False,high_block,2384.1569999999997,38.04,62.675,0.0,0.55,0,0,0,1.0,1.0,2.0,1.0,2.0,1.0,0,0,0,1
2006229,411,False,False,high_block,2811.4240000000004,43.120000000000005,65.2,3.0,0.25,0,0,0,1.0,2.0,0.0,2.0,2.0,1.0,0,0,0,1
2006229,413,False,False,high_block,2040.0891000000001,33.74,60.465,0.5,2.85,1,1,0,2.0,2.0,4.0,2.0,5.0,4.0,1,0,0,1
2006229,414,False,False,medium_block,1785.1512,33.04,54.03,1.0,2.55,1,1,0,2.0,3.0,2.0,2.0,5.0,4.0,1,0,1,0
2006229,416,False,False,low_block,1295.3823750000004,33.075,39.165000000000006,2.3333333333333335,0.75,0,1,0,0.0,3.0,0.0,3.0,2.0,1.0,1,1,0,0
2006229,417,False,False,medium_block,1423.899075,30.145,47.235,0.0,0.0,0,0,0,0.0,0.0,0.0,1.0,1.0,0.0,0,0,1,0
2006229,418,False,False,high_block,1912.2223750000003,35.135000000000005,54.425,1.6666666666666667,2.7,1,1,0,2.0,3.0,3.0,3.0,5.0,4.0,1,0,0,1
2006229,420,False,False,high_block,2201.9624,38.335,57.44,0.0,1.55,1,0,0,1.0,1.0,2.0,1.0,3.0,2.0,1,0,0,1
2006229,421,False,False,medium_block,2040.0377499999997,38.455,53.05,1.75,2.95,1,1,0,3.0,3.0,3.0,4.0,6.0,5.0,1,0,1,0
2006229,422,False,False,medium_block,2357.849925,43.555,54.135000000000005,1.5,1.75,0,1,0,5.0,5.0,0.0,2.0,7.0,6.0,1,0,1,0
2006229,423,False,False,high_block,2492.3812000000003,38.980000000000004,63.94,1.5,0.8,0,0,0,2.0,2.0,2.0,2.0,3.0,2.0,0,0,0,1
2006229,427,False,False,medium_block,1712.2105,34.21,50.05,2.0,1.15,0,1,0,1.0,6.0,1.0,3.0,3.0,2.0,1,0,1,0
2006229,428,False,False,high_block,1760.4766500000003,33.745000000000005,52.17,1.0,0.9,0,1,0,0.0,1.0,1.0,1.0,2.0,1.0,1,0,0,1
2006229,429,False,False,medium_block,1825.5375000000001,36.06,50.625,1.5,0.15,0,0,0,0.0,0.0,1.0,1.0,1.0,0.0,0,0,1,0
2006229,430,False,False,low_block,911.0582749999999,33.305,27.354999999999997,3.0,0.3,0,0,0,0.0,2.0,2.0,1.0,1.0,0.0,0,1,0,0
2006229,431,True,False,medium_block,1291.9560000000001,36.24,35.65,0.0,0.0,0,0,0,0.0,0.0,0.0,2.0,1.0,0.0,0,0,1,0
2006229,432,True,False,low_block,1223.9577,36.33,33.69,3.0,0.3,0,0,0,0.0,1.0,2.0,2.0,1.0,0.0,0,1,0,0
2006229,434,False,False,medium_block,1770.568,34.4,51.47,0.5,2.1,1,0,0,2.0,2.0,4.0,2.0,4.0,3.0,1,0,1,0
2006229,435,False,False,high_block,2342.1228750000005,37.525000000000006,62.415,1.0,0.5,0,0,0,2.0,3.0,0.0,2.0,3.0,2.0,0,0,0,1
2006229,437,False,False,medium_block,2325.70795,36.805,63.19,3.0,1.05,0,1,0,0.0,4.0,2.0,2.0,2.0,1.0,1,0,1,0
2006229,441,False,False,low_block,1087.6296,28.32,38.405,1.5,0.9,0,1,0,0.0,2.0,1.0,3.0,2.0,1.0,1,1,0,0
2006363,0,False,False,medium_block,1676.5773000000002,34.59,48.47,0.0,1.2,0,1,0,0.0,2.0,3.0,2.0,2.0,1.0,1,0,1,0
2006363,2,False,False,low_block,1322.3938500000002,25.71,51.435,1.5,1.2,0,1,0,0.0,2.0,3.0,2.0,2.0,1.0,1,1,0,0
2006363,3,False,False,medium_block,1233.6184,30.52,40.42,1.0,0.0,0,0,0,0.0,1.0,0.0,2.0,1.0,0.0,0,0,1,0
2006363,4,False,False,medium_block,2541.1772,45.82,55.46,1.6666666666666667,2.6,1,0,0,4.0,4.0,4.0,3.0,6.0,5.0,1,0,1,0
2006363,5,False,False,high_block,2144.0417749999997,37.265,57.535,1.3333333333333333,3.35,1,1,0,4.0,4.0,4.0,3.0,7.0,6.0,1,0,0,1
2006363,6,False,False,medium_block,2063.226375,35.405,58.275,1.0,1.75,0,1,0,4.0,4.0,0.0,4.0,6.0,5.0,1,0,1,0
2006363,7,False,False,high_block,2491.101,38.55,64.62,2.0,0.8,0,0,0,2.0,2.0,2.0,3.0,3.0,2.0,0,0,0,1
2006363,9,False,False,medium_block,2452.040175,38.545,63.615,1.5,0.0,0,0,0,0.0,0.0,0.0,0.0,1.0,0.0,0,0,1,0
2006363,10,False,False,high_block,2338.3153999999995,35.29,66.25999999999999,2.0,0.5,0,0,0,2.0,2.0,0.0,1.0,3.0,2.0,0,0,0,1
2006363,11,False,False,medium_block,2632.2720999999997,39.894999999999996,65.98,2.0,0.3,0,0,0,0.0,1.0,2.0,1.0,1.0,0.0,0,0,1,0
2006363,12,False,False,low_block,2175.49475,41.525,52.39,2.3333333333333335,0.75,0,1,0,0.0,5.0,0.0,3.0,2.0,1.0,1,1,0,0
2006363,14,False,False,medium_block,1652.7024,36.18,45.68,0.5,1.2,0,1,0,0.0,2.0,3.0,2.0,2.0,1.0,1,0,1,0
2006363,15,False,False,low_block,1139.8074749999998,30.735,37.084999999999994,0.6666666666666666,0.75,0,1,0,0.0,2.0,0.0,3.0,2.0,1.0,1,1,0,0
2006363,16,False,False,medium_block,1298.8319250000002,33.265,39.045,1.3333333333333333,1.8,1,0,0,2.0,2.0,2.0,3.0,4.0,3.0,1,0,1,0
2006363,17,False,False,low_block,1268.828575,30.035,42.245,2.0,0.15,0,0,0,0.0,3.0,1.0,1.0,1.0,0.0,0,1,0,0
2006363,18,False,False,high_block,2313.929025,38.345,60.345,1.6666666666666667,1.25,0,1,0,2.0,2.0,0.0,3.0,4.0,3.0,1,0,0,1
2006363,19,False,False,medium_block,2325.430125,38.175,60.915000000000006,1.6666666666666667,1.25,0,1,0,2.0,2.0,0.0,3.0,4.0,3.0,1,0,1,0
2006363,21,False,False,medium_block,1696.6238250000001,29.695,57.135000000000005,1.5,1.35,0,1,0,0.0,3.0,4.0,2.0,2.0,1.0,1,0,1,0
2006363,22,False,False,high_block,2274.4850999999994,33.26,68.38499999999999,2.0,0.9,0,1,0,0.0,2.0,1.0,1.0,2.0,1.0,1,0,0,1
2006363,23,False,False,medium_block,1783.518,26.84,66.45,2.0,1.05,0,1,0,0.0,4.0,2.0,3.0,2.0,1.0,1,0,1,0
2006363,24,False,False,medium_block,1842.650875,40.325,45.695,1.0,2.4,1,0,1,2.0,2.0,1.0,2.0,4.0,3.0,1,0,1,0
2006363,25,False,False,low_block,1270.48285,31.99,39.715,1.5,0.0,0,0,0,0.0,0.0,0.0,0.0,1.0,0.0,0,1,0,0
2006363,26,False,False,medium_block,1289.8583750000003,32.825,39.295,0.5,1.95,1,0,0,2.0,4.0,3.0,2.0,4.0,3.0,1,0,1,0
2006363,27,False,False,low_block,1146.9392750000002,31.855,36.005,1.0,0.3,0,0,0,0.0,1.0,2.0,2.0,1.0,0.0,0,1,0,0
2006363,28,False,False,medium_block,958.1948,29.240000000000002,32.769999999999996,1.0,0.0,0,0,0,0.0,2.0,0.0,2.0,1.0,0.0,0,0,1,0
2006363,29,False,False,low_block,1212.8629999999998,33.7,35.989999999999995,1.0,0.0,0,0,0,0.0,2.0,0.0,1.0,1.0,0.0,0,1,0,0
2006363,30,False,False,medium_block,1504.7637749999997,36.254999999999995,41.504999999999995,1.0,0.0,0,0,0,0.0,1.0,0.0,1.0,1.0,0.0,0,0,1,0
2006363,31,False,False,high_block,2532.16,39.565,64.0,2.0,1.65,1,0,0,2.0,2.0,1.0,2.0,4.0,3.0,1,0,0,1
2006363,32,False,False,medium_block,2513.767,36.94,68.05,2.0,1.65,1,0,0,2.0,2.0,1.0,2.0,4.0,3.0,1,0,1,0
2006363,33,False,False,high_block,2363.86215,35.865,65.91,1.0,0.55,0,0,0,1.0,1.0,2.0,1.0,2.0,1.0,0,0,0,1
2006363,34,False,False,medium_block,2485.7540750000003,39.935,62.245000000000005,2.0,2.3,1,1,0,1.0,2.0,2.0,2.0,4.0,3.0,1,0,1,0
2006363,35,True,False,medium_block,2667.639,46.85,56.94,0.5,0.0,0,0,0,0.0,0.0,0.0,2.0,1.0,0.0,0,0,1,0
2006363,36,True,False,high_block,2278.0996,37.58,60.620000000000005,2.0,1.9,0,1,0,4.0,4.0,1.0,3.0,6.0,5.0,1,0,0,1
2006363,37,True,False,medium_block,1933.2537000000002,33.115,58.38,0.0,0.3,0,0,0,0.0,1.0,2.0,1.0,1.0,0.0,0,0,1,0
2006363,38,True,False,low_block,1258.543075,26.465,47.555,2.0,0.75,0,1,0,0.0,6.0,0.0,3.0,2.0,1.0,1,1,0,0
2006363,39,False,False,medium_block,2718.9986249999997,37.474999999999994,72.555,1.0,0.75,0,1,0,0.0,1.0,0.0,3.0,2.0,1.0,1,0,1,0
2006363,41,False,False,medium_block,1663.91715,33.285,49.99,3.0,0.75,0,1,0,0.0,2.0,0.0,1.0,2.0,1.0,1,0,1,0
2006363,42,False,False,low_block,1140.70285,31.009999999999998,36.785,1.0,0.25,0,0,0,1.0,1.0,0.0,2.0,2.0,1.0,0,1,0,0
2006363,43,False,False,medium_block,1220.3229,32.19,37.91,2.0,1.0,0,1,0,1.0,2.0,0.0,3.0,3.0,2.0,1,0,1,0
2006363,44,False,False,low_block,1269.3234750000001,33.285,38.135000000000005,2.0,1.25,0,1,0,2.0,4.0,0.0,3.0,4.0,3.0,1,1,0,0
2006363,45,False,False,medium_block,1487.568,36.46,40.8,0.5,0.15,0,0,0,0.0,0.0,1.0,2.0,1.0,0.0,0,0,1,0
2006363,46,False,False,low_block,1360.8060000000003,33.7,40.38,2.0,0.15,0,0,0,0.0,2.0,1.0,1.0,1.0,0.0,0,1,0,0
2006363,47,False,False,medium_block,1033.3274000000001,27.86,37.09,1.0,0.0,0,0,0,0.0,2.0,0.0,2.0,1.0,0.0,0,0,1,0
2006363,48,False,False,low_block,1024.0558250000001,28.145,36.385000000000005,1.0,0.75,0,1,0,0.0,1.0,0.0,3.0,2.0,1.0,1,1,0,0
2006363,49,False,False,medium_block,1112.6815000000001,30.925,35.980000000000004,0.5,0.9,0,1,0,0.0,2.0,1.0,2.0,2.0,1.0,1,0,1,0
2006363,50,False,False,low_block,1052.051375,30.175,34.865,0.3333333333333333,0.3,0,0,0,0.0,1.0,2.0,3.0,1.0,0.0,0,1,0,0
2006363,51,False,False,medium_block,967.731975,28.185,34.335,0.0,0.15,0,0,0,0.0,1.0,1.0,2.0,1.0,0.0,0,0,1,0
2006363,52,False,False,low_block,1030.0747500000002,30.15,34.165000000000006,2.5,0.9,0,1,0,0.0,2.0,1.0,2.0,2.0,1.0,1,1,0,0
2006363,53,True,False,high_block,1918.9065,28.78,66.675,1.3333333333333333,0.75,0,1,0,0.0,2.0,0.0,3.0,2.0,1.0,1,0,0,1
2006363,54,True,True,low_block,2640.342975,57.405,45.995,1.3333333333333333,0.75,0,1,0,0.0,2.0,0.0,3.0,2.0,1.0,1,1,0,0
2006363,55,False,False,medium_block,1650.3899999999999,34.8,47.425,0.0,0.15,0,0,0,0.0,0.0,1.0,2.0,1.0,0.0,0,0,1,0
2006363,56,False,False,high_block,2165.5532,36.28,59.69,2.0,1.8,1,0,0,2.0,3.0,2.0,2.0,4.0,3.0,1,0,0,1
2006363,57,False,False,medium_block,2499.245374999999,39.004999999999995,64.07499999999999,3.0,0.0,0,0,0,0.0,1.0,0.0,1.0,1.0,0.0,0,0,1,0
2006363,58,False,False,high_block,2558.2814999999996,37.55,68.13,3.0,0.5,0,0,0,2.0,2.0,0.0,2.0,3.0,2.0,0,0,0,1
2006363,62,False,False,low_block,1108.832725,26.845,41.305,1.5,0.6,0,0,0,0.0,1.0,4.0,2.0,1.0,0.0,0,1,0,0
2006363,63,False,False,medium_block,1465.1648,38.72,37.84,1.0,0.0,0,0,0,0.0,2.0,0.0,2.0,1.0,0.0,0,0,1,0
2006363,64,False,False,low_block,1723.69875,42.17,40.875,2.0,0.9,0,1,0,0.0,2.0,1.0,2.0,2.0,1.0,1,1,0,0
2006363,66,False,False,high_block,2430.5599499999994,39.129999999999995,62.114999999999995,2.0,2.1,1,0,0,2.0,2.0,4.0,1.0,4.0,3.0,1,0,0,1
2006363,67,False,False,medium_block,2639.6604,41.78,63.18,2.0,0.55,0,0,0,1.0,1.0,2.0,1.0,2.0,1.0,0,0,1,0
2006363,68,False,False,medium_block,1881.381075,42.245000000000005,44.535,0.5,0.3,0,0,0,0.0,2.0,2.0,2.0,1.0,0.0,0,0,1,0
2006363,69,False,False,low_block,1229.8223999999998,29.619999999999997,41.519999999999996,2.5,1.2,0,1,0,0.0,3.0,3.0,2.0,2.0,1.0,1,1,0,0
2006363,71,False,False,low_block,1118.653125,31.875,35.095,0.5,0.55,0,0,0,1.0,1.0,2.0,2.0,2.0,1.0,0,1,0,0
2006363,72,False,False,medium_block,1278.2405999999999,31.979999999999997,39.97,0.5,0.7,0,0,0,1.0,1.0,3.0,2.0,2.0,1.0,0,0,1,0
2006363,73,False,False,low_block,1435.9395000000002,34.435,41.7,0.6666666666666666,1.95,1,0,0,2.0,2.0,3.0,3.0,4.0,3.0,1,1,0,0
2006363,74,False,False,medium_block,1657.0432500000004,34.050000000000004,48.665000000000006,0.5,1.95,1,0,0,2.0,2.0,3.0,2.0,4.0,3.0,1,0,1,0
2006363,75,False,False,high_block,2177.565975,35.555,61.245000000000005,2.6666666666666665,3.2,1,1,0,4.0,4.0,3.0,3.0,7.0,6.0,1,0,0,1
2006363,76,False,False,medium_block,2395.3790999999997,37.019999999999996,64.705,3.0,2.55,1,1,0,2.0,2.0,2.0,2.0,5.0,4.0,1,0,1,0
2006363,77,False,False,high_block,2338.66815,35.205,66.43,3.0,0.25,0,0,0,1.0,2.0,0.0,2.0,2.0,1.0,0,0,0,1
2006363,78,False,False,low_block,1399.8858,33.72,41.515,3.0,0.9,0,1,0,0.0,7.0,1.0,4.0,2.0,1.0,1,1,0,0
2006363,81,False,False,low_block,1304.4355000000003,33.49,38.95,0.5,0.0,0,0,0,0.0,1.0,0.0,2.0,1.0,0.0,0,1,0,0
2006363,82,False,False,medium_block,1709.2840500000002,38.385000000000005,44.53,2.0,1.4,1,0,0,1.0,2.0,1.0,2.0,3.0,2.0,1,0,1,0
2006363,85,False,False,medium_block,2496.235,51.1,48.85,1.5,0.0,0,0,0,0.0,0.0,0.0,1.0,1.0,0.0,0,0,1,0
2006363,86,False,False,high_block,2457.9876750000003,36.965,66.495,1.0,0.5,0,0,0,2.0,2.0,0.0,2.0,3.0,2.0,0,0,0,1
2006363,87,False,False,medium_block,2585.77485,38.715,66.78999999999999,1.0,0.25,0,0,0,1.0,1.0,0.0,1.0,2.0,1.0,0,0,1,0
2006363,88,False,False,medium_block,1343.422,27.4,49.03,1.0,0.25,0,0,0,1.0,1.0,0.0,1.0,2.0,1.0,0,0,1,0
2006363,89,False,False,high_block,1925.7828000000002,33.295,57.84,2.0,1.55,1,0,0,1.0,1.0,2.0,1.0,3.0,2.0,1,0,0,1
2006363,90,False,False,medium_block,2381.5875,38.725,61.5,2.0,1.55,1,0,0,1.0,1.0,2.0,1.0,3.0,2.0,1,0,1,0
2006363,91,False,False,medium_block,2362.2132,46.065,51.28,0.0,0.0,0,0,0,0.0,0.0,0.0,1.0,1.0,0.0,0,0,1,0
2006363,92,False,False,high_block,2165.8244999999997,38.709999999999994,55.95,0.0,0.95,0,0,0,2.0,2.0,3.0,1.0,3.0,2.0,0,0,0,1
2006363,93,False,False,medium_block,1950.5889000000002,38.09,51.21,0.5,1.3,0,1,0,1.0,1.0,2.0,2.0,3.0,2.0,1,0,1,0
2006363,94,False,False,low_block,1358.0437000000002,33.59,40.43,0.3333333333333333,0.0,0,0,0,0.0,1.0,0.0,3.0,1.0,0.0,0,1,0,0
2006363,95,False,False,medium_block,1607.3621249999999,34.735,46.275,1.5,0.0,0,0,0,0.0,1.0,0.0,0.0,1.0,0.0,0,0,1,0
2006363,96,False,False,low_block,2189.56635,41.165000000000006,53.19,3.0,0.0,0,0,0,0.0,1.0,0.0,1.0,1.0,0.0,0,1,0,0
2006363,99,False,False,low_block,1299.38175,32.849999999999994,39.55500000000001,1.5,0.0,0,0,0,0.0,0.0,0.0,0.0,1.0,0.0,0,1,0,0
2006363,100,False,False,medium_block,1339.5915,33.675,39.78,0.0,0.0,0,0,0,0.0,0.0,0.0,1.0,1.0,0.0,0,0,1,0
2006363,101,False,False,low_block,1374.625,35.0,39.275,3.0,1.75,0,1,1,1.0,2.0,0.0,2.0,3.0,2.0,1,1,0,0
2006363,102,False,False,high_block,3645.6238,49.79,73.22,3.0,3.95,1,1,1,4.0,5.0,3.0,2.0,7.0,6.0,1,0,0,1
2006363,103,False,False,medium_block,3434.556,49.575,69.28,3.0,3.95,1,1,1,4.0,4.0,3.0,2.0,7.0,6.0,1,0,1,0
2006363,104,False,False,low_block,1154.7624,28.985,39.84,1.5,0.0,0,0,0,0.0,0.0,0.0,0.0,1.0,0.0,0,1,0,0
2006363,105,False,False,medium_block,1617.41415,33.77,47.894999999999996,0.5,0.25,0,0,0,1.0,2.0,0.0,2.0,2.0,1.0,0,0,1,0
2006363,106,False,False,high_block,2577.7107,39.915,64.58,0.5,0.65,0,0,0,2.0,2.0,1.0,2.0,3.0,2.0,0,0,0,1
2006363,109,False,False,medium_block,1866.2175000000002,31.5,59.245000000000005,1.5,2.6,1,1,0,1.0,2.0,4.0,2.0,4.0,3.0,1,0,1,0
2006363,111,False,False,high_block,2210.4240000000004,29.76,74.275,2.0,1.05,0,1,0,0.0,2.0,2.0,2.0,2.0,1.0,1,0,0,1
2006363,112,False,False,medium_block,1658.36445,23.735,69.87,1.0,1.2,0,1,0,0.0,2.0,3.0,1.0,2.0,1.0,1,0,1,0
2006363,113,False,False,low_block,1208.1961000000001,21.785,55.46,2.5,0.75,0,1,0,0.0,3.0,0.0,3.0,2.0,1.0,1,1,0,0
2006363,118,False,False,low_block,734.022,27.6,26.595,0.0,0.15,0,0,0,0.0,0.0,1.0,1.0,1.0,0.0,0,1,0,0
2006363,119,False,False,medium_block,1074.15695,31.564999999999998,34.03,1.0,0.15,0,0,0,0.0,0.0,1.0,2.0,1.0,0.0,0,0,1,0
2006363,120,False,False,low_block,1309.7883499999998,35.29,37.114999999999995,2.5,0.3,0,0,0,0.0,2.0,2.0,2.0,1.0,0.0,0,1,0,0
2006363,122,False,False,high_block,1954.6897500000005,33.150000000000006,58.965,1.0,2.1,1,0,0,2.0,2.0,4.0,2.0,4.0,3.0,1,0,0,1
2006363,123,False,False,medium_block,1895.02745,31.235,60.67,1.5,1.6,0,1,0,1.0,1.0,6.0,2.0,3.0,2.0,1,0,1,0
2006363,124,False,False,low_block,1924.971075,28.845,66.735,1.0,1.2,0,1,0,0.0,1.0,3.0,2.0,2.0,1.0,1,1,0,0
2006363,126,False,False,high_block,2517.8977,38.33,65.69,3.0,1.9,1,0,0,3.0,3.0,1.0,2.0,5.0,4.0,1,0,0,1
2006363,127,False,False,medium_block,2430.19875,37.625,64.59,2.0,2.4,1,1,0,2.0,3.0,1.0,2.0,5.0,4.0,1,0,1,0
2006363,130,False,False,low_block,1627.3868000000002,34.06,47.78,2.5,0.75,0,1,0,0.0,4.0,0.0,4.0,2.0,1.0,1,1,0,0
2006363,133,False,False,low_block,1061.633,31.700000000000003,33.489999999999995,0.5,0.15,0,0,0,0.0,2.0,1.0,2.0,1.0,0.0,0,1,0,0
2006363,134,False,False,medium_block,1552.3844500000002,37.010000000000005,41.945,0.0,0.0,0,0,0,0.0,1.0,0.0,1.0,1.0,0.0,0,0,1,0
2006363,135,False,False,low_block,1386.3266999999998,33.055,41.94,0.5,0.0,0,0,0,0.0,2.0,0.0,2.0,1.0,0.0,0,1,0,0
2006363,136,False,False,medium_block,1317.6597,32.26,40.845,0.5,0.15,0,0,0,0.0,2.0,1.0,2.0,1.0,0.0,0,0,1,0
2006363,137,False,False,low_block,931.053375,27.855,33.425,3.0,0.9,0,1,0,0.0,2.0,1.0,3.0,2.0,1.0,1,1,0,0
2006363,138,False,False,high_block,2027.33255,30.445,66.59,2.5,2.4,1,1,0,2.0,2.0,1.0,3.0,5.0,4.0,1,0,0,1
2006363,139,False,False,medium_block,2138.9247,36.21,59.07,2.0,2.65,1,1,0,3.0,3.0,1.0,3.0,6.0,5.0,1,0,1,0
2006363,140,False,False,medium_block,1816.5600000000002,39.150000000000006,46.4,1.0,0.75,0,1,0,0.0,3.0,0.0,2.0,2.0,1.0,1,0,1,0
2006363,141,False,False,medium_block,1965.5831999999998,37.92,51.834999999999994,2.0,0.0,0,0,0,0.0,1.0,0.0,1.0,1.0,0.0,0,0,1,0
2006363,142,False,False,high_block,2522.2328999999995,39.33,64.13,1.0,0.3,0,0,0,0.0,1.0,2.0,2.0,1.0,0.0,0,0,0,1
2006363,143,False,False,medium_block,3210.5535000000004,43.89,73.15,2.0,0.15,0,0,0,0.0,1.0,1.0,1.0,1.0,0.0,0,0,1,0
2006363,144,False,False,low_block,2763.318975,54.455,50.745000000000005,2.5,0.9,0,1,0,0.0,1.0,1.0,2.0,2.0,1.0,1,1,0,0
2006363,145,False,False,medium_block,2416.1686,45.34,53.29,0.5,0.4,0,0,0,1.0,1.0,1.0,2.0,2.0,1.0,0,0,1,0
2006363,147,False,False,high_block,2601.38745,39.21,66.345,1.5,0.0,0,0,0,0.0,0.0,0.0,2.0,1.0,0.0,0,0,0,1
2006363,148,False,False,medium_block,1963.7303749999999,35.675,55.045,1.75,1.25,0,1,0,2.0,4.0,0.0,4.0,4.0,3.0,1,0,1,0
2006363,149,True,False,medium_block,2104.389425,48.504999999999995,43.385000000000005,0.5,1.05,0,1,0,0.0,2.0,2.0,2.0,2.0,1.0,1,0,1,0
2006363,150,False,False,low_block,1304.2332000000001,35.870000000000005,36.36,1.0,1.05,0,1,0,0.0,2.0,2.0,1.0,2.0,1.0,1,1,0,0
2006363,152,False,False,low_block,954.109375,28.375,33.625,0.5,0.15,0,0,0,0.0,2.0,1.0,2.0,1.0,0.0,0,1,0,0
2006363,153,False,False,medium_block,1090.8561,30.18,36.144999999999996,0.0,0.15,0,0,0,0.0,2.0,1.0,2.0,1.0,0.0,0,0,1,0
2006363,154,False,False,low_block,1734.8652,32.82,52.86,2.0,0.15,0,0,0,0.0,2.0,1.0,3.0,1.0,0.0,0,1,0,0
2006363,156,False,False,high_block,1913.6061000000002,27.810000000000002,68.81,0.0,0.15,0,0,0,0.0,0.0,1.0,2.0,1.0,0.0,0,0,0,1
2006363,157,False,False,medium_block,2061.3968,33.86,60.879999999999995,1.0,0.15,0,0,0,0.0,2.0,1.0,2.0,1.0,0.0,0,0,1,0
2006363,160,False,False,medium_block,1479.7974749999998,27.104999999999997,54.595,1.5,0.3,0,0,0,0.0,2.0,2.0,2.0,1.0,0.0,0,0,1,0
2006363,161,False,False,high_block,2415.1374,35.59,67.86,3.0,0.4,0,0,0,1.0,1.0,1.0,1.0,2.0,1.0,0,0,0,1
2006363,162,False,False,low_block,1803.0924,44.08,40.905,0.0,0.75,0,1,0,0.0,0.0,0.0,2.0,2.0,1.0,1,1,0,0
2006363,163,False,False,medium_block,1339.6566249999998,38.825,34.504999999999995,0.0,0.75,0,1,0,0.0,0.0,0.0,2.0,2.0,1.0,1,0,1,0
2006363,164,False,False,low_block,1215.775625,35.575,34.175,1.0,0.75,0,1,0,0.0,4.0,0.0,2.0,2.0,1.0,1,1,0,0
2006363,165,False,False,medium_block,1285.0851,33.97,37.83,0.0,0.3,0,0,0,0.0,1.0,2.0,1.0,1.0,0.0,0,0,1,0
2006363,166,False,False,low_block,1388.5379000000003,34.34,40.435,1.0,1.05,0,1,0,0.0,2.0,2.0,2.0,2.0,1.0,1,1,0,0
2006363,167,False,False,medium_block,1318.7937,32.595,40.46,1.0,1.05,0,1,0,0.0,2.0,2.0,2.0,2.0,1.0,1,0,1,0
2006363,169,False,False,high_block,2791.6217,40.57,68.81,1.5,0.0,0,0,0,0.0,0.0,0.0,1.0,1.0,0.0,0,0,0,1
2006363,171,False,False,low_block,1668.0696,43.53,38.32,0.5,0.9,0,1,0,0.0,2.0,1.0,2.0,2.0,1.0,1,1,0,0
2006363,173,True,False,low_block,1874.2763999999997,42.87,43.72,3.0,0.9,0,1,0,0.0,4.0,1.0,2.0,2.0,1.0,1,1,0,0
2006363,174,True,False,medium_block,1605.4544999999998,33.15,48.43,2.5,1.2,0,1,0,0.0,2.0,3.0,2.0,2.0,1.0,1,0,1,0
2006363,175,True,False,low_block,1241.1666,23.97,51.78,3.0,0.15,0,0,0,0.0,1.0,1.0,2.0,1.0,0.0,0,1,0,0
2006363,177,False,False,low_block,728.373,29.1,25.03,0.0,0.15,0,0,0,0.0,0.0,1.0,1.0,1.0,0.0,0,1,0,0
2006363,178,False,False,medium_block,949.2288750000001,30.645000000000003,30.975,0.0,0.4,0,0,0,1.0,2.0,1.0,1.0,2.0,1.0,0,0,1,0
2006363,179,False,False,low_block,1096.0946250000002,31.565,34.725,0.3333333333333333,1.0,0,1,0,1.0,2.0,0.0,3.0,3.0,2.0,1,1,0,0
2006363,180,False,False,medium_block,1193.8636,29.42,40.58,2.0,2.6,1,1,0,1.0,1.0,5.0,1.0,4.0,3.0,1,0,1,0
2006363,181,False,False,low_block,945.879625,25.975,36.415,2.0,0.9,0,1,0,0.0,3.0,1.0,3.0,2.0,1.0,1,1,0,0
2006363,182,False,False,high_block,2683.1154999999994,39.65,67.66999999999999,1.5,0.0,0,0,0,0.0,0.0,0.0,1.0,1.0,0.0,0,0,0,1
2006363,185,True,False,low_block,911.1731999999998,28.14,32.379999999999995,2.0,0.75,0,1,0,0.0,4.0,0.0,2.0,2.0,1.0,1,1,0,0
2006363,186,True,False,medium_block,1202.5111000000002,32.02,37.555,0.0,0.44999999999999996,0,0,0,0.0,0.0,3.0,1.0,1.0,0.0,0,0,1,0
2006363,188,True,False,low_block,1549.48305,33.29,46.545,3.0,0.3,0,0,0,0.0,1.0,2.0,2.0,1.0,0.0,0,1,0,0
2006363,190,False,False,low_block,722.7506,26.455,27.32,1.0,0.0,0,0,0,0.0,1.0,0.0,1.0,1.0,0.0,0,1,0,0
2006363,191,False,False,high_block,2500.59735,38.79,64.465,3.0,1.5,0,1,0,3.0,3.0,0.0,2.0,5.0,4.0,1,0,0,1
2006363,192,False,False,high_block,2279.09645,36.565,62.33,0.0,0.0,0,0,0,0.0,1.0,0.0,1.0,1.0,0.0,0,0,0,1
2006363,196,True,True,medium_block,1888.8470000000002,42.275000000000006,44.68,1.0,0.7,0,0,0,1.0,2.0,3.0,2.0,2.0,1.0,0,0,1,0
2006363,197,False,True,low_block,1298.6996,34.43,37.72,2.0,0.3,0,0,0,0.0,2.0,2.0,1.0,1.0,0.0,0,1,0,0
2006363,198,False,False,medium_block,1615.3997499999998,35.29,45.775,1.5,0.75,0,1,0,0.0,0.0,0.0,2.0,2.0,1.0,1,0,1,0
2006363,199,False,False,high_block,1866.30375,35.925,51.95,1.5,0.0,0,0,0,0.0,0.0,0.0,2.0,1.0,0.0,0,0,0,1
2006363,201,False,False,low_block,1816.647525,37.835,48.015,3.0,0.0,0,0,0,0.0,1.0,0.0,1.0,1.0,0.0,0,1,0,0
2006363,203,False,False,high_block,2540.2427999999995,36.239999999999995,70.095,2.5,2.95,1,1,0,3.0,3.0,3.0,4.0,6.0,5.0,1,0,0,1
2006363,204,False,False,medium_block,1798.681875,29.625,60.715,2.0,1.35,0,1,0,0.0,4.0,4.0,2.0,2.0,1.0,1,0,1,0
2006363,206,False,False,medium_block,1582.7090249999999,30.795,51.394999999999996,1.5,1.8,1,0,0,2.0,2.0,2.0,2.0,4.0,3.0,1,0,1,0
2006363,212,False,False,high_block,1385.517,23.8,58.215,4.0,0.9,0,1,0,0.0,1.0,1.0,2.0,2.0,1.0,1,0,0,1
2006363,213,False,False,medium_block,1713.368475,32.185,53.235,2.3333333333333335,2.95,1,1,0,3.0,4.0,3.0,3.0,6.0,5.0,1,0,1,0
2006363,215,False,False,high_block,2197.145775,31.845,68.995,1.0,0.4,0,0,0,1.0,2.0,1.0,2.0,2.0,1.0,0,0,0,1
2006363,216,False,False,medium_block,2030.96625,35.725,56.849999999999994,2.0,0.65,0,0,0,2.0,3.0,1.0,2.0,3.0,2.0,0,0,1,0
2006363,217,False,False,medium_block,1536.7743749999997,32.925,46.675,0.0,0.3,0,0,0,0.0,0.0,2.0,1.0,1.0,0.0,0,0,1,0
2006363,219,False,False,high_block,2951.81435,38.855000000000004,75.97,1.5,0.0,0,0,0,0.0,1.0,0.0,1.0,1.0,0.0,0,0,0,1
2006363,221,False,False,medium_block,1892.3702999999998,35.004999999999995,54.06,1.5,0.0,0,0,0,0.0,0.0,0.0,1.0,1.0,0.0,0,0,1,0
2006363,222,False,False,medium_block,2253.5781,41.06,54.885,2.0,0.75,0,0,0,3.0,3.0,0.0,2.0,4.0,3.0,0,0,1,0
2006363,223,False,False,high_block,2489.6919,38.864999999999995,64.06,2.0,1.8,1,0,0,2.0,2.0,2.0,1.0,4.0,3.0,1,0,0,1
2006363,224,False,False,medium_block,2490.9472,39.04,63.805,1.5,0.0,0,0,0,0.0,0.0,0.0,1.0,1.0,0.0,0,0,1,0
2006363,225,False,False,high_block,2529.279375,40.125,63.035,1.5,0.0,0,0,0,0.0,0.0,0.0,1.0,1.0,0.0,0,0,0,1
2006363,227,False,False,low_block,2027.134,36.07,56.2,1.5,0.15,0,0,0,0.0,1.0,1.0,1.0,1.0,0.0,0,1,0,0
2006363,228,False,False,low_block,924.663,28.95,31.94,1.5,0.0,0,0,0,0.0,0.0,0.0,0.0,1.0,0.0,0,1,0,0
2006363,229,False,False,medium_block,1551.120625,39.145,39.625,0.5,0.44999999999999996,0,0,0,0.0,2.0,3.0,2.0,1.0,0.0,0,0,1,0
2006363,230,False,False,low_block,2400.9057000000003,49.585,48.42,2.5,0.3,0,0,0,0.0,2.0,2.0,2.0,1.0,0.0,0,1,0,0
2006363,231,False,False,medium_block,938.2504,25.84,36.31,3.0,3.35,1,1,1,1.0,4.0,4.0,3.0,4.0,3.0,1,0,1,0
2006363,236,True,False,high_block,2444.3275999999996,39.26,62.26,0.0,0.15,0,0,0,0.0,1.0,1.0,1.0,1.0,0.0,0,0,0,1
2006363,237,True,False,medium_block,1829.537375,30.505000000000003,59.975,1.0,1.35,0,1,0,0.0,2.0,6.0,1.0,2.0,1.0,1,0,1,0
2006363,238,True,False,low_block,1169.24835,21.705,53.870000000000005,2.5,1.05,0,1,0,0.0,3.0,2.0,2.0,2.0,1.0,1,1,0,0
2006363,239,False,False,medium_block,1834.7352,32.81,55.92,2.5,1.55,1,0,0,1.0,2.0,2.0,2.0,3.0,2.0,1,0,1,0
2006363,240,False,False,high_block,2711.7167,37.465,72.38,3.0,0.0,0,0,0,0.0,1.0,0.0,1.0,1.0,0.0,0,0,0,1
2006363,241,False,False,low_block,1206.4288499999996,32.614999999999995,36.989999999999995,1.5,0.0,0,0,0,0.0,1.0,0.0,2.0,1.0,0.0,0,1,0,0
2006363,242,False,False,medium_block,1544.368275,37.755,40.905,0.5,0.3,0,0,0,0.0,1.0,2.0,2.0,1.0,0.0,0,0,1,0
2006363,243,False,False,low_block,1280.541,33.61,38.1,3.0,1.05,0,1,0,0.0,3.0,2.0,2.0,2.0,1.0,1,1,0,0
2006363,245,False,False,low_block,1072.76625,28.549999999999997,37.575,0.0,0.25,0,0,0,1.0,1.0,0.0,1.0,2.0,1.0,0,1,0,0
2006363,246,False,False,medium_block,1316.6746749999998,32.315,40.745,1.0,2.4,1,1,0,2.0,2.0,1.0,2.0,5.0,4.0,1,0,1,0
2006363,247,False,False,low_block,1211.6832000000002,31.92,37.96,3.0,1.05,0,1,0,0.0,3.0,2.0,2.0,2.0,1.0,1,1,0,0
2006363,248,False,False,high_block,1939.9553250000001,27.195,71.33500000000001,1.5,2.65,1,1,0,3.0,3.0,1.0,2.0,6.0,5.0,1,0,0,1
2006363,249,False,False,medium_block,1885.54905,30.555,61.71,0.5,2.3,1,1,0,1.0,1.0,2.0,2.0,4.0,3.0,1,0,1,0
2006363,251,False,False,low_block,1062.1044000000002,34.02,31.22,0.0,0.0,0,0,0,0.0,0.0,0.0,2.0,1.0,0.0,0,1,0,0
2006363,252,False,False,medium_block,1343.260025,38.015,35.335,0.0,0.0,0,0,0,0.0,1.0,0.0,2.0,1.0,0.0,0,0,1,0
2006363,253,False,False,low_block,1381.2011250000003,37.355000000000004,36.975,1.6666666666666667,0.3,0,0,0,0.0,3.0,2.0,3.0,1.0,0.0,0,1,0,0
2006363,255,False,False,low_block,1173.0345,28.1,41.745,2.0,0.0,0,0,0,0.0,1.0,0.0,1.0,1.0,0.0,0,1,0,0
2006363,256,False,False,medium_block,1341.18315,33.03,40.605000000000004,1.0,0.75,0,1,0,0.0,1.0,0.0,2.0,2.0,1.0,1,0,1,0
2006363,258,False,False,medium_block,1668.4384499999996,40.565,41.129999999999995,1.5,0.3,0,0,0,0.0,0.0,2.0,1.0,1.0,0.0,0,0,1,0
2006363,259,False,False,low_block,1497.5680499999999,40.59,36.894999999999996,0.0,0.0,0,0,0,0.0,2.0,0.0,3.0,1.0,0.0,0,1,0,0
2006363,260,False,False,medium_block,1313.315,37.0,35.495000000000005,0.6666666666666666,2.4,0,1,1,3.0,5.0,1.0,3.0,5.0,4.0,1,0,1,0
2006363,261,False,False,low_block,1095.2018,29.26,37.43,3.0,2.45,0,1,1,2.0,5.0,3.0,3.0,4.0,3.0,1,1,0,0
2006363,263,False,False,low_block,923.1260000000001,33.2,27.805,0.5,0.15,0,0,0,0.0,1.0,1.0,2.0,1.0,0.0,0,1,0,0
2006363,264,False,False,medium_block,1142.03635,32.435,35.21,0.0,0.3,0,0,0,0.0,0.0,2.0,3.0,1.0,0.0,0,0,1,0
2006363,265,False,False,low_block,1129.2501499999998,33.144999999999996,34.07,0.6666666666666666,0.0,0,0,0,0.0,3.0,0.0,3.0,1.0,0.0,0,1,0,0
2006363,267,False,False,medium_block,2015.559,38.519999999999996,52.325,2.0,1.15,0,1,0,1.0,3.0,1.0,2.0,3.0,2.0,1,0,1,0
2006363,268,False,False,high_block,2373.71375,39.125,60.67,1.5,1.25,0,1,0,2.0,2.0,0.0,2.0,4.0,3.0,1,0,0,1
2006363,269,False,False,medium_block,2497.7856,39.36,63.46,2.0,1.55,1,0,0,1.0,2.0,2.0,1.0,3.0,2.0,1,0,1,0
2006363,270,False,False,high_block,2401.3708,41.96,57.23,1.0,0.5,0,0,0,2.0,2.0,0.0,3.0,3.0,2.0,0,0,0,1
2006363,271,False,False,medium_block,2380.1053999999995,40.629999999999995,58.58,2.0,1.4,1,0,0,1.0,1.0,1.0,1.0,3.0,2.0,1,0,1,0
2006363,272,False,False,medium_block,1706.1085000000003,36.730000000000004,46.45,1.0,0.15,0,0,0,0.0,1.0,1.0,2.0,1.0,0.0,0,0,1,0
2006363,273,False,False,low_block,1123.7608500000001,31.155,36.07,2.5,0.3,0,0,0,0.0,2.0,2.0,2.0,1.0,0.0,0,1,0,0
2006363,276,False,False,medium_block,1051.71965,27.655,38.03,0.0,1.55,1,0,0,1.0,1.0,2.0,1.0,3.0,2.0,1,0,1,0
2006363,277,False,False,high_block,2025.10625,36.25,55.865,0.0,1.8,1,0,0,2.0,2.0,2.0,2.0,4.0,3.0,1,0,0,1
2006363,279,False,False,high_block,2930.235,44.25,66.22,1.0,2.7,1,0,1,2.0,2.0,3.0,2.0,4.0,3.0,1,0,0,1
2006363,281,False,False,medium_block,2598.6537,38.705,67.14,3.0,0.15,0,0,0,0.0,1.0,1.0,1.0,1.0,0.0,0,0,1,0
2006363,283,False,False,high_block,3158.028024999999,48.114999999999995,65.63499999999999,0.0,0.0,0,0,0,0.0,1.0,0.0,2.0,1.0,0.0,0,0,0,1
2006363,287,False,False,medium_block,1692.4491999999998,35.23,48.04,2.5,2.7,1,1,0,2.0,3.0,3.0,2.0,5.0,4.0,1,0,1,0
2006363,288,False,False,low_block,1452.7461,34.905,41.62,1.0,0.9,0,1,0,0.0,1.0,1.0,4.0,2.0,1.0,1,1,0,0
2006363,290,False,False,high_block,2306.202675,38.254999999999995,60.285000000000004,1.0,2.35,1,0,0,3.0,3.0,4.0,3.0,5.0,4.0,1,0,0,1
2006363,291,False,False,medium_block,2647.5135999999998,41.68,63.519999999999996,1.0,2.1,1,0,0,2.0,2.0,4.0,2.0,4.0,3.0,1,0,1,0
2006363,292,False,False,high_block,2521.7120500000005,40.370000000000005,62.465,0.5,0.5,0,0,0,2.0,2.0,0.0,2.0,3.0,2.0,0,0,0,1
2006363,293,False,False,medium_block,2505.410875,41.525,60.335,0.0,0.25,0,0,0,1.0,1.0,0.0,1.0,2.0,1.0,0,0,1,0
2006363,298,False,False,medium_block,2063.972975,39.355000000000004,52.445,1.5,1.9,0,1,0,4.0,5.0,1.0,4.0,6.0,5.0,1,0,1,0
2006363,299,False,False,low_block,983.8240999999999,28.385,34.66,1.0,0.15,0,0,0,0.0,2.0,1.0,1.0,1.0,0.0,0,1,0,0
2006363,301,False,False,high_block,2783.6677000000004,40.685,68.42,2.0,2.15,1,1,0,1.0,1.0,1.0,2.0,4.0,3.0,1,0,0,1
2006363,302,False,False,low_block,944.1935999999998,33.915,27.839999999999996,2.0,0.9,0,1,0,0.0,3.0,1.0,2.0,2.0,1.0,1,1,0,0
2006363,304,True,False,low_block,1087.9302000000002,36.06,30.17,1.5,0.25,0,0,0,1.0,3.0,0.0,2.0,2.0,1.0,0,1,0,0
2006363,305,True,False,medium_block,1442.654325,34.435,41.894999999999996,2.0,0.3,0,0,0,0.0,0.0,2.0,1.0,1.0,0.0,0,0,1,0
2006363,306,True,False,low_block,1257.9948,28.409999999999997,44.28,2.0,1.2,0,1,0,0.0,2.0,3.0,3.0,2.0,1.0,1,1,0,0
2006363,307,False,False,medium_block,1922.1879999999996,29.08,66.1,1.5,2.65,1,1,0,3.0,3.0,1.0,2.0,6.0,5.0,1,0,1,0
2006363,308,False,False,high_block,2241.633125,36.625,61.205,2.0,0.5,0,0,0,2.0,3.0,0.0,1.0,3.0,2.0,0,0,0,1
2006363,309,False,False,medium_block,2298.8928,36.56,62.88,2.5,1.25,0,1,0,2.0,3.0,0.0,2.0,4.0,3.0,1,0,1,0
2006363,310,False,False,low_block,2533.6038000000003,56.82,44.59,3.0,0.9,0,1,0,0.0,2.0,1.0,1.0,2.0,1.0,1,1,0,0
2006363,311,False,False,medium_block,2286.1183499999997,48.989999999999995,46.665,1.5,0.9,0,1,0,0.0,2.0,1.0,2.0,2.0,1.0,1,0,1,0
2006363,315,False,False,high_block,2208.2748,34.205,64.56,1.5,0.9,0,1,0,0.0,2.0,1.0,2.0,2.0,1.0,1,0,0,1
2006363,316,False,False,medium_block,2312.8230250000006,37.385000000000005,61.865,1.0,0.75,0,1,0,0.0,1.0,0.0,2.0,2.0,1.0,1,0,1,0
2006363,317,False,False,medium_block,1780.47,40.650000000000006,43.8,0.5,0.0,0,0,0,0.0,1.0,0.0,2.0,1.0,0.0,0,0,1,0
2006363,318,False,False,low_block,1265.337075,34.445,36.735,2.0,0.15,0,0,0,0.0,3.0,1.0,2.0,1.0,0.0,0,1,0,0
2006363,320,False,False,medium_block,1317.6607499999998,37.065,35.55,0.0,0.0,0,0,0,0.0,0.0,0.0,2.0,1.0,0.0,0,0,1,0
2006363,321,False,False,low_block,1183.6048,34.09,34.72,2.5,0.9,0,1,0,0.0,2.0,1.0,2.0,2.0,1.0,1,1,0,0
2006363,323,False,False,low_block,632.9115,24.18,26.175,1.5,0.3,0,0,0,0.0,3.0,2.0,2.0,1.0,0.0,0,1,0,0
2006363,324,False,False,high_block,2610.033375,39.525,66.035,2.0,1.25,0,1,0,2.0,2.0,0.0,2.0,4.0,3.0,1,0,0,1
2006363,326,False,False,medium_block,1527.9208,37.28,40.985,1.0,0.3,0,0,0,0.0,2.0,2.0,2.0,1.0,0.0,0,0,1,0
2006363,327,False,False,low_block,1422.6981,37.185,38.26,2.0,0.15,0,0,0,0.0,1.0,1.0,2.0,1.0,0.0,0,1,0,0
2006363,329,False,False,high_block,2894.7858000000006,42.34,68.37,1.0,0.0,0,0,0,0.0,1.0,0.0,1.0,1.0,0.0,0,0,0,1
2006363,330,False,False,medium_block,2908.9152000000004,42.085,69.12,1.0,0.0,0,0,0,0.0,2.0,0.0,1.0,1.0,0.0,0,0,1,0
2006363,332,False,False,medium_block,1989.7024750000003,32.755,60.745000000000005,2.5,1.6,0,1,0,1.0,3.0,4.0,2.0,3.0,2.0,1,0,1,0
2006363,334,False,False,medium_block,1824.3872,32.86,55.519999999999996,2.0,0.15,0,0,0,0.0,3.0,1.0,2.0,1.0,0.0,0,0,1,0
2006363,335,False,False,low_block,2004.9250499999998,36.69,54.644999999999996,2.5,0.4,0,0,0,1.0,2.0,1.0,2.0,2.0,1.0,0,1,0,0
2006363,336,False,False,high_block,2252.94825,32.55,69.215,2.5,0.9,0,0,0,3.0,4.0,1.0,2.0,4.0,3.0,0,0,0,1
2006363,337,False,False,medium_block,1861.0930000000003,29.950000000000003,62.14,0.0,0.15,0,0,0,0.0,1.0,1.0,1.0,1.0,0.0,0,0,1,0
2006363,338,False,False,low_block,1405.135725,32.515,43.215,2.5,0.0,0,0,0,0.0,2.0,0.0,2.0,1.0,0.0,0,1,0,0
2006363,339,False,False,high_block,2695.3428,42.519999999999996,63.39,2.5,1.25,0,1,0,2.0,2.0,0.0,2.0,4.0,3.0,1,0,0,1
2006363,340,False,False,medium_block,2157.174,35.55,60.68,2.5,1.25,0,1,0,2.0,2.0,0.0,2.0,4.0,3.0,1,0,1,0
2006363,341,False,False,high_block,2112.278875,34.585,61.075,2.0,1.15,0,1,0,1.0,1.0,1.0,2.0,3.0,2.0,1,0,0,1
2006363,342,False,False,medium_block,1893.6768000000002,33.06,57.28,1.0,0.3,0,0,0,0.0,1.0,2.0,1.0,1.0,0.0,0,0,1,0
2006363,343,False,False,low_block,1573.7271750000002,35.795,43.965,0.3333333333333333,0.75,0,1,0,0.0,1.0,0.0,3.0,2.0,1.0,1,1,0,0
2006363,344,False,False,medium_block,1540.35945,39.165,39.33,3.0,0.3,0,0,0,0.0,3.0,2.0,1.0,1.0,0.0,0,0,1,0
2006363,345,False,False,low_block,1575.7647499999998,35.675,44.17,4.0,0.44999999999999996,0,0,0,0.0,1.0,3.0,1.0,1.0,0.0,0,1,0,0
2006363,348,False,False,low_block,687.6392,25.735,26.72,3.0,0.9,0,1,0,0.0,4.0,1.0,3.0,2.0,1.0,1,1,0,0
2006363,349,False,False,high_block,1889.8870000000002,29.21,64.7,3.0,0.75,0,0,0,3.0,3.0,0.0,2.0,4.0,3.0,0,0,0,1
2006363,352,False,False,medium_block,1670.0447499999998,31.174999999999997,53.57,1.0,0.9,0,1,0,0.0,0.0,1.0,2.0,2.0,1.0,1,0,1,0
2006363,353,True,False,high_block,2266.77815,38.03,59.605000000000004,0.0,0.0,0,0,0,0.0,0.0,0.0,3.0,1.0,0.0,0,0,0,1
2006363,354,True,False,medium_block,2035.8560249999996,35.595,57.19499999999999,2.0,1.05,0,1,0,0.0,1.0,2.0,1.0,2.0,1.0,1,0,1,0
2006363,355,False,False,low_block,1913.720725,34.055,56.195,2.0,1.05,0,1,0,0.0,1.0,2.0,1.0,2.0,1.0,1,1,0,0
2006363,359,False,False,medium_block,1466.6538500000001,33.265,44.09,1.0,0.25,0,0,0,1.0,1.0,0.0,2.0,2.0,1.0,0,0,1,0
2006363,360,False,False,high_block,2257.9645,38.83,58.150000000000006,0.0,0.4,0,0,0,1.0,1.0,1.0,1.0,2.0,1.0,0,0,0,1
2006363,361,False,False,medium_block,2839.830525,43.855000000000004,64.755,0.0,0.4,0,0,0,1.0,1.0,1.0,1.0,2.0,1.0,0,0,1,0
2006363,366,False,False,high_block,2384.0514,39.07,61.019999999999996,0.0,0.0,0,0,0,0.0,1.0,0.0,1.0,1.0,0.0,0,0,0,1
2006363,367,False,False,medium_block,2235.843675,35.685,62.655,4.0,0.0,0,0,0,0.0,1.0,0.0,2.0,1.0,0.0,0,0,1,0
2006363,371,False,False,medium_block,1343.2938750000003,31.185000000000002,43.075,1.3333333333333333,2.4,1,1,0,2.0,2.0,1.0,3.0,5.0,4.0,1,0,1,0
2006363,373,True,False,medium_block,1226.438275,28.564999999999998,42.935,1.5,0.0,0,0,0,0.0,0.0,0.0,0.0,1.0,0.0,0,0,1,0
2006363,374,True,False,low_block,1320.1103500000002,32.81,40.235,0.6666666666666666,1.4,1,0,0,1.0,3.0,1.0,3.0,3.0,2.0,1,1,0,0
2006363,375,True,False,medium_block,1469.1988999999999,36.205,40.58,1.0,1.05,0,1,0,0.0,2.0,2.0,1.0,2.0,1.0,1,0,1,0
2006363,376,True,False,low_block,1317.8958,31.979999999999997,41.21,1.5,1.35,0,1,0,0.0,2.0,5.0,2.0,2.0,1.0,1,1,0,0
2006363,381,True,False,low_block,720.68745,27.165,26.53,1.5,0.75,0,1,0,0.0,2.0,0.0,1.0,2.0,1.0,1,1,0,0
2006363,385,False,False,medium_block,2022.3315,39.06,51.775,2.0,2.85,1,1,0,2.0,2.0,7.0,3.0,5.0,4.0,1,0,1,0
2006363,386,False,False,low_block,1090.0195999999999,26.689999999999998,40.839999999999996,0.0,0.0,0,0,0,0.0,1.0,0.0,1.0,1.0,0.0,0,1,0,0
2006363,388,False,False,high_block,2359.009225,36.605000000000004,64.445,2.0,0.75,0,1,0,0.0,3.0,0.0,3.0,2.0,1.0,1,0,0,1
2006363,391,True,False,high_block,2974.1703749999992,40.974999999999994,72.585,2.5,2.65,1,1,0,3.0,3.0,1.0,2.0,6.0,5.0,1,0,0,1
2006363,392,True,False,medium_block,2141.06615,31.93,67.055,2.0,2.3,1,1,0,1.0,2.0,2.0,2.0,4.0,3.0,1,0,1,0
2006363,393,True,False,low_block,1475.4915,30.22,48.825,0.5,0.15,0,0,0,0.0,1.0,1.0,2.0,1.0,0.0,0,1,0,0
2006363,394,False,False,medium_block,1439.0716750000001,35.345,40.715,0.5,0.25,0,0,0,1.0,1.0,0.0,2.0,2.0,1.0,0,0,1,0
2006363,395,False,False,high_block,2338.814625,42.175,55.455,0.0,0.5,0,0,0,2.0,2.0,0.0,1.0,3.0,2.0,0,0,0,1
2006363,396,False,False,medium_block,2747.31835,45.61,60.235,1.6666666666666667,1.25,0,1,0,2.0,3.0,0.0,3.0,4.0,3.0,1,0,1,0
2006363,397,False,False,medium_block,1613.627775,37.305,43.254999999999995,0.0,0.0,0,0,0,0.0,0.0,0.0,1.0,1.0,0.0,0,0,1,0
2006363,402,False,False,medium_block,1389.463,30.01,46.3,2.0,0.9,0,1,0,0.0,2.0,1.0,2.0,2.0,1.0,1,0,1,0
2006363,404,False,False,medium_block,1986.14305,36.665,54.17,3.0,1.7,1,0,0,1.0,1.0,3.0,1.0,3.0,2.0,1,0,1,0
2006363,405,False,False,high_block,2189.0879999999997,34.55,63.36,2.0,1.65,0,1,0,3.0,4.0,1.0,2.0,5.0,4.0,1,0,0,1
2006363,406,False,False,medium_block,1978.594,34.7,57.019999999999996,1.0,0.3,0,0,0,0.0,1.0,2.0,1.0,1.0,0.0,0,0,1,0
2006363,407,False,False,low_block,1601.8393999999998,36.505,43.879999999999995,1.0,0.0,0,0,0,0.0,2.0,0.0,2.0,1.0,0.0,0,1,0,0
2006363,408,False,False,medium_block,1403.3259,35.790000000000006,39.209999999999994,1.0,1.05,0,1,0,0.0,1.0,2.0,1.0,2.0,1.0,1,0,1,0
2006363,409,False,False,low_block,1400.0209249999998,35.765,39.144999999999996,3.0,0.0,0,0,0,0.0,4.0,0.0,2.0,1.0,0.0,0,1,0,0
2006363,411,False,False,medium_block,1713.30335,28.27,60.605,1.0,1.2,0,1,0,0.0,3.0,3.0,2.0,2.0,1.0,1,0,1,0
2006363,417,False,False,high_block,2971.0109999999995,44.65,66.53999999999999,2.0,2.55,1,1,0,2.0,3.0,2.0,3.0,5.0,4.0,1,0,0,1
2006363,421,True,True,low_block,1075.9502499999999,27.924999999999997,38.53,1.0,1.05,0,1,0,0.0,2.0,2.0,2.0,2.0,1.0,1,1,0,0
2006363,422,False,False,medium_block,1416.1530999999998,30.369999999999997,46.629999999999995,2.0,0.65,0,0,0,2.0,4.0,1.0,2.0,3.0,2.0,0,0,1,0
2006363,424,False,False,high_block,2543.123025,34.735,73.215,1.0,0.3,0,0,0,0.0,1.0,2.0,1.0,1.0,0.0,0,0,0,1
2006363,425,False,False,medium_block,2209.3732499999996,38.05,58.065,1.0,0.3,0,0,0,0.0,1.0,2.0,2.0,1.0,0.0,0,0,1,0
2006363,426,False,False,high_block,2084.53895,36.335,57.370000000000005,0.0,0.4,0,0,0,1.0,1.0,1.0,1.0,2.0,1.0,0,0,0,1
2006363,427,False,False,medium_block,1931.2064999999998,32.43,59.55,1.5,1.15,0,1,0,1.0,1.0,1.0,2.0,3.0,2.0,1,0,1,0
2006363,428,False,False,medium_block,2426.482575,49.515,49.004999999999995,2.3333333333333335,2.55,1,1,0,2.0,3.0,2.0,3.0,5.0,4.0,1,0,1,0
2006363,429,False,False,low_block,2498.526275,43.015,58.085,2.5,0.9,0,1,0,0.0,3.0,1.0,2.0,2.0,1.0,1,1,0,0
2006363,431,False,False,high_block,2465.868125,35.875,68.735,1.5,0.0,0,0,0,0.0,0.0,0.0,1.0,1.0,0.0,0,0,0,1
2006363,433,False,False,medium_block,2946.8205,52.65,55.97,2.0,1.0,0,1,0,1.0,1.0,0.0,2.0,3.0,2.0,1,0,1,0
2006363,434,False,False,low_block,2687.22375,46.775,57.45,2.0,1.0,0,1,0,1.0,1.0,0.0,1.0,3.0,2.0,1,1,0,0
2006363,435,False,False,medium_block,2253.1144499999996,41.489999999999995,54.305,4.0,1.8,1,0,0,2.0,2.0,2.0,1.0,4.0,3.0,1,0,1,0
2006363,436,False,False,high_block,3063.0977,41.41,73.97,1.5,1.2,0,1,0,0.0,0.0,3.0,2.0,2.0,1.0,1,0,0,1
2006363,437,False,False,medium_block,2164.3098750000004,36.855000000000004,58.725,2.5,1.4,0,1,0,2.0,2.0,1.0,2.0,4.0,3.0,1,0,1,0
2007448,0,False,False,medium_block,1552.423225,32.755,47.394999999999996,0.0,0.3,0,0,0,0.0,1.0,2.0,2.0,1.0,0.0,0,0,1,0
2007448,2,False,False,low_block,1013.2035,21.9,46.265,3.0,1.05,0,1,0,0.0,4.0,2.0,1.0,2.0,1.0,1,1,0,0
2007448,3,False,False,low_block,962.6007999999999,30.52,31.54,1.5,0.15,0,0,0,0.0,0.0,1.0,0.0,1.0,0.0,0,1,0,0
2007448,4,False,False,medium_block,1453.424,34.15,42.56,0.0,1.95,1,0,0,2.0,2.0,3.0,2.0,4.0,3.0,1,0,1,0
2007448,6,False,False,low_block,1911.675975,34.485,55.435,3.0,0.44999999999999996,0,0,0,0.0,1.0,3.0,1.0,1.0,0.0,0,1,0,0
2007448,7,False,False,high_block,2398.4637999999995,38.44,62.394999999999996,1.5,0.0,0,0,0,0.0,1.0,0.0,1.0,1.0,0.0,0,0,0,1
2007448,14,False,False,medium_block,1402.19145,29.07,48.235,2.0,1.55,1,0,0,1.0,1.0,2.0,1.0,3.0,2.0,1,0,1,0
2007448,15,False,False,medium_block,1414.3887499999998,29.95,47.224999999999994,0.0,0.15,0,0,0,0.0,0.0,1.0,1.0,1.0,0.0,0,0,1,0
2007448,16,False,False,high_block,2077.2677750000003,34.705,59.855000000000004,2.0,0.65,0,0,0,2.0,2.0,1.0,2.0,3.0,2.0,0,0,0,1
2007448,18,False,False,medium_block,1604.366575,34.285,46.795,1.0,1.35,0,1,0,0.0,1.0,4.0,2.0,2.0,1.0,1,0,1,0
2007448,19,False,False,low_block,1057.96745,28.115000000000002,37.63,1.0,0.0,0,0,0,0.0,2.0,0.0,2.0,1.0,0.0,0,1,0,0
2007448,20,False,False,medium_block,1456.4653750000002,35.825,40.655,0.5,1.8,1,0,0,2.0,2.0,2.0,2.0,4.0,3.0,1,0,1,0
2007448,21,False,False,high_block,2251.768575,40.035,56.245000000000005,0.0,0.15,0,0,0,0.0,0.0,1.0,1.0,1.0,0.0,0,0,0,1
2007448,23,False,False,medium_block,2065.0880249999996,37.894999999999996,54.495,2.0,0.75,0,1,0,0.0,2.0,0.0,1.0,2.0,1.0,1,0,1,0
2007448,25,False,False,high_block,2346.64515,35.19,66.685,0.5,0.0,0,0,0,0.0,0.0,0.0,2.0,1.0,0.0,0,0,0,1
2007448,26,False,False,medium_block,2601.6926249999997,38.325,67.88499999999999,0.5,0.0,0,0,0,0.0,0.0,0.0,2.0,1.0,0.0,0,0,1,0
2007448,27,False,False,low_block,2164.32,48.0,45.09,1.5,0.3,0,0,0,0.0,2.0,2.0,2.0,1.0,0.0,0,1,0,0
2007448,28,False,False,medium_block,2074.4677250000004,41.585,49.885000000000005,1.3333333333333333,2.15,1,0,0,4.0,4.0,1.0,3.0,6.0,5.0,1,0,1,0
2007448,29,False,False,high_block,2555.4927999999995,39.83,64.16,2.5,1.9,1,0,0,3.0,3.0,1.0,2.0,5.0,4.0,1,0,0,1
2007448,31,False,False,medium_block,1301.5612500000002,22.935000000000002,56.75,2.5,1.2,0,1,0,0.0,5.0,3.0,2.0,2.0,1.0,1,0,1,0
2007448,32,False,False,low_block,1182.9787999999999,24.79,47.72,1.0,0.15,0,0,0,0.0,3.0,1.0,1.0,1.0,0.0,0,1,0,0
2007448,36,True,True,low_block,1160.65615,24.085,48.19,2.6666666666666665,0.75,0,1,0,0.0,3.0,0.0,3.0,2.0,1.0,1,1,0,0
2007448,37,False,False,medium_block,2042.997275,42.745,47.795,0.0,0.8,0,0,0,2.0,2.0,2.0,2.0,3.0,2.0,0,0,1,0
2007448,42,False,False,medium_block,955.36225,19.79,48.275000000000006,1.5,0.0,0,0,0,0.0,0.0,0.0,1.0,1.0,0.0,0,0,1,0
2007448,44,False,False,high_block,1792.5622,25.630000000000003,69.94,2.0,0.0,0,0,0,0.0,1.0,0.0,1.0,1.0,0.0,0,0,0,1
2007448,45,False,False,medium_block,1962.38625,28.25,69.465,1.5,0.0,0,0,0,0.0,0.0,0.0,0.0,1.0,0.0,0,0,1,0
2007448,46,False,False,high_block,2140.1118,32.04,66.795,1.0,2.35,1,0,0,3.0,3.0,4.0,1.0,5.0,4.0,1,0,0,1
2007448,47,False,False,medium_block,1808.1209999999999,29.689999999999998,60.9,1.5,1.35,0,1,0,0.0,1.0,5.0,2.0,2.0,1.0,1,0,1,0
2007448,48,False,False,low_block,1474.7404,31.64,46.61,2.0,0.15,0,0,0,0.0,1.0,1.0,1.0,1.0,0.0,0,1,0,0
2007448,50,False,False,low_block,906.7015,31.87,28.45,0.0,0.3,0,0,0,0.0,1.0,2.0,2.0,1.0,0.0,0,1,0,0
2007448,51,False,False,medium_block,1208.68685,33.89,35.665,0.0,0.15,0,0,0,0.0,1.0,1.0,1.0,1.0,0.0,0,0,1,0
2007448,52,False,False,low_block,1400.3806249999998,36.925,37.925,0.5,0.15,0,0,0,0.0,1.0,1.0,2.0,1.0,0.0,0,1,0,0
2007448,53,False,False,medium_block,1527.4256750000002,35.435,43.105000000000004,2.6666666666666665,3.1,1,1,0,3.0,4.0,4.0,3.0,6.0,5.0,1,0,1,0
2007448,54,False,False,low_block,983.04885,26.955000000000002,36.47,3.0,0.15,0,0,0,0.0,1.0,1.0,1.0,1.0,0.0,0,1,0,0
2007448,60,False,False,high_block,2054.3962250000004,33.005,62.245000000000005,0.0,0.15,0,0,0,0.0,0.0,1.0,2.0,1.0,0.0,0,0,0,1
2007448,61,False,False,medium_block,2040.2830000000004,35.545,57.400000000000006,0.0,1.9,1,0,0,3.0,3.0,1.0,2.0,5.0,4.0,1,0,1,0
2007448,62,False,False,high_block,2508.9868500000002,40.510000000000005,61.935,2.0,1.15,0,1,0,1.0,2.0,1.0,3.0,3.0,2.0,1,0,0,1
2007448,64,False,False,medium_block,2068.9564,39.62,52.22,0.0,0.5,0,0,0,2.0,2.0,0.0,2.0,3.0,2.0,0,0,1,0
2007448,65,False,False,high_block,2555.8235999999997,41.94,60.94,1.0,1.4,0,0,1,2.0,2.0,1.0,2.0,3.0,2.0,1,0,0,1
2007448,67,False,False,low_block,1051.4035999999999,27.14,38.739999999999995,2.6666666666666665,1.2,0,1,0,0.0,5.0,3.0,3.0,2.0,1.0,1,1,0,0
2007448,68,False,False,high_block,2145.36345,34.17,62.785,2.0,0.75,0,1,0,0.0,2.0,0.0,2.0,2.0,1.0,1,0,0,1
2007448,69,False,False,medium_block,1739.884,28.3,61.48,1.0,0.75,0,1,0,0.0,1.0,0.0,2.0,2.0,1.0,1,0,1,0
2007448,72,False,False,low_block,3068.5552500000003,62.35,49.215,0.0,0.0,0,0,0,0.0,0.0,0.0,1.0,1.0,0.0,0,1,0,0
2007448,79,False,False,high_block,2440.18125,31.950000000000003,76.375,2.0,0.9,0,1,0,0.0,2.0,1.0,1.0,2.0,1.0,1,0,0,1
2007448,83,False,False,medium_block,1630.3938249999999,36.235,44.995,1.0,1.2,0,1,0,0.0,1.0,3.0,2.0,2.0,1.0,1,0,1,0
2007448,84,False,False,low_block,1302.6668750000001,33.295,39.125,1.0,0.9,0,1,0,0.0,1.0,1.0,3.0,2.0,1.0,1,1,0,0
2007448,85,False,False,medium_block,2785.2194,42.29,65.86,1.5,0.75,0,1,0,0.0,0.0,0.0,1.0,2.0,1.0,1,0,1,0
2007448,92,True,False,medium_block,1225.787475,25.355,48.345,1.0,2.85,1,1,0,2.0,2.0,4.0,2.0,5.0,4.0,1,0,1,0
2007448,93,True,False,low_block,915.1657500000001,26.185000000000002,34.95,2.3333333333333335,1.05,0,1,0,0.0,3.0,2.0,3.0,2.0,1.0,1,1,0,0
2007448,95,False,False,medium_block,1410.5911,26.630000000000003,52.97,1.0,0.6,0,0,0,0.0,1.0,4.0,1.0,1.0,0.0,0,0,1,0
2007448,97,False,False,low_block,1490.293,35.315,42.2,2.6666666666666665,0.75,0,1,0,0.0,1.0,0.0,3.0,2.0,1.0,1,1,0,0
2007448,103,False,False,high_block,3102.2934499999997,42.144999999999996,73.61,2.0,1.4,1,0,0,1.0,1.0,1.0,1.0,3.0,2.0,1,0,0,1
2007448,105,False,False,medium_block,2282.511,34.44,66.275,2.0,1.95,1,0,0,2.0,2.0,3.0,1.0,4.0,3.0,1,0,1,0
2007448,106,False,False,medium_block,2167.5885,42.129999999999995,51.45,1.0,1.55,1,0,0,1.0,1.0,2.0,2.0,3.0,2.0,1,0,1,0
2007448,107,False,False,high_block,2400.8508,38.34,62.620000000000005,0.0,0.75,0,0,0,3.0,3.0,0.0,2.0,4.0,3.0,0,0,0,1
2007448,113,False,False,medium_block,1934.3324,40.04,48.31,1.0,1.55,1,0,0,1.0,2.0,2.0,1.0,3.0,2.0,1,0,1,0
2007448,115,False,False,low_block,984.742275,34.815,28.285,1.5,0.9,0,1,0,0.0,2.0,1.0,3.0,2.0,1.0,1,1,0,0
2007448,116,False,False,high_block,2924.6847749999997,47.085,62.114999999999995,2.0,1.5,0,1,0,3.0,3.0,0.0,2.0,5.0,4.0,1,0,0,1
2007448,117,False,False,medium_block,1666.4967,32.67,51.01,1.0,2.4,1,1,0,2.0,2.0,1.0,2.0,5.0,4.0,1,0,1,0
2007448,118,False,False,medium_block,2195.5934,40.04,54.835,1.5,2.4,1,1,0,2.0,3.0,1.0,2.0,5.0,4.0,1,0,1,0
2007448,119,False,False,high_block,2077.266,34.575,60.08,0.5,0.25,0,0,0,1.0,2.0,0.0,2.0,2.0,1.0,0,0,0,1
2007448,120,False,False,medium_block,2082.9130999999998,33.83,61.57,1.5,0.9,0,1,0,0.0,1.0,1.0,3.0,2.0,1.0,1,0,1,0
2007448,123,False,False,low_block,1053.5052999999998,26.54,39.69499999999999,3.0,0.15,0,0,0,0.0,3.0,1.0,1.0,1.0,0.0,0,1,0,0
2007448,125,False,False,low_block,1001.5647249999998,35.285,28.384999999999998,1.5,0.3,0,0,0,0.0,3.0,2.0,2.0,1.0,0.0,0,1,0,0
2007448,126,False,False,medium_block,1531.7705000000003,37.525000000000006,40.82,2.0,0.15,0,0,0,0.0,1.0,1.0,2.0,1.0,0.0,0,0,1,0
2007448,127,False,False,high_block,2422.91775,37.95,63.845,1.5,0.0,0,0,0,0.0,0.0,0.0,1.0,1.0,0.0,0,0,0,1
2007448,130,False,False,low_block,863.4436000000001,27.71,31.16,0.0,0.6,0,0,0,0.0,1.0,4.0,1.0,1.0,0.0,0,1,0,0
2007448,131,False,False,medium_block,1256.0841,30.979999999999997,40.545,2.5,2.9,1,1,1,1.0,3.0,1.0,2.0,4.0,3.0,1,0,1,0
2007448,132,False,False,low_block,1472.36875,31.835,46.25,2.6666666666666665,0.44999999999999996,0,0,0,0.0,3.0,3.0,3.0,1.0,0.0,0,1,0,0
2007448,133,False,False,high_block,2618.4959999999996,38.4,68.19,1.0,0.6,0,0,0,0.0,1.0,4.0,1.0,1.0,0.0,0,0,0,1
2007448,134,False,False,medium_block,1640.6188000000002,30.64,53.545,0.5,1.35,0,1,0,0.0,0.0,5.0,2.0,2.0,1.0,1,0,1,0
2007448,135,False,False,low_block,1202.6103749999997,25.525,47.114999999999995,1.0,0.6,0,0,0,0.0,1.0,6.0,2.0,1.0,0.0,0,1,0,0
2007448,139,False,False,low_block,939.3399999999998,26.799999999999997,35.05,2.0,0.0,0,0,0,0.0,1.0,0.0,1.0,1.0,0.0,0,1,0,0
2007448,140,False,False,medium_block,1481.40265,31.61,46.865,1.3333333333333333,2.2,0,1,0,4.0,4.0,3.0,3.0,6.0,5.0,1,0,1,0
2007448,141,False,False,high_block,1994.9211500000001,33.545,59.47,1.6666666666666667,1.5,0,1,0,3.0,4.0,0.0,3.0,5.0,4.0,1,0,0,1
2007448,142,False,False,medium_block,1851.2508,30.66,60.38,2.5,2.6,1,1,0,1.0,2.0,4.0,2.0,4.0,3.0,1,0,1,0
2007448,143,False,False,high_block,2762.7889750000004,41.165,67.11500000000001,2.0,1.25,0,1,0,2.0,2.0,0.0,2.0,4.0,3.0,1,0,0,1
2007448,145,False,False,medium_block,2008.1643000000001,34.31,58.53,2.5,2.7,1,1,0,2.0,4.0,3.0,2.0,5.0,4.0,1,0,1,0
2007448,146,False,False,low_block,1994.7663,32.86,60.705,3.0,1.2,0,1,0,0.0,2.0,3.0,1.0,2.0,1.0,1,1,0,0
2007448,147,False,False,high_block,2378.5683499999996,33.129999999999995,71.795,2.0,0.15,0,0,0,0.0,1.0,1.0,1.0,1.0,0.0,0,0,0,1
2007448,148,False,False,medium_block,1912.0762499999998,31.669999999999998,60.375,2.0,2.4,1,1,0,2.0,2.0,1.0,2.0,5.0,4.0,1,0,1,0
2007448,149,False,False,high_block,2567.6762000000003,40.760000000000005,62.995,1.6666666666666667,1.4,0,1,0,2.0,2.0,1.0,3.0,4.0,3.0,1,0,0,1
2007448,150,False,False,medium_block,3244.36895,46.945,69.11,2.0,1.15,0,1,0,1.0,2.0,1.0,3.0,3.0,2.0,1,0,1,0
2007448,155,False,False,medium_block,1946.4250000000002,36.725,53.0,0.5,0.25,0,0,0,1.0,1.0,0.0,2.0,2.0,1.0,0,0,1,0
2007448,156,False,False,high_block,1998.2098,38.695,51.64,0.0,0.0,0,0,0,0.0,0.0,0.0,2.0,1.0,0.0,0,0,0,1
2007448,157,False,False,medium_block,2058.6521999999995,41.69,49.379999999999995,0.5,0.4,0,0,0,1.0,1.0,1.0,2.0,2.0,1.0,0,0,1,0
2007448,158,False,False,low_block,1673.0821250000001,42.545,39.325,0.0,0.75,0,1,0,0.0,0.0,0.0,2.0,2.0,1.0,1,1,0,0
2007448,160,True,True,medium_block,2477.653950000001,37.995000000000005,65.21000000000001,0.0,0.3,0,0,0,0.0,0.0,2.0,1.0,1.0,0.0,0,0,1,0
2007448,161,True,True,low_block,1651.1917500000002,30.35,54.405,4.0,0.9,0,1,0,0.0,3.0,1.0,1.0,2.0,1.0,1,1,0,0
2007448,162,False,False,medium_block,1766.3516250000002,35.825,49.305,0.0,0.0,0,0,0,0.0,1.0,0.0,1.0,1.0,0.0,0,0,1,0
2007448,163,False,False,high_block,2133.8286749999997,35.144999999999996,60.715,1.5,0.15,0,0,0,0.0,0.0,1.0,1.0,1.0,0.0,0,0,0,1
2007448,164,False,False,medium_block,2323.9635000000003,35.265,65.9,1.5,0.15,0,0,0,0.0,0.0,1.0,1.0,1.0,0.0,0,0,1,0
2007448,165,False,False,medium_block,1698.8327000000002,34.855000000000004,48.74,1.0,1.5,0,1,0,3.0,3.0,0.0,2.0,5.0,4.0,1,0,1,0
2007448,166,False,False,high_block,2320.1257,38.47,60.31,0.0,0.4,0,0,0,1.0,1.0,1.0,1.0,2.0,1.0,0,0,0,1
2007448,167,False,False,medium_block,2164.7808,40.32,53.69,1.0,0.55,0,0,0,1.0,1.0,2.0,1.0,2.0,1.0,0,0,1,0
2007448,168,False,False,high_block,2386.641925,41.245000000000005,57.864999999999995,1.5,0.0,0,0,0,0.0,0.0,0.0,1.0,1.0,0.0,0,0,0,1
2007448,169,False,False,medium_block,2308.8680000000004,37.900000000000006,60.92,2.0,1.25,0,0,1,2.0,2.0,0.0,1.0,3.0,2.0,1,0,1,0
2007448,170,False,False,high_block,2393.9001,36.705,65.22,2.0,2.7,1,0,1,2.0,2.0,3.0,2.0,4.0,3.0,1,0,0,1
2007448,172,False,False,medium_block,2548.1703,39.260000000000005,64.905,1.5,0.75,0,1,0,0.0,0.0,0.0,1.0,2.0,1.0,1,0,1,0
2007448,173,False,False,medium_block,1408.0492000000002,35.81,39.32,1.5,0.0,0,0,0,0.0,0.0,0.0,1.0,1.0,0.0,0,0,1,0
2007448,175,True,False,low_block,1140.9870500000002,31.115000000000002,36.67,1.6666666666666667,0.75,0,1,0,0.0,3.0,0.0,3.0,2.0,1.0,1,1,0,0
2007448,176,False,False,medium_block,1479.57405,33.29,44.445,1.5,0.75,0,1,0,0.0,1.0,0.0,2.0,2.0,1.0,1,0,1,0
2007448,177,False,False,medium_block,1545.2575,35.019999999999996,44.125,1.6666666666666667,0.75,0,1,0,0.0,2.0,0.0,3.0,2.0,1.0,1,0,1,0
2007448,178,False,False,medium_block,2109.9187500000003,42.95,49.125,2.0,1.3,0,1,0,1.0,1.0,2.0,1.0,3.0,2.0,1,0,1,0
2007448,179,False,False,medium_block,1404.1544999999999,36.33,38.65,0.0,0.0,0,0,0,0.0,0.0,0.0,2.0,1.0,0.0,0,0,1,0
2007448,180,False,False,low_block,1401.1122500000004,37.150000000000006,37.715,0.0,0.0,0,0,0,0.0,0.0,0.0,2.0,1.0,0.0,0,1,0,0
2007448,181,False,False,medium_block,1547.91005,37.63,41.135,0.0,0.9,0,1,0,0.0,1.0,1.0,2.0,2.0,1.0,1,0,1,0
2007448,182,False,False,high_block,3492.5049499999996,53.905,64.78999999999999,0.0,1.05,0,1,0,0.0,1.0,2.0,2.0,2.0,1.0,1,0,0,1
2007448,183,False,False,medium_block,2554.1201,42.385000000000005,60.26,0.5,1.5,0,1,0,3.0,3.0,0.0,2.0,5.0,4.0,1,0,1,0
2007448,184,False,False,high_block,2043.4424999999999,35.25,57.97,1.5,0.15,0,0,0,0.0,0.0,1.0,1.0,1.0,0.0,0,0,0,1
2007448,186,False,False,medium_block,2064.589425,35.265,58.545,1.0,1.2,0,1,0,0.0,3.0,3.0,2.0,2.0,1.0,1,0,1,0
2007448,187,False,False,low_block,1252.2575,26.5,47.254999999999995,3.0,0.3,0,0,0,0.0,1.0,2.0,1.0,1.0,0.0,0,1,0,0
2007448,189,False,False,medium_block,1190.7,24.3,49.0,3.5,2.3,1,1,0,1.0,3.0,2.0,2.0,4.0,3.0,1,0,1,0
2007448,195,False,False,medium_block,,,,1.5,0.0,0,0,0,0.0,0.0,0.0,1.0,1.0,0.0,0,0,1,0
2007448,198,False,False,medium_block,1633.741125,35.025,46.645,0.5,0.3,0,0,0,0.0,1.0,2.0,2.0,1.0,0.0,0,0,1,0
2007448,201,False,False,medium_block,1414.336,24.64,57.4,2.0,0.0,0,0,0,0.0,0.0,0.0,2.0,1.0,0.0,0,0,1,0
2007448,202,False,False,high_block,1418.4672,22.240000000000002,63.78,2.0,0.0,0,0,0,0.0,1.0,0.0,2.0,1.0,0.0,0,0,0,1
2007448,204,False,False,medium_block,1797.3276,26.89,66.84,0.0,0.15,0,0,0,0.0,0.0,1.0,1.0,1.0,0.0,0,0,1,0
2007448,205,False,False,medium_block,1903.5919500000002,36.290000000000006,52.455,2.0,1.4,1,0,0,1.0,1.0,1.0,1.0,3.0,2.0,1,0,1,0
2007448,206,False,False,high_block,1878.510225,34.855000000000004,53.894999999999996,1.0,1.9,1,0,0,3.0,3.0,1.0,3.0,5.0,4.0,1,0,0,1
2007448,207,False,False,medium_block,1887.9777,34.379999999999995,54.915000000000006,1.0,1.9,1,0,0,3.0,3.0,1.0,3.0,5.0,4.0,1,0,1,0
2007448,208,False,False,high_block,2110.7093999999997,34.41,61.34,1.0,0.25,0,0,0,1.0,1.0,0.0,1.0,2.0,1.0,0,0,0,1
2007448,209,False,False,medium_block,2173.184,32.65,66.56,1.0,1.0,0,1,0,1.0,1.0,0.0,2.0,3.0,2.0,1,0,1,0
2007448,210,True,False,medium_block,1875.0870000000002,39.31,47.7,2.0,1.35,0,1,0,0.0,3.0,5.0,1.0,2.0,1.0,1,0,1,0
2007448,211,True,False,low_block,1203.4855,29.224999999999998,41.18,1.5,1.2,0,1,0,0.0,0.0,3.0,1.0,2.0,1.0,1,1,0,0
2007448,212,False,False,medium_block,2486.1046,40.519999999999996,61.355000000000004,0.0,0.0,0,0,0,0.0,0.0,0.0,1.0,1.0,0.0,0,0,1,0
2007448,213,False,False,medium_block,1642.3459,31.915,51.46,0.3333333333333333,0.0,0,0,0,0.0,0.0,0.0,3.0,1.0,0.0,0,0,1,0
2007448,214,False,False,high_block,1892.1798000000001,31.560000000000002,59.955,0.0,0.65,0,0,0,2.0,2.0,1.0,2.0,3.0,2.0,0,0,0,1
2007448,216,False,False,medium_block,2529.3807,47.46,53.295,1.0,1.15,0,1,0,1.0,2.0,1.0,3.0,3.0,2.0,1,0,1,0
2007448,217,False,False,low_block,2424.73665,45.91,52.815,2.0,0.9,0,1,0,0.0,1.0,1.0,2.0,2.0,1.0,1,1,0,0
2007448,218,False,False,medium_block,1910.552,38.15,50.08,2.3333333333333335,0.75,0,1,0,0.0,4.0,0.0,3.0,2.0,1.0,1,0,1,0
2007448,219,False,False,low_block,1460.19375,33.75,43.265,0.5,0.9,0,1,0,0.0,2.0,1.0,2.0,2.0,1.0,1,1,0,0
2007448,220,False,False,medium_block,1426.9879,36.14,39.485,0.0,0.3,0,0,0,0.0,2.0,2.0,2.0,1.0,0.0,0,0,1,0
2007448,221,False,False,low_block,1370.5147500000003,33.715,40.650000000000006,0.0,0.3,0,0,0,0.0,1.0,2.0,1.0,1.0,0.0,0,1,0,0
2007448,222,False,False,medium_block,2753.4577500000005,48.150000000000006,57.185,0.0,0.25,0,0,0,1.0,1.0,0.0,1.0,2.0,1.0,0,0,1,0
2007448,223,False,False,high_block,2464.5737,41.254999999999995,59.74,0.0,1.05,0,0,0,3.0,3.0,2.0,2.0,4.0,3.0,0,0,0,1
2007448,224,False,False,medium_block,2237.20245,38.81,57.645,1.0,1.35,0,1,0,0.0,0.0,5.0,2.0,2.0,1.0,1,0,1,0
2007448,225,False,False,low_block,1644.3429999999998,34.114999999999995,48.2,1.0,0.6,0,0,0,0.0,1.0,4.0,1.0,1.0,0.0,0,1,0,0
2007448,226,False,False,high_block,2504.445,38.625,64.84,1.0,0.3,0,0,0,0.0,1.0,2.0,1.0,1.0,0.0,0,0,0,1
2007448,227,False,False,medium_block,2091.2099249999997,39.595,52.815,1.6666666666666667,0.9,0,1,0,0.0,2.0,1.0,3.0,2.0,1.0,1,0,1,0
2007448,229,False,False,high_block,2666.92835,37.81,70.535,2.0,1.2,0,1,0,0.0,0.0,3.0,1.0,2.0,1.0,1,0,0,1
2007448,230,False,False,medium_block,2511.5740000000005,37.7,66.62,0.0,0.3,0,0,0,0.0,1.0,2.0,1.0,1.0,0.0,0,0,1,0
2007448,231,False,False,low_block,2100.591375,34.535,60.825,0.0,0.9,0,1,0,0.0,1.0,1.0,2.0,2.0,1.0,1,1,0,0
2007448,232,False,False,medium_block,1719.1133750000001,31.384999999999998,54.775000000000006,0.0,0.75,0,1,0,0.0,1.0,0.0,2.0,2.0,1.0,1,0,1,0
2007448,233,False,False,low_block,1590.23025,32.57,48.825,0.0,0.3,0,0,0,0.0,1.0,2.0,1.0,1.0,0.0,0,1,0,0
2007448,235,False,False,medium_block,1606.058425,35.615,45.095,1.0,1.8,1,0,0,2.0,2.0,2.0,2.0,4.0,3.0,1,0,1,0
2007448,236,False,False,high_block,1925.43615,35.504999999999995,54.230000000000004,0.0,0.7,0,0,0,1.0,1.0,3.0,2.0,2.0,1.0,0,0,0,1
2007448,237,False,False,medium_block,2340.0773999999997,39.239999999999995,59.635,2.0,0.3,0,0,0,0.0,2.0,2.0,2.0,1.0,0.0,0,0,1,0
2007448,238,False,False,high_block,2978.976,44.8,66.495,2.0,0.0,0,0,0,0.0,2.0,0.0,1.0,1.0,0.0,0,0,0,1
2007448,239,False,False,medium_block,2646.8414249999996,38.705,68.38499999999999,3.0,0.0,0,0,0,0.0,2.0,0.0,2.0,1.0,0.0,0,0,1,0
2007448,243,False,False,low_block,1278.13875,38.325,33.35,1.0,0.0,0,0,0,0.0,3.0,0.0,2.0,1.0,0.0,0,1,0,0
2007448,244,False,False,medium_block,1677.8078249999999,38.144999999999996,43.985,0.0,0.15,0,0,0,0.0,1.0,1.0,1.0,1.0,0.0,0,0,1,0
2007448,245,False,False,high_block,2123.380725,38.235,55.535,1.0,0.15,0,0,0,0.0,1.0,1.0,2.0,1.0,0.0,0,0,0,1
2007448,247,False,False,medium_block,2110.589775,37.155,56.805,1.0,0.44999999999999996,0,0,0,0.0,2.0,3.0,2.0,1.0,0.0,0,0,1,0
2007448,248,False,False,low_block,1795.8033750000002,34.725,51.715,2.6666666666666665,1.2,0,1,0,0.0,9.0,3.0,4.0,2.0,1.0,1,1,0,0
2007448,250,False,False,low_block,1419.4934999999996,33.099999999999994,42.885,0.5,0.0,0,0,0,0.0,1.0,0.0,2.0,1.0,0.0,0,1,0,0
2007448,251,False,False,medium_block,1603.1953250000001,35.465,45.205,1.0,1.25,0,1,0,2.0,2.0,0.0,3.0,4.0,3.0,1,0,1,0
2007448,253,False,False,medium_block,2302.00695,37.71,61.045,0.0,0.3,0,0,0,0.0,3.0,2.0,2.0,1.0,0.0,0,0,1,0
2007448,254,False,False,low_block,1987.4666250000002,39.825,49.905,1.5,1.05,0,1,0,0.0,5.0,2.0,3.0,2.0,1.0,1,1,0,0
2007448,259,False,False,high_block,2519.6719999999996,38.8,64.94,0.5,1.2,0,1,0,0.0,1.0,3.0,2.0,2.0,1.0,1,0,0,1
2007448,260,False,False,medium_block,1940.849525,36.005,53.905,0.0,1.05,0,1,0,0.0,0.0,2.0,1.0,2.0,1.0,1,0,1,0
2007448,261,False,False,low_block,1224.2223,33.285,36.78,2.0,0.0,0,0,0,0.0,1.0,0.0,1.0,1.0,0.0,0,1,0,0
2007448,262,True,False,low_block,1082.7624250000001,37.985,28.505000000000003,0.0,0.0,0,0,0,0.0,0.0,0.0,2.0,1.0,0.0,0,1,0,0
2007448,263,True,False,medium_block,1195.35535,37.99,31.465,0.0,0.15,0,0,0,0.0,0.0,1.0,1.0,1.0,0.0,0,0,1,0
2007448,264,True,False,low_block,1242.6949499999998,37.555,33.089999999999996,0.0,0.15,0,0,0,0.0,1.0,1.0,2.0,1.0,0.0,0,1,0,0
2007448,265,True,False,medium_block,1373.1840499999998,36.785,37.33,0.0,0.15,0,0,0,0.0,1.0,1.0,1.0,1.0,0.0,0,0,1,0
2007448,266,True,False,low_block,1336.2524,36.43,36.68,3.0,0.15,0,0,0,0.0,2.0,1.0,1.0,1.0,0.0,0,1,0,0
2007448,267,False,False,medium_block,1523.0832000000003,38.230000000000004,39.84,0.0,0.0,0,0,0,0.0,1.0,0.0,1.0,1.0,0.0,0,0,1,0
2007448,269,False,False,medium_block,1747.920525,37.504999999999995,46.605000000000004,1.5,0.3,0,0,0,0.0,1.0,2.0,2.0,1.0,0.0,0,0,1,0
2007448,270,False,False,low_block,1779.30585,37.91,46.935,2.5,0.6,0,0,0,0.0,1.0,4.0,2.0,1.0,0.0,0,1,0,0
2007448,271,False,False,low_block,1000.6141249999998,34.894999999999996,28.674999999999997,1.5,0.0,0,0,0,0.0,0.0,0.0,1.0,1.0,0.0,0,1,0,0
2007448,272,False,False,medium_block,1132.5467999999998,33.989999999999995,33.32,0.0,0.25,0,0,0,1.0,2.0,0.0,2.0,2.0,1.0,0,0,1,0
2007448,273,False,False,low_block,1245.0149749999998,33.364999999999995,37.315,1.0,1.25,0,1,0,2.0,3.0,0.0,2.0,4.0,3.0,1,1,0,0
2007448,274,False,False,medium_block,1614.4133250000002,34.685,46.545,0.0,1.4,1,0,0,1.0,1.0,1.0,1.0,3.0,2.0,1,0,1,0
2007448,275,False,False,high_block,2297.4018,37.78,60.81,1.5,1.65,1,0,0,2.0,3.0,1.0,2.0,4.0,3.0,1,0,0,1
2007448,276,False,False,medium_block,2570.8662,38.68,66.465,2.0,1.25,0,1,0,2.0,3.0,0.0,3.0,4.0,3.0,1,0,1,0
2007448,278,False,False,medium_block,1516.8187749999997,32.345,46.894999999999996,0.0,0.15,0,0,0,0.0,0.0,1.0,2.0,1.0,0.0,0,0,1,0
2007448,279,False,False,high_block,1887.883875,35.225,53.595,0.0,0.4,0,0,0,1.0,1.0,1.0,1.0,2.0,1.0,0,0,0,1
2007448,280,False,False,medium_block,1886.68425,35.075,53.79,1.0,1.05,0,1,0,0.0,0.0,2.0,1.0,2.0,1.0,1,0,1,0
2007448,281,False,False,low_block,1676.65355,36.205,46.31,2.6666666666666665,0.9,0,1,0,0.0,3.0,1.0,3.0,2.0,1.0,1,1,0,0
2007448,287,False,False,medium_block,1578.62,34.0,46.43,0.5,0.0,0,0,0,0.0,1.0,0.0,2.0,1.0,0.0,0,0,1,0
2007448,289,True,False,high_block,2787.0640000000003,43.96,63.400000000000006,1.5,2.05,1,0,0,3.0,3.0,2.0,2.0,5.0,4.0,1,0,0,1
2007448,291,True,False,medium_block,2727.0438,44.68,61.035,3.0,0.6,0,0,0,0.0,0.0,5.0,1.0,1.0,0.0,0,0,1,0
2007448,292,True,False,low_block,2150.1342000000004,39.510000000000005,54.42,2.5,1.2,0,1,0,0.0,2.0,3.0,2.0,2.0,1.0,1,1,0,0
2007448,295,True,False,medium_block,2152.76865,37.355000000000004,57.629999999999995,2.0,0.6,0,0,0,0.0,1.0,4.0,1.0,1.0,0.0,0,0,1,0
2007448,296,True,False,low_block,1464.1141000000002,34.67,42.230000000000004,2.0,0.0,0,0,0,0.0,2.0,0.0,1.0,1.0,0.0,0,1,0,0
2007448,297,False,False,medium_block,3071.5154999999995,44.15,69.57,1.5,0.0,0,0,0,0.0,0.0,0.0,0.0,1.0,0.0,0,0,1,0
2007448,298,False,False,low_block,1024.00665,33.585,30.49,0.0,0.0,0,0,0,0.0,1.0,0.0,1.0,1.0,0.0,0,1,0,0
2007448,299,False,False,medium_block,1668.1103249999996,37.065,45.004999999999995,1.0,1.4,0,1,0,2.0,2.0,1.0,2.0,4.0,3.0,1,0,1,0
2007448,300,False,False,high_block,2352.539475,36.465,64.515,0.5,0.65,0,0,0,2.0,2.0,1.0,2.0,3.0,2.0,0,0,0,1
2007448,303,True,False,medium_block,1203.675725,25.445,47.305,3.0,0.9,0,1,0,0.0,1.0,1.0,1.0,2.0,1.0,1,0,1,0
2007448,304,True,False,low_block,1269.350775,26.805,47.355000000000004,2.0,0.9,0,1,0,0.0,3.0,1.0,2.0,2.0,1.0,1,1,0,0
2007448,305,False,False,medium_block,2255.604,38.05,59.28,0.0,0.0,0,0,0,0.0,0.0,0.0,1.0,1.0,0.0,0,0,1,0
2007448,306,False,False,high_block,2150.5363500000003,39.09,55.015,0.0,0.25,0,0,0,1.0,1.0,0.0,2.0,2.0,1.0,0,0,0,1
2007448,307,False,False,medium_block,2271.1452750000003,42.495000000000005,53.445,1.0,0.25,0,0,0,1.0,1.0,0.0,1.0,2.0,1.0,0,0,1,0
2007448,309,False,False,medium_block,2959.1922250000002,46.745000000000005,63.305,1.5,0.0,0,0,0,0.0,0.0,0.0,1.0,1.0,0.0,0,0,1,0
2007448,310,False,False,high_block,2694.1096,41.86,64.36,2.0,0.75,0,0,0,3.0,3.0,0.0,2.0,4.0,3.0,0,0,0,1
2007448,311,False,False,medium_block,2419.3890000000006,37.650000000000006,64.26,2.0,1.15,0,1,0,1.0,1.0,1.0,2.0,3.0,2.0,1,0,1,0
2007448,312,False,False,medium_block,1778.063,36.68,48.475,2.0,2.85,1,1,0,2.0,3.0,4.0,3.0,5.0,4.0,1,0,1,0
2007448,313,False,False,low_block,1455.3000000000002,29.400000000000002,49.5,3.0,0.0,0,0,0,0.0,2.0,0.0,2.0,1.0,0.0,0,1,0,0
2007448,314,False,False,high_block,2972.1350999999995,39.94,74.41499999999999,2.5,3.15,1,1,1,2.0,2.0,1.0,2.0,5.0,4.0,1,0,0,1
2007448,316,False,False,medium_block,1567.3019250000002,33.195,47.215,1.0,0.4,0,0,0,1.0,1.0,1.0,1.0,2.0,1.0,0,0,1,0
2007448,319,False,False,low_block,1361.2221249999998,36.035,37.775,1.5,0.0,0,0,0,0.0,0.0,0.0,0.0,1.0,0.0,0,1,0,0
2007448,320,False,False,medium_block,1354.30405,34.43,39.335,2.0,2.65,1,1,0,3.0,6.0,1.0,4.0,6.0,5.0,1,0,1,0
2007448,321,False,False,low_block,1334.8538500000002,36.905,36.17,2.0,0.44999999999999996,0,0,0,0.0,2.0,3.0,2.0,1.0,0.0,0,1,0,0
2007448,322,False,False,medium_block,1782.0226,29.18,61.07,3.0,0.3,0,0,0,0.0,1.0,2.0,1.0,1.0,0.0,0,0,1,0
2007448,323,False,False,low_block,1498.4499999999998,26.06,57.5,3.0,1.2,0,1,0,0.0,4.0,3.0,3.0,2.0,1.0,1,1,0,0
2007448,325,False,False,high_block,2924.7012,43.08,67.89,3.0,0.75,0,1,0,0.0,2.0,0.0,1.0,2.0,1.0,1,0,0,1
2007448,326,False,False,medium_block,2879.7032,46.09,62.48,2.0,0.0,0,0,0,0.0,1.0,0.0,1.0,1.0,0.0,0,0,1,0
2007448,327,False,False,low_block,1633.1640000000002,36.1,45.24,4.0,0.15,0,0,0,0.0,1.0,1.0,2.0,1.0,0.0,0,1,0,0
2007448,329,False,False,low_block,940.127525,29.765,31.585,0.0,0.15,0,0,0,0.0,0.0,1.0,1.0,1.0,0.0,0,1,0,0
2007448,330,False,False,medium_block,1211.9368749999999,32.875,36.864999999999995,0.5,1.0,0,1,0,1.0,1.0,0.0,2.0,3.0,2.0,1,0,1,0
2007448,331,False,False,medium_block,2555.4877500000002,42.135000000000005,60.65,2.0,2.4,1,1,0,2.0,2.0,1.0,2.0,5.0,4.0,1,0,1,0
2007448,332,False,False,medium_block,1951.2082499999997,38.55,50.614999999999995,0.3333333333333333,0.9,0,1,0,0.0,0.0,1.0,3.0,2.0,1.0,1,0,1,0
2007448,333,False,False,low_block,1112.4703,33.86,32.855,2.5,0.25,0,0,0,1.0,4.0,0.0,2.0,2.0,1.0,0,1,0,0
2007448,334,False,False,high_block,2929.3561500000005,45.255,64.73,3.0,2.7,1,1,0,2.0,2.0,3.0,2.0,5.0,4.0,1,0,0,1
2007448,335,False,False,medium_block,2730.461475,48.615,56.165,2.5,2.85,1,1,0,2.0,2.0,4.0,3.0,5.0,4.0,1,0,1,0
2007448,336,False,False,medium_block,1974.1631000000004,37.870000000000005,52.13,1.5,0.0,0,0,0,0.0,0.0,0.0,0.0,1.0,0.0,0,0,1,0
2007448,337,False,False,high_block,1827.328125,27.845,65.625,1.0,0.75,0,1,0,0.0,1.0,0.0,2.0,2.0,1.0,1,0,0,1
2007448,338,False,False,medium_block,1812.331575,26.134999999999998,69.345,1.5,1.35,0,1,0,0.0,3.0,5.0,2.0,2.0,1.0,1,0,1,0
2007448,339,False,False,low_block,1571.0199750000002,24.465,64.215,2.0,1.2,0,1,0,0.0,1.0,3.0,2.0,2.0,1.0,1,1,0,0
2007448,341,False,False,low_block,1540.2944999999997,33.675,45.739999999999995,0.0,0.15,0,0,0,0.0,0.0,1.0,2.0,1.0,0.0,0,1,0,0
2007448,342,False,False,medium_block,1737.2190000000003,36.6,47.465,1.0,0.9,0,1,0,0.0,1.0,1.0,2.0,2.0,1.0,1,0,1,0
2007448,343,False,False,low_block,1941.2133000000001,38.685,50.18,1.3333333333333333,1.0,0,1,0,1.0,3.0,0.0,3.0,3.0,2.0,1,1,0,0
2007448,344,False,False,medium_block,1755.5244999999998,37.3,47.065,0.0,0.44999999999999996,0,0,0,0.0,0.0,3.0,2.0,1.0,0.0,0,0,1,0
2007448,345,False,False,low_block,1251.11295,34.03,36.765,1.5,0.9,0,1,0,0.0,1.0,1.0,2.0,2.0,1.0,1,1,0,0
2007448,348,False,False,low_block,1119.430125,34.155,32.775,4.0,0.0,0,0,0,0.0,2.0,0.0,1.0,1.0,0.0,0,1,0,0
2007448,349,False,False,low_block,804.6423,30.735,26.18,2.0,0.0,0,0,0,0.0,3.0,0.0,2.0,1.0,0.0,0,1,0,0
2007448,350,False,False,medium_block,1407.4967500000002,36.025000000000006,39.07,1.0,2.7,1,1,0,2.0,3.0,3.0,2.0,5.0,4.0,1,0,1,0
2007448,351,False,False,low_block,1893.335725,38.315,49.415,4.0,0.3,0,0,0,0.0,1.0,2.0,1.0,1.0,0.0,0,1,0,0
2007448,355,False,False,low_block,974.7729499999999,30.955,31.49,1.5,0.0,0,0,0,0.0,0.0,0.0,0.0,1.0,0.0,0,1,0,0
2007448,356,False,False,medium_block,1193.0912,31.36,38.045,1.5,0.0,0,0,0,0.0,0.0,0.0,0.0,1.0,0.0,0,0,1,0
2007448,357,False,False,low_block,1801.7051,34.91,51.61,3.0,0.75,0,1,0,0.0,1.0,0.0,2.0,2.0,1.0,1,1,0,0
2007448,360,False,False,medium_block,1650.299925,39.335,41.955,0.0,1.65,1,0,0,2.0,2.0,1.0,2.0,4.0,3.0,1,0,1,0
2007448,363,False,False,medium_block,2386.21475,37.525,63.59,2.0,0.15,0,0,0,0.0,1.0,1.0,2.0,1.0,0.0,0,0,1,0
2007448,367,False,False,high_block,2797.637375,41.425,67.535,1.5,2.4,1,0,1,2.0,2.0,1.0,2.0,4.0,3.0,1,0,0,1
2007448,368,False,False,medium_block,1491.672975,29.765,50.114999999999995,1.5,0.0,0,0,0,0.0,0.0,0.0,0.0,1.0,0.0,0,0,1,0
2007448,369,False,False,high_block,1753.9104,32.64,53.735,1.5,0.5,0,0,0,2.0,2.0,0.0,1.0,3.0,2.0,0,0,0,1
2007448,370,False,False,medium_block,2085.3128,36.32,57.415000000000006,2.0,0.75,0,0,0,3.0,3.0,0.0,3.0,4.0,3.0,0,0,1,0
2007448,371,False,False,high_block,2258.279375,38.195,59.125,0.0,0.5,0,0,0,2.0,2.0,0.0,1.0,3.0,2.0,0,0,0,1
2007448,372,False,False,medium_block,2034.6931499999998,38.989999999999995,52.185,0.0,0.15,0,0,0,0.0,1.0,1.0,2.0,1.0,0.0,0,0,1,0
2007448,373,False,False,low_block,1174.1288,35.36,33.205,1.0,0.0,0,0,0,0.0,0.0,0.0,3.0,1.0,0.0,0,1,0,0
2007448,375,True,False,low_block,683.19825,25.445,26.85,4.0,0.75,0,1,0,0.0,2.0,0.0,2.0,2.0,1.0,1,1,0,0
2007448,379,False,False,medium_block,1539.4553,30.37,50.69,1.5,0.0,0,0,0,0.0,0.0,0.0,1.0,1.0,0.0,0,0,1,0
2007448,380,False,False,high_block,2127.0978,34.68,61.335,1.5,0.3,0,0,0,0.0,0.0,2.0,1.0,1.0,0.0,0,0,0,1
2007448,382,False,False,medium_block,2049.7799999999997,40.35,50.8,1.0,0.3,0,0,0,0.0,1.0,2.0,1.0,1.0,0.0,0,0,1,0
2007448,383,False,False,low_block,1515.3885,34.425000000000004,44.019999999999996,2.3333333333333335,0.0,0,0,0,0.0,3.0,0.0,3.0,1.0,0.0,0,1,0,0
2007448,385,False,False,low_block,964.853875,29.075,33.185,3.5,0.75,0,1,0,0.0,4.0,0.0,4.0,2.0,1.0,1,1,0,0
2007448,387,False,False,medium_block,1815.288875,35.095,51.725,2.0,1.8,1,0,0,2.0,3.0,2.0,2.0,4.0,3.0,1,0,1,0
2007448,388,False,False,low_block,1229.8254,37.11,33.14,2.3333333333333335,1.4,1,0,0,1.0,3.0,1.0,3.0,3.0,2.0,1,1,0,0
2007448,389,False,False,high_block,2915.5593750000003,44.125,66.075,2.0,2.65,1,1,0,3.0,3.0,1.0,2.0,6.0,5.0,1,0,0,1
2007448,390,False,False,medium_block,2754.7607500000004,43.775000000000006,62.93,2.0,1.65,1,0,0,2.0,2.0,1.0,1.0,4.0,3.0,1,0,1,0
2007448,391,False,False,medium_block,1543.270125,38.035,40.575,1.0,0.15,0,0,0,0.0,2.0,1.0,3.0,1.0,0.0,0,0,1,0
2007448,392,False,False,low_block,1589.033325,40.295,39.435,1.5,0.0,0,0,0,0.0,2.0,0.0,2.0,1.0,0.0,0,1,0,0
2007448,393,False,False,medium_block,1579.5681,41.415,38.14,0.0,0.0,0,0,0,0.0,1.0,0.0,2.0,1.0,0.0,0,0,1,0
2007448,394,False,False,low_block,1567.6983,40.635000000000005,38.58,1.0,0.0,0,0,0,0.0,2.0,0.0,2.0,1.0,0.0,0,1,0,0
2007448,395,False,False,medium_block,1449.0206500000002,37.730000000000004,38.405,0.0,0.75,0,1,0,0.0,0.0,0.0,2.0,2.0,1.0,1,0,1,0
2007448,397,False,False,low_block,1502.7343500000002,37.47,40.105000000000004,2.0,1.2,0,1,0,0.0,2.0,3.0,1.0,2.0,1.0,1,1,0,0
2007448,399,False,False,low_block,1218.4185750000001,33.015,36.905,1.5,0.0,0,0,0,0.0,0.0,0.0,1.0,1.0,0.0,0,1,0,0
2007448,401,True,True,low_block,872.3871,28.015,31.14,2.0,0.75,0,1,0,0.0,4.0,0.0,1.0,2.0,1.0,1,1,0,0
2007448,402,False,False,medium_block,1653.5052,36.81,44.92,1.0,1.55,0,1,0,2.0,3.0,2.0,3.0,4.0,3.0,1,0,1,0
2007448,404,False,False,low_block,1176.3988499999998,35.97,32.705,2.0,0.15,0,0,0,0.0,2.0,1.0,2.0,1.0,0.0,0,1,0,0
2007448,405,False,False,low_block,1214.8034249999998,35.114999999999995,34.595,0.0,0.0,0,0,0,0.0,1.0,0.0,1.0,1.0,0.0,0,1,0,0
2007448,406,False,False,medium_block,1881.1943999999999,40.86,46.04,0.0,1.4,1,0,0,1.0,1.0,1.0,2.0,3.0,2.0,1,0,1,0
2007448,411,True,False,medium_block,1081.4455749999997,23.134999999999998,46.745,2.6666666666666665,0.44999999999999996,0,0,0,0.0,4.0,3.0,3.0,1.0,0.0,0,0,1,0
2007448,412,True,False,low_block,1082.8444,22.84,47.41,2.0,1.2,0,1,0,0.0,2.0,3.0,2.0,2.0,1.0,1,1,0,0
2007448,413,False,False,medium_block,1825.9735,40.42,45.175,0.0,0.15,0,0,0,0.0,0.0,1.0,2.0,1.0,0.0,0,0,1,0
2007448,415,False,False,low_block,1669.463975,40.585,41.135,3.5,0.0,0,0,0,0.0,2.0,0.0,2.0,1.0,0.0,0,1,0,0
2007448,416,False,False,high_block,3077.2927499999996,40.349999999999994,76.265,2.5,1.2,0,1,0,0.0,1.0,3.0,2.0,2.0,1.0,1,0,0,1
2007721,0,False,False,medium_block,1742.0913999999998,39.62,43.97,0.0,0.0,0,0,0,0.0,1.0,0.0,2.0,1.0,0.0,0,0,1,0
2007721,2,False,False,medium_block,1912.8284999999998,35.129999999999995,54.45,3.0,0.44999999999999996,0,0,0,0.0,1.0,3.0,1.0,1.0,0.0,0,0,1,0
2007721,3,False,False,high_block,2145.7740000000003,37.06,57.900000000000006,1.0,0.6,0,0,0,0.0,1.0,5.0,3.0,1.0,0.0,0,0,0,1
2007721,4,False,False,medium_block,1892.2966250000002,38.575,49.055,1.5,0.9,0,1,0,0.0,0.0,1.0,2.0,2.0,1.0,1,0,1,0
2007721,5,False,False,medium_block,2290.8540000000003,45.84,49.975,0.0,0.0,0,0,0,0.0,0.0,0.0,2.0,1.0,0.0,0,0,1,0
2007721,7,False,False,medium_block,1633.2800000000002,37.120000000000005,44.0,2.0,2.3,1,1,0,1.0,1.0,2.0,2.0,4.0,3.0,1,0,1,0
2007721,10,True,False,medium_block,1332.281575,33.445,39.835,0.5,0.15,0,0,0,0.0,2.0,1.0,2.0,1.0,0.0,0,0,1,0
2007721,11,True,False,low_block,1239.17085,34.99,35.415,1.0,0.0,0,0,0,0.0,1.0,0.0,2.0,1.0,0.0,0,1,0,0
2007721,12,True,False,medium_block,1181.984375,34.385,34.375,0.0,0.15,0,0,0,0.0,0.0,1.0,1.0,1.0,0.0,0,0,1,0
2007721,13,True,False,low_block,979.0743000000001,26.580000000000002,36.835,3.0,1.35,0,1,0,0.0,1.0,4.0,2.0,2.0,1.0,1,1,0,0
2007721,14,False,False,medium_block,2391.6416,43.519999999999996,54.955,2.0,1.8,1,0,0,2.0,2.0,2.0,2.0,4.0,3.0,1,0,1,0
2007721,15,False,False,high_block,2636.82575,39.385000000000005,66.94999999999999,2.0,0.5,0,0,0,2.0,2.0,0.0,2.0,3.0,2.0,0,0,0,1
2007721,16,False,False,medium_block,2259.062475,35.545,63.555,3.0,1.65,1,0,0,2.0,2.0,1.0,1.0,4.0,3.0,1,0,1,0
2007721,17,False,False,medium_block,2143.9208999999996,42.555,50.379999999999995,0.0,0.15,0,0,0,0.0,0.0,1.0,2.0,1.0,0.0,0,0,1,0
2007721,18,False,False,medium_block,1634.7501750000001,32.215,50.745,2.0,0.3,0,0,0,0.0,1.0,2.0,1.0,1.0,0.0,0,0,1,0
2007721,19,False,False,low_block,1381.15315,33.515,41.21,2.0,0.15,0,0,0,0.0,2.0,1.0,1.0,1.0,0.0,0,1,0,0
2007721,20,False,False,medium_block,1534.088325,33.565,45.705,1.0,0.15,0,0,0,0.0,0.0,1.0,1.0,1.0,0.0,0,0,1,0
2007721,21,False,False,low_block,1621.0764999999997,33.849999999999994,47.89,1.0,0.15,0,0,0,0.0,0.0,1.0,1.0,1.0,0.0,0,1,0,0
2007721,23,False,False,medium_block,1061.48085,22.83,46.495000000000005,3.0,0.0,0,0,0,0.0,2.0,0.0,2.0,1.0,0.0,0,0,1,0
2007721,27,False,False,medium_block,1602.372375,33.435,47.925,2.3333333333333335,1.15,0,1,0,1.0,4.0,1.0,3.0,3.0,2.0,1,0,1,0
2007721,28,False,False,high_block,1869.66,33.84,55.25,2.25,1.4,0,1,0,2.0,5.0,1.0,4.0,4.0,3.0,1,0,0,1
2007721,30,False,False,medium_block,2017.02325,35.605,56.650000000000006,1.0,0.15,0,0,0,0.0,2.0,1.0,2.0,1.0,0.0,0,0,1,0
2007721,32,False,False,medium_block,1798.9253250000002,36.265,49.605000000000004,3.0,1.05,0,1,0,0.0,3.0,2.0,2.0,2.0,1.0,1,0,1,0
2007721,33,False,False,low_block,1633.9386000000002,33.78,48.370000000000005,1.0,1.35,0,1,0,0.0,1.0,4.0,2.0,2.0,1.0,1,1,0,0
2007721,34,False,False,high_block,2814.2564999999995,40.29,69.85,0.5,0.15,0,0,0,0.0,1.0,1.0,2.0,1.0,0.0,0,0,0,1
2007721,37,False,False,low_block,1548.4163999999998,32.205,48.08,2.0,1.0,0,1,0,1.0,1.0,0.0,1.0,3.0,2.0,1,1,0,0
2007721,38,False,False,medium_block,1633.5465,35.745,45.7,1.0,0.0,0,0,0,0.0,1.0,0.0,2.0,1.0,0.0,0,0,1,0
2007721,39,False,False,low_block,1742.2076000000002,40.46,43.06,2.0,0.4,0,0,0,1.0,2.0,1.0,1.0,2.0,1.0,0,1,0,0
2007721,40,False,False,medium_block,1926.3199999999997,39.8,48.4,1.0,1.25,0,1,0,2.0,2.0,0.0,2.0,4.0,3.0,1,0,1,0
2007721,41,False,False,high_block,2348.3176999999996,38.629999999999995,60.79,0.5,0.5,0,0,0,2.0,2.0,0.0,2.0,3.0,2.0,0,0,0,1
2007721,44,False,False,low_block,737.6313,26.41,27.93,2.0,0.15,0,0,0,0.0,1.0,1.0,1.0,1.0,0.0,0,1,0,0
2007721,47,True,True,low_block,521.7352,24.68,21.14,3.0,1.2,0,1,0,0.0,1.0,3.0,2.0,2.0,1.0,1,1,0,0
2007721,48,False,False,medium_block,1579.084325,35.165,44.905,0.0,0.9,0,1,0,0.0,0.0,1.0,2.0,2.0,1.0,1,0,1,0
2007721,49,False,False,high_block,1861.2479999999998,35.519999999999996,52.4,0.0,0.9,0,1,0,0.0,0.0,1.0,3.0,2.0,1.0,1,0,0,1
2007721,52,False,False,medium_block,1801.335,29.725,60.6,3.0,0.75,0,1,0,0.0,2.0,0.0,1.0,2.0,1.0,1,0,1,0
2007721,53,False,False,high_block,2310.50265,35.345,65.37,2.0,1.8,1,0,0,2.0,2.0,2.0,2.0,4.0,3.0,1,0,0,1
2007721,54,False,False,medium_block,1758.84495,30.57,57.535,2.0,2.4,1,0,1,2.0,2.0,1.0,2.0,4.0,3.0,1,0,1,0
2007721,61,False,False,medium_block,1613.7257499999996,27.894999999999996,57.849999999999994,2.0,0.25,0,0,0,1.0,1.0,0.0,2.0,2.0,1.0,0,0,1,0
2007721,63,False,False,medium_block,1737.926525,35.515,48.935,0.5,1.05,0,1,0,0.0,1.0,2.0,2.0,2.0,1.0,1,0,1,0
2007721,65,False,False,low_block,691.2591,28.14,24.564999999999998,3.0,0.75,0,1,0,0.0,2.0,0.0,2.0,2.0,1.0,1,1,0,0
2007721,66,False,False,high_block,1820.8540000000003,31.340000000000003,58.1,2.5,1.35,0,1,0,0.0,3.0,4.0,2.0,2.0,1.0,1,0,0,1
2007721,67,False,False,medium_block,1466.4221250000003,30.345000000000002,48.325,0.0,0.15,0,0,0,0.0,1.0,1.0,1.0,1.0,0.0,0,0,1,0
2007721,69,False,False,low_block,1410.0021000000002,37.57,37.53,1.0,0.6,0,0,0,0.0,1.0,4.0,1.0,1.0,0.0,0,1,0,0
2007721,71,False,False,medium_block,1680.2787,32.18,52.215,2.0,0.9,0,1,0,0.0,1.0,1.0,1.0,2.0,1.0,1,0,1,0
2007721,72,False,False,high_block,2104.6592,34.879999999999995,60.34,1.0,0.8,0,0,0,2.0,2.0,2.0,2.0,3.0,2.0,0,0,0,1
2007721,74,False,False,medium_block,3274.8221000000003,55.22,59.30500000000001,1.0,0.25,0,0,0,1.0,1.0,0.0,1.0,2.0,1.0,0,0,1,0
2007721,75,False,False,high_block,3263.9387500000003,50.35,64.825,0.0,0.0,0,0,0,0.0,0.0,0.0,2.0,1.0,0.0,0,0,0,1
2007721,76,False,False,medium_block,2324.013475,41.735,55.685,1.0,0.6,0,0,0,0.0,1.0,5.0,1.0,1.0,0.0,0,0,1,0
2007721,77,False,False,low_block,1464.8705749999997,36.084999999999994,40.595,1.0,0.6,0,0,0,0.0,1.0,4.0,1.0,1.0,0.0,0,1,0,0
2007721,78,False,False,medium_block,1300.4292,33.655,38.64,0.5,0.75,0,1,0,0.0,2.0,0.0,4.0,2.0,1.0,1,0,1,0
2007721,79,False,False,low_block,1234.05295,32.045,38.51,3.0,0.9,0,1,0,0.0,3.0,1.0,3.0,2.0,1.0,1,1,0,0
2007721,81,False,False,medium_block,1566.2690000000002,28.66,54.650000000000006,1.5,0.0,0,0,0,0.0,1.0,0.0,1.0,1.0,0.0,0,0,1,0
2007721,82,False,False,high_block,1970.4728499999999,32.035,61.510000000000005,2.0,0.15,0,0,0,0.0,0.0,1.0,1.0,1.0,0.0,0,0,0,1
2007721,83,False,False,medium_block,1745.2256249999998,35.375,49.334999999999994,0.0,0.15,0,0,0,0.0,1.0,1.0,2.0,1.0,0.0,0,0,1,0
2007721,84,False,False,low_block,1325.4696,37.485,35.36,1.0,0.15,0,0,0,0.0,2.0,1.0,2.0,1.0,0.0,0,1,0,0
2007721,85,False,False,medium_block,1469.5505500000002,39.115,37.57,1.0,0.4,0,0,0,1.0,2.0,1.0,2.0,2.0,1.0,0,0,1,0
2007721,86,False,False,low_block,1402.4894999999997,37.004999999999995,37.9,2.0,1.2,0,1,0,0.0,2.0,3.0,3.0,2.0,1.0,1,1,0,0
2007721,88,False,False,medium_block,1529.4594,36.89,41.46,0.5,0.15,0,0,0,0.0,2.0,1.0,2.0,1.0,0.0,0,0,1,0
2007721,89,False,False,low_block,1441.3524000000002,38.84,37.11,4.0,0.0,0,0,0,0.0,1.0,0.0,1.0,1.0,0.0,0,1,0,0
2007721,91,False,False,medium_block,1306.2552999999998,29.015,45.019999999999996,0.0,0.3,0,0,0,0.0,1.0,2.0,1.0,1.0,0.0,0,0,1,0
2007721,93,False,False,high_block,2946.8021000000003,42.59,69.19,0.0,0.15,0,0,0,0.0,0.0,1.0,1.0,1.0,0.0,0,0,0,1
2007721,94,True,False,low_block,1309.0833000000002,40.46,32.355000000000004,0.0,0.15,0,0,0,0.0,1.0,1.0,2.0,1.0,0.0,0,1,0,0
2007721,95,True,False,medium_block,1478.1000000000001,37.900000000000006,39.0,0.75,1.9,1,0,0,3.0,3.0,1.0,4.0,5.0,4.0,1,0,1,0
2007721,96,True,False,high_block,2095.4813,39.77,52.69,0.0,0.9,0,1,0,0.0,0.0,1.0,1.0,2.0,1.0,1,0,0,1
2007721,97,True,False,medium_block,1916.62405,38.665,49.57,0.0,0.44999999999999996,0,0,0,0.0,1.0,3.0,2.0,1.0,0.0,0,0,1,0
2007721,98,True,False,low_block,990.2034,31.48,31.455,1.0,0.44999999999999996,0,0,0,0.0,2.0,3.0,2.0,1.0,0.0,0,1,0,0
2007721,103,False,False,high_block,2295.986,37.4,61.39,2.5,2.4,1,1,0,2.0,2.0,1.0,2.0,5.0,4.0,1,0,0,1
2007721,104,False,False,medium_block,1880.1198499999998,30.89,60.864999999999995,2.5,2.4,1,1,0,2.0,2.0,1.0,2.0,5.0,4.0,1,0,1,0
2007721,105,False,False,medium_block,1483.001475,33.465,44.315,1.3333333333333333,2.6,1,1,0,1.0,2.0,5.0,3.0,4.0,3.0,1,0,1,0
2007721,106,False,False,low_block,1210.19795,26.064999999999998,46.43,2.0,1.35,0,1,0,0.0,0.0,5.0,2.0,2.0,1.0,1,1,0,0
2007721,107,False,False,high_block,3019.43295,41.19,73.305,1.5,0.0,0,0,0,0.0,0.0,0.0,1.0,1.0,0.0,0,0,0,1
2007721,111,False,False,medium_block,1680.8817999999999,37.57,44.739999999999995,0.0,0.0,0,0,0,0.0,1.0,0.0,1.0,1.0,0.0,0,0,1,0
2007721,112,False,False,low_block,1489.84775,38.05,39.155,0.0,0.0,0,0,0,0.0,1.0,0.0,1.0,1.0,0.0,0,1,0,0
2007721,113,False,False,medium_block,1491.9940000000001,37.525,39.760000000000005,0.0,0.0,0,0,0,0.0,0.0,0.0,1.0,1.0,0.0,0,0,1,0
2007721,114,False,False,low_block,1376.4078000000002,36.36,37.855000000000004,0.0,0.0,0,0,0,0.0,1.0,0.0,3.0,1.0,0.0,0,1,0,0
2007721,115,False,False,medium_block,2341.5409500000005,44.870000000000005,52.185,0.3333333333333333,0.75,0,1,0,0.0,2.0,0.0,3.0,2.0,1.0,1,0,1,0
2007721,119,True,False,medium_block,1426.52625,24.625,57.93,1.0,0.9,0,1,0,0.0,2.0,1.0,1.0,2.0,1.0,1,0,1,0
2007721,120,True,False,low_block,1501.0782,27.87,53.86,1.5,0.9,0,1,0,0.0,3.0,1.0,2.0,2.0,1.0,1,1,0,0
2007721,121,False,False,medium_block,2598.9738,36.39,71.42,2.0,1.05,0,1,0,0.0,3.0,2.0,2.0,2.0,1.0,1,0,1,0
2007721,122,False,False,medium_block,2369.981,42.95,55.18,3.0,0.0,0,0,0,0.0,2.0,0.0,2.0,1.0,0.0,0,0,1,0
2007721,126,False,False,medium_block,1600.271825,36.095,44.335,1.5,1.3,0,1,0,1.0,2.0,2.0,2.0,3.0,2.0,1,0,1,0
2007721,128,False,False,medium_block,1729.644375,32.075,53.925,1.0,0.5,0,0,0,2.0,2.0,0.0,2.0,3.0,2.0,0,0,1,0
2007721,129,False,False,high_block,2277.9675,36.95,61.650000000000006,2.5,1.95,1,0,0,2.0,2.0,3.0,2.0,4.0,3.0,1,0,0,1
2007721,130,False,False,medium_block,2779.785,41.879999999999995,66.375,1.5,1.4,1,0,0,1.0,1.0,1.0,2.0,3.0,2.0,1,0,1,0
2007721,131,False,False,medium_block,1897.9312500000003,44.010000000000005,43.125,2.0,0.75,0,1,0,0.0,3.0,0.0,3.0,2.0,1.0,1,0,1,0
2007721,134,True,False,medium_block,2241.0649,40.78,54.955,1.6666666666666667,2.95,1,1,0,3.0,3.0,3.0,3.0,6.0,5.0,1,0,1,0
2007721,135,True,False,high_block,2126.76975,36.05,58.995000000000005,0.0,0.0,0,0,0,0.0,0.0,0.0,2.0,1.0,0.0,0,0,0,1
2007721,136,True,False,medium_block,1564.1225000000002,32.35,48.35,2.0,0.9,0,1,0,0.0,1.0,1.0,1.0,2.0,1.0,1,0,1,0
2007721,137,True,False,low_block,996.907,28.225,35.32,2.5,0.75,0,1,0,0.0,3.0,0.0,2.0,2.0,1.0,1,1,0,0
2007721,138,False,False,medium_block,1364.0925,35.85,38.05,0.0,0.15,0,0,0,0.0,1.0,1.0,1.0,1.0,0.0,0,0,1,0
2007721,139,False,False,low_block,1156.0877249999999,32.754999999999995,35.295,1.0,0.75,0,1,0,0.0,1.0,0.0,2.0,2.0,1.0,1,1,0,0
2007721,140,False,False,medium_block,1056.212625,30.225,34.94499999999999,0.0,0.0,0,0,0,0.0,0.0,0.0,2.0,1.0,0.0,0,0,1,0
2007721,141,False,False,low_block,1157.614,29.990000000000002,38.6,2.0,0.9,0,1,0,0.0,1.0,1.0,1.0,2.0,1.0,1,1,0,0
2007721,143,False,False,medium_block,3115.4091,40.89,76.19,1.5,0.0,0,0,0,0.0,0.0,0.0,1.0,1.0,0.0,0,0,1,0
2007721,144,False,False,medium_block,1940.6479999999997,39.8,48.76,1.0,0.6,0,0,0,0.0,2.0,5.0,1.0,1.0,0.0,0,0,1,0
2007721,145,False,False,low_block,1882.9342,39.879999999999995,47.215,4.0,0.3,0,0,0,0.0,1.0,2.0,1.0,1.0,0.0,0,1,0,0
2007721,150,False,False,medium_block,1645.3272249999998,31.945,51.504999999999995,1.5,0.9,0,1,0,0.0,2.0,1.0,2.0,2.0,1.0,1,0,1,0
2007721,152,False,False,low_block,1150.485825,36.105000000000004,31.865,2.0,0.3,0,0,0,0.0,1.0,2.0,2.0,1.0,0.0,0,1,0,0
2007721,153,False,False,high_block,3197.975999999999,44.025,72.63999999999999,1.0,0.25,0,0,0,1.0,1.0,0.0,2.0,2.0,1.0,0,0,0,1
2007721,154,False,False,medium_block,2622.0426000000007,40.120000000000005,65.355,3.5,2.3,1,1,0,1.0,2.0,2.0,2.0,4.0,3.0,1,0,1,0
2007721,159,False,False,medium_block,1516.7220000000002,33.78,44.900000000000006,1.0,0.15,0,0,0,0.0,0.0,1.0,2.0,1.0,0.0,0,0,1,0
2007721,160,False,False,low_block,1268.0634,33.334999999999994,38.040000000000006,2.0,0.0,0,0,0,0.0,2.0,0.0,1.0,1.0,0.0,0,1,0,0
2007721,161,True,False,low_block,898.190975,31.345,28.655,1.3333333333333333,0.75,0,1,0,0.0,2.0,0.0,3.0,2.0,1.0,1,1,0,0
2007721,162,True,False,medium_block,1307.7351,37.215,35.14,0.0,0.0,0,0,0,0.0,2.0,0.0,2.0,1.0,0.0,0,0,1,0
2007721,163,True,False,low_block,1360.1224000000002,38.465,35.36,0.0,0.0,0,0,0,0.0,1.0,0.0,2.0,1.0,0.0,0,1,0,0
2007721,164,True,False,medium_block,1245.83705,38.21,32.605000000000004,0.0,0.0,0,0,0,0.0,0.0,0.0,1.0,1.0,0.0,0,0,1,0
2007721,165,True,False,low_block,1083.3301500000002,35.63,30.405,2.0,1.05,0,1,0,0.0,1.0,2.0,2.0,2.0,1.0,1,1,0,0
2007721,168,False,False,medium_block,1015.0748500000002,21.685000000000002,46.81,3.3333333333333335,1.25,0,1,0,2.0,3.0,0.0,3.0,4.0,3.0,1,0,1,0
2007721,174,False,False,medium_block,1366.9038,28.92,47.265,1.0,1.05,0,1,0,0.0,2.0,2.0,2.0,2.0,1.0,1,0,1,0
2007721,175,False,False,low_block,1118.1302,26.54,42.13,1.5,0.6,0,0,0,0.0,1.0,4.0,1.0,1.0,0.0,0,1,0,0
2007721,176,False,False,low_block,1170.20925,33.425,35.010000000000005,1.5,0.15,0,0,0,0.0,1.0,1.0,1.0,1.0,0.0,0,1,0,0
2007721,177,False,False,medium_block,1262.0369,31.285,40.34,1.5,0.3,0,0,0,0.0,2.0,2.0,1.0,1.0,0.0,0,0,1,0
2007721,178,False,False,low_block,1586.9887999999999,37.01,42.879999999999995,2.0,0.3,0,0,0,0.0,2.0,2.0,2.0,1.0,0.0,0,1,0,0
2007721,179,False,False,medium_block,1795.5081249999998,41.394999999999996,43.375,2.0,0.3,0,0,0,0.0,2.0,2.0,2.0,1.0,0.0,0,0,1,0
2007721,180,False,False,medium_block,1898.6834999999999,36.925,51.42,1.5,0.0,0,0,0,0.0,0.0,0.0,1.0,1.0,0.0,0,0,1,0
2007721,181,False,False,high_block,2070.39885,39.47,52.455,0.0,0.25,0,0,0,1.0,1.0,0.0,3.0,2.0,1.0,0,0,0,1
2007721,182,False,False,medium_block,2272.4735,40.975,55.46,1.0,0.8,0,0,0,2.0,2.0,2.0,2.0,3.0,2.0,0,0,1,0
2007721,183,False,False,high_block,2258.026575,38.955,57.965,0.0,0.0,0,0,0,0.0,0.0,0.0,1.0,1.0,0.0,0,0,0,1
2007721,184,False,False,medium_block,1993.8842499999996,37.584999999999994,53.05,2.3333333333333335,2.4,1,1,0,2.0,3.0,1.0,3.0,5.0,4.0,1,0,1,0
2007721,186,False,False,low_block,1088.0910999999999,32.135,33.86,0.0,0.25,0,0,0,1.0,1.0,0.0,1.0,2.0,1.0,0,1,0,0
2007721,187,False,False,medium_block,1294.1990250000001,35.935,36.015,0.0,0.25,0,0,0,1.0,1.0,0.0,2.0,2.0,1.0,0,0,1,0
2007721,188,False,False,low_block,1398.5634999999997,37.495,37.3,0.0,0.25,0,0,0,1.0,1.0,0.0,1.0,2.0,1.0,0,1,0,0
2007721,189,False,False,medium_block,1435.38525,36.269999999999996,39.575,0.0,0.25,0,0,0,1.0,1.0,0.0,2.0,2.0,1.0,0,0,1,0
2007721,190,False,False,medium_block,921.9694499999999,22.79,40.455,1.5,0.0,0,0,0,0.0,0.0,0.0,1.0,1.0,0.0,0,0,1,0
2007721,191,False,False,high_block,2259.0,30.0,75.3,1.5,0.0,0,0,0,0.0,0.0,0.0,1.0,1.0,0.0,0,0,0,1
2007721,193,True,False,medium_block,2226.486625,40.685,54.724999999999994,1.0,1.4,0,1,0,2.0,2.0,1.0,2.0,4.0,3.0,1,0,1,0
2007721,195,True,False,medium_block,1687.8837,31.259999999999998,53.995000000000005,1.0,0.6,0,0,0,0.0,0.0,5.0,2.0,1.0,0.0,0,0,1,0
2007721,196,True,False,low_block,1194.92055,23.865000000000002,50.07,1.0,0.75,0,1,0,0.0,1.0,0.0,1.0,2.0,1.0,1,1,0,0
2007721,199,False,False,medium_block,1499.557625,33.305,45.025,1.5,1.4,0,1,0,2.0,3.0,1.0,2.0,4.0,3.0,1,0,1,0
2007721,200,False,False,low_block,1191.7216999999998,33.085,36.019999999999996,0.5,0.75,0,1,0,0.0,1.0,0.0,2.0,2.0,1.0,1,1,0,0
2007721,202,False,False,low_block,1296.4825250000001,30.545,42.445,0.5,0.15,0,0,0,0.0,2.0,1.0,2.0,1.0,0.0,0,1,0,0
2007721,203,False,False,medium_block,1267.31875,32.705,38.75,0.0,0.15,0,0,0,0.0,0.0,1.0,2.0,1.0,0.0,0,0,1,0
2007721,204,False,False,low_block,1265.7248000000002,36.04,35.120000000000005,1.5,0.0,0,0,0,0.0,0.0,0.0,0.0,1.0,0.0,0,1,0,0
2007721,205,False,False,medium_block,1248.2802,36.584999999999994,34.120000000000005,0.0,0.0,0,0,0,0.0,0.0,0.0,1.0,1.0,0.0,0,0,1,0
2007721,206,False,False,low_block,1452.69695,38.915,37.33,0.0,0.0,0,0,0,0.0,0.0,0.0,2.0,1.0,0.0,0,1,0,0
2007721,207,False,False,medium_block,1593.96895,38.015,41.93,0.0,0.3,0,0,0,0.0,0.0,2.0,2.0,1.0,0.0,0,0,1,0
2007721,211,True,False,low_block,880.6392,24.22,36.36,2.6666666666666665,0.75,0,1,0,0.0,3.0,0.0,3.0,2.0,1.0,1,1,0,0
2007721,213,False,False,high_block,1591.027125,29.775,53.435,1.5,1.05,0,1,0,0.0,0.0,2.0,2.0,2.0,1.0,1,0,0,1
2007721,216,False,False,medium_block,1301.20695,28.935,44.97,2.0,1.0,0,0,0,4.0,4.0,0.0,2.0,5.0,4.0,0,0,1,0
2007721,217,False,False,low_block,1245.10925,31.885,39.05,1.5,0.0,0,0,0,0.0,0.0,0.0,1.0,1.0,0.0,0,1,0,0
2007721,218,False,False,medium_block,1510.4421,34.065,44.34,1.5,2.85,1,1,0,2.0,2.0,4.0,3.0,5.0,4.0,1,0,1,0
2007721,220,False,False,medium_block,1947.7381,31.405,62.019999999999996,2.5,0.5,0,0,0,2.0,2.0,0.0,2.0,3.0,2.0,0,0,1,0
2007721,221,False,False,high_block,2036.4772500000001,32.21,63.225,2.3333333333333335,0.75,0,0,0,3.0,3.0,0.0,3.0,4.0,3.0,0,0,0,1
2007721,222,False,False,medium_block,2191.1334749999996,34.394999999999996,63.705,2.5,0.5,0,0,0,2.0,2.0,0.0,2.0,3.0,2.0,0,0,1,0
2007721,223,False,False,medium_block,1678.485,30.04,55.875,1.0,0.44999999999999996,0,0,0,0.0,1.0,3.0,1.0,1.0,0.0,0,0,1,0
2007721,224,False,False,low_block,1287.64125,29.049999999999997,44.325,2.0,0.75,0,1,0,0.0,2.0,0.0,3.0,2.0,1.0,1,1,0,0
2007721,225,False,False,high_block,2094.84355,29.17,71.815,1.5,1.0,0,0,0,4.0,4.0,0.0,2.0,5.0,4.0,0,0,0,1
2007721,227,False,False,medium_block,2072.19285,36.145,57.33,0.0,0.0,0,0,0,0.0,0.0,0.0,1.0,1.0,0.0,0,0,1,0
2007721,228,False,False,high_block,2626.4070000000006,35.480000000000004,74.025,3.0,0.5,0,0,0,2.0,3.0,0.0,3.0,3.0,2.0,0,0,0,1
2007721,232,False,False,low_block,1622.5541999999998,36.315,44.68,3.0,0.9,0,1,0,0.0,3.0,1.0,3.0,2.0,1.0,1,1,0,0
2007721,234,False,False,medium_block,1384.23555,35.81,38.655,0.0,0.3,0,0,0,0.0,2.0,2.0,2.0,1.0,0.0,0,0,1,0
2007721,235,False,False,low_block,1337.289275,36.295,36.845,1.0,0.0,0,0,0,0.0,2.0,0.0,2.0,1.0,0.0,0,1,0,0
2007721,236,False,False,medium_block,1748.0740750000002,41.855000000000004,41.765,1.0,2.95,1,0,1,3.0,3.0,3.0,2.0,5.0,4.0,1,0,1,0
2007721,237,False,False,medium_block,1760.1344,37.165,47.36,0.5,0.15,0,0,0,0.0,0.0,1.0,2.0,1.0,0.0,0,0,1,0
2007721,238,False,False,low_block,1184.6191500000002,29.185000000000002,40.59,2.6666666666666665,0.9,0,1,0,0.0,4.0,1.0,3.0,2.0,1.0,1,1,0,0
2007721,241,False,False,medium_block,1655.221575,33.915,48.805,1.3333333333333333,2.7,1,1,0,2.0,3.0,3.0,3.0,5.0,4.0,1,0,1,0
2007721,242,False,False,low_block,1534.45075,38.525,39.83,1.0,0.15,0,0,0,0.0,2.0,1.0,3.0,1.0,0.0,0,1,0,0
2007721,243,False,False,medium_block,1282.309675,33.785000000000004,37.955,1.5,1.85,1,0,0,1.0,2.0,4.0,2.0,3.0,2.0,1,0,1,0
2007721,244,False,False,low_block,1044.28625,25.945,40.25,3.0,0.44999999999999996,0,0,0,0.0,2.0,3.0,1.0,1.0,0.0,0,1,0,0
2007721,245,False,False,medium_block,2781.1317,43.53,63.89,1.5,0.15,0,0,0,0.0,0.0,1.0,1.0,1.0,0.0,0,0,1,0
2007721,246,False,False,medium_block,1605.3491999999999,34.16,46.995000000000005,1.0,0.15,0,0,0,0.0,1.0,1.0,2.0,1.0,0.0,0,0,1,0
2007721,247,False,False,low_block,1924.3514500000003,38.99,49.355000000000004,2.0,0.15,0,0,0,0.0,2.0,1.0,1.0,1.0,0.0,0,1,0,0
2007721,248,False,False,medium_block,2241.98805,44.629999999999995,50.235,2.0,0.15,0,0,0,0.0,2.0,1.0,1.0,1.0,0.0,0,0,1,0
2007721,249,False,False,low_block,1723.2624999999998,38.724999999999994,44.5,1.5,0.15,0,0,0,0.0,1.0,1.0,0.0,1.0,0.0,0,1,0,0
2007721,250,False,False,medium_block,1580.2684,38.44,41.11,1.0,0.0,0,0,0,0.0,4.0,0.0,1.0,1.0,0.0,0,0,1,0
2007721,251,False,False,low_block,1199.7796,33.07,36.28,1.0,0.15,0,0,0,0.0,3.0,1.0,2.0,1.0,0.0,0,1,0,0
2007721,253,False,False,low_block,1062.677,28.49,37.3,0.5,0.15,0,0,0,0.0,2.0,1.0,2.0,1.0,0.0,0,1,0,0
2007721,254,False,False,medium_block,1254.8961749999999,31.134999999999998,40.305,0.75,0.9,0,1,0,0.0,3.0,1.0,4.0,2.0,1.0,1,0,1,0
2007721,255,False,False,low_block,1410.2266,32.315,43.64,0.6666666666666666,0.9,0,1,0,0.0,3.0,1.0,3.0,2.0,1.0,1,1,0,0
2007721,256,False,False,medium_block,1436.5620000000004,32.355000000000004,44.400000000000006,0.6666666666666666,1.05,0,1,0,0.0,3.0,2.0,3.0,2.0,1.0,1,0,1,0
2007721,257,False,False,low_block,912.6215749999999,23.585,38.69499999999999,2.5,0.9,0,1,0,0.0,2.0,1.0,3.0,2.0,1.0,1,1,0,0
2007721,258,False,False,medium_block,1663.6425,28.25,58.89,0.3333333333333333,0.44999999999999996,0,0,0,0.0,1.0,3.0,3.0,1.0,0.0,0,0,1,0
2007721,259,False,False,low_block,1356.957,30.77,44.1,1.5,0.6,0,0,0,0.0,0.0,4.0,1.0,1.0,0.0,0,1,0,0
2007721,260,False,False,high_block,2694.2623,37.535,71.78,1.5,1.05,0,1,0,0.0,2.0,2.0,2.0,2.0,1.0,1,0,0,1
2007721,261,False,False,medium_block,2296.2036249999996,37.535,61.175,1.3333333333333333,1.05,0,1,0,0.0,3.0,2.0,3.0,2.0,1.0,1,0,1,0
2007721,264,True,False,low_block,1190.438025,32.655,36.455,2.0,0.75,0,1,0,0.0,2.0,0.0,2.0,2.0,1.0,1,1,0,0
2007721,266,False,False,medium_block,1646.9750000000001,31.075000000000003,53.0,1.0,0.25,0,0,0,1.0,1.0,0.0,1.0,2.0,1.0,0,0,1,0
2007721,267,False,False,high_block,1834.8381499999998,30.545,60.06999999999999,0.5,1.3,0,1,0,1.0,1.0,2.0,2.0,3.0,2.0,1,0,0,1
2007721,268,False,False,medium_block,1850.4483,30.43,60.81,2.0,0.44999999999999996,0,0,0,0.0,0.0,3.0,1.0,1.0,0.0,0,0,1,0
2007721,269,False,False,low_block,1578.2212250000002,31.255000000000003,50.495000000000005,1.0,1.05,0,1,0,0.0,2.0,2.0,4.0,2.0,1.0,1,1,0,0
2007721,270,False,False,medium_block,1372.057675,34.565,39.695,0.5,0.0,0,0,0,0.0,0.0,0.0,2.0,1.0,0.0,0,0,1,0
2007721,271,False,False,low_block,1237.9142,37.129999999999995,33.34,1.0,0.15,0,0,0,0.0,2.0,1.0,1.0,1.0,0.0,0,1,0,0
2007721,274,False,False,medium_block,1875.2087999999999,33.629999999999995,55.760000000000005,1.6666666666666667,1.4,0,1,0,2.0,3.0,1.0,3.0,4.0,3.0,1,0,1,0
2007721,275,False,False,medium_block,1707.9936000000002,36.480000000000004,46.82,1.0,0.44999999999999996,0,0,0,0.0,1.0,3.0,2.0,1.0,0.0,0,0,1,0
2007721,276,False,False,low_block,1523.1752999999999,35.705,42.66,1.0,0.3,0,0,0,0.0,1.0,2.0,2.0,1.0,0.0,0,1,0,0
2007721,277,False,False,high_block,1969.3913,30.46,64.655,3.0,2.4,1,1,0,2.0,3.0,1.0,3.0,5.0,4.0,1,0,0,1
2007721,280,False,False,low_block,1442.72625,31.534999999999997,45.75,2.5,0.25,0,0,0,1.0,3.0,0.0,2.0,2.0,1.0,0,1,0,0
2007721,281,False,False,medium_block,1261.32335,31.310000000000002,40.285,1.0,1.2,0,1,0,0.0,1.0,3.0,2.0,2.0,1.0,1,0,1,0
2007721,282,False,False,low_block,996.1885500000001,30.215000000000003,32.97,2.5,0.9,0,1,0,0.0,2.0,1.0,2.0,2.0,1.0,1,1,0,0
2007721,284,False,False,medium_block,2017.675,36.25,55.66,3.0,1.2,0,1,0,0.0,1.0,3.0,1.0,2.0,1.0,1,0,1,0
2007721,285,False,False,low_block,1754.2756250000002,34.625,50.665000000000006,1.6666666666666667,1.05,0,1,0,0.0,3.0,2.0,3.0,2.0,1.0,1,1,0,0
2007721,286,False,False,medium_block,1461.20665,32.21,45.365,1.0,1.25,0,1,0,2.0,3.0,0.0,3.0,4.0,3.0,1,0,1,0
2007721,288,False,False,medium_block,1486.79565,34.015,43.71,0.5,0.15,0,0,0,0.0,0.0,1.0,2.0,1.0,0.0,0,0,1,0
2007721,289,False,False,low_block,1170.7258,31.505,37.16,3.5,1.35,0,1,0,0.0,3.0,4.0,2.0,2.0,1.0,1,1,0,0
2007721,291,False,False,medium_block,1512.3909750000003,35.615,42.465,0.0,0.0,0,0,0,0.0,0.0,0.0,2.0,1.0,0.0,0,0,1,0
2007721,292,False,False,low_block,1327.2775499999998,36.209999999999994,36.655,1.3333333333333333,0.75,0,1,0,0.0,2.0,0.0,3.0,2.0,1.0,1,1,0,0
2007721,293,False,False,medium_block,1122.519175,34.555,32.485,1.3333333333333333,0.9,0,1,0,0.0,2.0,1.0,3.0,2.0,1.0,1,0,1,0
2007721,294,False,False,low_block,1294.3776999999998,37.345,34.66,1.0,0.7,0,0,0,1.0,3.0,3.0,3.0,2.0,1.0,0,1,0,0
2007721,295,False,False,medium_block,1566.686,41.89,37.4,1.25,1.0,0,0,0,4.0,4.0,0.0,4.0,5.0,4.0,0,0,1,0
2007721,300,False,False,medium_block,1697.5278749999998,32.754999999999995,51.825,2.0,0.75,0,1,0,0.0,3.0,0.0,2.0,2.0,1.0,1,0,1,0
2007721,301,False,False,low_block,1018.02225,27.57,36.925,2.0,0.6,0,0,0,0.0,1.0,4.0,1.0,1.0,0.0,0,1,0,0
2007721,302,False,False,low_block,1165.02425,38.135000000000005,30.549999999999997,0.0,0.0,0,0,0,0.0,1.0,0.0,1.0,1.0,0.0,0,1,0,0
2007721,303,False,False,medium_block,1491.1038250000001,38.495000000000005,38.735,0.0,0.15,0,0,0,0.0,1.0,1.0,1.0,1.0,0.0,0,0,1,0
2007721,305,False,False,low_block,1277.1249999999998,30.049999999999997,42.5,3.0,0.15,0,0,0,0.0,1.0,1.0,1.0,1.0,0.0,0,1,0,0
2007721,309,True,False,medium_block,1541.1856500000001,34.49,44.685,1.5,1.8,0,1,0,3.0,4.0,2.0,2.0,5.0,4.0,1,0,1,0
2007721,310,True,False,low_block,968.8341749999998,26.244999999999997,36.915,3.0,1.15,0,1,0,1.0,3.0,1.0,3.0,3.0,2.0,1,1,0,0
2007721,316,False,False,low_block,2285.0557,42.58,53.665,1.0,0.15,0,0,0,0.0,1.0,1.0,2.0,1.0,0.0,0,1,0,0
2007721,318,False,False,low_block,1204.7173500000001,36.49,33.015,1.0,0.15,0,0,0,0.0,2.0,1.0,1.0,1.0,0.0,0,1,0,0
2007721,322,False,False,medium_block,1686.818375,30.965,54.475,1.0,1.0,0,1,0,1.0,2.0,0.0,2.0,3.0,2.0,1,0,1,0
2007721,324,False,False,medium_block,2008.9008000000001,34.305,58.56,2.0,0.0,0,0,0,0.0,1.0,0.0,1.0,1.0,0.0,0,0,1,0
2007721,325,False,False,high_block,2542.4181249999997,37.075,68.57499999999999,3.0,0.25,0,0,0,1.0,1.0,0.0,1.0,2.0,1.0,0,0,0,1
2007721,326,False,False,medium_block,3068.7959750000005,40.355000000000004,76.045,3.0,0.25,0,0,0,1.0,1.0,0.0,2.0,2.0,1.0,0,0,1,0
2007721,328,False,False,medium_block,2194.36685,38.545,56.92999999999999,0.5,0.75,0,1,0,0.0,1.0,0.0,2.0,2.0,1.0,1,0,1,0
2007721,330,False,False,high_block,2543.9117,36.22,70.235,2.5,1.25,0,1,0,2.0,2.0,0.0,2.0,4.0,3.0,1,0,0,1
2007721,332,False,False,medium_block,1910.120375,40.175,47.545,1.3333333333333333,1.05,0,1,0,0.0,1.0,2.0,3.0,2.0,1.0,1,0,1,0
2007721,336,True,False,medium_block,1653.4975,37.325,44.3,0.5,0.0,0,0,0,0.0,1.0,0.0,2.0,1.0,0.0,0,0,1,0
2007721,337,True,False,low_block,1599.6498499999998,39.61,40.385,2.0,0.9,0,1,0,0.0,4.0,1.0,3.0,2.0,1.0,1,1,0,0
2007721,338,True,False,medium_block,1783.5388999999998,42.019999999999996,42.445,2.0,0.9,0,1,0,0.0,6.0,1.0,3.0,2.0,1.0,1,0,1,0
2007721,339,False,False,low_block,1456.45135,34.835,41.81,3.0,1.05,0,1,0,0.0,4.0,2.0,2.0,2.0,1.0,1,1,0,0
2007721,340,False,False,high_block,2461.50615,35.835,68.69,1.5,0.3,0,0,0,0.0,0.0,2.0,1.0,1.0,0.0,0,0,0,1
2007721,341,False,False,medium_block,2430.6624249999995,39.955,60.834999999999994,1.0,0.44999999999999996,0,0,0,0.0,1.0,3.0,2.0,1.0,0.0,0,0,1,0
2007721,342,False,False,low_block,2180.788,40.9,53.32,1.5,0.3,0,0,0,0.0,1.0,2.0,1.0,1.0,0.0,0,1,0,0
2007721,345,False,False,medium_block,1654.2988,38.364999999999995,43.120000000000005,0.0,0.3,0,0,0,0.0,0.0,2.0,1.0,1.0,0.0,0,0,1,0
2007721,348,False,False,low_block,1961.7942500000001,39.35,49.855000000000004,3.0,0.15,0,0,0,0.0,1.0,1.0,1.0,1.0,0.0,0,1,0,0
2007721,349,False,False,medium_block,1595.9424,35.879999999999995,44.480000000000004,0.0,0.3,0,0,0,0.0,0.0,2.0,2.0,1.0,0.0,0,0,1,0
2007721,353,False,False,high_block,1742.08125,26.25,66.365,1.6666666666666667,2.0,0,1,1,2.0,2.0,0.0,3.0,4.0,3.0,1,0,0,1
2007721,354,False,False,medium_block,2244.8138999999996,36.195,62.019999999999996,2.0,2.0,0,1,1,2.0,2.0,0.0,2.0,4.0,3.0,1,0,1,0
2007721,355,False,False,medium_block,2336.6355750000002,43.235,54.045,1.5,0.0,0,0,0,0.0,0.0,0.0,0.0,1.0,0.0,0,0,1,0
2007721,356,False,False,high_block,2281.9808,43.04,53.019999999999996,0.0,0.15,0,0,0,0.0,0.0,1.0,1.0,1.0,0.0,0,0,0,1
2007721,357,False,False,medium_block,2249.9638,41.93,53.66,3.0,2.7,1,1,0,2.0,2.0,3.0,1.0,5.0,4.0,1,0,1,0
2007721,359,False,False,medium_block,1326.0511999999999,33.519999999999996,39.56,0.0,0.0,0,0,0,0.0,0.0,0.0,1.0,1.0,0.0,0,0,1,0
2007721,361,False,False,medium_block,1396.5368250000004,33.745000000000005,41.385000000000005,3.0,2.55,1,1,0,2.0,3.0,2.0,2.0,5.0,4.0,1,0,1,0
2007721,362,False,False,low_block,1802.6025750000003,39.885000000000005,45.195,0.5,0.75,0,1,0,0.0,1.0,0.0,2.0,2.0,1.0,1,1,0,0
2007721,363,False,False,medium_block,1537.2867999999999,38.26,40.18,0.5,0.9,0,1,0,0.0,1.0,1.0,2.0,2.0,1.0,1,0,1,0
2007721,364,False,False,low_block,1265.87085,34.07,37.155,1.6666666666666667,1.05,0,1,0,0.0,4.0,2.0,3.0,2.0,1.0,1,1,0,0
2007721,366,False,False,high_block,2749.175,42.295,65.0,1.5,2.15,1,0,0,4.0,4.0,1.0,2.0,6.0,5.0,1,0,0,1
2007721,367,False,False,medium_block,2152.511575,34.465,62.455,2.3333333333333335,1.75,0,1,0,5.0,6.0,0.0,3.0,7.0,6.0,1,0,1,0
2007721,372,False,False,medium_block,2346.951825,47.085,49.845,1.5,0.0,0,0,0,0.0,0.0,0.0,1.0,1.0,0.0,0,0,1,0
2007721,373,False,False,medium_block,3032.876925,48.945,61.965,1.3333333333333333,2.4,1,1,0,2.0,4.0,1.0,3.0,5.0,4.0,1,0,1,0
2007721,375,False,False,medium_block,1766.2087999999999,32.36,54.58,2.5,2.3,1,1,0,1.0,2.0,2.0,2.0,4.0,3.0,1,0,1,0
2007721,376,False,False,low_block,1587.7052999999999,31.615,50.22,3.0,0.15,0,0,0,0.0,1.0,1.0,1.0,1.0,0.0,0,1,0,0
2007721,377,False,False,medium_block,1835.9655750000002,37.305,49.215,1.0,0.44999999999999996,0,0,0,0.0,0.0,3.0,2.0,1.0,0.0,0,0,1,0
2007721,378,False,False,low_block,1358.1874000000003,35.855000000000004,37.88,0.0,0.3,0,0,0,0.0,1.0,2.0,1.0,1.0,0.0,0,1,0,0
2007721,379,False,False,low_block,966.6673999999999,34.66,27.89,1.5,0.9,0,1,0,0.0,1.0,1.0,2.0,2.0,1.0,1,1,0,0
2007721,380,False,False,high_block,2911.5445,48.445,60.1,3.0,1.05,0,1,0,0.0,0.0,2.0,1.0,2.0,1.0,1,0,0,1
2007721,381,False,False,medium_block,2348.40615,43.989999999999995,53.385000000000005,1.0,0.0,0,0,0,0.0,0.0,0.0,1.0,1.0,0.0,0,0,1,0
2007721,382,False,False,medium_block,1713.5707500000003,36.650000000000006,46.755,0.5,0.44999999999999996,0,0,0,0.0,2.0,3.0,2.0,1.0,0.0,0,0,1,0
2007721,383,False,False,low_block,1425.764925,35.165,40.545,0.5,0.44999999999999996,0,0,0,0.0,2.0,3.0,2.0,1.0,0.0,0,1,0,0
2007721,384,False,False,low_block,1413.0133,38.019999999999996,37.165000000000006,1.5,1.55,1,0,0,1.0,3.0,2.0,2.0,3.0,2.0,1,1,0,0
2007721,385,False,False,medium_block,1690.43195,37.37,45.235,1.5,1.55,1,0,0,1.0,2.0,2.0,2.0,3.0,2.0,1,0,1,0
2007721,392,False,False,medium_block,1745.9247,33.54,52.055,1.0,0.15,0,0,0,0.0,1.0,1.0,1.0,1.0,0.0,0,0,1,0
2007721,393,False,False,high_block,2600.44755,41.205,63.11,0.5,0.5,0,0,0,2.0,2.0,0.0,2.0,3.0,2.0,0,0,0,1
2007721,395,False,False,medium_block,2757.59025,50.775,54.31,1.5,1.65,1,0,0,2.0,2.0,1.0,2.0,4.0,3.0,1,0,1,0
2007721,396,False,False,high_block,2453.3536999999997,45.114999999999995,54.379999999999995,0.0,0.0,0,0,0,0.0,0.0,0.0,2.0,1.0,0.0,0,0,0,1
2007721,397,False,False,medium_block,2163.023575,41.915,51.605000000000004,2.0,2.05,1,0,0,3.0,3.0,2.0,2.0,5.0,4.0,1,0,1,0
2007721,398,False,False,low_block,1536.805025,37.885,40.565,0.0,0.0,0,0,0,0.0,1.0,0.0,1.0,1.0,0.0,0,1,0,0
2007721,399,False,False,medium_block,1366.8397750000001,37.805,36.155,0.0,0.0,0,0,0,0.0,2.0,0.0,2.0,1.0,0.0,0,0,1,0
2007721,400,False,False,low_block,1251.53755,37.595,33.29,2.0,0.15,0,0,0,0.0,3.0,1.0,2.0,1.0,0.0,0,1,0,0
2007721,403,False,False,medium_block,1878.4206000000004,36.120000000000005,52.005,1.5,0.75,0,1,0,0.0,1.0,0.0,2.0,2.0,1.0,1,0,1,0
2007721,405,True,True,medium_block,1811.02115,38.754999999999995,46.730000000000004,1.0,1.35,0,1,0,0.0,2.0,5.0,2.0,2.0,1.0,1,0,1,0
2007721,406,True,True,low_block,1390.42575,28.85,48.195,3.0,1.2,0,1,0,0.0,3.0,3.0,2.0,2.0,1.0,1,1,0,0
2007721,407,False,False,medium_block,1973.7732000000003,46.480000000000004,42.465,0.0,0.3,0,0,0,0.0,1.0,2.0,2.0,1.0,0.0,0,0,1,0
2007721,415,False,False,medium_block,2094.3658250000003,39.965,52.405,3.0,1.2,0,1,0,0.0,1.0,3.0,1.0,2.0,1.0,1,0,1,0
2007721,416,False,False,low_block,1960.46975,32.485,60.35,3.0,0.15,0,0,0,0.0,1.0,1.0,2.0,1.0,0.0,0,1,0,0
2007721,419,False,False,high_block,1831.0825,25.75,71.11,1.5,1.05,0,1,0,0.0,0.0,2.0,1.0,2.0,1.0,1,0,0,1
2007721,420,False,False,medium_block,2007.7067250000002,38.495000000000005,52.155,0.0,1.0,0,0,1,1.0,1.0,0.0,2.0,2.0,1.0,1,0,1,0
2007721,421,False,False,medium_block,1709.4475750000001,34.805,49.115,0.0,0.0,0,0,0,0.0,0.0,0.0,1.0,1.0,0.0,0,0,1,0
2007721,422,False,False,high_block,2298.720875,40.205,57.175,1.0,2.8,1,1,0,3.0,3.0,2.0,3.0,6.0,5.0,1,0,0,1
2007721,424,False,False,medium_block,2642.452,46.1,57.32,1.5,1.0,0,1,0,1.0,2.0,0.0,2.0,3.0,2.0,1,0,1,0
2007721,425,False,False,high_block,2981.1135249999998,44.785,66.565,1.0,0.0,0,0,0,0.0,2.0,0.0,1.0,1.0,0.0,0,0,0,1
2007721,428,False,False,low_block,1025.2878750000002,29.475,34.785000000000004,3.0,1.05,0,1,0,0.0,2.0,2.0,2.0,2.0,1.0,1,1,0,0
2010085,0,False,False,medium_block,1961.2459999999999,43.4,45.19,0.0,0.44999999999999996,0,0,0,0.0,1.0,3.0,2.0,1.0,0.0,0,0,1,0
2010085,5,False,False,medium_block,1274.8049999999998,35.91,35.5,0.0,0.15,0,0,0,0.0,0.0,1.0,2.0,1.0,0.0,0,0,1,0
2010085,6,False,False,low_block,1662.2943750000002,41.625,39.935,0.0,0.0,0,0,0,0.0,1.0,0.0,1.0,1.0,0.0,0,1,0,0
2010085,7,False,False,medium_block,1809.185625,41.235,43.875,1.5,0.9,0,1,0,0.0,2.0,1.0,2.0,2.0,1.0,1,0,1,0
2010085,11,False,False,medium_block,1205.117925,27.555,43.735,2.3333333333333335,3.05,1,1,0,4.0,5.0,2.0,3.0,7.0,6.0,1,0,1,0
2010085,12,False,False,low_block,1441.2783,33.11,43.53,3.0,0.3,0,0,0,0.0,3.0,2.0,2.0,1.0,0.0,0,1,0,0
2010085,13,False,False,high_block,2312.4972,32.519999999999996,71.11,2.5,1.0,0,1,0,1.0,1.0,0.0,3.0,3.0,2.0,1,0,0,1
2010085,20,False,False,medium_block,1564.2078750000003,32.275000000000006,48.465,1.5,0.0,0,0,0,0.0,0.0,0.0,0.0,1.0,0.0,0,0,1,0
2010085,21,False,False,high_block,1990.9716000000003,36.545,54.480000000000004,0.5,2.1,1,0,0,2.0,2.0,4.0,2.0,4.0,3.0,1,0,0,1
2010085,22,False,False,medium_block,2473.1080500000003,41.010000000000005,60.305,0.0,0.85,0,0,0,1.0,1.0,4.0,1.0,2.0,1.0,0,0,1,0
2010085,23,False,False,medium_block,1621.4417999999998,40.44,40.095,0.5,0.3,0,0,0,0.0,2.0,2.0,2.0,1.0,0.0,0,0,1,0
2010085,24,False,False,low_block,1361.9862,37.769999999999996,36.06,0.5,0.0,0,0,0,0.0,1.0,0.0,2.0,1.0,0.0,0,1,0,0
2010085,25,False,False,medium_block,1145.1307,35.03,32.69,0.0,0.0,0,0,0,0.0,0.0,0.0,2.0,1.0,0.0,0,0,1,0
2010085,26,False,False,low_block,1064.0191,35.18,30.244999999999997,1.0,0.15,0,0,0,0.0,1.0,1.0,2.0,1.0,0.0,0,1,0,0
2010085,28,False,False,medium_block,2033.558,42.19,48.2,1.5,0.0,0,0,0,0.0,0.0,0.0,0.0,1.0,0.0,0,0,1,0
2010085,29,False,False,high_block,2189.9105,43.93,49.849999999999994,0.0,0.0,0,0,0,0.0,0.0,0.0,2.0,1.0,0.0,0,0,0,1
2010085,30,False,False,medium_block,2181.86,42.95,50.8,0.0,0.9,0,1,0,0.0,1.0,1.0,2.0,2.0,1.0,1,0,1,0
2010085,33,False,False,high_block,2347.3289,35.41,66.29,1.5,0.0,0,0,0,0.0,1.0,0.0,1.0,1.0,0.0,0,0,0,1
2010085,36,False,False,medium_block,1868.4338750000002,36.575,51.085,2.5,0.75,0,1,0,0.0,3.0,0.0,2.0,2.0,1.0,1,0,1,0
2010085,37,False,False,high_block,2410.62525,42.225,57.09,1.0,0.0,0,0,0,0.0,1.0,0.0,2.0,1.0,0.0,0,0,0,1
2010085,39,False,False,medium_block,1838.8890000000001,35.1,52.39,0.0,1.4,0,0,1,2.0,2.0,1.0,2.0,3.0,2.0,1,0,1,0
2010085,41,False,False,medium_block,1955.1842750000003,33.505,58.355000000000004,2.3333333333333335,0.75,0,1,0,0.0,1.0,0.0,3.0,2.0,1.0,1,0,1,0
2010085,42,False,False,medium_block,1779.1352,36.32,48.985,1.0,0.6,0,0,0,0.0,2.0,5.0,2.0,1.0,0.0,0,0,1,0
2010085,43,False,False,low_block,2397.6099,39.735,60.34,3.0,1.05,0,1,0,0.0,4.0,2.0,4.0,2.0,1.0,1,1,0,0
2010085,45,False,False,medium_block,1614.0603000000003,39.57,40.790000000000006,1.0,1.0,0,1,0,1.0,2.0,0.0,2.0,3.0,2.0,1,0,1,0
2010085,47,False,False,medium_block,1905.1959499999996,36.504999999999995,52.19,1.5,0.15,0,0,0,0.0,0.0,1.0,0.0,1.0,0.0,0,0,1,0
2010085,48,False,False,high_block,2101.71045,37.205,56.49,0.0,0.15,0,0,0,0.0,1.0,1.0,1.0,1.0,0.0,0,0,0,1
2010085,49,False,False,medium_block,2060.7246,35.82,57.53,2.5,0.9,0,1,0,0.0,2.0,1.0,2.0,2.0,1.0,1,0,1,0
2010085,51,False,False,medium_block,1931.4916499999997,40.315,47.91,2.0,1.05,0,1,0,0.0,1.0,2.0,1.0,2.0,1.0,1,0,1,0
2010085,52,False,False,low_block,1542.1039999999996,39.099999999999994,39.44,0.0,0.0,0,0,0,0.0,0.0,0.0,3.0,1.0,0.0,0,1,0,0
2010085,53,False,False,medium_block,1364.5899249999998,39.004999999999995,34.985,0.0,0.0,0,0,0,0.0,1.0,0.0,2.0,1.0,0.0,0,0,1,0
2010085,54,False,False,low_block,1427.4423,40.255,35.459999999999994,1.3333333333333333,0.75,0,1,0,0.0,2.0,0.0,3.0,2.0,1.0,1,1,0,0
2010085,55,False,False,medium_block,2295.5449000000003,44.260000000000005,51.865,0.5,0.3,0,0,0,0.0,1.0,2.0,2.0,1.0,0.0,0,0,1,0
2010085,56,False,False,low_block,1356.5178999999996,34.459999999999994,39.364999999999995,0.5,0.75,0,1,0,0.0,2.0,0.0,2.0,2.0,1.0,1,1,0,0
2010085,57,False,False,medium_block,1358.7209999999998,35.55,38.22,0.0,1.8,1,0,0,2.0,2.0,2.0,2.0,4.0,3.0,1,0,1,0
2010085,58,False,False,low_block,1246.6235250000002,34.215,36.435,1.0,1.05,0,1,0,0.0,1.0,2.0,1.0,2.0,1.0,1,1,0,0
2010085,59,False,False,high_block,2859.5276499999995,39.11,73.115,3.0,0.25,0,0,0,1.0,1.0,0.0,1.0,2.0,1.0,0,0,0,1
2010085,60,False,False,medium_block,2108.8704999999995,44.584999999999994,47.3,3.0,0.75,0,1,0,0.0,1.0,0.0,1.0,2.0,1.0,1,0,1,0
2010085,61,False,False,low_block,1473.8135999999997,35.565,41.44,0.0,0.0,0,0,0,0.0,0.0,0.0,1.0,1.0,0.0,0,1,0,0
2010085,62,False,False,medium_block,1437.9156,33.01,43.56,1.0,0.15,0,0,0,0.0,1.0,1.0,1.0,1.0,0.0,0,0,1,0
2010085,63,False,False,low_block,1654.30825,32.71,50.575,1.0,0.15,0,0,0,0.0,1.0,1.0,1.0,1.0,0.0,0,1,0,0
2010085,68,False,False,medium_block,2161.1754,34.74,62.21,2.0,1.3,0,1,0,1.0,4.0,2.0,1.0,3.0,2.0,1,0,1,0
2010085,69,False,False,high_block,2492.9190000000003,38.025000000000006,65.56,1.6666666666666667,1.55,0,1,0,2.0,3.0,2.0,3.0,4.0,3.0,1,0,0,1
2010085,70,False,False,low_block,1821.4355999999996,40.08,45.44499999999999,2.0,0.9,0,1,0,0.0,1.0,1.0,2.0,2.0,1.0,1,1,0,0
2010085,71,False,False,medium_block,2670.433075,38.305,69.715,1.5,0.0,0,0,0,0.0,0.0,0.0,1.0,1.0,0.0,0,0,1,0
2010085,73,False,False,medium_block,1767.9622,35.905,49.239999999999995,0.0,0.25,0,0,0,1.0,1.0,0.0,1.0,2.0,1.0,0,0,1,0
2010085,74,False,False,high_block,2592.154125,40.455,64.075,0.0,0.4,0,0,0,1.0,1.0,1.0,1.0,2.0,1.0,0,0,0,1
2010085,76,False,False,medium_block,2508.905625,48.225,52.025,1.5,0.44999999999999996,0,0,0,0.0,1.0,3.0,2.0,1.0,0.0,0,0,1,0
2010085,77,False,False,low_block,2193.7050999999997,44.47,49.33,3.0,0.3,0,0,0,0.0,1.0,2.0,1.0,1.0,0.0,0,1,0,0
2010085,78,False,False,high_block,2838.4081,40.54,70.015,1.0,0.25,0,0,0,1.0,1.0,0.0,1.0,2.0,1.0,0,0,0,1
2010085,80,False,False,medium_block,2007.9891250000005,32.275000000000006,62.215,3.0,1.15,0,1,0,1.0,3.0,1.0,2.0,3.0,2.0,1,0,1,0
2010085,81,True,False,medium_block,2182.8177,46.305,47.14,3.0,1.15,0,1,0,1.0,3.0,1.0,2.0,3.0,2.0,1,0,1,0
2010085,82,True,False,low_block,1154.5279999999998,33.1,34.879999999999995,1.5,0.0,0,0,0,0.0,4.0,0.0,2.0,1.0,0.0,0,1,0,0
2010085,84,False,False,medium_block,,,,1.5,0.0,0,0,0,0.0,0.0,0.0,0.0,1.0,0.0,0,0,1,0
2010085,86,False,False,high_block,2218.0205,41.81,53.05,0.0,0.15,0,0,0,0.0,1.0,1.0,1.0,1.0,0.0,0,0,0,1
2010085,87,False,False,medium_block,2073.84465,38.33,54.105,2.0,0.15,0,0,0,0.0,2.0,1.0,1.0,1.0,0.0,0,0,1,0
2010085,88,False,False,low_block,1958.6869249999997,38.155,51.334999999999994,2.0,0.0,0,0,0,0.0,2.0,0.0,1.0,1.0,0.0,0,1,0,0
2010085,89,False,False,low_block,957.66,33.0,29.02,2.0,0.0,0,0,0,0.0,1.0,0.0,1.0,1.0,0.0,0,1,0,0
2010085,90,True,False,low_block,664.311725,27.265,24.365000000000002,3.0,0.75,0,1,0,0.0,2.0,0.0,2.0,2.0,1.0,1,1,0,0
2010085,91,False,False,high_block,2915.3014000000003,39.38,74.03,1.5,0.0,0,0,0,0.0,0.0,0.0,0.0,1.0,0.0,0,0,0,1
2010085,92,False,False,medium_block,2324.3423,37.69,61.67,1.5,0.0,0,0,0,0.0,1.0,0.0,1.0,1.0,0.0,0,0,1,0
2010085,94,False,False,medium_block,1919.6938499999999,32.43,59.195,2.0,1.05,0,1,0,0.0,3.0,2.0,1.0,2.0,1.0,1,0,1,0
2010085,95,False,False,low_block,1729.8834000000002,34.405,50.28,1.6666666666666667,2.3,1,1,0,1.0,5.0,2.0,3.0,4.0,3.0,1,1,0,0
2010085,96,False,False,medium_block,1877.1543749999998,36.825,50.974999999999994,0.0,0.25,0,0,0,1.0,1.0,0.0,1.0,2.0,1.0,0,0,1,0
2010085,97,False,False,high_block,2325.0815,39.099999999999994,59.465,0.6666666666666666,1.4,0,1,0,2.0,2.0,1.0,3.0,4.0,3.0,1,0,0,1
2010085,98,False,False,medium_block,2421.6174499999997,38.57,62.785,0.6666666666666666,1.4,0,1,0,2.0,2.0,1.0,3.0,4.0,3.0,1,0,1,0
2010085,100,False,False,low_block,1195.2425250000001,36.535,32.715,1.3333333333333333,0.15,0,0,0,0.0,3.0,1.0,3.0,1.0,0.0,0,1,0,0
2010085,101,False,False,medium_block,1330.615,35.75,37.22,1.0,0.9,0,1,0,0.0,1.0,1.0,3.0,2.0,1.0,1,0,1,0
2010085,102,False,False,low_block,1090.1802500000001,33.575,32.47,2.0,0.75,0,1,0,0.0,3.0,0.0,3.0,2.0,1.0,1,1,0,0
2010085,104,False,False,low_block,1041.08435,31.105,33.47,4.0,0.3,0,0,0,0.0,3.0,2.0,3.0,1.0,0.0,0,1,0,0
2010085,105,False,False,high_block,3067.4594999999995,40.845,75.1,4.0,0.0,0,0,0,0.0,1.0,0.0,1.0,1.0,0.0,0,0,0,1
2010085,106,False,False,low_block,987.6959999999998,32.489999999999995,30.4,2.3333333333333335,1.05,0,1,0,0.0,2.0,2.0,3.0,2.0,1.0,1,1,0,0
2010085,109,False,False,medium_block,1708.7780000000002,39.400000000000006,43.37,1.5,0.9,0,1,0,0.0,0.0,1.0,1.0,2.0,1.0,1,0,1,0
2010085,110,False,False,high_block,1958.00625,38.205,51.25,1.5,0.15,0,0,0,0.0,0.0,1.0,1.0,1.0,0.0,0,0,0,1
2010085,114,False,False,medium_block,1323.501025,29.644999999999996,44.645,1.0,0.3,0,0,0,0.0,1.0,2.0,1.0,1.0,0.0,0,0,1,0
2010085,115,False,False,low_block,1508.4024,34.82,43.32,1.5,1.05,0,1,0,0.0,1.0,2.0,2.0,2.0,1.0,1,1,0,0
2010085,116,False,False,high_block,2203.2057999999997,35.57,61.94,2.0,1.9,0,1,0,4.0,4.0,1.0,3.0,6.0,5.0,1,0,0,1
2010085,117,False,False,medium_block,1958.9831999999997,34.66,56.519999999999996,1.0,1.4,1,0,0,1.0,1.0,1.0,1.0,3.0,2.0,1,0,1,0
2010085,118,False,False,high_block,2000.1563999999998,34.98,57.18,0.5,0.25,0,0,0,1.0,1.0,0.0,2.0,2.0,1.0,0,0,0,1
2010085,119,False,False,medium_block,1844.2568999999999,34.114999999999995,54.06,2.0,0.9,0,1,0,0.0,4.0,1.0,3.0,2.0,1.0,1,0,1,0
2010085,120,False,False,medium_block,2331.398475,47.565,49.015,1.6666666666666667,2.55,1,1,0,2.0,3.0,2.0,3.0,5.0,4.0,1,0,1,0
2010085,122,False,False,low_block,1287.442,33.8,38.09,1.5,0.0,0,0,0,0.0,1.0,0.0,1.0,1.0,0.0,0,1,0,0
2010085,123,False,False,medium_block,1490.78655,34.485,43.230000000000004,0.0,0.0,0,0,0,0.0,1.0,0.0,2.0,1.0,0.0,0,0,1,0
2010085,125,False,False,medium_block,1939.1798999999999,38.955,49.78,2.0,0.9,0,1,0,0.0,3.0,1.0,2.0,2.0,1.0,1,0,1,0
2010085,126,False,False,low_block,1724.28355,39.215,43.97,1.5,2.15,1,0,1,1.0,3.0,1.0,2.0,3.0,2.0,1,1,0,0
2010085,127,False,False,medium_block,1921.9128,39.94,48.120000000000005,3.0,1.0,0,0,1,1.0,1.0,0.0,1.0,2.0,1.0,1,0,1,0
2010085,128,False,False,low_block,1075.9056,29.82,36.08,1.0,0.0,0,0,0,0.0,0.0,0.0,1.0,1.0,0.0,0,1,0,0
2010085,129,False,False,medium_block,1356.970925,31.415,43.195,1.0,0.75,0,1,0,0.0,2.0,0.0,2.0,2.0,1.0,1,0,1,0
2010085,132,False,False,low_block,686.8863749999999,27.525,24.955,1.5,0.0,0,0,0,0.0,2.0,0.0,2.0,1.0,0.0,0,1,0,0
2010085,133,False,False,low_block,898.61235,32.33,27.795,0.0,0.15,0,0,0,0.0,1.0,1.0,1.0,1.0,0.0,0,1,0,0
2010085,134,False,False,medium_block,1508.1109000000004,37.385000000000005,40.34,1.0,0.5,0,0,0,2.0,2.0,0.0,2.0,3.0,2.0,0,0,1,0
2010085,135,False,False,high_block,2062.5319999999997,42.265,48.8,0.0,0.0,0,0,0,0.0,0.0,0.0,2.0,1.0,0.0,0,0,0,1
2010085,136,False,False,medium_block,1748.628225,37.845,46.205,3.0,1.0,0,1,0,1.0,1.0,0.0,2.0,3.0,2.0,1,0,1,0
2010085,140,False,False,low_block,1370.3998,38.69,35.42,0.0,0.0,0,0,0,0.0,0.0,0.0,1.0,1.0,0.0,0,1,0,0
2010085,141,False,False,medium_block,1440.5459999999998,36.525,39.44,0.0,0.75,0,1,0,0.0,0.0,0.0,2.0,2.0,1.0,1,0,1,0
2010085,143,False,False,low_block,1512.3586250000003,38.215,39.575,1.0,0.15,0,0,0,0.0,2.0,1.0,2.0,1.0,0.0,0,1,0,0
2010085,144,False,False,medium_block,1711.3680000000004,41.7,41.040000000000006,2.5,1.45,0,1,0,1.0,2.0,3.0,2.0,3.0,2.0,1,0,1,0
2010085,145,False,False,low_block,1678.7254499999997,40.83,41.114999999999995,2.0,0.9,0,1,0,0.0,1.0,1.0,1.0,2.0,1.0,1,1,0,0
2010085,147,False,False,low_block,1271.7232,38.03,33.44,0.0,0.3,0,0,0,0.0,1.0,2.0,1.0,1.0,0.0,0,1,0,0
2010085,148,False,False,medium_block,1234.470375,37.665000000000006,32.775,0.0,0.3,0,0,0,0.0,1.0,2.0,2.0,1.0,0.0,0,0,1,0
2010085,149,False,False,low_block,1312.8807,37.42,35.084999999999994,0.3333333333333333,0.9,0,1,0,0.0,1.0,1.0,3.0,2.0,1.0,1,1,0,0
2010085,150,False,False,medium_block,1704.449625,41.325,41.245,0.0,0.0,0,0,0,0.0,1.0,0.0,2.0,1.0,0.0,0,0,1,0
2010085,151,False,False,low_block,1888.4229,43.82,43.095,0.0,0.0,0,0,0,0.0,1.0,0.0,2.0,1.0,0.0,0,1,0,0
2010085,152,False,False,medium_block,1857.60225,42.629999999999995,43.575,2.0,0.0,0,0,0,0.0,1.0,0.0,2.0,1.0,0.0,0,0,1,0
2010085,153,False,False,high_block,3021.75795,47.415,63.730000000000004,1.5,0.0,0,0,0,0.0,0.0,0.0,1.0,1.0,0.0,0,0,0,1
2010085,155,False,False,medium_block,2223.417625,47.575,46.735,0.5,0.15,0,0,0,0.0,1.0,1.0,2.0,1.0,0.0,0,0,1,0
2010085,156,False,False,high_block,2347.46375,41.364999999999995,56.75,1.0,0.0,0,0,0,0.0,1.0,0.0,2.0,1.0,0.0,0,0,0,1
2010085,157,False,False,medium_block,2830.7579749999995,45.065,62.815,1.0,0.0,0,0,0,0.0,1.0,0.0,2.0,1.0,0.0,0,0,1,0
2010085,158,True,False,high_block,2739.6381000000006,42.09,65.09,2.5,2.1,1,0,0,2.0,2.0,4.0,2.0,4.0,3.0,1,0,0,1
2010085,159,True,False,medium_block,2565.9460000000004,39.355000000000004,65.2,3.0,1.7,1,0,0,1.0,1.0,3.0,1.0,3.0,2.0,1,0,1,0
2010085,160,True,False,high_block,2064.3257249999997,32.894999999999996,62.755,2.0,0.0,0,0,0,0.0,0.0,0.0,1.0,1.0,0.0,0,0,0,1
2010085,161,True,False,medium_block,1637.1565,27.65,59.21,3.0,1.25,0,1,0,2.0,2.0,0.0,2.0,4.0,3.0,1,0,1,0
2010085,162,True,False,high_block,1821.3996,32.26,56.46,0.0,0.3,0,0,0,0.0,0.0,2.0,2.0,1.0,0.0,0,0,0,1
2010085,163,True,False,medium_block,2095.011,37.545,55.8,1.0,0.3,0,0,0,0.0,1.0,2.0,2.0,1.0,0.0,0,0,1,0
2010085,164,True,False,low_block,1272.910275,31.395,40.545,2.0,0.9,0,1,0,0.0,4.0,1.0,3.0,2.0,1.0,1,1,0,0
2010085,166,False,False,medium_block,1455.8427,28.86,50.445,3.0,0.75,0,1,0,0.0,3.0,0.0,2.0,2.0,1.0,1,0,1,0
2010085,170,False,False,medium_block,1463.2133999999999,29.369999999999997,49.82,1.5,1.95,1,0,0,2.0,2.0,3.0,2.0,4.0,3.0,1,0,1,0
2010085,171,False,False,high_block,2105.489,35.65,59.06,0.5,0.5,0,0,0,2.0,2.0,0.0,2.0,3.0,2.0,0,0,0,1
2010085,174,False,False,medium_block,2115.4608,38.879999999999995,54.41,2.5,0.15,0,0,0,0.0,1.0,1.0,2.0,1.0,0.0,0,0,1,0
2010085,175,False,False,medium_block,1845.5435499999999,40.79,45.245,0.5,0.75,0,1,0,0.0,1.0,0.0,2.0,2.0,1.0,1,0,1,0
2010085,176,False,False,high_block,2170.9026,41.66,52.11,0.0,0.0,0,0,0,0.0,0.0,0.0,2.0,1.0,0.0,0,0,0,1
2010085,177,False,False,medium_block,2148.9317499999997,41.65,51.595,0.0,0.0,0,0,0,0.0,0.0,0.0,1.0,1.0,0.0,0,0,1,0
2010085,182,False,False,medium_block,1830.7701,36.455,50.22,0.0,0.75,0,1,0,0.0,0.0,0.0,3.0,2.0,1.0,1,0,1,0
2010085,184,False,False,high_block,2362.3815,40.245,58.7,0.0,0.15,0,0,0,0.0,1.0,1.0,1.0,1.0,0.0,0,0,0,1
2010085,185,False,False,medium_block,2431.6415249999995,41.364999999999995,58.785,0.0,0.15,0,0,0,0.0,1.0,1.0,1.0,1.0,0.0,0,0,1,0
2010085,186,False,False,medium_block,2640.6636000000003,51.495000000000005,51.28,0.6666666666666666,1.25,0,1,0,2.0,2.0,0.0,3.0,4.0,3.0,1,0,1,0
2010085,187,False,False,high_block,2148.0843999999997,37.345,57.519999999999996,1.0,2.9,1,1,0,5.0,5.0,1.0,3.0,8.0,7.0,1,0,0,1
2010085,188,False,False,medium_block,1813.3126250000003,29.935000000000002,60.575,2.0,2.4,1,1,0,2.0,4.0,1.0,2.0,5.0,4.0,1,0,1,0
2010085,190,False,False,low_block,1593.1505,41.05,38.81,2.0,0.0,0,0,0,0.0,1.0,0.0,1.0,1.0,0.0,0,1,0,0
2010085,191,False,False,medium_block,1725.9893749999999,39.875,43.285,0.0,0.15,0,0,0,0.0,0.0,1.0,1.0,1.0,0.0,0,0,1,0
2010085,192,False,False,high_block,2377.185,43.32,54.875,0.0,0.4,0,0,0,1.0,1.0,1.0,1.0,2.0,1.0,0,0,0,1
2010085,193,False,False,medium_block,2580.7715749999998,43.805,58.915,2.5,1.9,1,0,0,3.0,3.0,1.0,2.0,5.0,4.0,1,0,1,0
2010085,196,False,False,medium_block,1518.7916,32.015,47.44,0.0,1.05,0,1,0,0.0,0.0,2.0,2.0,2.0,1.0,1,0,1,0
2010085,197,False,False,low_block,1404.2475,34.75,40.41,0.5,0.0,0,0,0,0.0,1.0,0.0,2.0,1.0,0.0,0,1,0,0
2010085,198,False,False,medium_block,1567.187475,39.165,40.015,0.5,0.0,0,0,0,0.0,1.0,0.0,2.0,1.0,0.0,0,0,1,0
2010085,199,False,False,high_block,2623.63185,43.47,60.355000000000004,1.5,0.15,0,0,0,0.0,0.0,1.0,2.0,1.0,0.0,0,0,0,1
2010085,202,False,False,medium_block,1611.5877249999999,27.564999999999998,58.465,1.0,0.6,0,0,0,0.0,1.0,4.0,1.0,1.0,0.0,0,0,1,0
2010085,203,False,False,low_block,1381.4361000000001,26.51,52.11,2.0,0.6,0,0,0,0.0,1.0,4.0,1.0,1.0,0.0,0,1,0,0
2010085,208,False,False,medium_block,1188.348525,24.765,47.985,1.0,1.05,0,1,0,0.0,1.0,2.0,2.0,2.0,1.0,1,0,1,0
2010085,209,False,False,high_block,2025.1488250000002,33.355000000000004,60.714999999999996,0.0,0.25,0,0,0,1.0,1.0,0.0,1.0,2.0,1.0,0,0,0,1
2010085,211,False,False,medium_block,2555.4296249999998,47.565,53.724999999999994,2.0,0.4,0,0,0,1.0,2.0,1.0,2.0,2.0,1.0,0,0,1,0
2010085,212,False,False,high_block,3208.293,45.54,70.45,2.6666666666666665,1.25,0,1,0,2.0,3.0,0.0,3.0,4.0,3.0,1,0,0,1
2010085,216,False,False,low_block,969.3075499999999,28.235,34.33,1.5,0.3,0,0,0,0.0,2.0,2.0,2.0,1.0,0.0,0,1,0,0
2010085,217,False,False,medium_block,1687.9995,37.89,44.55,1.0,1.05,0,0,0,3.0,3.0,2.0,2.0,4.0,3.0,0,0,1,0
2010085,218,False,False,high_block,2740.42835,45.67,60.005,1.0,0.4,0,0,0,1.0,1.0,1.0,2.0,2.0,1.0,0,0,0,1
2010085,220,False,False,medium_block,2238.5640000000003,40.400000000000006,55.41,0.0,0.0,0,0,0,0.0,0.0,0.0,1.0,1.0,0.0,0,0,1,0
2010085,221,False,False,high_block,2385.7019999999998,39.599999999999994,60.245,0.5,1.65,1,0,0,2.0,2.0,1.0,2.0,4.0,3.0,1,0,0,1
2010085,222,False,False,medium_block,2349.4705750000003,37.855000000000004,62.065,2.5,2.45,1,1,0,1.0,2.0,3.0,2.0,4.0,3.0,1,0,1,0
2010085,223,False,False,low_block,1381.9103499999999,30.035,46.01,2.0,0.3,0,0,0,0.0,1.0,2.0,2.0,1.0,0.0,0,1,0,0
2010085,224,False,False,high_block,2440.309825,33.685,72.445,2.0,0.0,0,0,0,0.0,2.0,0.0,2.0,1.0,0.0,0,0,0,1
2010085,226,False,False,medium_block,2668.6851750000005,46.215,57.745000000000005,2.0,0.0,0,0,0,0.0,1.0,0.0,1.0,1.0,0.0,0,0,1,0
2010085,227,False,False,high_block,2594.9432,42.92,60.46,0.0,0.3,0,0,0,0.0,0.0,2.0,3.0,1.0,0.0,0,0,0,1
2010085,228,False,False,medium_block,2195.433125,40.675,53.975,0.0,0.0,0,0,0,0.0,0.0,0.0,1.0,1.0,0.0,0,0,1,0
2010085,231,True,False,low_block,557.7189999999999,24.759999999999998,22.525,2.5,0.0,0,0,0,0.0,2.0,0.0,3.0,1.0,0.0,0,1,0,0
2010085,232,False,False,high_block,2092.4509500000004,32.895,63.61,1.5,0.0,0,0,0,0.0,0.0,0.0,1.0,1.0,0.0,0,0,0,1
2010085,234,True,False,medium_block,2025.5320000000004,33.2,61.010000000000005,2.0,1.0,0,1,0,1.0,1.0,0.0,2.0,3.0,2.0,1,0,1,0
2010085,235,True,False,high_block,2519.4285,37.3,67.545,1.0,0.85,0,0,0,1.0,1.0,4.0,2.0,2.0,1.0,0,0,0,1
2010085,236,True,False,medium_block,2731.1838749999997,39.915,68.425,1.0,0.44999999999999996,0,0,0,0.0,0.0,3.0,1.0,1.0,0.0,0,0,1,0
2010085,237,True,False,low_block,1243.0596,29.91,41.56,2.5,1.05,0,1,0,0.0,2.0,2.0,2.0,2.0,1.0,1,1,0,0
2010085,240,True,False,medium_block,1750.356,41.04,42.65,2.0,0.75,0,1,0,0.0,1.0,0.0,1.0,2.0,1.0,1,0,1,0
2010085,242,False,False,medium_block,,,,1.5,0.0,0,0,0,0.0,0.0,0.0,0.0,1.0,0.0,0,0,1,0
2010085,243,False,False,medium_block,1038.8985750000002,23.265,44.655,1.5,0.75,0,1,0,0.0,0.0,0.0,2.0,2.0,1.0,1,0,1,0
2010085,246,False,False,medium_block,1525.35435,35.61,42.835,0.0,0.6,0,0,0,0.0,1.0,4.0,1.0,1.0,0.0,0,0,1,0
2010085,248,True,False,medium_block,2077.29375,33.25,62.474999999999994,3.5,1.2,0,1,0,0.0,6.0,3.0,2.0,2.0,1.0,1,0,1,0
2010085,249,True,False,low_block,1164.4269,23.205,50.18,2.6666666666666665,1.05,0,1,0,0.0,4.0,2.0,3.0,2.0,1.0,1,1,0,0
2010085,251,False,False,low_block,928.8757,32.18,28.865000000000002,4.0,0.44999999999999996,0,0,0,0.0,2.0,3.0,1.0,1.0,0.0,0,1,0,0
2010085,252,True,False,low_block,1160.8914500000003,37.43000000000001,31.015,0.0,0.0,0,0,0,0.0,1.0,0.0,1.0,1.0,0.0,0,1,0,0
2010085,253,True,False,medium_block,1674.6029999999998,39.9,41.97,0.0,0.3,0,0,0,0.0,0.0,2.0,1.0,1.0,0.0,0,0,1,0
2010085,254,True,False,low_block,1252.0703999999998,28.77,43.519999999999996,1.5,1.35,0,1,0,0.0,5.0,4.0,2.0,2.0,1.0,1,1,0,0
2010085,256,False,False,medium_block,1882.0402499999998,34.275,54.91,1.0,0.0,0,0,0,0.0,0.0,0.0,1.0,1.0,0.0,0,0,1,0
2010085,257,False,False,high_block,1984.1981250000001,34.125,58.145,0.3333333333333333,1.6,0,1,0,1.0,1.0,5.0,3.0,3.0,2.0,1,0,0,1
2010085,258,False,False,medium_block,2422.409,38.39,63.1,1.0,1.25,0,1,0,2.0,2.0,0.0,3.0,4.0,3.0,1,0,1,0
2010085,260,False,False,high_block,2810.4950000000003,41.56,67.625,2.5,0.65,0,0,0,2.0,2.0,1.0,2.0,3.0,2.0,0,0,0,1
2010085,263,False,False,medium_block,2125.9796250000004,36.295,58.575,1.0,0.44999999999999996,0,0,0,0.0,1.0,3.0,1.0,1.0,0.0,0,0,1,0
2010085,264,False,False,low_block,1826.9060000000002,38.14,47.900000000000006,0.5,0.3,0,0,0,0.0,1.0,2.0,2.0,1.0,0.0,0,1,0,0
2010085,265,False,False,medium_block,1590.94065,37.83,42.055,0.5,0.15,0,0,0,0.0,1.0,1.0,2.0,1.0,0.0,0,0,1,0
2010085,266,False,False,low_block,1630.687875,39.575,41.205,1.0,0.0,0,0,0,0.0,1.0,0.0,1.0,1.0,0.0,0,1,0,0
2010085,267,False,False,medium_block,1467.79275,37.230000000000004,39.425,0.5,0.0,0,0,0,0.0,1.0,0.0,2.0,1.0,0.0,0,0,1,0
2010085,268,False,False,low_block,950.4054,29.58,32.13,3.0,0.3,0,0,0,0.0,3.0,2.0,3.0,1.0,0.0,0,1,0,0
2010085,269,False,False,high_block,2298.279425,34.295,67.015,1.5,2.15,1,1,0,1.0,1.0,1.0,2.0,4.0,3.0,1,0,0,1
2010085,270,False,False,medium_block,2067.8985000000002,34.74,59.525,1.5,2.15,1,1,0,1.0,1.0,1.0,2.0,4.0,3.0,1,0,1,0
2010085,271,False,False,high_block,2222.0235249999996,36.754999999999995,60.455,1.0,0.75,0,0,0,3.0,3.0,0.0,3.0,4.0,3.0,0,0,0,1
2010085,272,False,False,medium_block,2250.86855,37.03,60.785,2.0,0.5,0,0,0,2.0,2.0,0.0,2.0,3.0,2.0,0,0,1,0
2010085,273,False,False,low_block,2159.073325,43.254999999999995,49.915,2.0,0.5,0,0,0,2.0,2.0,0.0,2.0,3.0,2.0,0,1,0,0
2010085,274,False,False,medium_block,2064.9006,41.265,50.04,2.0,0.65,0,0,0,2.0,2.0,1.0,2.0,3.0,2.0,0,0,1,0
2010085,275,False,False,low_block,1821.4693750000001,38.375,47.465,1.0,0.15,0,0,0,0.0,0.0,1.0,2.0,1.0,0.0,0,1,0,0
2010085,276,False,False,medium_block,1806.1681750000002,41.185,43.855000000000004,1.5,0.15,0,0,0,0.0,3.0,1.0,2.0,1.0,0.0,0,0,1,0
2010085,277,False,False,low_block,1841.6692499999997,42.425,43.41,2.0,0.0,0,0,0,0.0,2.0,0.0,2.0,1.0,0.0,0,1,0,0
2010085,279,False,False,low_block,1341.140625,34.375,39.015,0.0,0.0,0,0,0,0.0,2.0,0.0,1.0,1.0,0.0,0,1,0,0
2010085,281,False,False,high_block,2386.29085,34.084999999999994,70.01,1.5,0.0,0,0,0,0.0,0.0,0.0,1.0,1.0,0.0,0,0,0,1
2010085,285,False,False,high_block,2156.583625,34.475,62.555,0.0,0.0,0,0,0,0.0,1.0,0.0,1.0,1.0,0.0,0,0,0,1
2010085,286,False,False,medium_block,2120.9055000000003,38.325,55.34,0.0,0.0,0,0,0,0.0,1.0,0.0,1.0,1.0,0.0,0,0,1,0
2010085,287,False,False,medium_block,1653.71205,35.495,46.59,0.5,0.0,0,0,0,0.0,2.0,0.0,2.0,1.0,0.0,0,0,1,0
2010085,288,False,False,low_block,1499.7867,31.89,47.03,3.0,0.9,0,1,0,0.0,5.0,1.0,3.0,2.0,1.0,1,1,0,0
2010085,289,False,False,high_block,2387.1352,38.980000000000004,61.239999999999995,3.0,0.9,0,1,0,0.0,5.0,1.0,3.0,2.0,1.0,1,0,0,1
2010085,290,False,False,medium_block,1898.3832,34.68,54.74,3.0,1.2,0,1,0,0.0,2.0,3.0,2.0,2.0,1.0,1,0,1,0
2010085,291,False,False,low_block,1320.462,31.59,41.8,2.6666666666666665,1.05,0,1,0,0.0,4.0,2.0,3.0,2.0,1.0,1,1,0,0
2010085,292,False,False,high_block,2492.501,38.17,65.3,3.0,0.75,0,1,0,0.0,2.0,0.0,2.0,2.0,1.0,1,0,0,1
2010085,293,False,False,low_block,774.7782,27.93,27.74,3.0,0.75,0,1,0,0.0,4.0,0.0,3.0,2.0,1.0,1,1,0,0
2010085,295,False,False,high_block,2134.259925,34.985,61.004999999999995,1.0,1.5,0,1,0,3.0,3.0,0.0,2.0,5.0,4.0,1,0,0,1
2010085,296,False,False,medium_block,1850.4781000000003,31.67,58.43000000000001,1.0,1.5,0,1,0,3.0,3.0,0.0,3.0,5.0,4.0,1,0,1,0
2010085,298,False,False,low_block,1225.03185,30.865000000000002,39.69,0.5,0.75,0,1,0,0.0,0.0,0.0,2.0,2.0,1.0,1,1,0,0
2010085,299,False,False,medium_block,1586.6986499999998,39.265,40.41,1.6666666666666667,0.75,0,1,0,0.0,2.0,0.0,3.0,2.0,1.0,1,0,1,0
2010085,300,False,False,low_block,1846.24865,39.53,46.705,2.0,0.9,0,1,0,0.0,2.0,1.0,3.0,2.0,1.0,1,1,0,0
2010085,302,False,False,medium_block,2129.2264499999997,36.985,57.56999999999999,0.5,0.3,0,0,0,0.0,1.0,2.0,2.0,1.0,0.0,0,0,1,0
2010085,303,False,False,low_block,1823.5392000000002,35.84,50.88,2.0,0.6,0,0,0,0.0,2.0,5.0,2.0,1.0,0.0,0,1,0,0
2010085,313,False,False,medium_block,1743.94875,27.75,62.845,1.0,1.9,0,1,1,1.0,1.0,1.0,2.0,3.0,2.0,1,0,1,0
2010085,314,False,False,low_block,1329.0893250000001,24.565,54.105000000000004,2.0,1.3,0,1,0,1.0,3.0,2.0,2.0,3.0,2.0,1,1,0,0
2010085,315,False,False,high_block,2175.1747499999997,33.285,65.35,2.0,1.4,0,1,0,2.0,3.0,1.0,3.0,4.0,3.0,1,0,0,1
2010085,316,False,False,low_block,1962.906925,46.235,42.455,1.0,0.3,0,0,0,0.0,1.0,2.0,1.0,1.0,0.0,0,1,0,0
2010085,317,False,False,medium_block,1754.9379000000001,43.38,40.455,0.5,0.0,0,0,0,0.0,1.0,0.0,2.0,1.0,0.0,0,0,1,0
2010085,318,False,False,low_block,1716.21315,40.77,42.095,1.0,0.9,0,1,0,0.0,2.0,1.0,2.0,2.0,1.0,1,1,0,0
2010085,319,False,False,medium_block,1539.57615,39.165,39.31,0.5,0.9,0,1,0,0.0,1.0,1.0,2.0,2.0,1.0,1,0,1,0
2010085,320,False,False,low_block,1585.2407999999998,40.92,38.739999999999995,0.6666666666666666,0.75,0,1,0,0.0,3.0,0.0,3.0,2.0,1.0,1,1,0,0
2010085,321,False,False,medium_block,1601.7749999999999,37.8,42.375,1.0,0.9,0,1,0,0.0,2.0,1.0,3.0,2.0,1.0,1,0,1,0
2010085,322,False,False,low_block,1256.3968,33.92,37.04,0.0,0.15,0,0,0,0.0,1.0,1.0,1.0,1.0,0.0,0,1,0,0
2010085,324,False,False,medium_block,1905.7242249999997,38.065,50.065,1.5,1.55,1,0,0,1.0,4.0,2.0,2.0,3.0,2.0,1,0,1,0
2010085,325,False,False,low_block,1958.6893499999999,43.57,44.955,1.5,1.55,1,0,0,1.0,4.0,2.0,2.0,3.0,2.0,1,1,0,0
2010085,326,False,False,medium_block,2122.0847750000003,42.685,49.715,1.0,0.8,0,0,0,2.0,2.0,2.0,2.0,3.0,2.0,0,0,1,0
2010085,327,False,False,high_block,2678.3779999999997,44.3,60.46,1.0,0.85,0,0,0,1.0,1.0,5.0,3.0,2.0,1.0,0,0,0,1
2010085,328,False,False,medium_block,2997.6045,45.870000000000005,65.35,1.5,0.6,0,0,0,0.0,0.0,5.0,2.0,1.0,0.0,0,0,1,0
2010085,330,False,False,high_block,2701.9001999999996,44.629999999999995,60.53999999999999,0.0,0.4,0,0,0,1.0,1.0,1.0,1.0,2.0,1.0,0,0,0,1
2010085,331,False,False,medium_block,2313.7688,42.08,54.985,1.0,0.5,0,0,0,2.0,2.0,0.0,2.0,3.0,2.0,0,0,1,0
2010085,332,False,False,high_block,2486.919375,43.345,57.375,0.5,0.65,0,0,0,2.0,2.0,1.0,2.0,3.0,2.0,0,0,0,1
2010085,334,False,False,medium_block,2710.4371,42.49,63.79,1.5,0.0,0,0,0,0.0,0.0,0.0,0.0,1.0,0.0,0,0,1,0
2010085,335,False,False,high_block,3013.392125,43.405,69.425,0.0,2.55,1,0,1,2.0,2.0,2.0,2.0,4.0,3.0,1,0,0,1
2010085,336,False,False,medium_block,2568.5092999999997,43.82,58.614999999999995,1.0,2.55,1,0,1,2.0,2.0,2.0,2.0,4.0,3.0,1,0,1,0
2010085,340,False,False,medium_block,1421.16675,26.244999999999997,54.150000000000006,4.0,1.35,0,1,0,0.0,2.0,4.0,3.0,2.0,1.0,1,0,1,0
2010085,341,False,False,low_block,1853.9775,33.405,55.5,1.5,0.75,0,1,0,0.0,1.0,0.0,3.0,2.0,1.0,1,1,0,0
2010085,344,False,False,medium_block,1359.20355,29.945,45.39,1.0,2.15,1,1,0,1.0,1.0,1.0,2.0,4.0,3.0,1,0,1,0
2010085,345,False,False,high_block,2453.7780000000002,41.4,59.27,0.5,0.8,0,0,0,2.0,2.0,2.0,2.0,3.0,2.0,0,0,0,1
2010085,346,False,False,medium_block,2346.1765,42.650000000000006,55.01,0.0,0.15,0,0,0,0.0,2.0,1.0,1.0,1.0,0.0,0,0,1,0
2010085,347,False,False,low_block,1852.3382000000001,40.760000000000005,45.445,0.0,0.15,0,0,0,0.0,2.0,1.0,1.0,1.0,0.0,0,1,0,0
2010085,350,False,False,medium_block,2034.5129499999998,37.61,54.095,1.0,0.25,0,0,0,1.0,1.0,0.0,1.0,2.0,1.0,0,0,1,0
2010085,351,False,False,high_block,2577.3478499999997,41.07,62.754999999999995,0.0,0.65,0,0,0,2.0,2.0,1.0,1.0,3.0,2.0,0,0,0,1
2010085,352,False,False,medium_block,2275.66365,37.83,60.155,0.5,1.2,0,1,0,0.0,0.0,3.0,2.0,2.0,1.0,1,0,1,0
2010085,353,False,False,low_block,1567.889125,31.075,50.455,2.0,0.3,0,0,0,0.0,3.0,2.0,2.0,1.0,0.0,0,1,0,0
2010085,354,False,False,high_block,2225.100325,33.655,66.115,2.5,0.75,0,0,0,3.0,3.0,0.0,2.0,4.0,3.0,0,0,0,1
2010085,355,False,False,medium_block,2104.8780500000003,34.43,61.135000000000005,2.5,0.75,0,0,0,3.0,3.0,0.0,2.0,4.0,3.0,0,0,1,0
2010085,356,False,False,medium_block,1665.5750999999996,38.394999999999996,43.379999999999995,1.5,2.4,1,1,0,2.0,2.0,1.0,2.0,5.0,4.0,1,0,1,0
2010085,357,False,False,medium_block,1953.1173500000002,39.31,49.685,1.0,1.65,1,0,0,2.0,2.0,1.0,2.0,4.0,3.0,1,0,1,0
2010085,359,False,False,low_block,1051.2952000000002,30.490000000000002,34.480000000000004,1.5,0.0,0,0,0,0.0,0.0,0.0,0.0,1.0,0.0,0,1,0,0
2010085,360,False,False,medium_block,1171.5240000000001,33.52,34.95,1.5,0.0,0,0,0,0.0,0.0,0.0,0.0,1.0,0.0,0,0,1,0
2010085,361,False,False,low_block,1474.1629500000004,37.635000000000005,39.17,0.3333333333333333,0.3,0,0,0,0.0,3.0,2.0,3.0,1.0,0.0,0,1,0,0
2010085,362,False,False,medium_block,2078.355275,41.915,49.584999999999994,0.5,1.55,0,0,1,2.0,2.0,2.0,2.0,3.0,2.0,1,0,1,0
2010085,364,False,False,low_block,1847.1488500000003,38.015,48.59,0.0,0.15,0,0,0,0.0,0.0,1.0,2.0,1.0,0.0,0,1,0,0
2010085,365,False,False,medium_block,1298.723625,35.325,36.765,0.0,0.15,0,0,0,0.0,1.0,1.0,2.0,1.0,0.0,0,0,1,0
2010085,366,False,False,low_block,1452.35025,36.45,39.845,2.0,1.15,0,1,0,1.0,2.0,1.0,1.0,3.0,2.0,1,1,0,0
2010085,367,False,False,medium_block,1512.9957750000003,35.30500000000001,42.855000000000004,1.0,0.9,0,1,0,0.0,0.0,1.0,1.0,2.0,1.0,1,0,1,0
2010085,368,False,False,low_block,1459.95775,34.99,41.725,0.0,0.15,0,0,0,0.0,0.0,1.0,2.0,1.0,0.0,0,1,0,0
2010085,369,False,False,medium_block,1393.10325,36.55,38.115,0.0,0.0,0,0,0,0.0,0.0,0.0,2.0,1.0,0.0,0,0,1,0
2010085,370,False,False,low_block,1481.6673,38.565,38.42,0.0,0.15,0,0,0,0.0,1.0,1.0,1.0,1.0,0.0,0,1,0,0
2010085,371,False,False,medium_block,1688.9775000000002,39.75,42.49,0.0,0.15,0,0,0,0.0,1.0,1.0,1.0,1.0,0.0,0,0,1,0
2010085,372,False,False,low_block,1633.45455,37.065,44.07,0.0,0.15,0,0,0,0.0,1.0,1.0,1.0,1.0,0.0,0,1,0,0
2010085,373,False,False,medium_block,1460.269125,33.705,43.325,0.0,0.25,0,0,0,1.0,1.0,0.0,1.0,2.0,1.0,0,0,1,0
2010085,374,False,False,low_block,1155.0124000000003,31.880000000000003,36.230000000000004,1.5,0.3,0,0,0,0.0,2.0,2.0,2.0,1.0,0.0,0,1,0,0
2010085,381,False,False,high_block,2143.9638,37.62,56.99,0.0,0.4,0,0,0,1.0,1.0,1.0,1.0,2.0,1.0,0,0,0,1
2010085,382,False,False,medium_block,2251.0526000000004,41.540000000000006,54.19,1.3333333333333333,2.4,1,1,0,2.0,4.0,1.0,3.0,5.0,4.0,1,0,1,0
2010085,383,False,False,low_block,2115.26415,43.515,48.61,3.0,0.3,0,0,0,0.0,2.0,2.0,1.0,1.0,0.0,0,1,0,0
2010085,385,False,False,medium_block,1494.42975,33.545,44.55,1.0,0.75,0,1,0,0.0,0.0,0.0,1.0,2.0,1.0,1,0,1,0
2010085,388,False,False,medium_block,1130.1875999999997,27.24,41.489999999999995,4.0,0.75,0,1,0,0.0,3.0,0.0,1.0,2.0,1.0,1,0,1,0
2010085,391,False,False,medium_block,1124.5653,23.715,47.42,3.0,0.75,0,1,0,0.0,1.0,0.0,1.0,2.0,1.0,1,0,1,0
2010085,393,False,False,medium_block,1693.9260000000002,34.2,49.53,0.0,1.45,0,0,1,1.0,1.0,3.0,1.0,2.0,1.0,1,0,1,0
2010085,394,False,False,medium_block,2390.40315,41.565,57.510000000000005,0.5,1.65,0,1,0,3.0,3.0,1.0,2.0,5.0,4.0,1,0,1,0
2010085,395,False,False,high_block,1861.5169500000002,32.145,57.91,0.0,0.65,0,0,0,2.0,3.0,1.0,2.0,3.0,2.0,0,0,0,1
2010085,400,False,False,medium_block,1702.4988,33.82,50.34,1.5,0.0,0,0,0,0.0,0.0,0.0,0.0,1.0,0.0,0,0,1,0
2010085,401,False,False,high_block,1909.31625,35.25,54.165,1.5,0.0,0,0,0,0.0,0.0,0.0,1.0,1.0,0.0,0,0,0,1
2010085,404,False,False,medium_block,1292.8851750000001,24.355,53.085,2.0,0.9,0,0,0,3.0,3.0,1.0,2.0,4.0,3.0,0,0,1,0
2010085,405,False,False,high_block,1808.1712,28.94,62.48,1.5,0.65,0,0,0,2.0,2.0,1.0,2.0,3.0,2.0,0,0,0,1
2010085,413,False,False,high_block,3001.4807999999994,41.519999999999996,72.28999999999999,1.0,0.3,0,0,0,0.0,1.0,2.0,2.0,1.0,0.0,0,0,0,1
2010085,415,False,False,high_block,2847.8111999999996,39.519999999999996,72.06,2.0,0.75,0,1,0,0.0,3.0,0.0,3.0,2.0,1.0,1,0,0,1
2010085,416,False,False,medium_block,2094.128575,32.515,64.405,1.0,0.9,0,1,0,0.0,4.0,1.0,2.0,2.0,1.0,1,0,1,0
2010085,418,False,False,medium_block,1609.5185999999999,29.564999999999998,54.44,1.0,0.25,0,0,0,1.0,1.0,0.0,2.0,2.0,1.0,0,0,1,0
2010085,419,False,False,high_block,2137.5389250000003,36.455,58.635000000000005,1.0,0.65,0,0,0,2.0,2.0,1.0,1.0,3.0,2.0,0,0,0,1
2010085,420,False,False,medium_block,2507.5674,42.44,59.085,2.0,2.45,1,1,0,1.0,1.0,3.0,2.0,4.0,3.0,1,0,1,0
2010085,422,True,False,low_block,1038.6898999999999,33.62,30.895,2.5,0.75,0,1,0,0.0,3.0,0.0,3.0,2.0,1.0,1,1,0,0
2011166,0,True,False,medium_block,1876.8446999999999,35.055,53.54,1.0,2.1,1,0,0,2.0,2.0,4.0,1.0,4.0,3.0,1,0,1,0
2011166,1,True,False,high_block,2283.234,36.15,63.16,1.5,1.95,1,0,0,2.0,2.0,3.0,2.0,4.0,3.0,1,0,0,1
2011166,3,True,False,medium_block,1819.2886,31.270000000000003,58.18,1.5,1.85,0,1,0,2.0,2.0,9.0,4.0,4.0,3.0,1,0,1,0
2011166,4,True,False,low_block,1155.941775,23.545,49.095,4.0,0.9,0,1,0,0.0,3.0,1.0,1.0,2.0,1.0,1,1,0,0
2011166,6,False,False,medium_block,1479.3118000000002,31.82,46.49,3.0,0.0,0,0,0,0.0,1.0,0.0,1.0,1.0,0.0,0,0,1,0
2011166,8,False,False,medium_block,2173.28265,38.885000000000005,55.89,2.0,0.25,0,0,0,1.0,3.0,0.0,2.0,2.0,1.0,0,0,1,0
2011166,9,False,False,high_block,2142.3498250000002,32.165,66.605,1.5,0.25,0,0,0,1.0,1.0,0.0,1.0,2.0,1.0,0,0,0,1
2011166,10,False,False,low_block,1581.1523000000002,33.46,47.255,1.0,1.25,0,1,0,2.0,2.0,0.0,1.0,4.0,3.0,1,1,0,0
2011166,11,False,False,medium_block,1332.2433749999998,27.915,47.724999999999994,2.5,1.0,0,1,0,1.0,4.0,0.0,2.0,3.0,2.0,1,0,1,0
2011166,12,False,False,low_block,1489.38,30.9,48.2,3.0,0.75,0,1,0,0.0,4.0,0.0,2.0,2.0,1.0,1,1,0,0
2011166,13,False,False,medium_block,1566.7344,28.26,55.44,2.0,0.44999999999999996,0,0,0,0.0,1.0,3.0,1.0,1.0,0.0,0,0,1,0
2011166,14,False,False,high_block,2153.7589,32.98,65.305,2.0,0.8,0,0,0,2.0,3.0,2.0,2.0,3.0,2.0,0,0,0,1
2011166,17,True,True,low_block,741.0725,24.91,29.75,2.5,0.75,0,1,0,0.0,2.0,0.0,2.0,2.0,1.0,1,1,0,0
2011166,18,False,False,medium_block,1472.2470250000001,30.365000000000002,48.485,0.5,0.5,0,0,0,2.0,2.0,0.0,2.0,3.0,2.0,0,0,1,0
2011166,19,False,False,medium_block,2677.01105,47.915,55.870000000000005,1.0,0.25,0,0,0,1.0,1.0,0.0,2.0,2.0,1.0,0,0,1,0
2011166,20,False,False,high_block,2473.1703,42.870000000000005,57.69,3.0,2.55,1,1,0,2.0,3.0,2.0,3.0,5.0,4.0,1,0,0,1
2011166,21,False,False,medium_block,2134.614,35.9,59.46,3.0,2.55,1,1,0,2.0,3.0,2.0,3.0,5.0,4.0,1,0,1,0
2011166,24,True,False,low_block,935.3025499999999,20.615,45.37,3.0,0.75,0,1,0,0.0,2.0,0.0,2.0,2.0,1.0,1,1,0,0
2011166,26,False,False,low_block,963.2565,18.675,51.58,3.0,0.0,0,0,0,0.0,2.0,0.0,1.0,1.0,0.0,0,1,0,0
2011166,30,False,False,high_block,2084.696275,32.905,63.355,2.0,0.75,0,1,0,0.0,1.0,0.0,2.0,2.0,1.0,1,0,0,1
2011166,31,False,False,medium_block,1925.6834999999999,30.615,62.9,2.0,0.75,0,1,0,0.0,1.0,0.0,2.0,2.0,1.0,1,0,1,0
2011166,32,False,False,high_block,1849.8202249999997,27.665,66.865,2.5,2.85,1,1,0,2.0,2.0,4.0,2.0,5.0,4.0,1,0,0,1
2011166,33,False,False,medium_block,1763.949375,25.064999999999998,70.375,2.6666666666666665,2.7,1,1,0,2.0,2.0,3.0,3.0,5.0,4.0,1,0,1,0
2011166,34,False,False,medium_block,2256.6713,42.055,53.66,2.0,2.6,1,1,0,1.0,2.0,4.0,2.0,4.0,3.0,1,0,1,0
2011166,35,False,False,low_block,1300.016325,26.255,49.515,2.0,1.35,0,1,0,0.0,1.0,4.0,1.0,2.0,1.0,1,1,0,0
2011166,40,False,False,low_block,911.580925,27.695,32.915,2.0,1.35,0,1,0,0.0,2.0,4.0,2.0,2.0,1.0,1,1,0,0
2011166,41,False,False,medium_block,1275.85,32.3,39.5,0.5,0.3,0,0,0,0.0,1.0,2.0,2.0,1.0,0.0,0,0,1,0
2011166,42,False,False,low_block,1557.16125,36.15,43.075,0.5,0.3,0,0,0,0.0,2.0,2.0,2.0,1.0,0.0,0,1,0,0
2011166,43,False,False,medium_block,1631.1488000000002,36.28,44.96,0.0,0.15,0,0,0,0.0,0.0,1.0,2.0,1.0,0.0,0,0,1,0
2011166,44,False,False,low_block,1719.7696,37.120000000000005,46.33,1.5,0.25,0,0,0,1.0,1.0,0.0,1.0,2.0,1.0,0,1,0,0
2011166,45,False,False,medium_block,1559.0322,33.27,46.86,0.0,0.15,0,0,0,0.0,0.0,1.0,2.0,1.0,0.0,0,0,1,0
2011166,46,False,False,low_block,1339.0941249999998,31.924999999999997,41.945,1.0,0.0,0,0,0,0.0,1.0,0.0,2.0,1.0,0.0,0,1,0,0
2011166,47,False,False,medium_block,1270.6246500000002,34.745000000000005,36.57,1.0,0.0,0,0,0,0.0,1.0,0.0,2.0,1.0,0.0,0,0,1,0
2011166,48,False,False,low_block,1239.2901,30.990000000000002,39.989999999999995,1.5,1.2,0,1,0,0.0,1.0,3.0,3.0,2.0,1.0,1,1,0,0
2011166,51,True,True,high_block,2092.140625,32.125,65.125,3.0,3.35,1,1,0,4.0,4.0,4.0,2.0,7.0,6.0,1,0,0,1
2011166,52,True,True,medium_block,1911.5086250000002,28.925,66.08500000000001,1.0,0.3,0,0,0,0.0,0.0,2.0,1.0,1.0,0.0,0,0,1,0
2011166,53,True,True,low_block,1791.23065,29.59,60.535,3.5,0.3,0,0,0,0.0,3.0,2.0,2.0,1.0,0.0,0,1,0,0
2011166,54,False,False,medium_block,1698.3030749999998,34.754999999999995,48.865,1.5,0.3,0,0,0,0.0,0.0,2.0,1.0,1.0,0.0,0,0,1,0
2011166,55,False,False,low_block,1929.4183999999998,35.36,54.565,1.5,0.15,0,0,0,0.0,0.0,1.0,1.0,1.0,0.0,0,1,0,0
2011166,56,False,False,medium_block,1651.7223,31.770000000000003,51.989999999999995,1.0,1.35,0,1,0,0.0,3.0,4.0,2.0,2.0,1.0,1,0,1,0
2011166,57,False,False,low_block,1247.247225,26.145000000000003,47.705,2.5,1.2,0,1,0,0.0,3.0,3.0,2.0,2.0,1.0,1,1,0,0
2011166,58,False,False,high_block,2400.530575,36.485,65.795,2.5,1.35,0,1,0,0.0,2.0,4.0,2.0,2.0,1.0,1,0,0,1
2011166,59,False,False,medium_block,1787.8934,30.439999999999998,58.735,2.3333333333333335,1.35,0,1,0,0.0,4.0,4.0,3.0,2.0,1.0,1,0,1,0
2011166,61,False,False,medium_block,1639.2948,30.29,54.12,1.5,0.75,0,1,0,0.0,1.0,0.0,1.0,2.0,1.0,1,0,1,0
2011166,63,False,False,medium_block,1695.9081,32.47,52.230000000000004,0.6666666666666666,1.25,0,1,0,2.0,2.0,0.0,3.0,4.0,3.0,1,0,1,0
2011166,64,True,False,medium_block,2866.3327000000004,52.03,55.09,0.6666666666666666,1.25,0,1,0,2.0,2.0,0.0,3.0,4.0,3.0,1,0,1,0
2011166,65,True,False,high_block,2076.2703,38.74,53.595,0.0,0.15,0,0,0,0.0,0.0,1.0,2.0,1.0,0.0,0,0,0,1
2011166,66,True,False,medium_block,1761.6021,33.06,53.285,2.5,2.45,1,1,0,1.0,3.0,3.0,2.0,4.0,3.0,1,0,1,0
2011166,67,True,False,low_block,1159.6929,29.46,39.365,2.5,0.75,0,1,0,0.0,3.0,0.0,2.0,2.0,1.0,1,1,0,0
2011166,68,False,False,high_block,2277.170775,37.605000000000004,60.555,2.0,0.75,0,1,0,0.0,3.0,0.0,3.0,2.0,1.0,1,0,0,1
2011166,69,False,False,medium_block,1623.803625,29.025,55.945,1.0,0.75,0,1,0,0.0,1.0,0.0,1.0,2.0,1.0,1,0,1,0
2011166,70,False,False,high_block,2008.396,33.8,59.42,0.5,0.0,0,0,0,0.0,2.0,0.0,2.0,1.0,0.0,0,0,0,1
2011166,71,False,False,medium_block,2574.4821999999995,40.22,64.00999999999999,1.5,0.15,0,0,0,0.0,1.0,1.0,2.0,1.0,0.0,0,0,1,0
2011166,72,False,False,high_block,2766.698,37.54,73.7,3.5,1.5,0,1,0,3.0,3.0,0.0,2.0,5.0,4.0,1,0,0,1
2011166,73,False,False,high_block,1884.6879999999999,27.200000000000003,69.28999999999999,3.5,1.05,0,1,0,0.0,4.0,2.0,2.0,2.0,1.0,1,0,0,1
2011166,74,False,False,medium_block,1894.08355,28.67,66.065,3.6666666666666665,1.05,0,1,0,0.0,5.0,2.0,3.0,2.0,1.0,1,0,1,0
2011166,75,False,False,low_block,1894.2616000000003,43.93,43.120000000000005,3.25,1.4,0,1,0,2.0,7.0,1.0,4.0,4.0,3.0,1,1,0,0
2011166,76,False,False,medium_block,2140.4025,45.18,47.375,2.75,1.75,0,1,0,4.0,6.0,0.0,4.0,6.0,5.0,1,0,1,0
2011166,79,False,False,low_block,972.9601499999999,37.91,25.665,2.0,0.0,0,0,0,0.0,2.0,0.0,1.0,1.0,0.0,0,1,0,0
2011166,81,False,False,low_block,1362.2580000000003,42.045,32.400000000000006,3.0,0.9,0,1,0,0.0,4.0,1.0,2.0,2.0,1.0,1,1,0,0
2011166,85,False,False,medium_block,1516.7715,26.310000000000002,57.65,3.0,0.9,0,1,0,0.0,2.0,1.0,2.0,2.0,1.0,1,0,1,0
2011166,86,False,False,low_block,1091.217625,20.795,52.474999999999994,4.0,1.05,0,1,0,0.0,3.0,2.0,1.0,2.0,1.0,1,1,0,0
2011166,90,False,False,low_block,1059.28275,24.825000000000003,42.67,2.6666666666666665,1.3,0,1,0,1.0,3.0,2.0,3.0,3.0,2.0,1,1,0,0
2011166,91,False,False,medium_block,1456.921775,32.315,45.085,2.0,0.4,0,0,0,1.0,1.0,1.0,1.0,2.0,1.0,0,0,1,0
2011166,92,False,False,low_block,1751.5088500000004,38.605000000000004,45.370000000000005,2.0,0.4,0,0,0,1.0,1.0,1.0,1.0,2.0,1.0,0,1,0,0
2011166,93,False,False,medium_block,1822.5050499999998,36.769999999999996,49.565,3.5,2.8,1,1,0,3.0,3.0,2.0,2.0,6.0,5.0,1,0,1,0
2011166,94,False,False,low_block,1676.0187999999998,33.955,49.36,1.5,0.0,0,0,0,0.0,0.0,0.0,0.0,1.0,0.0,0,1,0,0
2011166,95,False,False,medium_block,1727.51935,34.07,50.705,2.0,0.15,0,0,0,0.0,1.0,1.0,2.0,1.0,0.0,0,0,1,0
2011166,97,False,False,low_block,1595.0359500000002,35.265,45.230000000000004,1.0,0.75,0,1,0,0.0,1.0,0.0,2.0,2.0,1.0,1,1,0,0
2011166,98,False,False,medium_block,1343.6807999999996,33.879999999999995,39.66,1.0,0.15,0,0,0,0.0,1.0,1.0,2.0,1.0,0.0,0,0,1,0
2011166,99,False,False,low_block,1212.755775,30.855,39.305,3.0,1.2,0,1,0,0.0,3.0,3.0,2.0,2.0,1.0,1,1,0,0
2011166,100,False,False,medium_block,1844.763175,35.135000000000005,52.504999999999995,2.0,0.15,0,0,0,0.0,1.0,1.0,1.0,1.0,0.0,0,0,1,0
2011166,101,False,False,high_block,2025.61615,35.17,57.595,0.0,0.15,0,0,0,0.0,0.0,1.0,2.0,1.0,0.0,0,0,0,1
2011166,102,False,False,medium_block,2204.6886,36.36,60.635000000000005,1.5,0.5,0,0,0,2.0,2.0,0.0,2.0,3.0,2.0,0,0,1,0
2011166,103,False,False,medium_block,2071.72425,38.49,53.825,2.5,2.7,1,1,0,2.0,2.0,3.0,2.0,5.0,4.0,1,0,1,0
2011166,104,False,False,low_block,1912.67185,39.07,48.955,2.0,0.3,0,0,0,0.0,1.0,2.0,1.0,1.0,0.0,0,1,0,0
2011166,106,False,False,medium_block,2371.3423500000004,46.415000000000006,51.09,1.5,0.44999999999999996,0,0,0,0.0,0.0,3.0,1.0,1.0,0.0,0,0,1,0
2011166,107,False,False,high_block,2597.7217,45.115,57.58,1.5,0.44999999999999996,0,0,0,0.0,0.0,3.0,1.0,1.0,0.0,0,0,0,1
2011166,110,False,False,medium_block,1515.8064499999998,32.605,46.49,0.0,0.15,0,0,0,0.0,0.0,1.0,1.0,1.0,0.0,0,0,1,0
2011166,111,False,False,low_block,1371.0972,28.92,47.41,0.0,0.15,0,0,0,0.0,1.0,1.0,1.0,1.0,0.0,0,1,0,0
2011166,112,False,False,medium_block,1202.961,28.1,42.81,1.0,0.44999999999999996,0,0,0,0.0,1.0,3.0,1.0,1.0,0.0,0,0,1,0
2011166,113,False,False,low_block,1066.8528,29.52,36.14,2.5,0.75,0,1,0,0.0,2.0,0.0,2.0,2.0,1.0,1,1,0,0
2011166,116,False,False,low_block,761.32685,24.085,31.61,2.0,0.9,0,1,0,0.0,1.0,1.0,1.0,2.0,1.0,1,1,0,0
2011166,118,False,False,medium_block,,,,1.5,0.0,0,0,0,0.0,1.0,0.0,1.0,1.0,0.0,0,0,1,0
2011166,119,False,False,low_block,1278.9488249999997,33.555,38.114999999999995,2.5,0.0,0,0,0,0.0,3.0,0.0,3.0,1.0,0.0,0,1,0,0
2011166,120,False,False,high_block,2210.123,34.12,64.775,3.0,1.75,0,1,0,4.0,6.0,0.0,3.0,6.0,5.0,1,0,0,1
2011166,128,False,False,high_block,1702.3152,28.32,60.11,1.5,0.3,0,0,0,0.0,1.0,2.0,1.0,1.0,0.0,0,0,0,1
2011166,129,False,False,medium_block,1724.16125,29.41,58.625,1.0,0.6,0,0,0,0.0,1.0,4.0,1.0,1.0,0.0,0,0,1,0
2011166,130,False,False,low_block,1627.7382000000002,29.48,55.215,1.0,0.6,0,0,0,0.0,1.0,4.0,1.0,1.0,0.0,0,1,0,0
2011166,131,False,False,medium_block,1593.5456,31.82,50.08,0.0,0.15,0,0,0,0.0,0.0,1.0,1.0,1.0,0.0,0,0,1,0
2011166,132,False,False,low_block,1333.19025,29.61,45.025000000000006,3.0,1.2,0,1,0,0.0,7.0,3.0,4.0,2.0,1.0,1,1,0,0
2011166,133,False,False,high_block,2221.1931250000002,31.375,70.795,2.6666666666666665,2.55,1,0,1,2.0,3.0,2.0,3.0,4.0,3.0,1,0,0,1
2011166,134,False,False,medium_block,1920.9799999999996,27.799999999999997,69.1,3.0,2.3,1,0,1,1.0,1.0,2.0,1.0,3.0,2.0,1,0,1,0
2011166,136,False,False,high_block,2063.5048,34.64,59.57,1.6666666666666667,2.8,1,1,0,3.0,4.0,2.0,3.0,6.0,5.0,1,0,0,1
2011166,137,False,False,medium_block,2041.8767999999998,35.12,58.14,2.0,0.15,0,0,0,0.0,3.0,1.0,1.0,1.0,0.0,0,0,1,0
2011166,139,False,False,medium_block,2633.6699999999996,46.8,56.275,1.5,0.5,0,0,0,2.0,2.0,0.0,2.0,3.0,2.0,0,0,1,0
2011166,143,False,False,medium_block,1858.0574999999997,33.629999999999995,55.25,2.5,1.35,0,1,0,0.0,3.0,5.0,2.0,2.0,1.0,1,0,1,0
2011166,144,False,False,low_block,2329.534875,41.425,56.235,3.0,0.44999999999999996,0,0,0,0.0,3.0,3.0,2.0,1.0,0.0,0,1,0,0
2011166,146,False,False,medium_block,1647.5293750000003,30.925000000000004,53.275000000000006,0.0,0.3,0,0,0,0.0,0.0,2.0,1.0,1.0,0.0,0,0,1,0
2011166,147,False,False,low_block,1529.4093750000002,33.375,45.825,1.5,0.75,0,1,0,0.0,3.0,0.0,2.0,2.0,1.0,1,1,0,0
2011166,148,False,False,medium_block,1172.3625,30.65,38.25,1.0,1.05,0,1,0,0.0,2.0,2.0,2.0,2.0,1.0,1,0,1,0
2011166,149,False,False,low_block,1093.273025,29.965,36.485,0.5,0.0,0,0,0,0.0,0.0,0.0,2.0,1.0,0.0,0,1,0,0
2011166,150,False,False,medium_block,1272.9796,32.26,39.46,0.5,0.0,0,0,0,0.0,0.0,0.0,2.0,1.0,0.0,0,0,1,0
2011166,151,False,False,low_block,1206.0078749999998,27.525,43.815,1.0,0.9,0,1,0,0.0,1.0,1.0,2.0,2.0,1.0,1,1,0,0
2011166,155,False,False,low_block,1384.645675,30.835,44.905,3.0,0.75,0,1,0,0.0,3.0,0.0,3.0,2.0,1.0,1,1,0,0
2011166,157,False,False,medium_block,1899.9974000000002,29.330000000000002,64.78,2.0,1.45,0,1,0,1.0,2.0,3.0,2.0,3.0,2.0,1,0,1,0
2011166,158,False,False,low_block,1697.6778,34.254999999999995,49.56,4.0,0.0,0,0,0,0.0,2.0,0.0,1.0,1.0,0.0,0,1,0,0
2011166,160,True,False,medium_block,2359.8582,37.21,63.42,3.0,0.44999999999999996,0,0,0,0.0,3.0,3.0,2.0,1.0,0.0,0,0,1,0
2011166,161,True,False,low_block,1780.0857749999998,29.735,59.864999999999995,3.3333333333333335,0.44999999999999996,0,0,0,0.0,4.0,3.0,3.0,1.0,0.0,0,1,0,0
2011166,164,False,False,medium_block,,,,1.5,0.0,0,0,0,0.0,0.0,0.0,1.0,1.0,0.0,0,0,1,0
2011166,165,False,False,low_block,917.1399,28.185000000000002,32.54,2.6666666666666665,0.75,0,1,0,0.0,6.0,0.0,3.0,2.0,1.0,1,1,0,0
2011166,168,False,False,medium_block,1151.17875,25.875,44.49,2.0,0.9,0,1,0,0.0,3.0,1.0,2.0,2.0,1.0,1,0,1,0
2011166,169,True,False,medium_block,1710.3450000000003,31.85,53.7,2.0,0.9,0,1,0,0.0,3.0,1.0,2.0,2.0,1.0,1,0,1,0
2011166,170,True,False,high_block,2375.7008,38.17,62.239999999999995,2.0,0.15,0,0,0,0.0,1.0,1.0,1.0,1.0,0.0,0,0,0,1
2011166,172,True,False,medium_block,2792.4397999999997,39.64,70.445,4.0,0.3,0,0,0,0.0,2.0,2.0,1.0,1.0,0.0,0,0,1,0
2011166,173,True,False,low_block,1755.1673999999998,27.544999999999998,63.72,2.0,0.3,0,0,0,0.0,1.0,2.0,1.0,1.0,0.0,0,1,0,0
2011166,175,True,False,low_block,651.01335,27.365,23.79,2.5,0.75,0,1,0,0.0,2.0,0.0,2.0,2.0,1.0,1,1,0,0
2011166,176,False,False,medium_block,1104.43305,24.990000000000002,44.195,1.5,0.0,0,0,0,0.0,1.0,0.0,1.0,1.0,0.0,0,0,1,0
2011166,178,False,False,medium_block,1282.72545,28.335,45.269999999999996,3.25,3.2,1,1,0,5.0,7.0,3.0,4.0,8.0,7.0,1,0,1,0
2011166,179,False,False,low_block,1145.7143999999998,28.04,40.86,2.5,0.0,0,0,0,0.0,2.0,0.0,2.0,1.0,0.0,0,1,0,0
2011166,184,False,False,medium_block,1894.4455000000003,33.7,56.215,2.6666666666666665,0.75,0,1,0,0.0,4.0,0.0,3.0,2.0,1.0,1,0,1,0
2011166,185,False,False,high_block,2424.8385000000003,39.275000000000006,61.739999999999995,3.0,0.8,0,0,0,2.0,2.0,2.0,2.0,3.0,2.0,0,0,0,1
2011166,186,False,False,medium_block,2650.6672499999995,40.425,65.57,2.0,1.85,1,0,0,1.0,2.0,5.0,1.0,3.0,2.0,1,0,1,0
2011166,187,False,False,low_block,1712.538,32.04,53.45,2.0,0.75,0,1,0,0.0,1.0,0.0,1.0,2.0,1.0,1,1,0,0
2011166,188,False,False,high_block,2559.8300000000004,37.7,67.9,1.0,0.0,0,0,0,0.0,0.0,0.0,2.0,1.0,0.0,0,0,0,1
2011166,189,False,False,medium_block,2103.4348999999997,33.82,62.19499999999999,2.0,2.65,1,1,0,3.0,4.0,1.0,4.0,6.0,5.0,1,0,1,0
2011166,192,False,False,high_block,2417.5975,39.5,61.205,0.5,1.0,0,0,1,1.0,1.0,0.0,3.0,2.0,1.0,1,0,0,1
2011166,193,False,False,medium_block,1849.8296250000003,36.475,50.715,2.0,1.25,0,0,1,2.0,2.0,0.0,1.0,3.0,2.0,1,0,1,0
2011166,195,False,False,high_block,2295.9936000000002,34.56,66.435,1.5,0.25,0,0,0,1.0,1.0,0.0,1.0,2.0,1.0,0,0,0,1
2011166,197,False,False,medium_block,1914.5839999999998,35.8,53.48,0.0,2.3,1,0,1,1.0,1.0,2.0,1.0,3.0,2.0,1,0,1,0
2011166,198,False,False,high_block,2039.09475,36.89,55.275,1.5,0.0,0,0,0,0.0,0.0,0.0,0.0,1.0,0.0,0,0,0,1
2011166,199,False,False,medium_block,1833.5725,36.58,50.125,3.0,1.05,0,1,0,0.0,5.0,2.0,3.0,2.0,1.0,1,0,1,0
2011166,201,False,False,low_block,1494.689625,33.345,44.825,1.5,0.75,0,1,0,0.0,0.0,0.0,1.0,2.0,1.0,1,1,0,0
2011166,203,True,True,low_block,230.056,19.3,11.92,1.5,0.75,0,1,0,0.0,0.0,0.0,1.0,2.0,1.0,1,1,0,0
2011166,204,False,False,medium_block,1704.2471,34.27,49.73,1.0,1.95,1,0,0,2.0,2.0,3.0,2.0,4.0,3.0,1,0,1,0
2011166,207,False,False,low_block,1160.2284750000001,28.035,41.385000000000005,2.5,1.05,0,1,0,0.0,1.0,2.0,2.0,2.0,1.0,1,1,0,0
2011166,209,False,False,medium_block,1644.3578499999999,34.39,47.815,0.0,0.55,0,0,0,1.0,1.0,2.0,1.0,2.0,1.0,0,0,1,0
2011166,210,False,False,high_block,2329.52785,37.57,62.004999999999995,1.5,2.2,1,0,0,3.0,3.0,3.0,2.0,5.0,4.0,1,0,0,1
2011166,211,False,False,medium_block,2729.7756,40.28,67.77,2.0,2.3,1,1,0,1.0,4.0,2.0,2.0,4.0,3.0,1,0,1,0
2011166,214,True,False,medium_block,1636.4900000000002,31.0,52.790000000000006,2.0,1.4,1,0,0,1.0,3.0,1.0,2.0,3.0,2.0,1,0,1,0
2011166,215,False,False,low_block,2083.6440000000002,35.400000000000006,58.86,1.5,0.75,0,1,0,0.0,0.0,0.0,2.0,2.0,1.0,1,1,0,0
2011166,217,False,False,high_block,2549.335225,42.535,59.935,1.5,0.9,0,1,0,0.0,3.0,1.0,4.0,2.0,1.0,1,0,0,1
2011166,218,False,False,medium_block,2102.3842,37.24,56.455,1.5,1.2,0,1,0,0.0,2.0,3.0,2.0,2.0,1.0,1,0,1,0
2011166,222,False,False,low_block,1368.581025,30.765,44.485,1.5,0.15,0,0,0,0.0,3.0,1.0,2.0,1.0,0.0,0,1,0,0
2011166,223,False,False,medium_block,1501.3762499999998,32.114999999999995,46.75,2.0,0.9,0,1,0,0.0,3.0,1.0,2.0,2.0,1.0,1,0,1,0
2011166,225,False,False,medium_block,,,,1.5,0.0,0,0,0,0.0,0.0,0.0,0.0,1.0,0.0,0,0,1,0
2011166,226,False,False,low_block,1118.5478,31.66,35.33,3.0,0.0,0,0,0,0.0,1.0,0.0,1.0,1.0,0.0,0,1,0,0
2011166,229,False,False,medium_block,1474.7151500000002,27.715000000000003,53.21,1.3333333333333333,1.9,0,1,0,4.0,4.0,1.0,3.0,6.0,5.0,1,0,1,0
2011166,230,False,False,low_block,1407.6153000000002,30.94,45.495000000000005,0.0,0.15,0,0,0,0.0,0.0,1.0,1.0,1.0,0.0,0,1,0,0
2011166,231,False,False,high_block,2930.0169500000006,44.17,66.33500000000001,0.5,0.0,0,0,0,0.0,1.0,0.0,2.0,1.0,0.0,0,0,0,1
2011166,232,False,False,low_block,3027.09015,47.81,63.315,4.0,0.0,0,0,0,0.0,1.0,0.0,2.0,1.0,0.0,0,1,0,0
2011166,234,True,False,low_block,811.7183,31.97,25.39,3.0,0.75,0,1,0,0.0,6.0,0.0,3.0,2.0,1.0,1,1,0,0
2011166,236,False,False,medium_block,1530.6637499999997,32.394999999999996,47.25,0.0,0.25,0,0,0,1.0,1.0,0.0,1.0,2.0,1.0,0,0,1,0
2011166,237,False,False,high_block,1892.9155500000002,31.755000000000003,59.61,0.0,1.65,1,0,0,2.0,2.0,1.0,2.0,4.0,3.0,1,0,0,1
2011166,239,False,False,medium_block,1789.0596,31.62,56.58,1.0,1.05,0,1,0,0.0,0.0,2.0,1.0,2.0,1.0,1,0,1,0
2011166,241,False,False,low_block,1259.7167999999997,32.004999999999995,39.36,2.75,0.9,0,1,0,0.0,5.0,1.0,4.0,2.0,1.0,1,1,0,0
2011166,242,False,False,medium_block,1270.8120749999998,30.354999999999997,41.864999999999995,2.75,0.9,0,1,0,0.0,5.0,1.0,4.0,2.0,1.0,1,0,1,0
2011166,243,False,False,medium_block,2073.70185,36.57,56.705,3.0,1.35,0,1,0,0.0,3.0,6.0,2.0,2.0,1.0,1,0,1,0
2011166,244,False,False,low_block,1976.988,37.7,52.44,3.0,0.44999999999999996,0,0,0,0.0,2.0,3.0,1.0,1.0,0.0,0,1,0,0
2011166,245,False,False,medium_block,1959.2518,38.14,51.37,3.0,0.44999999999999996,0,0,0,0.0,2.0,3.0,1.0,1.0,0.0,0,0,1,0
2011166,246,True,False,low_block,1131.5679499999999,25.735,43.97,3.0,0.25,0,0,0,1.0,1.0,0.0,2.0,2.0,1.0,0,1,0,0
2011166,247,True,False,medium_block,1345.8441,30.685,43.86,0.0,0.55,0,0,0,1.0,2.0,2.0,1.0,2.0,1.0,0,0,1,0
2011166,248,True,False,low_block,1200.958,27.64,43.45,1.0,0.3,0,0,0,0.0,2.0,2.0,1.0,1.0,0.0,0,1,0,0
2011166,250,False,False,medium_block,2117.9519999999998,38.4,55.155,1.0,2.15,1,0,1,1.0,1.0,1.0,1.0,3.0,2.0,1,0,1,0
2011166,251,False,False,high_block,2591.48175,43.03,60.224999999999994,0.0,2.15,1,0,1,1.0,1.0,1.0,1.0,3.0,2.0,1,0,0,1
2011166,252,False,False,medium_block,2339.6837,37.67,62.11,0.0,2.15,1,0,1,1.0,1.0,1.0,1.0,3.0,2.0,1,0,1,0
2011166,255,False,False,high_block,2176.4135250000004,36.465,59.685,0.5,0.0,0,0,0,0.0,0.0,0.0,2.0,1.0,0.0,0,0,0,1
2011166,256,False,False,medium_block,2072.978,34.7,59.74,1.0,1.55,0,1,0,2.0,3.0,2.0,3.0,4.0,3.0,1,0,1,0
2011166,257,False,False,medium_block,2065.2183,40.71,50.730000000000004,2.5,2.55,1,1,0,2.0,3.0,2.0,2.0,5.0,4.0,1,0,1,0
2011166,260,False,False,medium_block,1898.2651500000002,33.795,56.17,3.0,0.0,0,0,0,0.0,1.0,0.0,1.0,1.0,0.0,0,0,1,0
2011166,261,False,False,high_block,2255.784,36.525,61.760000000000005,1.0,0.4,0,0,0,1.0,1.0,1.0,1.0,2.0,1.0,0,0,0,1
2011166,262,False,False,medium_block,2700.622575,39.165,68.955,1.0,0.4,0,0,0,1.0,1.0,1.0,1.0,2.0,1.0,0,0,1,0
2011166,263,False,False,medium_block,2055.7286750000003,32.305,63.635000000000005,2.0,1.35,0,1,0,0.0,2.0,4.0,2.0,2.0,1.0,1,0,1,0
2011166,264,False,False,low_block,1720.5730749999998,31.104999999999997,55.315,2.0,0.3,0,0,0,0.0,1.0,2.0,1.0,1.0,0.0,0,1,0,0
2011166,268,False,False,medium_block,1821.8333749999997,39.175,46.504999999999995,2.0,1.55,1,0,0,1.0,1.0,2.0,2.0,3.0,2.0,1,0,1,0
2011166,269,False,False,medium_block,2189.97735,34.745000000000005,63.03,0.0,0.0,0,0,0,0.0,0.0,0.0,1.0,1.0,0.0,0,0,1,0
2011166,271,True,False,low_block,1915.0755000000001,42.510000000000005,45.05,2.0,1.75,0,1,1,1.0,2.0,0.0,2.0,3.0,2.0,1,1,0,0
2011166,272,False,False,high_block,2743.9988999999996,40.035,68.53999999999999,0.0,2.3,1,0,1,1.0,1.0,2.0,1.0,3.0,2.0,1,0,0,1
2011166,280,False,False,medium_block,2349.9449999999997,45.629999999999995,51.5,3.0,0.75,0,1,0,0.0,5.0,0.0,2.0,2.0,1.0,1,0,1,0
2011166,281,False,False,high_block,2478.9599000000003,39.980000000000004,62.004999999999995,2.0,0.0,0,0,0,0.0,1.0,0.0,2.0,1.0,0.0,0,0,0,1
2011166,282,False,False,low_block,1205.18715,33.510000000000005,35.964999999999996,3.0,0.75,0,1,0,0.0,4.0,0.0,3.0,2.0,1.0,1,1,0,0
2011166,284,False,False,medium_block,2135.1812,32.93,64.84,1.5,0.15,0,0,0,0.0,0.0,1.0,1.0,1.0,0.0,0,0,1,0
2011166,288,True,False,medium_block,1350.5840500000002,30.11,44.855000000000004,0.0,0.55,0,0,0,1.0,2.0,2.0,1.0,2.0,1.0,0,0,1,0
2011166,289,True,False,low_block,1303.420425,34.215,38.095,0.0,0.75,0,1,0,0.0,0.0,0.0,2.0,2.0,1.0,1,1,0,0
2011166,294,False,False,medium_block,1784.1836999999998,32.955,54.14,0.6666666666666666,2.05,1,0,0,3.0,3.0,2.0,3.0,5.0,4.0,1,0,1,0
2011166,295,False,False,high_block,2005.83765,33.19,60.435,0.5,0.5,0,0,0,2.0,2.0,0.0,2.0,3.0,2.0,0,0,0,1
2011166,296,False,False,medium_block,1926.1935000000003,32.13,59.95,2.0,2.65,1,1,0,3.0,3.0,1.0,3.0,6.0,5.0,1,0,1,0
2011166,297,False,False,high_block,2385.5072499999997,36.785,64.85,1.5,1.0,0,1,0,1.0,2.0,0.0,2.0,3.0,2.0,1,0,0,1
2011166,299,False,False,high_block,2230.2837,33.42,66.735,2.6666666666666665,1.75,0,1,0,5.0,5.0,0.0,3.0,7.0,6.0,1,0,0,1
2011166,300,False,False,medium_block,2082.0638750000003,32.905,63.275000000000006,2.0,0.4,0,0,0,1.0,3.0,1.0,2.0,2.0,1.0,0,0,1,0
2011166,301,False,False,low_block,2059.5412499999998,33.084999999999994,62.25,2.3333333333333335,0.4,0,0,0,1.0,3.0,1.0,3.0,2.0,1.0,0,1,0,0
2011166,305,True,False,medium_block,1567.98405,26.990000000000002,58.095,1.0,1.85,0,1,0,2.0,2.0,4.0,2.0,4.0,3.0,1,0,1,0
2011166,306,True,False,low_block,876.0979500000001,24.115000000000002,36.33,2.5,0.75,0,1,0,0.0,6.0,0.0,2.0,2.0,1.0,1,1,0,0
2011166,308,False,False,medium_block,1297.8818999999999,27.09,47.91,1.5,0.0,0,0,0,0.0,0.0,0.0,0.0,1.0,0.0,0,0,1,0
2011166,309,False,False,high_block,1439.4676,29.57,48.68,0.0,0.44999999999999996,0,0,0,0.0,0.0,3.0,1.0,1.0,0.0,0,0,0,1
2011166,311,False,False,medium_block,1463.7959,27.14,53.935,1.5,0.6,0,0,0,0.0,0.0,4.0,2.0,1.0,0.0,0,0,1,0
2011166,312,False,False,low_block,1206.66,23.66,51.0,3.0,0.3,0,0,0,0.0,3.0,2.0,2.0,1.0,0.0,0,1,0,0
2011166,315,False,False,medium_block,1448.3390500000003,28.505000000000003,50.81,1.5,0.15,0,0,0,0.0,0.0,1.0,2.0,1.0,0.0,0,0,1,0
2011166,316,False,False,high_block,1888.7632500000002,31.975,59.07,0.0,2.15,1,0,1,1.0,1.0,1.0,2.0,3.0,2.0,1,0,0,1
2011166,317,False,False,medium_block,2054.085,33.0,62.245000000000005,2.0,3.45,1,1,1,2.0,3.0,3.0,1.0,5.0,4.0,1,0,1,0
2011166,318,False,False,high_block,2032.489375,32.585,62.375,0.0,0.15,0,0,0,0.0,0.0,1.0,1.0,1.0,0.0,0,0,0,1
2011166,319,False,False,medium_block,2314.7437499999996,35.474999999999994,65.25,2.0,1.35,0,1,0,0.0,2.0,5.0,2.0,2.0,1.0,1,0,1,0
2011166,320,False,False,low_block,2024.14605,36.11,56.055,0.5,0.9,0,1,0,0.0,1.0,1.0,2.0,2.0,1.0,1,1,0,0
2011166,322,False,False,low_block,1234.951625,32.675,37.795,1.0,0.15,0,0,0,0.0,1.0,1.0,1.0,1.0,0.0,0,1,0,0
2011166,323,False,False,medium_block,1521.1862749999998,32.605,46.655,1.0,0.3,0,0,0,0.0,1.0,2.0,2.0,1.0,0.0,0,0,1,0
2011166,324,False,False,high_block,1926.1312500000004,32.25,59.72500000000001,1.0,0.15,0,0,0,0.0,0.0,1.0,2.0,1.0,0.0,0,0,0,1
2011166,327,True,False,medium_block,1516.8624,29.58,51.28,2.5,1.05,0,1,0,0.0,2.0,2.0,2.0,2.0,1.0,1,0,1,0
2011166,328,True,False,low_block,1277.7240000000002,27.825000000000003,45.92,2.0,0.75,0,1,0,0.0,3.0,0.0,2.0,2.0,1.0,1,1,0,0
2011166,330,False,False,medium_block,1555.689,28.97,53.7,3.5,1.05,0,1,0,0.0,4.0,2.0,2.0,2.0,1.0,1,0,1,0
2011166,331,False,False,medium_block,1764.4660000000001,31.735,55.6,2.0,2.4,1,1,0,2.0,3.0,1.0,3.0,5.0,4.0,1,0,1,0
2011166,332,False,False,high_block,1606.7519999999997,28.799999999999997,55.79,1.0,2.95,1,1,0,3.0,3.0,3.0,2.0,6.0,5.0,1,0,0,1
2011166,333,False,False,medium_block,1967.1025000000002,33.77,58.25,2.0,2.55,1,1,0,2.0,4.0,2.0,3.0,5.0,4.0,1,0,1,0
2011166,335,False,False,low_block,1513.0360499999997,34.394999999999996,43.989999999999995,2.3333333333333335,0.75,0,1,0,0.0,4.0,0.0,3.0,2.0,1.0,1,1,0,0
2011166,336,False,False,medium_block,1174.0608750000001,32.545,36.075,2.5,0.75,0,1,0,0.0,3.0,0.0,2.0,2.0,1.0,1,0,1,0
2011166,338,False,False,medium_block,1645.3004999999998,26.025,63.22,2.0,0.0,0,0,0,0.0,1.0,0.0,1.0,1.0,0.0,0,0,1,0
2011166,339,False,False,high_block,1651.3392000000001,28.32,58.31,0.0,0.3,0,0,0,0.0,0.0,2.0,1.0,1.0,0.0,0,0,0,1
2011166,340,False,False,medium_block,1797.57765,34.155,52.629999999999995,1.5,0.44999999999999996,0,0,0,0.0,2.0,3.0,2.0,1.0,0.0,0,0,1,0
2011166,341,False,False,low_block,1769.3554,35.32,50.095,1.5,0.3,0,0,0,0.0,2.0,2.0,2.0,1.0,0.0,0,1,0,0
2011166,343,False,False,medium_block,1922.8044000000002,38.28,50.230000000000004,1.0,1.5,0,1,0,3.0,3.0,0.0,2.0,5.0,4.0,1,0,1,0
2011166,344,False,False,high_block,2233.10925,36.45,61.265,1.0,0.25,0,0,0,1.0,2.0,0.0,1.0,2.0,1.0,0,0,0,1
2011166,345,False,False,medium_block,2356.857,36.45,64.66,1.0,0.25,0,0,0,1.0,2.0,0.0,1.0,2.0,1.0,0,0,1,0
2011166,346,False,False,medium_block,1882.5507,40.695,46.26,2.6666666666666665,2.8,1,1,0,3.0,4.0,2.0,3.0,6.0,5.0,1,0,1,0
2011166,347,False,False,medium_block,2198.91,37.0,59.43,2.6666666666666665,3.05,1,1,0,5.0,6.0,2.0,3.0,8.0,7.0,1,0,1,0
2011166,348,False,False,high_block,2512.9615499999995,38.655,65.00999999999999,2.0,1.0,0,1,0,1.0,1.0,0.0,1.0,3.0,2.0,1,0,0,1
2011166,354,False,False,medium_block,3179.860225,54.445,58.405,2.6666666666666665,1.4,0,1,0,2.0,4.0,1.0,3.0,4.0,3.0,1,0,1,0
2011166,355,False,False,high_block,2637.2532,44.92,58.71,1.5,1.75,0,1,0,4.0,4.0,0.0,2.0,6.0,5.0,1,0,0,1
2011166,356,False,False,medium_block,2265.6552500000003,38.525000000000006,58.81,2.0,1.65,1,0,0,2.0,2.0,1.0,2.0,4.0,3.0,1,0,1,0
2011166,359,False,False,low_block,1665.9782999999998,38.01,43.83,1.0,0.15,0,0,0,0.0,1.0,1.0,2.0,1.0,0.0,0,1,0,0
2011166,360,False,False,medium_block,1482.7887,35.355000000000004,41.94,0.0,0.0,0,0,0,0.0,0.0,0.0,1.0,1.0,0.0,0,0,1,0
2011166,361,False,False,low_block,1488.2868,34.515,43.120000000000005,0.0,0.0,0,0,0,0.0,1.0,0.0,2.0,1.0,0.0,0,1,0,0
2011166,365,False,False,low_block,753.51915,22.634999999999998,33.29,1.0,0.75,0,1,0,0.0,0.0,0.0,2.0,2.0,1.0,1,1,0,0
2011166,376,False,False,high_block,2486.5346000000004,35.995000000000005,69.08,3.0,0.0,0,0,0,0.0,2.0,0.0,1.0,1.0,0.0,0,0,0,1
2011166,378,False,False,medium_block,1451.8917,32.715,44.379999999999995,2.5,0.9,0,1,0,0.0,3.0,1.0,2.0,2.0,1.0,1,0,1,0
2011166,380,False,False,high_block,2303.5447000000004,30.86,74.64500000000001,2.5,0.9,0,1,0,0.0,2.0,1.0,2.0,2.0,1.0,1,0,0,1
2011166,381,False,False,medium_block,2279.0805,32.144999999999996,70.9,2.0,0.9,0,1,0,0.0,1.0,1.0,2.0,2.0,1.0,1,0,1,0
2011166,382,False,False,medium_block,1857.6437500000002,35.81,51.875,2.0,1.5,0,1,0,3.0,4.0,0.0,2.0,5.0,4.0,1,0,1,0
2011166,385,False,False,low_block,1396.42875,31.275,44.650000000000006,3.0,1.0,0,1,0,1.0,6.0,0.0,2.0,3.0,2.0,1,1,0,0
2011166,386,False,False,medium_block,1475.4654000000003,33.56,43.965,3.25,1.5,0,1,0,3.0,6.0,0.0,4.0,5.0,4.0,1,0,1,0
2011166,387,False,False,low_block,1518.0231250000002,34.325,44.225,3.25,1.5,0,1,0,3.0,6.0,0.0,4.0,5.0,4.0,1,1,0,0
2011166,390,False,False,medium_block,1675.46275,27.95,59.945,1.0,0.6,0,0,0,0.0,2.0,5.0,1.0,1.0,0.0,0,0,1,0
2011166,392,False,False,medium_block,1561.34245,25.735,60.67,1.5,0.44999999999999996,0,0,0,0.0,0.0,3.0,1.0,1.0,0.0,0,0,1,0
2011166,393,False,False,low_block,1146.1612499999999,23.05,49.724999999999994,3.0,0.75,0,1,0,0.0,2.0,0.0,1.0,2.0,1.0,1,1,0,0
2011166,395,True,False,medium_block,1251.9873,27.33,45.81,3.0,0.9,0,1,0,0.0,1.0,1.0,3.0,2.0,1.0,1,0,1,0
2011166,396,True,False,low_block,1208.7066750000001,27.165,44.495000000000005,2.5,0.0,0,0,0,0.0,1.0,0.0,2.0,1.0,0.0,0,1,0,0
2011166,398,False,False,medium_block,1405.5844,28.27,49.72,4.0,0.0,0,0,0,0.0,3.0,0.0,1.0,1.0,0.0,0,0,1,0
2011166,399,False,False,low_block,1153.128375,31.675,36.405,0.0,0.15,0,0,0,0.0,1.0,1.0,1.0,1.0,0.0,0,1,0,0
2011166,400,False,False,medium_block,1262.5395750000002,34.155,36.965,0.0,0.3,0,0,0,0.0,1.0,2.0,2.0,1.0,0.0,0,0,1,0
2011166,401,False,False,low_block,1037.646225,32.615,31.814999999999998,0.0,0.15,0,0,0,0.0,0.0,1.0,2.0,1.0,0.0,0,1,0,0
2011166,402,False,False,high_block,2960.99895,44.59,66.405,0.0,0.15,0,0,0,0.0,1.0,1.0,2.0,1.0,0.0,0,0,0,1
2011166,404,False,False,medium_block,2090.4939,35.79,58.41,3.0,0.3,0,0,0,0.0,1.0,2.0,1.0,1.0,0.0,0,0,1,0
2011166,405,False,False,low_block,1241.7855499999998,24.11,51.504999999999995,2.5,0.3,0,0,0,0.0,2.0,2.0,2.0,1.0,0.0,0,1,0,0
2011166,415,False,False,high_block,1699.75455,27.105,62.71,2.0,2.8,1,1,0,3.0,3.0,2.0,2.0,6.0,5.0,1,0,0,1
2011166,416,False,False,medium_block,1766.8105999999998,34.535,51.16,2.0,1.85,1,0,0,1.0,3.0,4.0,2.0,3.0,2.0,1,0,1,0
2011166,417,False,False,low_block,1705.9548000000004,37.510000000000005,45.480000000000004,3.0,0.3,0,0,0,0.0,2.0,2.0,1.0,1.0,0.0,0,1,0,0
2011166,423,False,False,medium_block,1393.46515,32.03,43.504999999999995,0.0,0.3,0,0,0,0.0,0.0,2.0,1.0,1.0,0.0,0,0,1,0
2011166,429,False,False,high_block,2236.5479250000003,32.985,67.805,0.0,0.15,0,0,0,0.0,0.0,1.0,1.0,1.0,0.0,0,0,0,1
2011166,431,False,False,medium_block,1316.5828,24.439999999999998,53.870000000000005,3.5,1.05,0,1,0,0.0,3.0,2.0,2.0,2.0,1.0,1,0,1,0
2011166,434,False,False,medium_block,1391.84175,25.35,54.905,2.6666666666666665,0.75,0,0,0,3.0,4.0,0.0,3.0,4.0,3.0,0,0,1,0
2011166,438,False,False,low_block,1245.3181749999999,32.845,37.915,4.0,0.0,0,0,0,0.0,4.0,0.0,2.0,1.0,0.0,0,1,0,0
2013725,0,False,False,medium_block,1564.1405999999997,35.459999999999994,44.11,0.5,1.95,1,0,0,2.0,2.0,3.0,2.0,4.0,3.0,1,0,1,0
2013725,1,False,False,high_block,1896.6457,33.905,55.94,0.0,1.7,1,0,0,1.0,2.0,3.0,2.0,3.0,2.0,1,0,0,1
2013725,6,False,False,low_block,946.291625,30.325,31.205,0.0,0.15,0,0,0,0.0,1.0,1.0,2.0,1.0,0.0,0,1,0,0
2013725,7,False,False,medium_block,1364.8904749999997,34.254999999999995,39.845,1.0,0.6,0,0,0,0.0,2.0,7.0,1.0,1.0,0.0,0,0,1,0
2013725,8,False,False,low_block,1473.7010000000002,33.7,43.730000000000004,4.0,0.3,0,0,0,0.0,1.0,2.0,1.0,1.0,0.0,0,1,0,0
2013725,11,False,False,medium_block,1230.6349,23.405,52.58,2.5,1.05,0,1,0,0.0,5.0,2.0,2.0,2.0,1.0,1,0,1,0
2013725,12,False,False,low_block,1516.6935,24.345,62.300000000000004,2.0,1.05,0,1,0,0.0,4.0,2.0,3.0,2.0,1.0,1,1,0,0
2013725,16,False,False,medium_block,2156.9513,42.980000000000004,50.185,0.5,0.0,0,0,0,0.0,1.0,0.0,2.0,1.0,0.0,0,0,1,0
2013725,17,False,False,high_block,2611.6278749999997,42.345,61.675,1.6666666666666667,2.1,1,0,0,2.0,2.0,5.0,3.0,4.0,3.0,1,0,0,1
2013725,18,False,False,medium_block,2845.6419,41.82,68.045,1.6666666666666667,2.1,1,0,0,2.0,2.0,5.0,3.0,4.0,3.0,1,0,1,0
2013725,21,False,False,medium_block,1452.7053749999998,29.845,48.675,3.0,0.9,0,1,0,0.0,1.0,1.0,1.0,2.0,1.0,1,0,1,0
2013725,22,False,False,low_block,1421.7168,33.915,41.92,1.0,1.55,1,0,0,1.0,2.0,2.0,2.0,3.0,2.0,1,1,0,0
2013725,23,False,False,medium_block,1573.112,36.55,43.040000000000006,0.0,1.55,1,0,0,1.0,1.0,2.0,2.0,3.0,2.0,1,0,1,0
2013725,24,False,False,medium_block,2977.5931499999997,54.705,54.43,0.0,1.55,1,0,0,1.0,1.0,2.0,2.0,3.0,2.0,1,0,1,0
2013725,25,False,False,high_block,2974.6847000000002,46.18,64.415,1.0,1.05,0,1,0,0.0,1.0,2.0,2.0,2.0,1.0,1,0,0,1
2013725,28,False,False,low_block,908.6437500000001,29.67,30.625,0.5,1.7,1,0,0,1.0,1.0,3.0,2.0,3.0,2.0,1,1,0,0
2013725,29,False,False,medium_block,1387.421875,37.625,36.875,1.5,2.6,1,0,0,4.0,4.0,4.0,4.0,6.0,5.0,1,0,1,0
2013725,30,False,False,medium_block,2864.84655,47.065,60.870000000000005,0.5,0.15,0,0,0,0.0,1.0,1.0,2.0,1.0,0.0,0,0,1,0
2013725,32,False,False,high_block,2552.61315,42.995000000000005,59.37,1.5,2.25,0,1,1,3.0,3.0,0.0,2.0,5.0,4.0,1,0,0,1
2013725,34,False,False,medium_block,1473.9932000000003,32.99,44.68000000000001,0.6666666666666666,0.95,0,0,0,2.0,2.0,3.0,3.0,3.0,2.0,0,0,1,0
2013725,35,False,False,high_block,2222.7291,36.989999999999995,60.09,0.0,0.44999999999999996,0,0,0,0.0,0.0,3.0,2.0,1.0,0.0,0,0,0,1
2013725,37,False,False,medium_block,2321.6486000000004,39.31,59.06,3.0,0.75,0,1,0,0.0,4.0,0.0,1.0,2.0,1.0,1,0,1,0
2013725,38,False,False,medium_block,1677.9246,38.94,43.09,1.0,0.44999999999999996,0,0,0,0.0,1.0,3.0,2.0,1.0,0.0,0,0,1,0
2013725,39,False,False,low_block,1589.77665,38.115,41.71,2.5,1.2,0,1,0,0.0,3.0,3.0,2.0,2.0,1.0,1,1,0,0
2013725,42,False,False,medium_block,1676.6703999999997,33.519999999999996,50.019999999999996,1.0,0.9,0,1,0,0.0,2.0,1.0,1.0,2.0,1.0,1,0,1,0
2013725,43,False,False,low_block,1535.8096249999999,36.175,42.455,2.0,0.44999999999999996,0,0,0,0.0,1.0,3.0,1.0,1.0,0.0,0,1,0,0
2013725,47,False,False,medium_block,1853.6491999999998,36.94,50.18,1.5,0.9,0,1,0,0.0,1.0,1.0,3.0,2.0,1.0,1,0,1,0
2013725,48,False,False,low_block,1646.2343250000004,33.655,48.915000000000006,2.0,1.05,0,1,0,0.0,1.0,2.0,2.0,2.0,1.0,1,1,0,0
2013725,49,False,False,medium_block,2410.3467,30.89,78.03,1.5,0.0,0,0,0,0.0,0.0,0.0,1.0,1.0,0.0,0,0,1,0
2013725,50,False,False,medium_block,2031.5152,37.18,54.64,1.0,1.5,0,1,0,3.0,3.0,0.0,3.0,5.0,4.0,1,0,1,0
2013725,51,False,False,high_block,1999.8514499999999,35.83,55.815,0.0,0.0,0,0,0,0.0,0.0,0.0,2.0,1.0,0.0,0,0,0,1
2013725,52,False,False,medium_block,1905.3429,34.89,54.61,0.0,0.3,0,0,0,0.0,0.0,2.0,2.0,1.0,0.0,0,0,1,0
2013725,54,False,False,low_block,1748.1418,33.905,51.56,3.0,0.15,0,0,0,0.0,1.0,1.0,1.0,1.0,0.0,0,1,0,0
2013725,55,False,False,low_block,932.795675,29.255,31.885,3.0,0.0,0,0,0,0.0,2.0,0.0,1.0,1.0,0.0,0,1,0,0
2013725,57,False,False,medium_block,1564.2462500000001,33.95,46.075,0.0,0.15,0,0,0,0.0,0.0,1.0,2.0,1.0,0.0,0,0,1,0
2013725,58,False,False,low_block,1280.3312,32.96,38.845,0.0,0.3,0,0,0,0.0,0.0,2.0,2.0,1.0,0.0,0,1,0,0
2013725,59,False,False,medium_block,1154.23915,31.61,36.515,1.0,0.9,0,1,0,0.0,0.0,1.0,2.0,2.0,1.0,1,0,1,0
2013725,61,False,False,medium_block,1433.3586,31.81,45.06,2.0,0.9,0,1,0,0.0,1.0,1.0,2.0,2.0,1.0,1,0,1,0
2013725,62,False,False,low_block,1385.2320499999998,30.505,45.41,2.0,0.9,0,1,0,0.0,1.0,1.0,2.0,2.0,1.0,1,1,0,0
2013725,64,False,False,medium_block,2023.483975,36.935,54.785,2.0,1.05,0,1,0,0.0,4.0,2.0,2.0,2.0,1.0,1,0,1,0
2013725,67,False,False,medium_block,2613.1825999999996,46.76,55.885,0.5,1.75,0,1,0,4.0,4.0,0.0,2.0,6.0,5.0,1,0,1,0
2013725,68,False,False,high_block,2130.0531250000004,35.575,59.875,1.0,2.05,1,0,0,3.0,3.0,2.0,1.0,5.0,4.0,1,0,0,1
2013725,69,False,False,medium_block,1738.7574500000003,28.69,60.605000000000004,2.0,2.85,1,1,0,2.0,2.0,5.0,2.0,5.0,4.0,1,0,1,0
2013725,70,False,False,low_block,1087.8714,27.555,39.480000000000004,2.0,0.15,0,0,0,0.0,1.0,1.0,1.0,1.0,0.0,0,1,0,0
2013725,74,True,False,medium_block,1180.225425,24.565,48.045,3.0,0.9,0,1,0,0.0,4.0,1.0,1.0,2.0,1.0,1,0,1,0
2013725,75,False,False,low_block,1265.1701999999998,28.064999999999998,45.08,3.0,0.9,0,1,0,0.0,4.0,1.0,1.0,2.0,1.0,1,1,0,0
2013725,80,False,False,medium_block,1294.2461250000001,28.675,45.135000000000005,0.5,1.95,1,0,0,2.0,2.0,3.0,2.0,4.0,3.0,1,0,1,0
2013725,82,False,False,medium_block,1988.2240499999998,35.894999999999996,55.39,1.0,2.05,1,0,0,3.0,4.0,2.0,2.0,5.0,4.0,1,0,1,0
2013725,86,False,False,high_block,2110.02115,34.730000000000004,60.754999999999995,0.0,0.15,0,0,0,0.0,0.0,1.0,2.0,1.0,0.0,0,0,0,1
2013725,87,False,False,medium_block,1776.6737249999999,34.394999999999996,51.655,1.0,0.6,0,0,0,0.0,2.0,4.0,2.0,1.0,0.0,0,0,1,0
2013725,88,False,False,high_block,2329.588625,38.675,60.235,2.0,2.05,1,0,0,3.0,3.0,2.0,2.0,5.0,4.0,1,0,0,1
2013725,89,False,False,medium_block,2519.0475,39.055,64.5,4.0,1.65,1,0,0,2.0,2.0,1.0,1.0,4.0,3.0,1,0,1,0
2013725,90,False,False,medium_block,1707.6265000000003,35.45,48.17,1.5,2.7,1,1,0,2.0,2.0,3.0,2.0,5.0,4.0,1,0,1,0
2013725,92,False,False,medium_block,1739.59725,31.73,54.825,2.0,1.05,0,1,0,0.0,2.0,2.0,2.0,2.0,1.0,1,0,1,0
2013725,93,False,False,low_block,1682.3505,30.9,54.445,2.0,0.9,0,1,0,0.0,2.0,1.0,1.0,2.0,1.0,1,1,0,0
2013725,95,False,False,high_block,2687.1879,40.33,66.63,2.5,1.95,1,0,0,2.0,2.0,3.0,2.0,4.0,3.0,1,0,0,1
2013725,96,False,False,medium_block,3123.6969999999997,44.245,70.6,2.6666666666666665,2.55,1,1,0,2.0,3.0,2.0,3.0,5.0,4.0,1,0,1,0
2013725,99,False,False,medium_block,1236.87675,32.085,38.55,3.0,0.9,0,1,0,0.0,2.0,1.0,2.0,2.0,1.0,1,0,1,0
2013725,101,False,False,medium_block,1888.2603749999998,38.595,48.925,0.0,0.15,0,0,0,0.0,0.0,1.0,2.0,1.0,0.0,0,0,1,0
2013725,103,False,False,medium_block,2418.344775,41.055,58.905,1.0,2.15,0,1,1,2.0,2.0,1.0,2.0,4.0,3.0,1,0,1,0
2013725,104,False,False,medium_block,1762.1660000000002,38.2,46.13,2.0,1.3,0,1,0,1.0,1.0,2.0,3.0,3.0,2.0,1,0,1,0
2013725,108,False,False,medium_block,1892.0083000000002,35.980000000000004,52.585,1.6666666666666667,0.5,0,0,0,2.0,3.0,0.0,3.0,3.0,2.0,0,0,1,0
2013725,112,False,False,high_block,2316.9778,35.72,64.86500000000001,2.0,0.75,0,0,0,3.0,3.0,0.0,3.0,4.0,3.0,0,0,0,1
2013725,114,False,False,high_block,2628.264925,36.394999999999996,72.215,3.5,0.5,0,0,0,2.0,2.0,0.0,2.0,3.0,2.0,0,0,0,1
2013725,115,False,False,high_block,2244.8657,36.19,62.03,1.5,1.0,0,1,0,1.0,2.0,0.0,2.0,3.0,2.0,1,0,0,1
2013725,116,False,False,medium_block,2285.0457499999998,35.224999999999994,64.87,1.0,0.75,0,1,0,0.0,2.0,0.0,1.0,2.0,1.0,1,0,1,0
2013725,117,False,False,medium_block,1937.7625,37.81,51.25,0.6666666666666666,0.5,0,0,0,2.0,3.0,0.0,3.0,3.0,2.0,0,0,1,0
2013725,118,False,False,high_block,2135.6844,38.11,56.040000000000006,1.0,1.4,0,1,0,2.0,2.0,1.0,3.0,4.0,3.0,1,0,0,1
2013725,119,False,False,medium_block,2325.4492,38.32,60.685,1.0,1.4,0,1,0,2.0,2.0,1.0,3.0,4.0,3.0,1,0,1,0
2013725,120,False,False,high_block,2360.5631999999996,39.66,59.519999999999996,1.0,1.4,0,1,0,2.0,2.0,1.0,3.0,4.0,3.0,1,0,0,1
2013725,121,False,False,medium_block,2371.5713,41.02,57.815,1.0,1.15,0,1,0,1.0,2.0,1.0,2.0,3.0,2.0,1,0,1,0
2013725,122,False,False,medium_block,2477.008125,52.175,47.475,2.6666666666666665,0.75,0,1,0,0.0,4.0,0.0,3.0,2.0,1.0,1,0,1,0
2013725,126,True,False,low_block,1193.682375,32.415,36.825,2.0,0.3,0,0,0,0.0,1.0,2.0,1.0,1.0,0.0,0,1,0,0
2013725,127,False,False,medium_block,1571.22,36.54,43.0,0.0,0.85,0,0,0,1.0,1.0,5.0,1.0,2.0,1.0,0,0,1,0
2013725,128,False,False,high_block,2182.7823,39.81,54.83,1.5,1.9,1,0,0,3.0,3.0,1.0,2.0,5.0,4.0,1,0,0,1
2013725,129,False,False,medium_block,2568.2226,42.99,59.739999999999995,3.0,0.5,0,0,0,2.0,2.0,0.0,1.0,3.0,2.0,0,0,1,0
2013725,130,False,False,low_block,1536.84375,40.625,37.83,1.0,0.0,0,0,0,0.0,2.0,0.0,2.0,1.0,0.0,0,1,0,0
2013725,131,False,False,medium_block,1584.19565,38.705,40.93,1.5,0.0,0,0,0,0.0,2.0,0.0,2.0,1.0,0.0,0,0,1,0
2013725,132,False,False,medium_block,1749.42625,35.75,48.935,1.5,1.25,0,1,0,2.0,2.0,0.0,2.0,4.0,3.0,1,0,1,0
2013725,133,False,False,high_block,2141.9903999999997,36.879999999999995,58.08,3.0,1.25,0,1,0,2.0,3.0,0.0,3.0,4.0,3.0,1,0,0,1
2013725,136,True,False,medium_block,2316.57965,40.81,56.765,2.0,1.35,0,1,0,0.0,1.0,7.0,2.0,2.0,1.0,1,0,1,0
2013725,137,True,False,low_block,1580.4243000000001,29.365000000000002,53.82,1.5,1.05,0,1,0,0.0,3.0,2.0,1.0,2.0,1.0,1,1,0,0
2013725,140,False,False,medium_block,1574.72585,29.695,53.03,2.0,1.5,0,1,0,3.0,3.0,0.0,3.0,5.0,4.0,1,0,1,0
2013725,141,False,False,high_block,1852.0246499999996,28.244999999999997,65.57,2.0,0.25,0,0,0,1.0,1.0,0.0,1.0,2.0,1.0,0,0,0,1
2013725,143,False,False,medium_block,2503.5587499999997,35.15,71.225,1.5,1.85,1,0,0,1.0,2.0,5.0,2.0,3.0,2.0,1,0,1,0
2013725,144,False,False,low_block,1248.524175,29.195,42.765,1.0,0.0,0,0,0,0.0,4.0,0.0,1.0,1.0,0.0,0,1,0,0
2013725,145,True,False,medium_block,2075.8396000000002,40.52,51.23,0.5,0.6,0,0,0,0.0,1.0,5.0,2.0,1.0,0.0,0,0,1,0
2013725,147,True,False,low_block,2165.6562,41.18,52.59,4.0,0.44999999999999996,0,0,0,0.0,1.0,3.0,1.0,1.0,0.0,0,1,0,0
2013725,149,False,False,medium_block,1490.8958,31.54,47.27,1.5,0.75,0,1,0,0.0,1.0,0.0,1.0,2.0,1.0,1,0,1,0
2013725,150,False,False,medium_block,1796.766125,33.575,53.515,1.5,0.25,0,0,0,1.0,1.0,0.0,0.0,2.0,1.0,0,0,1,0
2013725,151,False,False,high_block,2415.05235,37.035,65.21000000000001,0.5,1.8,1,0,0,2.0,2.0,2.0,2.0,4.0,3.0,1,0,0,1
2013725,153,False,False,medium_block,2372.01415,49.345,48.07,0.0,0.6,0,0,0,0.0,2.0,4.0,1.0,1.0,0.0,0,0,1,0
2013725,154,False,False,low_block,1648.762375,38.545,42.775,2.0,0.6,0,0,0,0.0,1.0,4.0,1.0,1.0,0.0,0,1,0,0
2013725,157,False,False,low_block,833.384025,32.535,25.615000000000002,0.0,0.0,0,0,0,0.0,0.0,0.0,2.0,1.0,0.0,0,1,0,0
2013725,158,False,False,high_block,2370.7965000000004,40.115,59.1,1.5,2.65,1,1,0,3.0,4.0,1.0,2.0,6.0,5.0,1,0,0,1
2013725,159,False,False,low_block,1732.3011000000001,41.260000000000005,41.985,3.0,0.9,0,1,0,0.0,2.0,1.0,1.0,2.0,1.0,1,1,0,0
2013725,160,False,False,medium_block,1905.6494000000002,40.78,46.730000000000004,2.3333333333333335,2.65,1,1,0,3.0,3.0,1.0,3.0,6.0,5.0,1,0,1,0
2013725,161,True,False,medium_block,2303.586675,46.215,49.845,2.0,2.6,1,1,0,1.0,1.0,4.0,3.0,4.0,3.0,1,0,1,0
2013725,162,False,False,low_block,1540.4004499999999,31.585,48.769999999999996,1.0,0.44999999999999996,0,0,0,0.0,1.0,3.0,1.0,1.0,0.0,0,1,0,0
2013725,167,False,False,medium_block,1692.76555,31.945,52.99,1.0,2.1,1,0,0,2.0,2.0,4.0,2.0,4.0,3.0,1,0,1,0
2013725,168,False,False,high_block,2207.3670500000003,37.585,58.730000000000004,2.0,1.7,1,0,0,1.0,1.0,3.0,1.0,3.0,2.0,1,0,0,1
2013725,169,False,False,medium_block,2479.02015,41.19,60.185,2.0,1.4,1,0,0,1.0,1.0,1.0,1.0,3.0,2.0,1,0,1,0
2013725,172,False,False,high_block,2753.392275,35.985,76.515,2.0,0.5,0,0,0,2.0,2.0,0.0,2.0,3.0,2.0,0,0,0,1
2013725,175,False,False,medium_block,3414.6042,53.655,63.64,2.0,0.75,0,1,0,0.0,2.0,0.0,2.0,2.0,1.0,1,0,1,0
2013725,178,False,False,medium_block,2377.9449,53.94,44.085,3.0,0.75,0,1,0,0.0,1.0,0.0,1.0,2.0,1.0,1,0,1,0
2013725,181,False,False,medium_block,2092.5371,33.545,62.38,1.0,0.0,0,0,0,0.0,1.0,0.0,1.0,1.0,0.0,0,0,1,0
2013725,182,False,False,medium_block,2148.0227999999997,41.58,51.66,1.5,0.15,0,0,0,0.0,1.0,1.0,1.0,1.0,0.0,0,0,1,0
2013725,183,False,False,medium_block,1818.9045,35.595,51.1,1.0,0.25,0,0,0,1.0,1.0,0.0,1.0,2.0,1.0,0,0,1,0
2013725,184,False,False,high_block,2080.044175,34.705,59.935,1.0,1.65,1,0,0,2.0,2.0,1.0,2.0,4.0,3.0,1,0,0,1
2013725,185,False,False,medium_block,2390.324175,36.045,66.315,1.0,2.15,1,1,0,1.0,1.0,1.0,2.0,4.0,3.0,1,0,1,0
2013725,188,False,False,high_block,2061.1954999999994,33.084999999999994,62.3,2.6666666666666665,1.0,0,0,0,4.0,6.0,0.0,3.0,5.0,4.0,0,0,0,1
2013725,189,False,False,medium_block,2088.1223500000006,33.59,62.165000000000006,2.6666666666666665,1.0,0,0,0,4.0,6.0,0.0,3.0,5.0,4.0,0,0,1,0
2013725,193,False,False,high_block,1881.0337499999998,27.75,67.785,2.6666666666666665,1.65,1,0,0,2.0,2.0,1.0,3.0,4.0,3.0,1,0,0,1
2013725,200,False,False,medium_block,1290.0615,25.35,50.89,1.5,0.0,0,0,0,0.0,0.0,0.0,0.0,1.0,0.0,0,0,1,0
2013725,201,False,False,high_block,1808.8355,29.299999999999997,61.735,2.0,3.55,1,1,1,3.0,3.0,2.0,3.0,6.0,5.0,1,0,0,1
2013725,204,False,False,medium_block,1399.6383749999998,26.955,51.925,3.0,0.75,0,0,0,3.0,3.0,0.0,1.0,4.0,3.0,0,0,1,0
2013725,205,False,False,high_block,2010.0123000000003,32.535000000000004,61.78,1.0,0.65,0,0,0,2.0,2.0,1.0,2.0,3.0,2.0,0,0,0,1
2013725,207,False,False,medium_block,2797.628,51.760000000000005,54.05,1.0,0.0,0,0,0,0.0,0.0,0.0,1.0,1.0,0.0,0,0,1,0
2013725,208,False,False,high_block,2603.82835,43.535,59.81,2.0,0.0,0,0,0,0.0,3.0,0.0,1.0,1.0,0.0,0,0,0,1
2013725,209,False,False,medium_block,2058.39645,35.31,58.295,2.0,0.75,0,1,0,0.0,5.0,0.0,2.0,2.0,1.0,1,0,1,0
2013725,211,False,False,high_block,2200.83225,32.275,68.19,2.0,1.65,1,0,0,2.0,3.0,1.0,3.0,4.0,3.0,1,0,0,1
2013725,212,False,False,medium_block,2591.4574,33.64,77.035,2.0,1.65,1,0,0,2.0,3.0,1.0,3.0,4.0,3.0,1,0,1,0
2013725,214,False,False,low_block,1325.4731999999997,38.519999999999996,34.41,1.0,0.0,0,0,0,0.0,2.0,0.0,3.0,1.0,0.0,0,1,0,0
2013725,215,False,False,medium_block,1296.9619249999998,37.555,34.535,0.0,0.3,0,0,0,0.0,1.0,2.0,2.0,1.0,0.0,0,0,1,0
2013725,216,False,False,low_block,1357.1855749999997,36.834999999999994,36.845,0.5,0.44999999999999996,0,0,0,0.0,1.0,3.0,2.0,1.0,0.0,0,1,0,0
2013725,217,False,False,medium_block,1330.925325,34.565,38.505,0.5,0.3,0,0,0,0.0,2.0,2.0,2.0,1.0,0.0,0,0,1,0
2013725,218,False,False,low_block,1432.817325,36.894999999999996,38.835,2.3333333333333335,0.9,0,1,0,0.0,3.0,1.0,3.0,2.0,1.0,1,1,0,0
2013725,219,False,False,medium_block,2941.6800000000003,52.53,56.0,1.0,1.2,0,1,0,0.0,2.0,3.0,1.0,2.0,1.0,1,0,1,0
2013725,222,False,False,medium_block,1417.904925,26.695,53.115,1.0,0.15,0,0,0,0.0,1.0,1.0,1.0,1.0,0.0,0,0,1,0
2013725,223,False,False,high_block,1860.6588000000004,30.980000000000004,60.06,1.3333333333333333,1.75,0,1,0,4.0,4.0,0.0,3.0,6.0,5.0,1,0,0,1
2013725,224,False,False,medium_block,2025.211425,32.205,62.885000000000005,2.0,1.5,0,1,0,3.0,3.0,0.0,2.0,5.0,4.0,1,0,1,0
2013725,225,False,False,medium_block,1984.7362500000002,40.65,48.825,0.5,0.0,0,0,0,0.0,1.0,0.0,2.0,1.0,0.0,0,0,1,0
2013725,226,False,False,medium_block,2101.999,40.54,51.85,1.5,0.0,0,0,0,0.0,0.0,0.0,0.0,1.0,0.0,0,0,1,0
2013725,227,False,False,medium_block,1706.65695,39.045,43.71,0.0,0.15,0,0,0,0.0,0.0,1.0,1.0,1.0,0.0,0,0,1,0
2013725,233,False,False,medium_block,1184.6052,25.91,45.72,2.6666666666666665,1.2,0,1,0,0.0,8.0,3.0,3.0,2.0,1.0,1,0,1,0
2013725,234,False,False,low_block,1092.7180500000002,21.885,49.93,3.0,1.2,0,1,0,0.0,7.0,3.0,3.0,2.0,1.0,1,1,0,0
2013725,235,False,False,high_block,2541.1468499999996,36.495,69.63,2.5,2.9,1,1,0,4.0,4.0,1.0,2.0,7.0,6.0,1,0,0,1
2013725,236,False,False,high_block,2303.3752,39.08,58.94,3.0,0.75,0,1,0,0.0,2.0,0.0,2.0,2.0,1.0,1,0,0,1
2013725,241,False,False,high_block,2348.6451000000006,39.18000000000001,59.945,3.0,0.5,0,0,0,2.0,3.0,0.0,1.0,3.0,2.0,0,0,0,1
2013725,242,False,False,medium_block,1951.7028500000001,32.81,59.485,3.0,1.35,0,1,0,0.0,2.0,4.0,1.0,2.0,1.0,1,0,1,0
2013725,243,False,False,low_block,1567.10715,27.509999999999998,56.965,2.5,1.35,0,1,0,0.0,3.0,4.0,2.0,2.0,1.0,1,1,0,0
2013725,246,False,False,medium_block,1657.815125,32.225,51.445,1.0,0.15,0,0,0,0.0,1.0,1.0,1.0,1.0,0.0,0,0,1,0
2013725,247,False,False,high_block,2718.4201999999996,39.879999999999995,68.16499999999999,3.0,0.3,0,0,0,0.0,1.0,2.0,1.0,1.0,0.0,0,0,0,1
2013725,248,False,False,medium_block,2275.7431,34.57,65.83,3.0,1.35,0,1,0,0.0,4.0,4.0,2.0,2.0,1.0,1,0,1,0
2013725,253,False,False,medium_block,1955.8915500000003,34.59,56.545,1.5,0.0,0,0,0,0.0,0.0,0.0,0.0,1.0,0.0,0,0,1,0
2013725,254,False,False,high_block,2478.182675,39.005,63.535,2.0,0.4,0,0,0,1.0,1.0,1.0,1.0,2.0,1.0,0,0,0,1
2013725,257,False,False,medium_block,1554.0801,28.509999999999998,54.51,3.0,0.0,0,0,0,0.0,1.0,0.0,1.0,1.0,0.0,0,0,1,0
2013725,259,False,False,low_block,2267.9132,51.38,44.14,1.5,0.75,0,1,0,0.0,1.0,0.0,1.0,2.0,1.0,1,1,0,0
2013725,260,False,False,medium_block,1942.9332999999997,43.504999999999995,44.66,2.0,1.2,0,1,0,0.0,3.0,3.0,2.0,2.0,1.0,1,0,1,0
2013725,261,False,False,low_block,1389.35125,33.25,41.785,3.0,1.05,0,1,0,0.0,7.0,2.0,3.0,2.0,1.0,1,1,0,0
2013725,263,False,False,medium_block,2667.2167999999997,41.11,64.88,1.5,0.9,0,1,0,0.0,0.0,1.0,1.0,2.0,1.0,1,0,1,0
2013725,267,False,False,medium_block,1344.3944,34.864999999999995,38.56,2.0,0.0,0,0,0,0.0,0.0,0.0,2.0,1.0,0.0,0,0,1,0
2013725,268,False,False,high_block,3010.565625,45.625,65.985,1.0,1.05,0,1,0,0.0,1.0,2.0,4.0,2.0,1.0,1,0,0,1
2013725,269,False,False,medium_block,2835.76425,43.45,65.265,1.5,1.05,0,1,0,0.0,2.0,2.0,4.0,2.0,1.0,1,0,1,0
2013725,270,False,False,low_block,2480.5704499999997,45.129999999999995,54.965,1.5,0.3,0,0,0,0.0,0.0,2.0,2.0,1.0,0.0,0,1,0,0
2013725,272,False,False,low_block,1108.5018750000002,34.875,31.785000000000004,1.0,0.15,0,0,0,0.0,1.0,1.0,1.0,1.0,0.0,0,1,0,0
2013725,273,False,False,medium_block,1584.535425,37.235,42.555,0.0,0.4,0,0,0,1.0,1.0,1.0,2.0,2.0,1.0,0,0,1,0
2013725,275,False,False,high_block,3302.145,47.65,69.3,3.0,0.5,0,0,0,2.0,3.0,0.0,2.0,3.0,2.0,0,0,0,1
2013725,278,False,False,high_block,2808.06525,39.37,71.325,3.0,0.75,0,0,0,3.0,3.0,0.0,2.0,4.0,3.0,0,0,0,1
2013725,280,False,False,medium_block,2577.394575,34.785,74.095,3.0,1.15,0,0,0,4.0,4.0,1.0,2.0,5.0,4.0,0,0,1,0
2013725,283,False,False,medium_block,1783.77,37.0,48.21,2.0,0.0,0,0,0,0.0,1.0,0.0,1.0,1.0,0.0,0,0,1,0
2013725,284,False,False,medium_block,2124.7504000000004,38.27,55.52,1.5,0.75,0,1,0,0.0,0.0,0.0,2.0,2.0,1.0,1,0,1,0
2013725,285,False,False,medium_block,3156.0844,59.56,52.99,1.5,1.35,0,1,0,0.0,2.0,6.0,4.0,2.0,1.0,1,0,1,0
2013725,286,False,False,low_block,2418.5081250000003,49.995000000000005,48.375,2.5,0.75,0,1,0,0.0,4.0,0.0,2.0,2.0,1.0,1,1,0,0
2013725,287,False,False,medium_block,1929.26595,39.705,48.59,0.0,0.3,0,0,0,0.0,1.0,2.0,2.0,1.0,0.0,0,0,1,0
2013725,288,False,False,high_block,2128.69465,36.835,57.79,0.0,0.44999999999999996,0,0,0,0.0,1.0,3.0,2.0,1.0,0.0,0,0,0,1
2013725,290,False,False,medium_block,1973.7675,36.1,54.675,1.5,2.7,1,1,0,2.0,2.0,3.0,2.0,5.0,4.0,1,0,1,0
2013725,292,False,False,high_block,2481.8334,37.995000000000005,65.32,3.3333333333333335,1.9,1,0,0,3.0,4.0,1.0,3.0,5.0,4.0,1,0,0,1
2013725,293,False,False,medium_block,2678.741325,38.265,70.005,4.0,1.65,1,0,0,2.0,2.0,1.0,1.0,4.0,3.0,1,0,1,0
2013725,304,False,False,medium_block,1718.5613999999998,38.82,44.269999999999996,2.3333333333333335,2.9,1,1,0,5.0,6.0,1.0,3.0,8.0,7.0,1,0,1,0
2013725,305,False,False,medium_block,3054.0908999999997,51.42,59.394999999999996,3.0,1.5,0,1,0,3.0,4.0,0.0,2.0,5.0,4.0,1,0,1,0
2013725,306,False,False,high_block,2435.74125,40.875,59.59,2.0,1.75,0,1,0,4.0,4.0,0.0,3.0,6.0,5.0,1,0,0,1
2013725,307,False,False,medium_block,2068.704,35.915,57.6,1.0,3.05,1,1,0,4.0,4.0,2.0,2.0,7.0,6.0,1,0,1,0
2013725,308,False,False,medium_block,2296.39675,40.269999999999996,57.025,1.0,3.05,1,1,0,4.0,4.0,2.0,2.0,7.0,6.0,1,0,1,0
2013725,309,False,False,high_block,2767.9739999999997,44.879999999999995,61.675,2.0,2.1,1,0,0,2.0,2.0,4.0,2.0,4.0,3.0,1,0,0,1
2013725,310,False,False,medium_block,2938.35375,48.15,61.025000000000006,3.0,2.8,1,1,0,3.0,3.0,2.0,4.0,6.0,5.0,1,0,1,0
2013725,311,False,False,medium_block,2505.33765,43.11,58.115,4.0,0.3,0,0,0,0.0,2.0,2.0,1.0,1.0,0.0,0,0,1,0
2013725,312,False,False,low_block,1954.26465,33.185,58.89,4.0,0.0,0,0,0,0.0,3.0,0.0,1.0,1.0,0.0,0,1,0,0
2013725,314,False,False,medium_block,2352.991,35.08,67.075,1.5,0.75,0,1,0,0.0,1.0,0.0,1.0,2.0,1.0,1,0,1,0
2013725,315,False,False,low_block,1289.4508749999998,32.665,39.474999999999994,2.5,0.0,0,0,0,0.0,2.0,0.0,2.0,1.0,0.0,0,1,0,0
2013725,318,False,False,medium_block,1708.6053,38.129999999999995,44.81,1.5,0.44999999999999996,0,0,0,0.0,0.0,3.0,1.0,1.0,0.0,0,0,1,0
2013725,320,False,False,medium_block,1748.1393000000003,30.060000000000002,58.155,2.0,0.9,0,1,0,0.0,2.0,1.0,2.0,2.0,1.0,1,0,1,0
2013725,321,False,False,low_block,1488.139375,27.725,53.675,3.0,0.3,0,0,0,0.0,1.0,2.0,1.0,1.0,0.0,0,1,0,0
2013725,323,False,False,medium_block,2511.630325,43.405,57.865,2.0,2.55,1,1,0,2.0,3.0,2.0,3.0,5.0,4.0,1,0,1,0
2013725,324,False,False,low_block,2039.26695,40.53,50.315,3.0,0.15,0,0,0,0.0,1.0,1.0,1.0,1.0,0.0,0,1,0,0
2013725,325,True,False,high_block,2164.9435750000002,31.765,68.155,2.5,0.75,0,1,0,0.0,2.0,0.0,2.0,2.0,1.0,1,0,0,1
2013725,329,False,False,medium_block,1344.4375,30.73,43.75,1.5,0.44999999999999996,0,0,0,0.0,0.0,3.0,1.0,1.0,0.0,0,0,1,0
2013725,330,False,False,high_block,1752.3890000000004,30.950000000000003,56.620000000000005,1.5,0.3,0,0,0,0.0,0.0,2.0,1.0,1.0,0.0,0,0,0,1
2013725,332,False,False,medium_block,1706.5597500000001,33.65,50.715,1.0,0.9,0,1,0,0.0,1.0,1.0,2.0,2.0,1.0,1,0,1,0
2013725,335,False,False,low_block,1491.6629750000002,36.245000000000005,41.155,0.5,0.0,0,0,0,0.0,1.0,0.0,2.0,1.0,0.0,0,1,0,0
2013725,338,False,False,high_block,1935.914625,27.765,69.725,3.0,0.75,0,1,0,0.0,2.0,0.0,2.0,2.0,1.0,1,0,0,1
2013725,344,False,False,medium_block,1943.913,33.69,57.7,1.0,2.7,1,1,0,2.0,2.0,3.0,2.0,5.0,4.0,1,0,1,0
2013725,345,False,False,high_block,2025.2004999999997,36.754999999999995,55.1,0.3333333333333333,0.0,0,0,0,0.0,0.0,0.0,3.0,1.0,0.0,0,0,0,1
2013725,346,False,False,medium_block,2300.3290500000003,42.465,54.17,1.0,0.9,0,1,0,0.0,1.0,1.0,2.0,2.0,1.0,1,0,1,0
2013725,350,False,False,medium_block,1958.3313749999998,38.775,50.504999999999995,0.0,0.0,0,0,0,0.0,0.0,0.0,1.0,1.0,0.0,0,0,1,0
2013725,351,False,False,high_block,2381.9259750000006,40.755,58.44500000000001,0.5,0.65,0,0,0,2.0,2.0,1.0,2.0,3.0,2.0,0,0,0,1
2013725,354,True,False,medium_block,1367.2989000000002,36.345,37.620000000000005,1.0,1.05,0,1,0,0.0,2.0,2.0,2.0,2.0,1.0,1,0,1,0
2013725,355,True,False,low_block,1568.03025,39.03,40.175,1.0,0.0,0,0,0,0.0,2.0,0.0,2.0,1.0,0.0,0,1,0,0
2013725,356,True,False,medium_block,1713.804375,38.875,44.085,2.0,1.35,0,1,0,0.0,1.0,4.0,1.0,2.0,1.0,1,0,1,0
2013725,357,True,False,low_block,1286.0639500000002,27.53,46.715,2.6666666666666665,1.35,0,1,0,0.0,2.0,4.0,4.0,2.0,1.0,1,1,0,0
2013725,359,False,False,low_block,1100.835775,28.405,38.754999999999995,1.0,0.25,0,0,0,1.0,2.0,0.0,1.0,2.0,1.0,0,1,0,0
2013725,360,False,False,medium_block,1853.87125,42.35,43.775,0.0,0.75,0,1,0,0.0,0.0,0.0,2.0,2.0,1.0,1,0,1,0
2013725,362,False,False,medium_block,1535.0548,36.17,42.44,1.6666666666666667,0.75,0,1,0,0.0,3.0,0.0,3.0,2.0,1.0,1,0,1,0
2013725,364,False,False,low_block,997.1757999999999,27.41,36.379999999999995,2.5,1.2,0,1,0,0.0,3.0,3.0,2.0,2.0,1.0,1,1,0,0
2013725,366,True,False,medium_block,2791.21005,48.870000000000005,57.115,2.5,0.85,0,0,0,1.0,2.0,4.0,2.0,2.0,1.0,0,0,1,0
2013725,367,True,False,high_block,2868.52525,46.925,61.13,1.5,2.3,1,0,0,4.0,4.0,2.0,2.0,6.0,5.0,1,0,0,1
2013725,368,True,False,medium_block,2341.496,38.96,60.1,1.0,0.6,0,0,0,0.0,0.0,4.0,1.0,1.0,0.0,0,0,1,0
2013725,369,True,False,low_block,2380.809375,43.785,54.375,1.5,0.0,0,0,0,0.0,0.0,0.0,0.0,1.0,0.0,0,1,0,0
2013725,370,False,False,medium_block,2381.9594250000005,45.935,51.855000000000004,1.0,0.75,0,0,0,3.0,3.0,0.0,2.0,4.0,3.0,0,0,1,0
2013725,371,False,False,high_block,2324.7716250000003,40.065,58.025000000000006,1.5,2.1,1,0,0,2.0,2.0,4.0,2.0,4.0,3.0,1,0,0,1
2013725,372,True,False,high_block,2706.062975,45.815,59.065,2.0,2.3,1,1,0,1.0,2.0,2.0,2.0,4.0,3.0,1,0,0,1
2013725,373,True,False,low_block,2412.6719999999996,49.44,48.8,2.0,1.05,0,1,0,0.0,3.0,2.0,1.0,2.0,1.0,1,1,0,0
2013725,374,False,False,high_block,3146.1469999999995,42.55,73.94,2.0,2.45,1,0,0,4.0,4.0,3.0,3.0,6.0,5.0,1,0,0,1
2013725,376,False,False,medium_block,,,,1.5,0.9,0,1,0,0.0,3.0,1.0,1.0,2.0,1.0,1,0,1,0
2013725,377,False,False,low_block,1494.5439999999996,32.209999999999994,46.4,3.0,0.9,0,1,0,0.0,6.0,1.0,3.0,2.0,1.0,1,1,0,0
2013725,378,False,False,medium_block,1425.03045,32.07,44.435,3.0,0.9,0,1,0,0.0,6.0,1.0,3.0,2.0,1.0,1,0,1,0
2013725,380,False,False,high_block,2262.0845,29.9,75.655,3.0,0.0,0,0,0,0.0,1.0,0.0,1.0,1.0,0.0,0,0,0,1
2013725,383,False,False,medium_block,1668.5115999999998,27.79,60.04,3.0,0.75,0,1,0,0.0,3.0,0.0,1.0,2.0,1.0,1,0,1,0
2013725,387,False,False,high_block,2123.0901999999996,31.955,66.44,3.5,2.4,1,1,0,2.0,2.0,1.0,2.0,5.0,4.0,1,0,0,1
2013725,388,False,False,medium_block,2262.4161999999997,36.019999999999996,62.81,3.0,0.5,0,0,0,2.0,2.0,0.0,1.0,3.0,2.0,0,0,1,0
2013725,393,False,False,low_block,1187.3836000000001,31.12,38.155,4.0,0.25,0,0,0,1.0,3.0,0.0,1.0,2.0,1.0,0,1,0,0
2013725,394,False,False,medium_block,1570.0163999999997,33.894999999999996,46.32,2.0,2.8,1,1,0,3.0,3.0,2.0,3.0,6.0,5.0,1,0,1,0
2013725,397,False,False,high_block,2418.939075,39.795,60.785,3.6666666666666665,1.95,0,1,0,3.0,5.0,3.0,3.0,5.0,4.0,1,0,0,1
2013725,398,False,False,medium_block,2048.8315000000002,34.85,58.79,3.25,1.5,0,1,0,3.0,5.0,0.0,4.0,5.0,4.0,1,0,1,0
2013725,399,False,False,low_block,1369.26825,27.195,50.35,3.0,0.75,0,1,0,0.0,2.0,0.0,3.0,2.0,1.0,1,1,0,0
2013725,402,False,False,medium_block,1810.7745750000001,36.585,49.495000000000005,1.5,1.55,1,0,0,1.0,2.0,2.0,2.0,3.0,2.0,1,0,1,0
2013725,408,False,False,medium_block,2082.5808749999997,43.455,47.925,1.5,0.15,0,0,0,0.0,0.0,1.0,1.0,1.0,0.0,0,0,1,0
2013725,409,False,False,medium_block,2560.9415999999997,39.76,64.41,2.0,0.65,0,0,0,2.0,2.0,1.0,2.0,3.0,2.0,0,0,1,0
2013725,410,False,False,high_block,2365.4398499999998,38.835,60.91,1.6666666666666667,0.9,0,0,0,3.0,3.0,1.0,3.0,4.0,3.0,0,0,0,1
2013725,411,False,False,medium_block,1865.4105,33.06,56.425,3.0,2.95,1,1,0,3.0,6.0,3.0,2.0,6.0,5.0,1,0,1,0
2013725,412,False,False,low_block,1368.3040999999998,28.854999999999997,47.42,3.0,1.05,0,1,0,0.0,3.0,2.0,2.0,2.0,1.0,1,1,0,0
2013725,415,False,False,medium_block,2632.9852499999997,42.175,62.43,3.0,1.8,1,0,0,2.0,3.0,2.0,1.0,4.0,3.0,1,0,1,0
2013725,418,False,False,low_block,743.94125,26.93,27.625,3.0,0.6,0,0,0,0.0,2.0,5.0,3.0,1.0,0.0,0,1,0,0
2013725,423,True,False,medium_block,1208.6318,27.740000000000002,43.57,3.0,1.2,0,1,0,0.0,4.0,3.0,1.0,2.0,1.0,1,0,1,0
2013725,424,True,False,low_block,1143.57915,30.87,37.045,3.0,1.35,0,1,0,0.0,4.0,4.0,3.0,2.0,1.0,1,1,0,0
2013725,425,False,False,high_block,3093.0359999999996,45.62,67.8,2.0,0.0,0,0,0,0.0,2.0,0.0,2.0,1.0,0.0,0,0,0,1
2013725,426,False,False,low_block,1851.844,45.2,40.97,1.0,0.0,0,0,0,0.0,3.0,0.0,3.0,1.0,0.0,0,1,0,0
2013725,427,False,False,medium_block,1542.8534000000002,41.620000000000005,37.07,1.0,0.0,0,0,0,0.0,2.0,0.0,2.0,1.0,0.0,0,0,1,0
2013725,428,False,False,low_block,2490.8714999999997,51.3,48.555,3.0,0.0,0,0,0,0.0,2.0,0.0,2.0,1.0,0.0,0,1,0,0
2013725,429,False,False,medium_block,1559.5469999999998,38.94,40.05,2.0,0.15,0,0,0,0.0,4.0,1.0,2.0,1.0,0.0,0,0,1,0
2013725,430,False,False,low_block,1399.7034999999998,34.45,40.629999999999995,2.3333333333333335,0.75,0,1,0,0.0,5.0,0.0,3.0,2.0,1.0,1,1,0,0
2013725,432,False,False,medium_block,1523.06465,29.105,52.33,1.0,0.4,0,0,0,1.0,1.0,1.0,1.0,2.0,1.0,0,0,1,0
2013725,433,False,False,high_block,2015.50725,33.575,60.03,3.0,1.0,0,1,0,1.0,3.0,0.0,2.0,3.0,2.0,1,0,0,1
2013725,434,False,False,medium_block,2293.8302750000003,36.905,62.155,3.0,1.0,0,1,0,1.0,3.0,0.0,2.0,3.0,2.0,1,0,1,0
2013725,440,False,False,low_block,1053.327375,30.465,34.575,1.0,0.75,0,1,0,0.0,4.0,0.0,3.0,2.0,1.0,1,1,0,0
2013725,441,False,False,medium_block,1414.4507999999998,31.08,45.51,0.0,0.6,0,0,0,0.0,1.0,4.0,2.0,1.0,0.0,0,0,1,0
2013725,442,False,False,high_block,2200.74925,35.769999999999996,61.525,2.0,1.95,1,0,0,2.0,2.0,3.0,1.0,4.0,3.0,1,0,0,1
2013725,443,False,False,medium_block,2308.9072499999997,36.81,62.724999999999994,3.0,1.55,0,1,0,2.0,3.0,2.0,2.0,4.0,3.0,1,0,1,0
2013725,444,False,False,medium_block,1262.1443749999999,30.505,41.375,1.5,0.15,0,0,0,0.0,0.0,1.0,0.0,1.0,0.0,0,0,1,0
2013725,445,False,False,low_block,1347.0128,33.144999999999996,40.64,4.0,0.3,0,0,0,0.0,1.0,2.0,1.0,1.0,0.0,0,1,0,0
2013725,447,False,False,high_block,1856.1342999999997,26.814999999999998,69.22,1.5,0.0,0,0,0,0.0,0.0,0.0,1.0,1.0,0.0,0,0,0,1
2013725,448,False,False,medium_block,2597.0723999999996,41.144999999999996,63.12,1.5,0.0,0,0,0,0.0,0.0,0.0,1.0,1.0,0.0,0,0,1,0
2013725,452,False,False,medium_block,1860.0749999999998,35.0,53.144999999999996,1.0,2.3,1,0,0,5.0,5.0,2.0,2.0,7.0,6.0,1,0,1,0
2013725,454,False,False,medium_block,1854.1856250000003,32.745000000000005,56.625,3.0,1.8,1,0,0,2.0,2.0,2.0,1.0,4.0,3.0,1,0,1,0
2013725,455,True,False,low_block,885.0039,23.02,38.445,2.0,0.44999999999999996,0,0,0,0.0,1.0,3.0,1.0,1.0,0.0,0,1,0,0
2013725,458,False,False,medium_block,1977.8290500000003,38.230000000000004,51.735,1.5,2.05,1,0,0,3.0,3.0,2.0,2.0,5.0,4.0,1,0,1,0
2013725,459,False,False,medium_block,1365.7536,32.58,41.92,0.0,0.15,0,0,0,0.0,1.0,1.0,1.0,1.0,0.0,0,0,1,0
2013725,461,False,False,medium_block,1390.1814,29.935,46.44,3.0,1.2,0,1,0,0.0,3.0,3.0,3.0,2.0,1.0,1,0,1,0
2013725,462,False,False,low_block,1374.0744,30.119999999999997,45.620000000000005,4.0,0.3,0,0,0,0.0,1.0,2.0,1.0,1.0,0.0,0,1,0,0
2013725,463,False,False,low_block,1323.8526,27.195,48.68,3.3333333333333335,0.3,0,0,0,0.0,5.0,2.0,3.0,1.0,0.0,0,1,0,0
2013725,468,False,False,low_block,1057.4401,31.42,33.655,0.5,0.0,0,0,0,0.0,1.0,0.0,2.0,1.0,0.0,0,1,0,0
2013725,469,False,False,medium_block,1103.2,32.0,34.475,0.5,0.0,0,0,0,0.0,3.0,0.0,2.0,1.0,0.0,0,0,1,0
2013725,470,False,False,low_block,1089.0462,31.53,34.54,0.0,0.0,0,0,0,0.0,1.0,0.0,1.0,1.0,0.0,0,1,0,0
2013725,471,False,False,medium_block,1084.0912500000002,30.75,35.255,2.0,0.75,0,1,0,0.0,4.0,0.0,3.0,2.0,1.0,1,0,1,0
2013725,472,False,False,low_block,796.4325,28.5,27.945,3.0,0.0,0,0,0,0.0,3.0,0.0,1.0,1.0,0.0,0,1,0,0
2013725,475,False,False,medium_block,2903.9265000000005,48.150000000000006,60.31,3.0,1.2,0,1,0,0.0,3.0,3.0,2.0,2.0,1.0,1,0,1,0
2013725,476,False,False,low_block,2432.30125,37.55,64.775,2.5,1.2,0,1,0,0.0,4.0,3.0,3.0,2.0,1.0,1,1,0,0
2015213,0,False,False,medium_block,1801.5584999999999,38.1,47.285,0.5,3.45,1,1,1,2.0,2.0,3.0,3.0,5.0,4.0,1,0,1,0
2015213,2,False,False,high_block,1938.622475,35.155,55.144999999999996,0.0,0.3,0,0,0,0.0,1.0,2.0,2.0,1.0,0.0,0,0,0,1
2015213,7,False,False,medium_block,1331.832325,35.285,37.745000000000005,1.0,0.75,0,1,0,0.0,0.0,0.0,1.0,2.0,1.0,1,0,1,0
2015213,10,False,False,medium_block,2154.9855999999995,40.16,53.66,2.0,0.6,0,0,0,0.0,2.0,6.0,1.0,1.0,0.0,0,0,1,0
2015213,11,False,False,low_block,1455.5,35.5,41.0,0.6666666666666666,0.0,0,0,0,0.0,2.0,0.0,3.0,1.0,0.0,0,1,0,0
2015213,12,False,False,medium_block,1168.99205,33.13,35.285,1.0,1.5,0,1,0,3.0,3.0,0.0,2.0,5.0,4.0,1,0,1,0
2015213,14,False,False,medium_block,1614.5584,29.119999999999997,55.445,2.0,1.8,1,0,0,2.0,4.0,2.0,3.0,4.0,3.0,1,0,1,0
2015213,15,False,False,high_block,2337.9987,37.795,61.86,1.0,0.0,0,0,0,0.0,1.0,0.0,2.0,1.0,0.0,0,0,0,1
2015213,17,False,False,high_block,2712.7295999999997,36.54,74.24,1.6666666666666667,1.5,0,1,0,3.0,3.0,0.0,3.0,5.0,4.0,1,0,0,1
2015213,21,False,False,medium_block,1946.4819499999999,37.03,52.565,3.0,2.7,1,1,0,2.0,3.0,3.0,3.0,5.0,4.0,1,0,1,0
2015213,22,False,False,high_block,2810.2368,42.56,66.03,2.0,2.65,1,1,0,3.0,3.0,1.0,3.0,6.0,5.0,1,0,0,1
2015213,23,False,False,medium_block,2717.5603,39.97,67.99000000000001,2.0,2.9,1,1,0,4.0,4.0,1.0,2.0,7.0,6.0,1,0,1,0
2015213,24,False,False,high_block,2608.7090999999996,40.394999999999996,64.58,3.0,3.05,1,1,0,4.0,4.0,2.0,2.0,7.0,6.0,1,0,0,1
2015213,25,False,False,medium_block,2467.977425,39.835,61.955,3.0,2.65,1,1,0,3.0,3.0,1.0,3.0,6.0,5.0,1,0,1,0
2015213,26,False,False,medium_block,2296.258025,48.665,47.185,3.0,2.65,1,1,0,3.0,4.0,1.0,3.0,6.0,5.0,1,0,1,0
2015213,27,False,False,low_block,1992.7908000000002,45.045,44.24,2.0,0.9,0,1,0,0.0,3.0,1.0,2.0,2.0,1.0,1,1,0,0
2015213,28,False,False,medium_block,1660.176,40.32,41.175,2.0,1.05,0,1,0,0.0,4.0,2.0,3.0,2.0,1.0,1,0,1,0
2015213,29,False,False,low_block,1490.7508500000001,38.195,39.03,0.3333333333333333,0.0,0,0,0,0.0,3.0,0.0,3.0,1.0,0.0,0,1,0,0
2015213,30,False,False,medium_block,1342.528125,35.625,37.685,0.5,0.0,0,0,0,0.0,2.0,0.0,2.0,1.0,0.0,0,0,1,0
2015213,31,False,False,low_block,1202.5365000000002,35.265,34.1,1.5,0.0,0,0,0,0.0,2.0,0.0,3.0,1.0,0.0,0,1,0,0
2015213,32,False,False,high_block,3115.3914,45.54,68.41,1.5,0.15,0,0,0,0.0,0.0,1.0,0.0,1.0,0.0,0,0,0,1
2015213,33,False,False,medium_block,1260.24245,26.03,48.415,1.5,0.9,0,1,0,0.0,0.0,1.0,2.0,2.0,1.0,1,0,1,0
2015213,38,False,False,high_block,2425.1167499999997,38.05,63.735,1.0,1.8,1,0,0,2.0,2.0,2.0,2.0,4.0,3.0,1,0,0,1
2015213,39,False,False,medium_block,2468.916525,42.085,58.665,1.0,1.8,1,0,0,2.0,2.0,2.0,2.0,4.0,3.0,1,0,1,0
2015213,40,False,False,high_block,2881.1135000000004,42.1,68.435,1.5,0.65,0,0,0,2.0,2.0,1.0,2.0,3.0,2.0,0,0,0,1
2015213,42,False,False,medium_block,2479.1390000000006,49.400000000000006,50.185,0.5,0.0,0,0,0,0.0,1.0,0.0,2.0,1.0,0.0,0,0,1,0
2015213,43,False,False,high_block,2520.1885,42.65,59.09,1.0,0.15,0,0,0,0.0,0.0,1.0,2.0,1.0,0.0,0,0,0,1
2015213,44,False,False,medium_block,2338.254375,40.875,57.205,1.0,1.65,1,0,0,2.0,2.0,1.0,2.0,4.0,3.0,1,0,1,0
2015213,45,False,False,high_block,2376.4775999999997,40.035,59.36,1.5,1.15,0,1,0,1.0,2.0,1.0,2.0,3.0,2.0,1,0,0,1
2015213,46,False,False,medium_block,2723.328,39.4,69.12,1.5,1.0,0,1,0,1.0,2.0,0.0,2.0,3.0,2.0,1,0,1,0
2015213,51,False,False,medium_block,1497.461575,35.305,42.415,0.0,0.55,0,0,0,1.0,2.0,2.0,1.0,2.0,1.0,0,0,1,0
2015213,52,False,False,medium_block,2765.273375,50.725,54.515,1.6666666666666667,1.75,0,1,0,4.0,4.0,0.0,3.0,6.0,5.0,1,0,1,0
2015213,53,False,False,high_block,2195.3405000000002,38.89,56.45,0.0,0.15,0,0,0,0.0,1.0,1.0,2.0,1.0,0.0,0,0,0,1
2015213,55,False,False,high_block,2455.7994999999996,39.724999999999994,61.82,2.0,1.15,0,1,0,1.0,1.0,1.0,2.0,3.0,2.0,1,0,0,1
2015213,56,False,False,medium_block,2205.7854,36.985,59.64,2.0,1.2,0,1,0,0.0,3.0,3.0,3.0,2.0,1.0,1,0,1,0
2015213,58,False,False,medium_block,1932.7763999999997,37.37,51.72,3.0,1.75,0,1,0,4.0,6.0,0.0,5.0,6.0,5.0,1,0,1,0
2015213,59,False,False,medium_block,1835.036825,38.915,47.155,2.0,1.15,0,1,0,1.0,1.0,1.0,1.0,3.0,2.0,1,0,1,0
2015213,60,False,False,high_block,2097.7619000000004,38.155,54.980000000000004,0.0,0.0,0,0,0,0.0,1.0,0.0,2.0,1.0,0.0,0,0,0,1
2015213,62,False,False,high_block,3073.874375,44.825,68.57499999999999,1.5,0.0,0,0,0,0.0,1.0,0.0,1.0,1.0,0.0,0,0,0,1
2015213,63,False,False,medium_block,2388.81405,41.19,57.995000000000005,1.5,0.3,0,0,0,0.0,0.0,2.0,0.0,1.0,0.0,0,0,1,0
2015213,64,False,False,low_block,1195.68085,28.21,42.385,2.0,0.9,0,1,0,0.0,2.0,1.0,2.0,2.0,1.0,1,1,0,0
2015213,65,False,False,medium_block,1388.38725,31.95,43.455,1.0,0.55,0,0,0,1.0,2.0,2.0,1.0,2.0,1.0,0,0,1,0
2015213,66,False,False,medium_block,2546.9718,43.62,58.39,1.0,0.55,0,0,0,1.0,2.0,2.0,1.0,2.0,1.0,0,0,1,0
2015213,67,False,False,high_block,2837.234,42.55,66.68,1.0,1.25,0,1,0,2.0,2.0,0.0,2.0,4.0,3.0,1,0,0,1
2015213,68,False,False,medium_block,1942.31345,40.865,47.53,0.0,1.4,1,0,0,1.0,1.0,1.0,1.0,3.0,2.0,1,0,1,0
2015213,69,False,False,high_block,2217.754875,37.605000000000004,58.975,1.0,1.4,1,0,0,1.0,1.0,1.0,1.0,3.0,2.0,1,0,0,1
2015213,70,False,False,medium_block,2388.7080749999996,37.245,64.13499999999999,1.0,1.4,1,0,0,1.0,1.0,1.0,1.0,3.0,2.0,1,0,1,0
2015213,71,False,False,medium_block,1868.7012000000002,38.980000000000004,47.94,0.5,0.8,0,0,0,2.0,2.0,2.0,2.0,3.0,2.0,0,0,1,0
2015213,72,False,False,high_block,2290.382325,41.685,54.945,0.0,0.3,0,0,0,0.0,0.0,2.0,1.0,1.0,0.0,0,0,0,1
2015213,73,False,False,medium_block,2647.1445,45.15,58.63,0.0,0.3,0,0,0,0.0,0.0,2.0,1.0,1.0,0.0,0,0,1,0
2015213,74,False,False,medium_block,2247.1998000000003,47.59,47.22,1.5,0.0,0,0,0,0.0,0.0,0.0,0.0,1.0,0.0,0,0,1,0
2015213,75,False,False,high_block,2551.6974,42.785,59.64,1.0,0.65,0,0,0,2.0,2.0,1.0,2.0,3.0,2.0,0,0,0,1
2015213,76,False,False,medium_block,1942.9488,37.83,51.36,2.0,0.3,0,0,0,0.0,2.0,2.0,2.0,1.0,0.0,0,0,1,0
2015213,77,False,False,medium_block,2252.082,46.225,48.72,1.6666666666666667,0.75,0,1,0,0.0,2.0,0.0,3.0,2.0,1.0,1,0,1,0
2015213,78,False,False,medium_block,1973.6196,39.855000000000004,49.519999999999996,0.0,0.15,0,0,0,0.0,1.0,1.0,1.0,1.0,0.0,0,0,1,0
2015213,80,False,False,medium_block,2626.6301999999996,48.519999999999996,54.135,3.0,1.2,0,1,0,0.0,4.0,3.0,2.0,2.0,1.0,1,0,1,0
2015213,81,False,False,low_block,1995.5208000000005,43.68000000000001,45.685,2.0,1.65,1,0,0,2.0,2.0,1.0,1.0,4.0,3.0,1,1,0,0
2015213,82,False,False,medium_block,1940.103425,43.195,44.915,1.5,1.25,0,0,1,2.0,2.0,0.0,2.0,3.0,2.0,1,0,1,0
2015213,83,False,False,high_block,2422.26405,41.385000000000005,58.53,2.0,3.8,1,1,1,4.0,4.0,2.0,3.0,7.0,6.0,1,0,0,1
2015213,84,False,False,medium_block,2487.3232499999995,39.425,63.089999999999996,2.5,3.4,1,1,1,3.0,3.0,1.0,2.0,6.0,5.0,1,0,1,0
2015213,90,False,False,high_block,2035.79325,27.025,75.33,3.0,0.75,0,1,0,0.0,1.0,0.0,2.0,2.0,1.0,1,0,0,1
2015213,92,False,False,medium_block,1374.6582499999997,28.174999999999997,48.79,2.0,1.05,0,1,0,0.0,4.0,2.0,2.0,2.0,1.0,1,0,1,0
2015213,93,False,False,low_block,1283.4433999999999,30.22,42.47,1.0,1.2,0,1,0,0.0,1.0,3.0,2.0,2.0,1.0,1,1,0,0
2015213,95,False,False,high_block,2290.3439000000003,38.545,59.42,2.0,1.95,1,0,0,2.0,2.0,3.0,2.0,4.0,3.0,1,0,0,1
2015213,96,False,False,medium_block,2270.547625,38.435,59.075,1.5,2.15,1,1,0,1.0,1.0,1.0,2.0,4.0,3.0,1,0,1,0
2015213,99,False,False,medium_block,1471.1100249999997,33.385,44.065,2.0,1.15,0,1,0,1.0,2.0,1.0,2.0,3.0,2.0,1,0,1,0
2015213,100,False,False,low_block,1484.2149,32.57,45.57,2.0,1.15,0,1,0,1.0,1.0,1.0,1.0,3.0,2.0,1,1,0,0
2015213,101,False,False,medium_block,1821.6682999999998,36.565,49.82,1.0,2.2,1,0,0,3.0,3.0,3.0,2.0,5.0,4.0,1,0,1,0
2015213,102,False,False,high_block,2634.28605,43.065,61.17,2.0,0.5,0,0,0,2.0,2.0,0.0,1.0,3.0,2.0,0,0,0,1
2015213,103,False,False,medium_block,3043.34855,44.99,67.645,2.0,0.5,0,0,0,2.0,2.0,0.0,1.0,3.0,2.0,0,0,1,0
2015213,104,False,False,low_block,1461.67675,38.45,38.015,2.0,0.15,0,0,0,0.0,3.0,1.0,2.0,1.0,0.0,0,1,0,0
2015213,105,False,False,high_block,2773.0604,44.54,62.26,2.0,0.0,0,0,0,0.0,2.0,0.0,1.0,1.0,0.0,0,0,0,1
2015213,106,False,False,medium_block,2401.50165,42.010000000000005,57.165,2.0,0.0,0,0,0,0.0,2.0,0.0,1.0,1.0,0.0,0,0,1,0
2015213,107,False,False,medium_block,1687.048,33.44,50.45,1.5,0.0,0,0,0,0.0,0.0,0.0,0.0,1.0,0.0,0,0,1,0
2015213,108,False,False,high_block,2366.2806499999997,38.629999999999995,61.254999999999995,1.0,0.85,0,0,0,1.0,1.0,5.0,1.0,2.0,1.0,0,0,0,1
2015213,110,False,False,medium_block,1771.0406999999998,36.14,49.004999999999995,0.0,0.5,0,0,0,2.0,2.0,0.0,2.0,3.0,2.0,0,0,1,0
2015213,111,False,False,high_block,2195.4024000000004,36.18,60.68000000000001,0.5,0.65,0,0,0,2.0,3.0,1.0,2.0,3.0,2.0,0,0,0,1
2015213,114,False,False,medium_block,1415.84625,29.25,48.405,0.0,0.75,0,1,0,0.0,1.0,0.0,2.0,2.0,1.0,1,0,1,0
2015213,115,False,False,high_block,1628.02605,32.515,50.07,0.0,0.15,0,0,0,0.0,0.0,1.0,2.0,1.0,0.0,0,0,0,1
2015213,117,False,False,medium_block,2174.290175,41.705,52.135000000000005,0.5,2.4,1,0,1,2.0,2.0,1.0,2.0,4.0,3.0,1,0,1,0
2015213,118,False,False,high_block,2005.28145,35.995,55.71,0.0,1.65,1,0,0,2.0,2.0,1.0,2.0,4.0,3.0,1,0,0,1
2015213,119,False,False,medium_block,2162.0343749999997,38.625,55.974999999999994,3.0,1.55,1,0,0,1.0,1.0,2.0,1.0,3.0,2.0,1,0,1,0
2015213,123,False,False,high_block,2555.1793249999996,35.905,71.16499999999999,2.0,1.4,1,0,0,1.0,1.0,1.0,1.0,3.0,2.0,1,0,0,1
2015213,126,True,False,low_block,1146.4096,29.365000000000002,39.04,2.5,1.05,0,1,0,0.0,4.0,2.0,2.0,2.0,1.0,1,1,0,0
2015213,129,False,False,medium_block,1866.2868,39.06,47.78,0.0,1.5,0,1,0,3.0,3.0,0.0,3.0,5.0,4.0,1,0,1,0
2015213,130,False,False,high_block,2178.7972999999997,36.91,59.03,0.5,0.65,0,0,0,2.0,2.0,1.0,2.0,3.0,2.0,0,0,0,1
2015213,140,False,False,high_block,2150.89875,35.75,60.165,0.0,0.15,0,0,0,0.0,1.0,1.0,2.0,1.0,0.0,0,0,0,1
2015213,142,False,False,high_block,2638.8636749999996,39.864999999999995,66.195,1.0,0.5,0,0,0,2.0,2.0,0.0,2.0,3.0,2.0,0,0,0,1
2015213,147,True,False,low_block,894.51725,26.29,34.025,1.5,0.75,0,1,0,0.0,0.0,0.0,1.0,2.0,1.0,1,1,0,0
2015213,148,False,False,high_block,2512.94,36.955,68.0,2.0,2.2,1,0,0,3.0,3.0,3.0,2.0,5.0,4.0,1,0,0,1
2015213,149,False,False,medium_block,2207.7405,34.335,64.3,3.0,2.1,0,1,0,3.0,3.0,5.0,3.0,5.0,4.0,1,0,1,0
2015213,152,False,False,medium_block,1301.0582749999999,28.195,46.144999999999996,3.0,0.15,0,0,0,0.0,2.0,1.0,1.0,1.0,0.0,0,0,1,0
2015213,153,False,False,medium_block,1300.0007999999998,26.759999999999998,48.58,3.0,1.2,0,1,0,0.0,2.0,3.0,1.0,2.0,1.0,1,0,1,0
2015213,154,False,False,low_block,1338.4440000000002,30.6,43.74,3.0,1.6,0,1,0,1.0,3.0,4.0,2.0,3.0,2.0,1,1,0,0
2015213,155,False,False,high_block,2473.2675000000004,37.125,66.62,1.0,1.3,0,1,0,1.0,1.0,2.0,2.0,3.0,2.0,1,0,0,1
2015213,156,False,False,medium_block,2172.53785,36.215,59.99,1.0,0.8,0,0,0,2.0,2.0,2.0,2.0,3.0,2.0,0,0,1,0
2015213,157,False,False,high_block,2436.6342,40.57,60.06,2.0,1.8,1,0,0,2.0,2.0,2.0,2.0,4.0,3.0,1,0,0,1
2015213,158,False,False,medium_block,2401.6462,41.11,58.42,2.5,2.6,1,1,0,1.0,6.0,7.0,2.0,4.0,3.0,1,0,1,0
2015213,159,False,False,low_block,1871.3463999999997,35.739999999999995,52.36,3.0,1.35,0,1,0,0.0,4.0,6.0,3.0,2.0,1.0,1,1,0,0
2015213,160,False,False,high_block,2404.633725,35.685,67.385,3.0,2.4,1,1,0,2.0,2.0,1.0,1.0,5.0,4.0,1,0,0,1
2015213,161,False,False,medium_block,2220.1146,36.17,61.379999999999995,3.0,3.2,1,1,0,4.0,4.0,3.0,2.0,7.0,6.0,1,0,1,0
2015213,162,False,False,medium_block,1841.40795,39.629999999999995,46.465,2.0,0.15,0,0,0,0.0,1.0,1.0,1.0,1.0,0.0,0,0,1,0
2015213,163,False,False,low_block,1719.596875,41.065,41.875,2.0,0.44999999999999996,0,0,0,0.0,2.0,3.0,2.0,1.0,0.0,0,1,0,0
2015213,164,False,False,medium_block,2105.85975,41.11,51.225,1.0,0.25,0,0,0,1.0,1.0,0.0,1.0,2.0,1.0,0,0,1,0
2015213,170,False,False,medium_block,1623.558425,30.665,52.945,2.0,1.05,0,1,0,0.0,2.0,2.0,1.0,2.0,1.0,1,0,1,0
2015213,171,False,False,low_block,1273.64525,25.45,50.045,2.0,1.05,0,1,0,0.0,4.0,2.0,2.0,2.0,1.0,1,1,0,0
2015213,172,False,False,high_block,2191.221625,32.815,66.775,2.0,1.05,0,1,0,0.0,2.0,2.0,1.0,2.0,1.0,1,0,0,1
2015213,173,False,False,medium_block,2234.709,35.22,63.45,2.0,1.05,0,1,0,0.0,2.0,2.0,1.0,2.0,1.0,1,0,1,0
2015213,176,False,False,high_block,1510.70235,23.77,63.555,3.5,2.65,1,1,0,3.0,4.0,1.0,2.0,6.0,5.0,1,0,0,1
2015213,177,False,False,medium_block,1796.1153749999999,26.025,69.015,3.0,2.9,1,1,0,4.0,5.0,1.0,3.0,7.0,6.0,1,0,1,0
2015213,178,False,False,medium_block,1641.3347500000002,35.09,46.775,0.5,1.95,1,0,0,2.0,2.0,3.0,2.0,4.0,3.0,1,0,1,0
2015213,179,False,False,high_block,2244.2776,37.58,59.72,1.0,2.1,1,0,0,2.0,2.0,5.0,3.0,4.0,3.0,1,0,0,1
2015213,180,False,False,medium_block,2271.8007000000002,41.46,54.795,0.5,1.0,0,0,1,1.0,1.0,0.0,2.0,2.0,1.0,1,0,1,0
2015213,181,False,False,medium_block,2660.71725,54.245000000000005,49.05,1.3333333333333333,2.0,0,1,1,2.0,3.0,0.0,3.0,4.0,3.0,1,0,1,0
2015213,182,False,False,high_block,2714.002275,43.035,63.065,2.0,1.15,0,0,1,1.0,1.0,1.0,1.0,2.0,1.0,1,0,0,1
2015213,184,False,False,medium_block,2351.6732,37.34,62.980000000000004,1.5,0.6,0,0,0,0.0,2.0,6.0,2.0,1.0,0.0,0,0,1,0
2015213,185,False,False,low_block,1734.12875,38.05,45.575,1.0,0.75,0,1,0,0.0,2.0,0.0,2.0,2.0,1.0,1,1,0,0
2015213,186,False,False,medium_block,1683.195075,36.635000000000005,45.94499999999999,1.5,0.8,0,0,0,2.0,2.0,2.0,2.0,3.0,2.0,0,0,1,0
2015213,189,False,False,medium_block,1441.6212500000001,32.215,44.75,1.0,0.44999999999999996,0,0,0,0.0,2.0,3.0,1.0,1.0,0.0,0,0,1,0
2015213,190,False,False,low_block,1496.4846,33.735,44.36,2.5,0.44999999999999996,0,0,0,0.0,4.0,3.0,2.0,1.0,0.0,0,1,0,0
2015213,191,True,False,high_block,2627.1915000000004,37.585,69.9,1.0,1.0,0,1,0,1.0,1.0,0.0,3.0,3.0,2.0,1,0,0,1
2015213,192,True,False,medium_block,2629.649875,38.075,69.065,1.0,0.3,0,0,0,0.0,0.0,2.0,1.0,1.0,0.0,0,0,1,0
2015213,193,True,False,low_block,1988.828,32.8,60.635000000000005,2.0,0.6,0,0,0,0.0,2.0,4.0,2.0,1.0,0.0,0,1,0,0
2015213,194,False,False,high_block,2601.153,34.425,75.56,2.0,1.25,0,0,1,2.0,2.0,0.0,2.0,3.0,2.0,1,0,0,1
2015213,196,False,False,medium_block,1986.96525,29.85,66.565,2.0,0.75,0,1,0,0.0,3.0,0.0,1.0,2.0,1.0,1,0,1,0
2015213,198,False,False,medium_block,1798.7355999999997,32.739999999999995,54.94,2.0,2.1,1,0,0,2.0,3.0,5.0,2.0,4.0,3.0,1,0,1,0
2015213,199,False,False,low_block,1636.0266,35.62,45.93,0.5,0.3,0,0,0,0.0,1.0,2.0,2.0,1.0,0.0,0,1,0,0
2015213,200,True,False,medium_block,1356.083575,35.255,38.465,0.5,0.3,0,0,0,0.0,1.0,2.0,2.0,1.0,0.0,0,0,1,0
2015213,201,True,False,low_block,1398.08565,35.67,39.195,0.0,0.15,0,0,0,0.0,1.0,1.0,1.0,1.0,0.0,0,1,0,0
2015213,202,True,False,medium_block,1636.1559749999997,39.535,41.385,0.0,0.0,0,0,0,0.0,0.0,0.0,1.0,1.0,0.0,0,0,1,0
2015213,203,True,False,low_block,1743.2993999999999,42.18,41.33,2.0,0.0,0,0,0,0.0,1.0,0.0,1.0,1.0,0.0,0,1,0,0
2015213,204,False,False,medium_block,2586.8975,49.51,52.25,1.5,0.0,0,0,0,0.0,0.0,0.0,1.0,1.0,0.0,0,0,1,0
2015213,205,False,False,high_block,2112.694125,40.415,52.275,0.0,0.0,0,0,0,0.0,0.0,0.0,2.0,1.0,0.0,0,0,0,1
2015213,206,False,False,medium_block,1883.8690000000001,38.135000000000005,49.4,1.5,0.15,0,0,0,0.0,0.0,1.0,1.0,1.0,0.0,0,0,1,0
2015213,209,False,False,low_block,1169.583,24.14,48.45,2.5,0.75,0,1,0,0.0,3.0,0.0,2.0,2.0,1.0,1,1,0,0
2015213,210,False,False,medium_block,1205.867475,25.605,47.095,2.5,0.75,0,1,0,0.0,3.0,0.0,2.0,2.0,1.0,1,0,1,0
2015213,211,False,False,low_block,1229.713475,27.185000000000002,45.235,1.0,0.9,0,1,0,0.0,3.0,1.0,3.0,2.0,1.0,1,1,0,0
2015213,212,False,False,medium_block,1292.3311749999998,29.814999999999998,43.345,1.0,0.3,0,0,0,0.0,1.0,2.0,2.0,1.0,0.0,0,0,1,0
2015213,213,False,False,low_block,1069.341,27.299999999999997,39.17,2.0,0.6,0,0,0,0.0,1.0,5.0,1.0,1.0,0.0,0,1,0,0
2015213,216,False,False,low_block,1179.3453749999999,31.015,38.025,0.0,0.0,0,0,0,0.0,1.0,0.0,3.0,1.0,0.0,0,1,0,0
2015213,217,False,False,medium_block,1439.8382250000002,34.335,41.935,0.0,0.3,0,0,0,0.0,1.0,2.0,1.0,1.0,0.0,0,0,1,0
2015213,218,False,False,high_block,2036.7811000000002,39.980000000000004,50.945,0.5,0.5,0,0,0,2.0,2.0,0.0,2.0,3.0,2.0,0,0,0,1
2015213,219,False,False,medium_block,2510.6271,45.31,55.41,1.5,1.65,1,0,0,2.0,2.0,1.0,2.0,4.0,3.0,1,0,1,0
2015213,221,False,False,medium_block,2889.336575,52.864999999999995,54.655,2.0,1.65,1,0,0,2.0,2.0,1.0,1.0,4.0,3.0,1,0,1,0
2015213,222,False,False,high_block,2844.5084999999995,46.05,61.769999999999996,0.0,0.25,0,0,0,1.0,1.0,0.0,1.0,2.0,1.0,0,0,0,1
2015213,223,False,False,medium_block,2692.16415,41.13,65.455,1.5,1.0,0,1,0,1.0,2.0,0.0,2.0,3.0,2.0,1,0,1,0
2015213,225,False,False,medium_block,1140.8565000000003,25.060000000000002,45.525000000000006,1.0,0.0,0,0,0,0.0,1.0,0.0,1.0,1.0,0.0,0,0,1,0
2015213,226,False,False,medium_block,1629.7057000000002,36.260000000000005,44.945,3.0,1.5,0,1,0,3.0,5.0,0.0,2.0,5.0,4.0,1,0,1,0
2015213,228,False,False,medium_block,2197.8015,39.019999999999996,56.325,3.0,0.6,0,0,0,0.0,1.0,4.0,1.0,1.0,0.0,0,0,1,0
2015213,229,False,False,low_block,2060.9597249999997,36.135,57.035,3.0,0.6,0,0,0,0.0,1.0,4.0,1.0,1.0,0.0,0,1,0,0
2015213,231,False,False,low_block,1608.6825,37.629999999999995,42.75,4.0,0.0,0,0,0,0.0,1.0,0.0,1.0,1.0,0.0,0,1,0,0
2015213,232,False,False,medium_block,1756.443375,37.575,46.745,2.0,0.3,0,0,0,0.0,1.0,2.0,2.0,1.0,0.0,0,0,1,0
2015213,233,False,False,high_block,2335.3951500000003,41.67,56.045,2.0,3.35,1,1,0,4.0,4.0,4.0,2.0,7.0,6.0,1,0,0,1
2015213,234,False,False,medium_block,2627.5692999999997,45.26,58.055,2.0,3.35,1,1,0,6.0,6.0,4.0,3.0,8.0,8.0,1,0,1,0
2015213,235,False,False,high_block,2471.4759,41.205,59.980000000000004,0.0,0.8,0,0,0,2.0,2.0,2.0,1.0,3.0,2.0,0,0,0,1
2015213,236,False,False,medium_block,2062.447625,33.144999999999996,62.225,2.3333333333333335,2.7,1,1,0,2.0,3.0,3.0,3.0,5.0,4.0,1,0,1,0
2015213,237,False,False,medium_block,2229.296,40.239999999999995,55.4,1.0,0.0,0,0,0,0.0,1.0,0.0,1.0,1.0,0.0,0,0,1,0
2015213,238,False,False,medium_block,1781.5812,40.18,44.34,0.0,0.44999999999999996,0,0,0,0.0,0.0,3.0,2.0,1.0,0.0,0,0,1,0
2015213,240,False,False,low_block,1323.991875,31.025,42.675,3.0,0.75,0,1,0,0.0,5.0,0.0,3.0,2.0,1.0,1,1,0,0
2015213,242,False,False,medium_block,1802.9599500000002,38.17,47.235,3.0,0.9,0,1,0,0.0,4.0,1.0,2.0,2.0,1.0,1,0,1,0
2015213,243,False,False,low_block,1561.3826000000001,34.46,45.31,3.0,0.3,0,0,0,0.0,3.0,2.0,1.0,1.0,0.0,0,1,0,0
2015213,250,False,False,medium_block,1860.38775,36.075,51.57,1.5,0.0,0,0,0,0.0,0.0,0.0,1.0,1.0,0.0,0,0,1,0
2015213,251,False,False,high_block,2204.2328,33.88,65.06,2.0,1.5,0,1,0,3.0,3.0,0.0,2.0,5.0,4.0,1,0,0,1
2015213,253,False,False,medium_block,1917.2848500000002,41.730000000000004,45.945,2.3333333333333335,1.65,0,1,0,3.0,3.0,1.0,3.0,5.0,4.0,1,0,1,0
2015213,254,False,False,medium_block,2334.8935749999996,40.114999999999995,58.205,3.0,1.05,0,1,0,0.0,1.0,2.0,1.0,2.0,1.0,1,0,1,0
2015213,255,False,False,medium_block,876.64325,31.705000000000002,27.65,3.0,1.35,0,1,0,0.0,1.0,4.0,1.0,2.0,1.0,1,0,1,0
2015213,257,False,False,low_block,1008.0172249999998,24.205,41.644999999999996,1.0,0.9,0,1,0,0.0,2.0,1.0,1.0,2.0,1.0,1,1,0,0
2015213,259,False,False,medium_block,2463.547475,48.394999999999996,50.905,0.0,0.15,0,0,0,0.0,0.0,1.0,1.0,1.0,0.0,0,0,1,0
2015213,261,False,False,high_block,2608.66365,40.805,63.93,1.5,0.0,0,0,0,0.0,0.0,0.0,1.0,1.0,0.0,0,0,0,1
2015213,262,False,False,medium_block,1981.5391,30.11,65.81,1.5,0.0,0,0,0,0.0,0.0,0.0,1.0,1.0,0.0,0,0,1,0
2015213,263,False,False,medium_block,1859.9636249999999,37.405,49.724999999999994,0.5,0.44999999999999996,0,0,0,0.0,1.0,3.0,2.0,1.0,0.0,0,0,1,0
2015213,267,False,False,medium_block,1764.5784,35.88,49.18,1.5,0.44999999999999996,0,0,0,0.0,0.0,3.0,1.0,1.0,0.0,0,0,1,0
2015213,268,False,False,high_block,2067.9575250000003,36.885000000000005,56.065,0.5,2.55,1,0,1,2.0,2.0,2.0,2.0,4.0,3.0,1,0,0,1
2015213,269,False,False,medium_block,2376.73305,38.205,62.21,0.5,2.55,1,0,1,2.0,2.0,2.0,2.0,4.0,3.0,1,0,1,0
2015213,272,True,False,low_block,1014.7491250000002,21.905,46.325,3.0,0.75,0,1,0,0.0,2.0,0.0,1.0,2.0,1.0,1,1,0,0
2015213,273,True,False,medium_block,854.3117500000002,20.365000000000002,41.95,3.0,1.05,0,1,0,0.0,5.0,2.0,2.0,2.0,1.0,1,0,1,0
2015213,274,True,False,low_block,860.7914999999999,19.7,43.695,3.0,1.35,0,1,0,0.0,4.0,4.0,2.0,2.0,1.0,1,1,0,0
2015213,275,False,False,high_block,2592.6159,38.29,67.71,1.5,0.15,0,0,0,0.0,1.0,1.0,1.0,1.0,0.0,0,0,0,1
2015213,278,False,False,low_block,1062.144,28.8,36.879999999999995,3.3333333333333335,1.05,0,1,0,0.0,3.0,2.0,3.0,2.0,1.0,1,1,0,0
2015213,279,False,False,medium_block,1362.677625,31.634999999999998,43.075,0.0,1.7,1,0,0,1.0,1.0,3.0,1.0,3.0,2.0,1,0,1,0
2015213,282,False,False,medium_block,1557.8703750000002,32.405,48.075,3.0,2.15,1,1,0,1.0,5.0,1.0,2.0,4.0,3.0,1,0,1,0
2015213,285,False,False,medium_block,2291.116875,38.265,59.875,1.0,0.44999999999999996,0,0,0,0.0,2.0,3.0,1.0,1.0,0.0,0,0,1,0
2015213,287,False,False,medium_block,1528.9344,30.72,49.77,0.0,0.15,0,0,0,0.0,0.0,1.0,2.0,1.0,0.0,0,0,1,0
2015213,288,False,False,high_block,2254.67035,36.835,61.21,1.0,2.05,1,0,0,3.0,3.0,2.0,2.0,5.0,4.0,1,0,0,1
2015213,289,False,False,medium_block,2503.0719,37.66,66.465,2.5,1.75,0,1,0,4.0,6.0,0.0,2.0,6.0,5.0,1,0,1,0
2015213,291,False,False,medium_block,1804.85375,38.71,46.625,2.0,1.0,0,1,0,1.0,3.0,0.0,2.0,3.0,2.0,1,0,1,0
2015213,292,True,False,medium_block,1890.654675,37.435,50.504999999999995,2.0,1.4,0,0,1,2.0,2.0,1.0,2.0,3.0,2.0,1,0,1,0
2015213,293,True,False,high_block,2143.88225,37.175,57.67,1.5,1.45,0,0,1,1.0,1.0,3.0,2.0,2.0,1.0,1,0,0,1
2015213,294,True,False,medium_block,1944.613125,32.625,59.605000000000004,1.5,1.35,0,1,0,0.0,2.0,5.0,2.0,2.0,1.0,1,0,1,0
2015213,295,False,False,low_block,1421.3206,25.34,56.09,1.0,1.35,0,1,0,0.0,1.0,4.0,1.0,2.0,1.0,1,1,0,0
2015213,296,False,False,high_block,2574.7246,35.77,71.97999999999999,1.5,0.0,0,0,0,0.0,1.0,0.0,1.0,1.0,0.0,0,0,0,1
2015213,298,False,False,low_block,2573.21295,50.47,50.985,2.0,0.0,0,0,0,0.0,2.0,0.0,2.0,1.0,0.0,0,1,0,0
2015213,299,False,False,medium_block,1912.7214,39.32,48.644999999999996,2.0,0.15,0,0,0,0.0,1.0,1.0,1.0,1.0,0.0,0,0,1,0
2015213,300,False,False,low_block,1402.004175,32.145,43.614999999999995,1.0,0.15,0,0,0,0.0,1.0,1.0,2.0,1.0,0.0,0,1,0,0
2015213,301,False,False,medium_block,1480.744,34.15,43.36,0.5,0.4,0,0,0,1.0,2.0,1.0,2.0,2.0,1.0,0,0,1,0
2015213,305,True,False,medium_block,2135.327125,35.675,59.855000000000004,1.5,1.35,0,1,0,0.0,2.0,4.0,2.0,2.0,1.0,1,0,1,0
2015213,306,True,False,low_block,1874.41865,32.435,57.79,1.0,0.3,0,0,0,0.0,1.0,2.0,2.0,1.0,0.0,0,1,0,0
2015213,307,False,False,high_block,2490.65355,33.845,73.59,1.5,1.15,0,1,0,1.0,1.0,1.0,1.0,3.0,2.0,1,0,0,1
2015213,308,False,False,medium_block,2452.37085,38.19,64.215,1.5,2.55,1,1,0,2.0,2.0,2.0,2.0,5.0,4.0,1,0,1,0
2015213,309,False,False,medium_block,1906.8551999999997,38.16,49.97,1.0,1.65,1,0,0,2.0,2.0,1.0,1.0,4.0,3.0,1,0,1,0
2015213,310,False,False,high_block,2160.611,37.175,58.120000000000005,1.0,0.5,0,0,0,2.0,2.0,0.0,2.0,3.0,2.0,0,0,0,1
2015213,314,False,False,high_block,2877.769125,39.435,72.975,0.5,2.15,1,1,0,1.0,1.0,1.0,2.0,4.0,3.0,1,0,0,1
2015213,315,False,False,medium_block,2798.5293999999994,41.379999999999995,67.63,1.0,1.05,0,1,0,0.0,2.0,2.0,2.0,2.0,1.0,1,0,1,0
2015213,318,False,False,low_block,1058.2377,24.18,43.765,3.0,1.05,0,1,0,0.0,5.0,2.0,3.0,2.0,1.0,1,1,0,0
2015213,322,False,False,medium_block,1779.9002,30.68,58.015,3.0,0.15,0,0,0,0.0,5.0,1.0,1.0,1.0,0.0,0,0,1,0
2015213,323,False,False,low_block,1791.9875,33.875,52.9,3.5,0.15,0,0,0,0.0,4.0,1.0,2.0,1.0,0.0,0,1,0,0
2015213,325,False,False,high_block,2377.721775,33.605000000000004,70.755,2.0,2.2,1,0,0,3.0,3.0,3.0,1.0,5.0,4.0,1,0,0,1
2015213,326,False,False,medium_block,2529.1735,41.77,60.55,3.0,1.95,1,0,0,2.0,2.0,3.0,1.0,4.0,3.0,1,0,1,0
2015213,328,True,False,medium_block,1498.339625,30.175,49.655,1.0,0.0,0,0,0,0.0,2.0,0.0,2.0,1.0,0.0,0,0,1,0
2015213,329,True,False,high_block,1849.56915,32.89,56.235,1.3333333333333333,2.95,1,1,0,3.0,3.0,3.0,3.0,6.0,5.0,1,0,0,1
2015213,330,True,False,medium_block,2104.5263750000004,34.475,61.045,2.0,1.95,0,1,0,3.0,3.0,3.0,2.0,5.0,4.0,1,0,1,0
2015213,331,True,False,high_block,2102.0175000000004,33.525000000000006,62.7,2.3333333333333335,3.2,1,1,0,4.0,4.0,3.0,3.0,7.0,6.0,1,0,0,1
2015213,332,True,False,medium_block,1988.6383750000002,31.775,62.58500000000001,1.0,0.6,0,0,0,0.0,0.0,4.0,1.0,1.0,0.0,0,0,1,0
2015213,333,True,False,low_block,1304.6973,23.47,55.59,1.0,0.9,0,1,0,0.0,5.0,1.0,1.0,2.0,1.0,1,1,0,0
2015213,334,False,False,high_block,2847.7412,39.53,72.03999999999999,2.0,1.65,1,0,0,2.0,2.0,1.0,2.0,4.0,3.0,1,0,0,1
2015213,336,False,False,medium_block,2256.7132500000002,36.965,61.05,2.0,1.4,1,0,0,1.0,1.0,1.0,1.0,3.0,2.0,1,0,1,0
2015213,337,False,False,high_block,2512.338,35.400000000000006,70.97,2.5,1.0,0,0,0,4.0,4.0,0.0,2.0,5.0,4.0,0,0,0,1
2015213,338,False,False,medium_block,1976.726475,34.345,57.555,3.0,0.9,0,1,0,0.0,2.0,1.0,2.0,2.0,1.0,1,0,1,0
2015213,351,False,False,low_block,1304.8728,36.84,35.42,1.5,0.75,0,1,0,0.0,2.0,0.0,2.0,2.0,1.0,1,1,0,0
2015213,352,False,False,medium_block,1415.9972750000002,36.415,38.885000000000005,1.75,1.05,0,1,0,0.0,3.0,2.0,4.0,2.0,1.0,1,0,1,0
2015213,353,False,False,low_block,1472.823,35.64,41.325,1.6666666666666667,1.05,0,1,0,0.0,2.0,2.0,3.0,2.0,1.0,1,1,0,0
2015213,355,False,False,high_block,2746.061175,37.894999999999996,72.465,1.5,1.95,1,0,0,2.0,2.0,3.0,2.0,4.0,3.0,1,0,0,1
2015213,357,False,False,medium_block,2839.6639999999998,46.705,60.8,2.0,1.4,1,0,0,1.0,1.0,1.0,1.0,3.0,2.0,1,0,1,0
2015213,358,False,False,high_block,2473.694,39.769999999999996,62.2,1.5,0.75,0,1,0,0.0,0.0,0.0,2.0,2.0,1.0,1,0,0,1
2015213,359,False,False,medium_block,2206.6406999999995,39.644999999999996,55.66,0.0,0.25,0,0,0,1.0,1.0,0.0,2.0,2.0,1.0,0,0,1,0
2015213,362,False,False,medium_block,1185.3054000000002,25.23,46.980000000000004,2.0,1.4,0,1,0,2.0,4.0,1.0,2.0,4.0,3.0,1,0,1,0
2015213,363,False,False,low_block,1648.8296749999997,33.455,49.285,2.0,0.55,0,0,0,1.0,1.0,2.0,1.0,2.0,1.0,0,1,0,0
2015213,364,False,False,medium_block,2003.7968999999996,38.254999999999995,52.379999999999995,2.0,1.8,1,0,0,2.0,2.0,2.0,2.0,4.0,3.0,1,0,1,0
2015213,365,False,False,high_block,2260.85475,35.59,63.525,2.0,1.65,0,1,0,3.0,3.0,1.0,3.0,5.0,4.0,1,0,0,1
2015213,367,False,False,medium_block,2059.2802500000003,32.765,62.85,2.0,1.35,0,1,0,0.0,1.0,4.0,1.0,2.0,1.0,1,0,1,0
2015213,368,False,False,low_block,1481.7516,33.68,43.995000000000005,1.6666666666666667,0.75,0,1,0,0.0,2.0,0.0,3.0,2.0,1.0,1,1,0,0
2015213,370,False,False,medium_block,2092.016,42.4,49.34,1.5,0.15,0,0,0,0.0,0.0,1.0,1.0,1.0,0.0,0,0,1,0
2015213,372,True,False,medium_block,1303.5370249999999,27.244999999999997,47.845,2.5,1.35,0,1,0,0.0,6.0,5.0,2.0,2.0,1.0,1,0,1,0
2015213,373,True,False,low_block,1264.509125,27.005,46.825,2.5,1.35,0,1,0,0.0,6.0,6.0,2.0,2.0,1.0,1,1,0,0
2015213,374,False,False,high_block,2625.7972,38.74,67.78,2.3333333333333335,2.8,1,1,0,3.0,4.0,2.0,3.0,6.0,5.0,1,0,0,1
2015213,376,False,False,medium_block,1918.156075,29.755,64.465,2.5,1.35,0,1,0,0.0,4.0,7.0,2.0,2.0,1.0,1,0,1,0
2015213,377,False,False,low_block,1876.5084,32.11,58.44,3.5,1.35,0,1,0,0.0,3.0,4.0,2.0,2.0,1.0,1,1,0,0
2015213,378,False,False,medium_block,2055.2194,38.545,53.32,4.0,0.44999999999999996,0,0,0,0.0,1.0,3.0,2.0,1.0,0.0,0,0,1,0
2015213,380,False,False,high_block,2736.6756,36.665,74.64,1.0,0.0,0,0,0,0.0,1.0,0.0,1.0,1.0,0.0,0,0,0,1
2015213,381,False,False,medium_block,2183.0440500000004,31.515,69.27000000000001,1.0,0.0,0,0,0,0.0,1.0,0.0,1.0,1.0,0.0,0,0,1,0
2015213,382,False,False,low_block,2387.6159999999995,47.599999999999994,50.16,3.0,0.75,0,1,0,0.0,2.0,0.0,1.0,2.0,1.0,1,1,0,0
2015213,383,False,False,medium_block,1775.5853000000002,36.17,49.09,2.0,2.3,0,1,1,2.0,3.0,2.0,3.0,4.0,3.0,1,0,1,0
2015213,384,False,False,medium_block,449.1585,18.9,23.765,1.0,0.3,0,0,0,0.0,0.0,2.0,1.0,1.0,0.0,0,0,1,0
2015213,385,False,False,high_block,1665.5766750000005,25.865000000000002,64.39500000000001,1.0,0.3,0,0,0,0.0,1.0,2.0,1.0,1.0,0.0,0,0,0,1
2015213,386,False,False,medium_block,1523.9258999999997,27.54,55.334999999999994,1.0,1.05,0,1,0,0.0,0.0,2.0,2.0,2.0,1.0,1,0,1,0
2015213,387,False,False,high_block,2553.9804,35.730000000000004,71.47999999999999,0.0,0.4,0,0,0,1.0,1.0,1.0,1.0,2.0,1.0,0,0,0,1
2015213,388,False,False,medium_block,2321.3308500000003,37.89,61.265,2.3333333333333335,2.7,1,1,0,2.0,3.0,3.0,3.0,5.0,4.0,1,0,1,0
2015213,390,False,False,medium_block,1843.532,36.29,50.8,1.6666666666666667,2.2,0,1,0,4.0,4.0,3.0,3.0,6.0,5.0,1,0,1,0
2015213,391,False,False,medium_block,2027.7212499999998,43.489999999999995,46.625,2.0,1.65,0,1,0,3.0,3.0,1.0,2.0,5.0,4.0,1,0,1,0
2015213,393,False,False,high_block,2753.48915,39.61,69.515,2.0,1.25,0,0,1,2.0,2.0,0.0,2.0,3.0,2.0,1,0,0,1
2015213,395,False,False,medium_block,2238.3018,36.09,62.02,3.3333333333333335,1.7,0,1,0,2.0,4.0,3.0,3.0,4.0,3.0,1,0,1,0
2015213,396,False,False,medium_block,1931.447375,33.605000000000004,57.474999999999994,2.3333333333333335,3.05,1,1,0,4.0,5.0,2.0,3.0,7.0,6.0,1,0,1,0
2015213,401,False,False,medium_block,1329.96745,33.53,39.665,0.5,0.6,0,0,0,0.0,2.0,5.0,2.0,1.0,0.0,0,0,1,0
2015213,402,False,False,low_block,1478.4070000000002,35.56,41.575,1.0,0.44999999999999996,0,0,0,0.0,3.0,3.0,2.0,1.0,0.0,0,1,0,0
2015213,403,False,False,medium_block,1666.2975000000001,37.34,44.625,3.0,0.9,0,1,0,0.0,2.0,1.0,2.0,2.0,1.0,1,0,1,0
2015213,405,False,False,medium_block,1851.5632500000002,38.295,48.35,1.0,0.0,0,0,0,0.0,2.0,0.0,1.0,1.0,0.0,0,0,1,0
2015213,414,False,False,medium_block,1314.2427,24.19,54.33,4.0,0.9,0,1,0,0.0,2.0,1.0,1.0,2.0,1.0,1,0,1,0
2015213,415,False,False,medium_block,1936.4746,33.89,57.14,0.0,0.15,0,0,0,0.0,0.0,1.0,1.0,1.0,0.0,0,0,1,0
2015213,417,False,False,low_block,869.9402999999999,25.979999999999997,33.485,2.5,1.05,0,1,0,0.0,2.0,2.0,2.0,2.0,1.0,1,1,0,0
2015213,419,False,False,medium_block,1262.3410000000001,27.55,45.82,3.0,1.05,0,1,0,0.0,1.0,2.0,1.0,2.0,1.0,1,0,1,0
2015213,423,False,False,medium_block,1345.2881499999999,26.93,49.955,0.0,0.15,0,0,0,0.0,1.0,1.0,1.0,1.0,0.0,0,0,1,0
2015213,424,False,False,low_block,1211.1616,31.28,38.72,1.5,0.0,0,0,0,0.0,2.0,0.0,2.0,1.0,0.0,0,1,0,0
2015213,425,False,False,medium_block,1620.5079,36.42,44.495,0.5,2.35,1,0,0,3.0,3.0,5.0,2.0,5.0,4.0,1,0,1,0
2015213,426,False,False,high_block,2178.6662000000006,38.540000000000006,56.53,1.6666666666666667,3.05,1,1,0,5.0,5.0,2.0,3.0,8.0,7.0,1,0,0,1
2015213,427,False,False,medium_block,2257.811325,37.905,59.565,2.5,3.05,1,1,0,4.0,5.0,2.0,4.0,7.0,6.0,1,0,1,0
2015213,429,False,False,medium_block,1651.911525,36.135,45.715,0.0,0.0,0,0,0,0.0,0.0,0.0,2.0,1.0,0.0,0,0,1,0
2015213,431,False,False,medium_block,1703.8177500000002,37.85,45.015,1.0,0.44999999999999996,0,0,0,0.0,2.0,3.0,2.0,1.0,0.0,0,0,1,0
2015213,432,False,False,low_block,1545.707475,36.195,42.705,2.5,0.15,0,0,0,0.0,4.0,1.0,2.0,1.0,0.0,0,1,0,0
2015213,435,False,False,low_block,1022.1506250000001,31.475,32.475,1.5,0.15,0,0,0,0.0,0.0,1.0,1.0,1.0,0.0,0,1,0,0
2015213,436,False,False,medium_block,1326.10845,32.91,40.295,1.5,2.6,1,1,0,1.0,2.0,6.0,2.0,4.0,3.0,1,0,1,0
2015213,437,False,False,low_block,1626.12385,34.129999999999995,47.645,2.0,0.6,0,0,0,0.0,1.0,4.0,1.0,1.0,0.0,0,1,0,0
2015213,438,False,False,high_block,2824.9179000000004,40.620000000000005,69.545,2.0,0.65,0,0,0,2.0,2.0,1.0,2.0,3.0,2.0,0,0,0,1
2015213,440,False,False,medium_block,1736.5738000000001,34.34,50.57,1.5,0.0,0,0,0,0.0,0.0,0.0,0.0,1.0,0.0,0,0,1,0
2015213,441,False,False,high_block,2232.4944,37.06,60.24,0.0,2.1,1,0,0,2.0,2.0,4.0,2.0,4.0,3.0,1,0,0,1
2015213,444,False,False,medium_block,1797.4183750000002,35.075,51.245000000000005,1.0,0.75,0,0,0,3.0,3.0,0.0,2.0,4.0,3.0,0,0,1,0
2015213,447,False,False,medium_block,,,,1.5,0.0,0,0,0,0.0,0.0,0.0,0.0,1.0,0.0,0,0,1,0
2015213,448,False,False,medium_block,1413.5154,26.07,54.22,1.5,0.75,0,1,0,0.0,1.0,0.0,1.0,2.0,1.0,1,0,1,0
2015213,450,False,False,medium_block,1565.5665,31.475,49.739999999999995,2.5,0.0,0,0,0,0.0,1.0,0.0,2.0,1.0,0.0,0,0,1,0
2015213,451,False,False,high_block,2063.481,35.455,58.2,0.5,1.95,1,0,0,2.0,2.0,3.0,2.0,4.0,3.0,1,0,0,1
2015213,452,False,False,medium_block,2098.875,36.25,57.9,1.6666666666666667,1.8,0,1,0,3.0,3.0,2.0,3.0,5.0,4.0,1,0,1,0
2015213,460,False,False,low_block,1731.4106249999998,34.714999999999996,49.875,2.3333333333333335,0.75,0,1,0,0.0,6.0,0.0,3.0,2.0,1.0,1,1,0,0
2015213,462,False,False,medium_block,1672.2515250000001,33.435,50.015,2.0,1.35,0,1,0,0.0,2.0,7.0,1.0,2.0,1.0,1,0,1,0
2015213,463,False,False,low_block,1426.38335,33.905,42.07,3.0,1.35,0,1,0,0.0,3.0,6.0,2.0,2.0,1.0,1,1,0,0
2015213,465,False,False,low_block,1241.764425,28.655,43.335,3.0,0.75,0,1,0,0.0,1.0,0.0,1.0,2.0,1.0,1,1,0,0
2015213,466,False,False,medium_block,1080.61265,25.735,41.99,1.5,0.0,0,0,0,0.0,0.0,0.0,0.0,1.0,0.0,0,0,1,0
2015213,467,False,False,low_block,913.0932750000001,23.055,39.605000000000004,3.0,0.75,0,1,0,0.0,1.0,0.0,1.0,2.0,1.0,1,1,0,0
2015213,468,False,False,high_block,2031.7614,31.335,64.84,1.5,0.0,0,0,0,0.0,0.0,0.0,1.0,1.0,0.0,0,0,0,1
2015213,469,False,False,medium_block,2122.6169999999997,32.025,66.28,1.5,0.0,0,0,0,0.0,0.0,0.0,1.0,1.0,0.0,0,0,1,0
2015213,476,False,False,low_block,1000.5653000000001,30.38,32.935,0.0,0.0,0,0,0,0.0,1.0,0.0,1.0,1.0,0.0,0,1,0,0
2015213,477,False,False,medium_block,1425.7964499999998,36.79,38.754999999999995,2.3333333333333335,2.85,1,1,0,2.0,3.0,4.0,3.0,5.0,4.0,1,0,1,0
2015213,478,False,False,low_block,1310.8576499999997,32.989999999999995,39.735,2.0,0.6,0,0,0,0.0,1.0,4.0,1.0,1.0,0.0,0,1,0,0
2015213,480,False,False,medium_block,3020.5714000000003,46.585,64.84,1.5,2.4,1,1,0,2.0,3.0,1.0,2.0,5.0,4.0,1,0,1,0
2015213,481,False,False,high_block,3037.51155,46.47,65.36500000000001,2.5,2.9,1,1,0,5.0,5.0,1.0,2.0,8.0,7.0,1,0,0,1
2015213,482,False,False,medium_block,3016.9403749999997,47.195,63.925,3.0,2.9,1,1,0,4.0,6.0,1.0,4.0,7.0,6.0,1,0,1,0
2015213,484,False,False,high_block,1439.3253999999997,29.409999999999997,48.94,1.5,0.0,0,0,0,0.0,0.0,0.0,0.0,1.0,0.0,0,0,0,1
2015213,485,False,False,medium_block,1304.010675,26.235,49.705,1.0,0.0,0,0,0,0.0,0.0,0.0,1.0,1.0,0.0,0,0,1,0
2015213,487,False,False,medium_block,1901.1270249999998,40.705,46.705,4.0,0.75,0,1,0,0.0,1.0,0.0,1.0,2.0,1.0,1,0,1,0
2015213,488,True,True,low_block,921.5578499999999,24.869999999999997,37.055,4.0,0.75,0,1,0,0.0,3.0,0.0,2.0,2.0,1.0,1,1,0,0
2015213,489,False,False,medium_block,1725.2531999999999,37.62,45.86,0.0,0.3,0,0,0,0.0,0.0,2.0,2.0,1.0,0.0,0,0,1,0
2016236,3,False,False,medium_block,1444.9149,35.97,40.17,0.0,0.3,0,0,0,0.0,0.0,2.0,2.0,1.0,0.0,0,0,1,0
2016236,8,False,False,low_block,924.3722,27.32,33.835,1.5,0.15,0,0,0,0.0,3.0,1.0,2.0,1.0,0.0,0,1,0,0
2016236,9,False,False,medium_block,1300.631325,35.835,36.295,0.0,0.5,0,0,0,2.0,2.0,0.0,2.0,3.0,2.0,0,0,1,0
2016236,12,False,False,low_block,1117.61895,28.69,38.955,3.0,0.75,0,1,0,0.0,2.0,0.0,2.0,2.0,1.0,1,1,0,0
2016236,13,False,False,medium_block,1397.2793999999997,33.339999999999996,41.91,0.0,2.55,1,0,1,2.0,2.0,2.0,2.0,4.0,3.0,1,0,1,0
2016236,15,False,False,low_block,1410.8525249999998,32.385,43.565,2.0,0.0,0,0,0,0.0,1.0,0.0,2.0,1.0,0.0,0,1,0,0
2016236,16,False,False,medium_block,1550.7720000000002,34.6,44.82,0.6666666666666666,1.65,1,0,0,2.0,2.0,1.0,3.0,4.0,3.0,1,0,1,0
2016236,18,False,False,medium_block,1511.3587499999999,32.449999999999996,46.575,1.5,0.75,0,1,0,0.0,0.0,0.0,2.0,2.0,1.0,1,0,1,0
2016236,19,False,False,medium_block,2540.511,40.91,62.1,2.0,0.9,0,1,0,0.0,2.0,1.0,2.0,2.0,1.0,1,0,1,0
2016236,23,True,True,low_block,466.4509,25.105,18.58,3.0,0.75,0,1,0,0.0,4.0,0.0,2.0,2.0,1.0,1,1,0,0
2016236,24,False,False,medium_block,1783.3269,35.06,50.864999999999995,1.0,0.9,0,1,0,0.0,0.0,1.0,2.0,2.0,1.0,1,0,1,0
2016236,25,False,False,medium_block,2034.2084999999997,39.224999999999994,51.86,1.5,1.75,0,1,0,4.0,4.0,0.0,4.0,6.0,5.0,1,0,1,0
2016236,28,False,False,medium_block,852.7713999999999,22.465,37.959999999999994,2.5,1.05,0,1,0,0.0,3.0,2.0,2.0,2.0,1.0,1,0,1,0
2016236,29,False,False,low_block,785.7621,27.03,29.07,3.0,0.15,0,0,0,0.0,3.0,1.0,2.0,1.0,0.0,0,1,0,0
2016236,30,True,False,medium_block,1530.585,30.1,50.85,3.0,0.3,0,0,0,0.0,2.0,2.0,1.0,1.0,0.0,0,0,1,0
2016236,31,False,False,low_block,1548.89455,31.564999999999998,49.07,3.0,0.3,0,0,0,0.0,1.0,2.0,1.0,1.0,0.0,0,1,0,0
2016236,32,False,False,medium_block,2544.6972,41.07,61.96,2.0,0.75,0,1,0,0.0,1.0,0.0,1.0,2.0,1.0,1,0,1,0
2016236,33,False,False,low_block,2058.0790500000003,42.230000000000004,48.735,3.5,1.35,0,1,0,0.0,5.0,4.0,2.0,2.0,1.0,1,1,0,0
2016236,34,False,False,medium_block,2710.47075,40.17,67.475,1.5,0.0,0,0,0,0.0,1.0,0.0,1.0,1.0,0.0,0,0,1,0
2016236,36,False,False,high_block,2537.3516999999997,37.635,67.42,2.0,1.65,1,0,0,2.0,2.0,1.0,2.0,4.0,3.0,1,0,0,1
2016236,38,False,False,low_block,1662.720525,38.835,42.815,1.0,1.05,0,1,0,0.0,2.0,2.0,3.0,2.0,1.0,1,1,0,0
2016236,39,False,False,medium_block,1474.8425249999998,35.845,41.144999999999996,1.3333333333333333,2.7,1,1,0,2.0,2.0,3.0,3.0,5.0,4.0,1,0,1,0
2016236,40,False,False,low_block,1394.5373,32.11,43.43,2.5,1.35,0,1,0,0.0,2.0,5.0,2.0,2.0,1.0,1,1,0,0
2016236,42,False,False,medium_block,1232.7525,31.5,39.135000000000005,0.3333333333333333,0.15,0,0,0,0.0,2.0,1.0,3.0,1.0,0.0,0,0,1,0
2016236,43,False,False,low_block,1863.3555,34.065,54.7,2.0,0.0,0,0,0,0.0,2.0,0.0,3.0,1.0,0.0,0,1,0,0
2016236,45,False,False,medium_block,2024.3456,33.92,59.68,3.0,3.55,1,1,1,3.0,3.0,2.0,2.0,6.0,5.0,1,0,1,0
2016236,46,True,False,medium_block,1554.22925,29.35,52.955,2.5,0.9,0,1,0,0.0,6.0,1.0,2.0,2.0,1.0,1,0,1,0
2016236,47,True,False,low_block,1144.949725,21.995,52.055,2.0,0.9,0,1,0,0.0,4.0,1.0,2.0,2.0,1.0,1,1,0,0
2016236,49,False,False,medium_block,1338.025725,28.345,47.205,1.0,0.0,0,0,0,0.0,1.0,0.0,2.0,1.0,0.0,0,0,1,0
2016236,53,False,False,high_block,3012.75,40.17,75.0,3.0,0.3,0,0,0,0.0,2.0,2.0,2.0,1.0,0.0,0,0,0,1
2016236,54,False,False,medium_block,2671.3908000000006,41.34,64.62,3.0,2.4,1,1,0,2.0,3.0,1.0,2.0,5.0,4.0,1,0,1,0
2016236,55,False,False,medium_block,2242.29225,42.69,52.525,2.3333333333333335,2.5,0,1,1,4.0,5.0,0.0,3.0,6.0,5.0,1,0,1,0
2016236,56,False,False,high_block,2264.7131,39.26,57.685,2.0,2.5,0,1,1,4.0,5.0,0.0,3.0,6.0,5.0,1,0,0,1
2016236,57,False,False,medium_block,2220.59525,35.615,62.349999999999994,2.0,2.25,0,1,1,3.0,3.0,0.0,2.0,5.0,4.0,1,0,1,0
2016236,59,False,False,high_block,2615.8464,38.879999999999995,67.28,2.0,2.95,1,1,0,3.0,3.0,3.0,2.0,6.0,5.0,1,0,0,1
2016236,60,False,False,medium_block,2071.6773,37.51,55.23,1.5,0.44999999999999996,0,0,0,0.0,2.0,3.0,2.0,1.0,0.0,0,0,1,0
2016236,61,False,False,low_block,1607.6537999999998,36.78,43.709999999999994,2.0,1.55,1,0,0,1.0,3.0,2.0,2.0,3.0,2.0,1,1,0,0
2016236,62,False,False,medium_block,1520.5629999999999,37.675,40.36,1.0,0.44999999999999996,0,0,0,0.0,0.0,3.0,2.0,1.0,0.0,0,0,1,0
2016236,63,False,False,low_block,1284.28125,35.625,36.05,2.0,0.44999999999999996,0,0,0,0.0,1.0,3.0,1.0,1.0,0.0,0,1,0,0
2016236,64,False,False,high_block,2657.799725,40.144999999999996,66.205,3.5,0.0,0,0,0,0.0,2.0,0.0,2.0,1.0,0.0,0,0,0,1
2016236,66,True,False,medium_block,1763.3898,43.019999999999996,40.99,2.0,0.44999999999999996,0,0,0,0.0,1.0,3.0,1.0,1.0,0.0,0,0,1,0
2016236,67,True,False,low_block,1454.035125,36.825,39.485,2.0,0.0,0,0,0,0.0,1.0,0.0,2.0,1.0,0.0,0,1,0,0
2016236,68,False,False,medium_block,1470.6275999999998,30.409999999999997,48.36,1.5,0.0,0,0,0,0.0,0.0,0.0,0.0,1.0,0.0,0,0,1,0
2016236,72,False,False,high_block,1866.096375,30.705000000000002,60.775,0.0,0.0,0,0,0,0.0,0.0,0.0,2.0,1.0,0.0,0,0,0,1
2016236,73,False,False,medium_block,1521.8292000000004,34.260000000000005,44.42,0.0,0.44999999999999996,0,0,0,0.0,1.0,3.0,1.0,1.0,0.0,0,0,1,0
2016236,74,False,False,low_block,1103.4042499999998,30.354999999999997,36.35,1.0,0.0,0,0,0,0.0,2.0,0.0,3.0,1.0,0.0,0,1,0,0
2016236,76,True,False,low_block,1118.213525,31.134999999999998,35.915,1.5,0.75,0,1,0,0.0,2.0,0.0,2.0,2.0,1.0,1,1,0,0
2016236,77,True,False,medium_block,1315.76625,32.625,40.33,1.0,0.3,0,0,0,0.0,0.0,2.0,2.0,1.0,0.0,0,0,1,0
2016236,78,True,False,low_block,1223.9667000000002,30.78,39.765,3.0,1.2,0,1,0,0.0,1.0,3.0,2.0,2.0,1.0,1,1,0,0
2016236,80,True,False,medium_block,1146.2522,31.805,36.04,1.5,0.0,0,0,0,0.0,0.0,0.0,0.0,1.0,0.0,0,0,1,0
2016236,81,True,False,low_block,688.1308,23.185000000000002,29.68,3.0,1.05,0,1,0,0.0,2.0,2.0,2.0,2.0,1.0,1,1,0,0
2016236,82,False,False,high_block,2645.7803999999996,37.035,71.44,2.0,0.75,0,1,0,0.0,0.0,0.0,1.0,2.0,1.0,1,0,0,1
2016236,84,False,False,high_block,2549.1479000000004,35.395,72.02000000000001,1.5,1.15,0,1,0,1.0,1.0,1.0,2.0,3.0,2.0,1,0,0,1
2016236,85,False,False,medium_block,1752.7582499999999,29.55,59.315,2.0,1.35,0,1,0,0.0,1.0,5.0,1.0,2.0,1.0,1,0,1,0
2016236,86,False,False,low_block,1180.52935,25.189999999999998,46.865,3.0,0.75,0,1,0,0.0,3.0,0.0,3.0,2.0,1.0,1,1,0,0
2016236,88,False,False,medium_block,2094.902875,42.575,49.205,0.0,0.8,0,0,0,2.0,2.0,2.0,2.0,3.0,2.0,0,0,1,0
2016236,93,False,False,low_block,904.7996999999999,29.31,30.869999999999997,1.0,0.4,0,0,0,1.0,1.0,1.0,1.0,2.0,1.0,0,1,0,0
2016236,94,False,False,medium_block,1617.5339999999999,36.93,43.8,0.0,0.55,0,0,0,1.0,1.0,2.0,1.0,2.0,1.0,0,0,1,0
2016236,95,False,False,high_block,2235.816,42.345,52.8,0.0,0.55,0,0,0,1.0,1.0,2.0,2.0,2.0,1.0,0,0,0,1
2016236,101,False,False,medium_block,1717.0511999999999,35.535,48.32,1.3333333333333333,1.05,0,1,0,0.0,1.0,2.0,3.0,2.0,1.0,1,0,1,0
2016236,103,False,False,low_block,1184.41375,31.689999999999998,37.375,0.5,0.15,0,0,0,0.0,3.0,1.0,2.0,1.0,0.0,0,1,0,0
2016236,104,False,False,medium_block,1378.40725,35.15,39.215,0.0,0.15,0,0,0,0.0,0.0,1.0,2.0,1.0,0.0,0,0,1,0
2016236,105,False,False,low_block,2125.7323999999994,39.379999999999995,53.98,0.0,0.15,0,0,0,0.0,2.0,1.0,2.0,1.0,0.0,0,1,0,0
2016236,109,False,False,high_block,2761.6551500000005,36.965,74.71000000000001,3.0,0.5,0,0,0,2.0,2.0,0.0,2.0,3.0,2.0,0,0,0,1
2016236,110,False,False,low_block,567.884775,26.655,21.305,3.5,0.0,0,0,0,0.0,4.0,0.0,2.0,1.0,0.0,0,1,0,0
2016236,116,False,False,low_block,877.72125,25.375,34.59,0.5,0.44999999999999996,0,0,0,0.0,2.0,3.0,2.0,1.0,0.0,0,1,0,0
2016236,117,False,False,medium_block,1397.4654,34.26,40.790000000000006,0.0,0.0,0,0,0,0.0,2.0,0.0,2.0,1.0,0.0,0,0,1,0
2016236,118,False,False,low_block,1309.148325,33.555,39.015,2.5,1.35,0,1,0,0.0,2.0,5.0,2.0,2.0,1.0,1,1,0,0
2016236,120,False,False,medium_block,1077.6402,29.24,36.855000000000004,0.0,0.15,0,0,0,0.0,0.0,1.0,1.0,1.0,0.0,0,0,1,0
2016236,121,False,False,low_block,1955.4277499999998,37.525,52.11,3.0,0.15,0,0,0,0.0,1.0,1.0,2.0,1.0,0.0,0,1,0,0
2016236,125,False,False,high_block,2412.1322500000006,34.870000000000005,69.17500000000001,1.0,0.0,0,0,0,0.0,1.0,0.0,1.0,1.0,0.0,0,0,0,1
2016236,127,False,False,medium_block,1845.1500499999997,35.269999999999996,52.315,2.5,1.2,0,1,0,0.0,3.0,3.0,2.0,2.0,1.0,1,0,1,0
2016236,128,False,False,high_block,2122.7808000000005,35.665000000000006,59.519999999999996,0.0,0.0,0,0,0,0.0,0.0,0.0,2.0,1.0,0.0,0,0,0,1
2016236,129,False,False,medium_block,2253.57015,36.805,61.230000000000004,0.0,0.75,0,1,0,0.0,1.0,0.0,2.0,2.0,1.0,1,0,1,0
2016236,135,False,False,medium_block,1808.88435,31.785000000000004,56.91,2.0,0.6,0,0,0,0.0,1.0,4.0,1.0,1.0,0.0,0,0,1,0
2016236,136,False,False,medium_block,1735.9379999999999,36.72,47.275,0.0,0.25,0,0,0,1.0,1.0,0.0,1.0,2.0,1.0,0,0,1,0
2016236,137,False,False,low_block,2279.58055,40.685,56.03,2.0,0.3,0,0,0,0.0,2.0,2.0,2.0,1.0,0.0,0,1,0,0
2016236,138,False,False,medium_block,1699.7019500000001,32.17,52.835,2.0,0.3,0,0,0,0.0,3.0,2.0,2.0,1.0,0.0,0,0,1,0
2016236,139,False,False,low_block,1478.07475,32.29,45.775,1.0,0.15,0,0,0,0.0,2.0,1.0,2.0,1.0,0.0,0,1,0,0
2016236,140,False,False,medium_block,1384.9901249999998,32.925,42.065,1.5,0.75,0,1,0,0.0,2.0,0.0,2.0,2.0,1.0,1,0,1,0
2016236,141,True,True,medium_block,2191.0152000000003,44.56,49.17,3.0,1.2,0,1,0,0.0,3.0,3.0,2.0,2.0,1.0,1,0,1,0
2016236,142,True,True,low_block,1288.7765499999998,30.604999999999997,42.11,3.0,0.15,0,0,0,0.0,3.0,1.0,2.0,1.0,0.0,0,1,0,0
2016236,143,False,False,medium_block,1862.87985,38.545,48.33,2.0,0.75,0,1,0,0.0,2.0,0.0,1.0,2.0,1.0,1,0,1,0
2016236,147,False,False,medium_block,1670.968925,34.315,48.695,2.0,0.5,0,0,0,2.0,2.0,0.0,2.0,3.0,2.0,0,0,1,0
2016236,148,False,False,high_block,2144.1348,34.83,61.559999999999995,3.0,1.55,1,0,0,1.0,1.0,2.0,1.0,3.0,2.0,1,0,0,1
2016236,149,False,False,medium_block,1463.6218,35.285,41.480000000000004,0.0,1.0,0,1,0,1.0,1.0,0.0,2.0,3.0,2.0,1,0,1,0
2016236,151,False,False,low_block,1363.386375,32.825,41.535,1.5,2.15,1,1,0,1.0,4.0,1.0,2.0,4.0,3.0,1,1,0,0
2016236,152,False,False,medium_block,1415.4021000000002,34.02,41.605000000000004,1.0,2.55,1,1,0,2.0,2.0,2.0,3.0,5.0,4.0,1,0,1,0
2016236,154,False,False,medium_block,2268.0092499999996,39.205,57.849999999999994,2.5,0.44999999999999996,0,0,0,0.0,2.0,3.0,2.0,1.0,0.0,0,0,1,0
2016236,155,False,False,low_block,2038.101775,41.345,49.295,3.0,0.9,0,1,0,0.0,3.0,1.0,1.0,2.0,1.0,1,1,0,0
2016236,156,False,False,medium_block,1644.707625,40.535,40.575,0.5,0.0,0,0,0,0.0,2.0,0.0,2.0,1.0,0.0,0,0,1,0
2016236,157,False,False,low_block,1538.9088,37.760000000000005,40.754999999999995,1.0,0.3,0,0,0,0.0,2.0,2.0,2.0,1.0,0.0,0,1,0,0
2016236,158,False,False,medium_block,1419.7004249999998,34.834999999999994,40.755,2.0,0.9,0,1,0,0.0,1.0,1.0,1.0,2.0,1.0,1,0,1,0
2016236,159,False,False,low_block,1368.0138499999996,35.629999999999995,38.394999999999996,2.0,0.75,0,1,0,0.0,2.0,0.0,1.0,2.0,1.0,1,1,0,0
2016236,160,False,False,medium_block,2507.806,44.975,55.76,3.0,3.05,1,1,0,4.0,4.0,2.0,2.0,7.0,6.0,1,0,1,0
2016236,161,False,False,medium_block,1839.9363,40.27,45.69,1.5,0.15,0,0,0,0.0,1.0,1.0,2.0,1.0,0.0,0,0,1,0
2016236,163,False,False,low_block,1236.38645,33.085,37.37,3.0,1.05,0,1,0,0.0,1.0,2.0,2.0,2.0,1.0,1,1,0,0
2016236,164,False,False,high_block,2412.14165,33.43,72.155,2.5,1.8,1,0,0,2.0,2.0,2.0,2.0,4.0,3.0,1,0,0,1
2016236,166,False,False,medium_block,1940.0496249999999,40.925,47.405,1.0,0.15,0,0,0,0.0,1.0,1.0,1.0,1.0,0.0,0,0,1,0
2016236,167,False,False,high_block,1957.742375,38.725,50.555,1.5,0.0,0,0,0,0.0,0.0,0.0,1.0,1.0,0.0,0,0,0,1
2016236,168,False,False,medium_block,1792.992,39.32,45.6,1.6,2.4,1,1,0,2.0,5.0,1.0,5.0,5.0,4.0,1,0,1,0
2016236,171,False,False,medium_block,1808.9945500000001,35.215,51.37,0.5,1.4,0,0,1,2.0,3.0,1.0,2.0,3.0,2.0,1,0,1,0
2016236,172,False,False,high_block,2197.76085,36.99,59.415,1.5,1.65,0,0,1,3.0,3.0,1.0,2.0,4.0,3.0,1,0,0,1
2016236,173,False,False,medium_block,2555.7823500000004,39.435,64.81,1.5,1.65,0,0,1,3.0,3.0,1.0,2.0,4.0,3.0,1,0,1,0
2016236,174,False,False,medium_block,2014.96185,39.735,50.71,1.0,0.4,0,0,0,1.0,1.0,1.0,1.0,2.0,1.0,0,0,1,0
2016236,175,False,False,high_block,2165.188,37.46,57.8,1.5,0.15,0,0,0,0.0,0.0,1.0,1.0,1.0,0.0,0,0,0,1
2016236,177,False,False,medium_block,1943.9399999999998,35.8,54.3,2.0,1.0,0,0,0,4.0,4.0,0.0,1.0,5.0,4.0,0,0,1,0
2016236,178,False,False,medium_block,2055.27675,40.55,50.685,1.0,1.4,1,0,0,1.0,1.0,1.0,1.0,3.0,2.0,1,0,1,0
2016236,179,False,False,high_block,2685.308,42.275000000000006,63.519999999999996,2.5,0.55,0,0,0,1.0,2.0,2.0,2.0,2.0,1.0,0,0,0,1
2016236,180,False,False,medium_block,2290.5826,36.37,62.980000000000004,3.0,0.6,0,0,0,0.0,2.0,4.0,2.0,1.0,0.0,0,0,1,0
2016236,181,False,False,low_block,660.746925,25.695,25.715,3.0,2.15,0,1,1,2.0,6.0,1.0,2.0,4.0,3.0,1,1,0,0
2016236,182,False,False,high_block,1877.7629000000002,29.185000000000002,64.34,2.0,3.45,1,1,1,2.0,2.0,3.0,2.0,5.0,4.0,1,0,0,1
2016236,183,False,False,medium_block,1856.2143999999998,30.56,60.739999999999995,1.0,2.7,1,0,1,2.0,2.0,3.0,1.0,4.0,3.0,1,0,1,0
2016236,184,False,False,medium_block,2024.659175,37.345,54.215,1.0,2.55,1,0,1,2.0,2.0,2.0,2.0,4.0,3.0,1,0,1,0
2016236,185,False,False,high_block,2619.1025000000004,39.385000000000005,66.5,1.0,0.25,0,0,0,1.0,1.0,0.0,1.0,2.0,1.0,0,0,0,1
2016236,186,False,False,medium_block,2846.5061250000003,41.845,68.025,1.5,0.0,0,0,0,0.0,1.0,0.0,1.0,1.0,0.0,0,0,1,0
2016236,187,False,False,medium_block,2298.5172,48.614999999999995,47.28,0.0,0.0,0,0,0,0.0,2.0,0.0,1.0,1.0,0.0,0,0,1,0
2016236,191,False,False,medium_block,3038.994,56.07,54.2,1.0,0.3,0,0,0,0.0,1.0,2.0,2.0,1.0,0.0,0,0,1,0
2016236,192,False,False,high_block,2833.6814999999997,46.019999999999996,61.575,0.5,0.15,0,0,0,0.0,0.0,1.0,2.0,1.0,0.0,0,0,0,1
2016236,194,False,False,medium_block,1681.342425,29.505000000000003,56.985,2.0,0.4,0,0,0,1.0,1.0,1.0,1.0,2.0,1.0,0,0,1,0
2016236,195,False,False,high_block,2830.0580000000004,39.95,70.84,2.0,0.4,0,0,0,1.0,1.0,1.0,2.0,2.0,1.0,0,0,0,1
2016236,197,False,False,medium_block,2446.28955,35.655,68.61,3.0,0.44999999999999996,0,0,0,0.0,1.0,3.0,1.0,1.0,0.0,0,0,1,0
2016236,198,False,False,low_block,2142.265125,32.925,65.065,3.0,1.05,0,1,0,0.0,2.0,2.0,2.0,2.0,1.0,1,1,0,0
2016236,200,False,False,high_block,3044.7911999999997,42.195,72.16,2.0,1.25,0,0,1,2.0,2.0,0.0,2.0,3.0,2.0,1,0,0,1
2016236,203,False,False,medium_block,,,,1.5,0.0,0,0,0,0.0,0.0,0.0,0.0,1.0,0.0,0,0,1,0
2016236,204,False,False,low_block,881.869,28.085,31.4,2.0,0.15,0,0,0,0.0,4.0,1.0,2.0,1.0,0.0,0,1,0,0
2016236,206,False,False,high_block,2186.6245000000004,33.7,64.885,2.6666666666666665,1.25,0,1,0,2.0,3.0,0.0,3.0,4.0,3.0,1,0,0,1
2016236,208,False,False,medium_block,1763.8314000000003,38.03,46.38,2.0,1.65,1,0,0,2.0,2.0,1.0,2.0,4.0,3.0,1,0,1,0
2016236,216,False,False,low_block,1265.0418,33.480000000000004,37.785,1.0,0.0,0,0,0,0.0,1.0,0.0,1.0,1.0,0.0,0,1,0,0
2016236,217,False,False,medium_block,1394.1840499999998,36.815,37.87,1.5,1.05,0,1,0,0.0,1.0,2.0,2.0,2.0,1.0,1,0,1,0
2016236,221,True,False,low_block,545.597375,25.645000000000003,21.275,3.0,0.3,0,0,0,0.0,2.0,2.0,1.0,1.0,0.0,0,1,0,0
2016236,224,False,False,low_block,1685.4747,34.62,48.685,2.6666666666666665,0.75,0,1,0,0.0,4.0,0.0,4.0,2.0,1.0,1,1,0,0
2016236,225,False,False,high_block,2316.0768,34.08,67.96,1.5,0.0,0,0,0,0.0,0.0,0.0,1.0,1.0,0.0,0,0,0,1
2016236,226,False,False,high_block,1979.8023749999998,36.885,53.675,0.0,0.15,0,0,0,0.0,0.0,1.0,1.0,1.0,0.0,0,0,0,1
2016236,227,False,False,medium_block,1761.6921,32.39,54.39,2.25,3.35,1,1,0,4.0,6.0,4.0,4.0,7.0,6.0,1,0,1,0
2016236,229,False,False,medium_block,1757.0058,35.26,49.83,0.0,0.0,0,0,0,0.0,0.0,0.0,2.0,1.0,0.0,0,0,1,0
2016236,230,False,False,high_block,2138.071,40.36,52.975,0.0,0.15,0,0,0,0.0,1.0,1.0,2.0,1.0,0.0,0,0,0,1
2016236,231,False,False,medium_block,2394.41815,43.385,55.19,0.0,0.9,0,1,0,0.0,1.0,1.0,2.0,2.0,1.0,1,0,1,0
2016236,236,False,False,medium_block,1967.8365000000001,34.9,56.385000000000005,0.0,0.15,0,0,0,0.0,1.0,1.0,1.0,1.0,0.0,0,0,1,0
2016236,239,False,False,medium_block,1974.4296000000002,33.995000000000005,58.08,2.5,1.25,0,1,0,2.0,3.0,0.0,2.0,4.0,3.0,1,0,1,0
2016236,240,False,False,medium_block,1623.96395,31.045,52.31,2.0,0.55,0,0,0,1.0,1.0,2.0,1.0,2.0,1.0,0,0,1,0
2016236,241,False,False,high_block,2101.0751999999998,34.019999999999996,61.76,1.0,0.75,0,0,0,3.0,4.0,0.0,2.0,4.0,3.0,0,0,0,1
2016236,242,False,False,medium_block,2339.3524500000003,36.43,64.215,1.5,1.5,0,1,0,3.0,4.0,0.0,2.0,5.0,4.0,1,0,1,0
2016236,243,False,False,medium_block,2103.5101000000004,42.620000000000005,49.355000000000004,0.0,0.0,0,0,0,0.0,0.0,0.0,1.0,1.0,0.0,0,0,1,0
2016236,247,False,False,high_block,2322.1852499999995,38.175,60.83,1.5,1.05,0,1,0,0.0,2.0,2.0,2.0,2.0,1.0,1,0,0,1
2016236,248,False,False,medium_block,2146.0813000000003,34.715,61.82,0.5,0.3,0,0,0,0.0,2.0,2.0,2.0,1.0,0.0,0,0,1,0
2016236,250,False,False,medium_block,,,,1.5,0.9,0,1,0,0.0,0.0,1.0,1.0,2.0,1.0,1,0,1,0
2016236,251,False,False,low_block,1509.3160999999998,38.769999999999996,38.93,1.0,1.05,0,1,0,0.0,2.0,2.0,3.0,2.0,1.0,1,1,0,0
2016236,252,False,False,medium_block,1227.8901,34.165000000000006,35.94,0.0,0.3,0,0,0,0.0,1.0,2.0,1.0,1.0,0.0,0,0,1,0
2016236,253,False,False,low_block,1333.3056,35.31,37.76,0.0,0.3,0,0,0,0.0,1.0,2.0,1.0,1.0,0.0,0,1,0,0
2016236,254,False,False,medium_block,1396.4040000000002,36.825,37.92,1.0,0.15,0,0,0,0.0,2.0,1.0,2.0,1.0,0.0,0,0,1,0
2016236,255,False,False,low_block,1527.6863999999998,40.16,38.04,2.0,0.0,0,0,0,0.0,2.0,0.0,1.0,1.0,0.0,0,1,0,0
2016236,257,False,False,medium_block,2246.0478,33.26,67.53,1.5,0.0,0,0,0,0.0,0.0,0.0,0.0,1.0,0.0,0,0,1,0
2016236,258,False,False,high_block,2726.2584000000006,37.92,71.89500000000001,2.5,2.55,1,1,0,2.0,2.0,2.0,3.0,5.0,4.0,1,0,0,1
2016236,259,False,False,medium_block,2706.0134500000004,36.59,73.955,2.5,2.55,1,1,0,2.0,2.0,2.0,3.0,5.0,4.0,1,0,1,0
2016236,265,False,False,medium_block,1821.46995,29.31,62.145,1.0,0.44999999999999996,0,0,0,0.0,1.0,3.0,1.0,1.0,0.0,0,0,1,0
2016236,266,False,False,low_block,1569.8228,27.755,56.56,1.5,1.2,0,1,0,0.0,2.0,3.0,2.0,2.0,1.0,1,1,0,0
2016236,268,False,False,low_block,1338.74575,29.275,45.730000000000004,3.0,1.2,0,1,0,0.0,6.0,3.0,2.0,2.0,1.0,1,1,0,0
2016236,275,False,False,medium_block,1485.68875,32.375,45.89,1.5,0.3,0,0,0,0.0,2.0,2.0,2.0,1.0,0.0,0,0,1,0
2016236,276,False,False,low_block,1617.2023500000003,35.43000000000001,45.644999999999996,2.0,0.15,0,0,0,0.0,2.0,1.0,1.0,1.0,0.0,0,1,0,0
2016236,277,False,False,medium_block,2291.1432999999997,34.91,65.63,1.5,0.75,0,1,0,0.0,0.0,0.0,1.0,2.0,1.0,1,0,1,0
2016236,279,False,False,medium_block,1909.49825,33.55,56.915000000000006,1.5,0.15,0,0,0,0.0,2.0,1.0,1.0,1.0,0.0,0,0,1,0
2016236,280,False,False,low_block,1584.824,31.76,49.9,1.0,1.05,0,1,0,0.0,2.0,2.0,2.0,2.0,1.0,1,1,0,0
2016236,281,False,False,medium_block,1486.1697499999998,31.45,47.254999999999995,0.5,1.05,0,1,0,0.0,1.0,2.0,2.0,2.0,1.0,1,0,1,0
2016236,282,False,False,low_block,1263.736275,31.965000000000003,39.535,0.3333333333333333,0.15,0,0,0,0.0,2.0,1.0,3.0,1.0,0.0,0,1,0,0
2016236,283,False,False,medium_block,1103.7642,32.34,34.129999999999995,0.0,0.15,0,0,0,0.0,2.0,1.0,2.0,1.0,0.0,0,0,1,0
2016236,284,False,False,low_block,1260.0315,35.295,35.7,0.0,0.0,0,0,0,0.0,1.0,0.0,2.0,1.0,0.0,0,1,0,0
2016236,285,False,False,medium_block,1436.7382999999998,39.01,36.83,0.0,0.0,0,0,0,0.0,2.0,0.0,2.0,1.0,0.0,0,0,1,0
2016236,286,False,False,low_block,1493.463,40.805,36.6,0.5,0.0,0,0,0,0.0,1.0,0.0,2.0,1.0,0.0,0,1,0,0
2016236,287,False,False,medium_block,1685.376325,38.135,44.195,0.0,0.4,0,0,0,1.0,1.0,1.0,2.0,2.0,1.0,0,0,1,0
2016236,288,False,False,high_block,2003.34915,37.13,53.955,0.0,0.25,0,0,0,1.0,1.0,0.0,2.0,2.0,1.0,0,0,0,1
2016236,289,False,False,medium_block,2189.96445,39.11,55.995000000000005,0.0,0.25,0,0,0,1.0,1.0,0.0,2.0,2.0,1.0,0,0,1,0
2016236,291,False,False,high_block,3093.4721999999997,44.519999999999996,69.485,2.5,0.5,0,0,0,2.0,2.0,0.0,2.0,3.0,2.0,0,0,0,1
2016236,292,False,False,high_block,2594.3408,40.36,64.28,1.0,0.5,0,0,0,2.0,2.0,0.0,2.0,3.0,2.0,0,0,0,1
2016236,293,False,False,medium_block,2672.1852000000003,42.335,63.120000000000005,2.0,1.65,1,0,0,2.0,2.0,1.0,2.0,4.0,3.0,1,0,1,0
2016236,294,False,False,low_block,1691.3886,41.415,40.84,0.0,0.0,0,0,0,0.0,1.0,0.0,2.0,1.0,0.0,0,1,0,0
2016236,295,False,False,medium_block,1622.9721000000002,39.955,40.620000000000005,0.0,0.0,0,0,0,0.0,1.0,0.0,2.0,1.0,0.0,0,0,1,0
2016236,296,False,False,low_block,1191.3247,35.435,33.62,1.5,1.05,0,1,0,0.0,2.0,2.0,2.0,2.0,1.0,1,1,0,0
2016236,297,False,False,low_block,1074.742425,36.315,29.595,0.0,0.15,0,0,0,0.0,0.0,1.0,1.0,1.0,0.0,0,1,0,0
2016236,298,False,False,medium_block,1484.3191499999998,33.97,43.69499999999999,1.0,0.4,0,0,0,1.0,2.0,1.0,2.0,2.0,1.0,0,0,1,0
2016236,300,False,False,medium_block,1373.9801999999997,31.47,43.66,1.5,1.65,0,1,0,3.0,4.0,1.0,2.0,5.0,4.0,1,0,1,0
2016236,301,False,False,low_block,1254.148,33.355000000000004,37.599999999999994,1.5,0.25,0,0,0,1.0,3.0,0.0,2.0,2.0,1.0,0,1,0,0
2016236,302,False,False,medium_block,1421.7784000000001,33.08,42.980000000000004,1.6666666666666667,1.4,0,1,0,2.0,3.0,1.0,3.0,4.0,3.0,1,0,1,0
2016236,303,False,False,low_block,1280.175975,31.715000000000003,40.365,2.0,0.75,0,1,0,0.0,4.0,0.0,4.0,2.0,1.0,1,1,0,0
2016236,310,False,False,medium_block,1760.426625,33.225,52.985,0.0,0.3,0,0,0,0.0,1.0,2.0,1.0,1.0,0.0,0,0,1,0
2016236,313,False,False,medium_block,1897.8156,38.04,49.89,1.5,0.15,0,0,0,0.0,0.0,1.0,1.0,1.0,0.0,0,0,1,0
2016236,315,False,False,high_block,2408.5005,36.05,66.81,0.5,1.65,0,1,0,3.0,3.0,1.0,2.0,5.0,4.0,1,0,0,1
2016236,316,False,False,medium_block,1907.6560250000002,33.935,56.215,2.0,1.4,0,1,0,2.0,3.0,1.0,3.0,4.0,3.0,1,0,1,0
2016236,319,False,False,medium_block,2116.6567499999996,43.709999999999994,48.425,1.0,2.95,1,0,1,3.0,3.0,3.0,2.0,5.0,4.0,1,0,1,0
2016236,320,False,False,high_block,2675.8399500000005,42.03,63.665000000000006,1.5,2.4,1,0,1,2.0,2.0,1.0,2.0,4.0,3.0,1,0,0,1
2016236,325,False,False,medium_block,1425.2399999999998,34.239999999999995,41.625,1.0,0.0,0,0,0,0.0,0.0,0.0,1.0,1.0,0.0,0,0,1,0
2016236,327,False,False,medium_block,1278.7137,34.14,37.455,1.5,0.15,0,0,0,0.0,2.0,1.0,2.0,1.0,0.0,0,0,1,0
2016236,329,False,False,medium_block,1594.9809999999998,35.65,44.739999999999995,1.0,1.5,0,1,0,3.0,3.0,0.0,2.0,5.0,4.0,1,0,1,0
2016236,330,False,False,high_block,2126.8158,37.364999999999995,56.92,1.5,1.5,0,1,0,3.0,3.0,0.0,2.0,5.0,4.0,1,0,0,1
2016236,333,False,False,medium_block,2044.6585000000002,33.260000000000005,61.474999999999994,2.0,0.75,0,1,0,0.0,1.0,0.0,2.0,2.0,1.0,1,0,1,0
2016236,334,False,False,low_block,1762.60435,34.81,50.635,2.0,0.75,0,1,0,0.0,3.0,0.0,2.0,2.0,1.0,1,1,0,0
2016236,335,False,False,medium_block,1599.6216000000002,36.06,44.36,2.0,0.15,0,0,0,0.0,1.0,1.0,1.0,1.0,0.0,0,0,1,0
2016236,336,False,False,high_block,1812.9752,37.06,48.92,0.0,0.15,0,0,0,0.0,0.0,1.0,2.0,1.0,0.0,0,0,0,1
2016236,337,False,False,medium_block,1635.3710999999998,32.39,50.489999999999995,2.0,2.6,1,1,0,1.0,1.0,4.0,3.0,4.0,3.0,1,0,1,0
2016236,338,False,False,high_block,2889.9934,39.47,73.22,1.0,0.25,0,0,0,1.0,1.0,0.0,2.0,2.0,1.0,0,0,0,1
2016236,340,False,False,medium_block,2200.274375,36.595,60.125,1.0,0.9,0,1,0,0.0,1.0,1.0,2.0,2.0,1.0,1,0,1,0
2016236,341,False,False,low_block,1859.9295000000002,36.685,50.7,2.5,1.05,0,1,0,0.0,2.0,2.0,2.0,2.0,1.0,1,1,0,0
2016236,342,False,False,high_block,2855.7237,37.605000000000004,75.94,2.3333333333333335,1.25,0,1,0,2.0,3.0,0.0,3.0,4.0,3.0,1,0,0,1
2016236,345,False,False,low_block,1677.646775,32.105,52.255,2.6666666666666665,1.05,0,1,0,0.0,3.0,2.0,3.0,2.0,1.0,1,1,0,0
2016236,347,False,False,high_block,2658.7148,41.83,63.56,3.0,0.0,0,0,0,0.0,2.0,0.0,2.0,1.0,0.0,0,0,0,1
2016236,348,False,False,medium_block,2596.38605,41.17,63.065,3.0,0.0,0,0,0,0.0,2.0,0.0,2.0,1.0,0.0,0,0,1,0
2016236,349,False,False,medium_block,1491.8400000000001,32.0,46.620000000000005,1.0,0.3,0,0,0,0.0,1.0,2.0,1.0,1.0,0.0,0,0,1,0
2016236,350,False,False,high_block,1850.8917,34.86,53.095,1.5,0.3,0,0,0,0.0,0.0,2.0,1.0,1.0,0.0,0,0,0,1
2016236,351,False,False,medium_block,2115.65275,39.35,53.765,0.0,0.25,0,0,0,1.0,1.0,0.0,3.0,2.0,1.0,0,0,1,0
2016236,352,False,False,high_block,2384.42265,42.435,56.19,0.0,0.25,0,0,0,1.0,1.0,0.0,2.0,2.0,1.0,0,0,0,1
2016236,354,False,False,medium_block,2093.465,37.4,55.975,3.0,1.35,0,1,0,0.0,1.0,4.0,1.0,2.0,1.0,1,0,1,0
2016236,355,False,False,low_block,1079.7732,24.585,43.92,1.6666666666666667,1.05,0,1,0,0.0,3.0,2.0,3.0,2.0,1.0,1,1,0,0
2016236,358,False,False,high_block,2984.83515,43.065,69.31,2.0,0.0,0,0,0,0.0,2.0,0.0,2.0,1.0,0.0,0,0,0,1
2016236,359,False,False,medium_block,2364.8799999999997,36.05,65.6,3.0,0.44999999999999996,0,0,0,0.0,2.0,3.0,1.0,1.0,0.0,0,0,1,0
2016236,360,False,False,low_block,1516.287525,28.155,53.855,1.5,0.6,0,0,0,0.0,2.0,4.0,2.0,1.0,0.0,0,1,0,0
2016236,361,False,False,medium_block,1472.562,34.8,42.315,0.0,0.15,0,0,0,0.0,1.0,1.0,2.0,1.0,0.0,0,0,1,0
2016236,362,False,False,low_block,1612.215525,42.045,38.345,2.5,0.75,0,1,0,0.0,5.0,0.0,2.0,2.0,1.0,1,1,0,0
2016236,363,False,False,medium_block,1505.94255,40.515,37.17,0.0,0.0,0,0,0,0.0,1.0,0.0,2.0,1.0,0.0,0,0,1,0
2016236,364,False,False,low_block,1464.115175,39.394999999999996,37.165,1.5,0.15,0,0,0,0.0,2.0,1.0,2.0,1.0,0.0,0,1,0,0
2016236,365,False,False,medium_block,1363.2477500000002,36.77,37.075,1.0,1.15,0,1,0,1.0,1.0,1.0,3.0,3.0,2.0,1,0,1,0
2016236,366,False,False,low_block,1368.2271999999998,35.78,38.239999999999995,0.0,0.0,0,0,0,0.0,0.0,0.0,2.0,1.0,0.0,0,1,0,0
2016236,367,False,False,high_block,3055.6051999999995,45.769999999999996,66.75999999999999,2.0,0.75,0,1,0,0.0,1.0,0.0,2.0,2.0,1.0,1,0,0,1
2016236,368,False,False,medium_block,2422.9913500000002,39.53,61.295,2.5,1.35,0,1,0,0.0,3.0,4.0,2.0,2.0,1.0,1,0,1,0
2016236,369,False,False,low_block,1924.285875,34.725,55.415,2.6666666666666665,1.35,0,1,0,0.0,4.0,5.0,3.0,2.0,1.0,1,1,0,0
2016236,370,False,False,high_block,2186.2487000000006,32.995000000000005,66.26,1.0,1.2,0,1,0,0.0,1.0,3.0,2.0,2.0,1.0,1,0,0,1
2016236,371,False,False,medium_block,2143.4666,38.510000000000005,55.66,1.0,0.9,0,1,0,0.0,1.0,1.0,2.0,2.0,1.0,1,0,1,0
2016236,372,False,False,medium_block,2793.7251,46.71,59.81,1.5,0.9,0,1,0,0.0,1.0,1.0,2.0,2.0,1.0,1,0,1,0
2016236,373,False,False,high_block,2410.236675,39.105000000000004,61.635,1.0,0.0,0,0,0,0.0,1.0,0.0,1.0,1.0,0.0,0,0,0,1
2016236,374,False,False,medium_block,1989.7573500000003,37.230000000000004,53.445,1.5,2.85,1,1,0,2.0,2.0,4.0,2.0,5.0,4.0,1,0,1,0
2016236,375,False,False,low_block,1482.3212250000004,33.495000000000005,44.255,3.0,0.15,0,0,0,0.0,2.0,1.0,3.0,1.0,0.0,0,1,0,0
2016236,377,False,False,medium_block,,,,1.5,0.0,0,0,0,0.0,0.0,0.0,1.0,1.0,0.0,0,0,1,0
2016236,378,False,False,low_block,889.0479750000002,34.995000000000005,25.405,2.0,0.75,0,1,0,0.0,2.0,0.0,3.0,2.0,1.0,1,1,0,0
2016236,382,False,False,low_block,1215.2873249999998,34.335,35.394999999999996,0.0,0.9,0,1,0,0.0,1.0,1.0,2.0,2.0,1.0,1,1,0,0
2016236,384,True,False,medium_block,1787.336875,33.625,53.155,1.0,0.25,0,0,0,1.0,1.0,0.0,1.0,2.0,1.0,0,0,1,0
2016236,385,True,False,high_block,2176.9373499999997,38.065,57.19,0.0,0.0,0,0,0,0.0,0.0,0.0,2.0,1.0,0.0,0,0,0,1
2016236,386,True,False,medium_block,1939.1558750000004,38.525000000000006,50.335,2.0,1.7,1,0,0,1.0,2.0,3.0,2.0,3.0,2.0,1,0,1,0
2016236,387,True,False,low_block,1590.1313750000002,33.145,47.975,3.0,1.2,0,1,0,0.0,3.0,3.0,2.0,2.0,1.0,1,1,0,0
2016236,388,False,False,high_block,3072.16175,42.07,73.025,1.5,0.0,0,0,0,0.0,1.0,0.0,1.0,1.0,0.0,0,0,0,1
2016236,390,False,False,medium_block,1771.5852000000002,40.67,43.56,0.0,0.0,0,0,0,0.0,0.0,0.0,2.0,1.0,0.0,0,0,1,0
2016236,391,False,False,low_block,1207.2125999999998,33.33,36.22,1.0,0.44999999999999996,0,0,0,0.0,1.0,3.0,2.0,1.0,0.0,0,1,0,0
2016236,392,False,False,medium_block,1346.99215,35.63,37.805,0.0,0.15,0,0,0,0.0,0.0,1.0,1.0,1.0,0.0,0,0,1,0
2016236,393,False,False,low_block,1441.1852,37.57,38.36,0.0,0.0,0,0,0,0.0,0.0,0.0,1.0,1.0,0.0,0,1,0,0
2016236,394,False,False,medium_block,1564.7189999999998,41.34,37.849999999999994,0.0,0.0,0,0,0,0.0,1.0,0.0,1.0,1.0,0.0,0,0,1,0
2016236,395,False,False,low_block,1598.809,43.025000000000006,37.16,0.5,0.75,0,1,0,0.0,3.0,0.0,2.0,2.0,1.0,1,1,0,0
2016236,396,False,False,high_block,2905.0645250000002,40.045,72.545,2.5,0.75,0,1,0,0.0,2.0,0.0,2.0,2.0,1.0,1,0,0,1
2016236,397,False,False,medium_block,2755.0280749999997,37.655,73.16499999999999,2.5,0.75,0,1,0,0.0,2.0,0.0,2.0,2.0,1.0,1,0,1,0
2016236,398,False,False,low_block,2277.7072500000004,43.53,52.325,3.3333333333333335,0.15,0,0,0,0.0,3.0,1.0,3.0,1.0,0.0,0,1,0,0
2016236,401,False,False,medium_block,2207.3547,38.58,57.215,0.0,1.0,0,1,0,1.0,1.0,0.0,2.0,3.0,2.0,1,0,1,0
2016236,402,False,False,medium_block,1840.5708750000003,42.075,43.745000000000005,1.3333333333333333,0.75,0,1,0,0.0,1.0,0.0,3.0,2.0,1.0,1,0,1,0
2016236,404,False,False,medium_block,1702.3952500000003,37.81,45.025000000000006,2.5,2.15,1,1,0,1.0,2.0,1.0,2.0,4.0,3.0,1,0,1,0
2016236,406,False,False,medium_block,1701.3247499999995,34.224999999999994,49.709999999999994,0.0,0.0,0,0,0,0.0,0.0,0.0,1.0,1.0,0.0,0,0,1,0
2016236,407,False,False,high_block,1775.67225,34.715,51.15,0.0,0.0,0,0,0,0.0,0.0,0.0,2.0,1.0,0.0,0,0,0,1
2016236,408,False,False,medium_block,1976.42835,39.285,50.31,0.0,0.0,0,0,0,0.0,0.0,0.0,1.0,1.0,0.0,0,0,1,0
2016236,409,False,False,medium_block,2082.1813750000006,40.325,51.635000000000005,0.0,0.25,0,0,0,1.0,1.0,0.0,1.0,2.0,1.0,0,0,1,0
2016236,410,False,False,high_block,2564.772,39.9,64.28,2.0,0.65,0,0,0,2.0,2.0,1.0,2.0,3.0,2.0,0,0,0,1
2016236,413,True,True,medium_block,1978.5704,33.695,58.72,2.0,2.3,1,1,0,1.0,2.0,2.0,1.0,4.0,3.0,1,0,1,0
2016236,414,True,True,low_block,1304.822025,31.415,41.535,3.0,0.75,0,1,0,0.0,2.0,0.0,1.0,2.0,1.0,1,1,0,0
2016236,415,False,False,medium_block,1947.4,40.0,48.685,2.0,0.4,0,0,0,1.0,1.0,1.0,1.0,2.0,1.0,0,0,1,0
2016236,416,False,False,medium_block,2799.2557,45.995000000000005,60.86,2.0,0.4,0,0,0,1.0,1.0,1.0,1.0,2.0,1.0,0,0,1,0
2016236,417,False,False,high_block,2693.3435499999996,40.765,66.07,2.0,1.05,0,0,0,3.0,3.0,2.0,2.0,4.0,3.0,0,0,0,1
2016236,420,True,False,medium_block,2166.3346250000004,33.475,64.715,1.0,2.85,1,1,0,2.0,3.0,6.0,2.0,5.0,4.0,1,0,1,0
2016236,421,True,False,low_block,1473.2831999999999,27.52,53.535,3.0,0.9,0,1,0,0.0,5.0,1.0,3.0,2.0,1.0,1,1,0,0
2016236,423,False,False,medium_block,1669.46325,32.025,52.13,3.0,1.25,0,1,0,2.0,3.0,0.0,2.0,4.0,3.0,1,0,1,0
2016236,425,False,False,medium_block,1944.3164999999997,40.254999999999995,48.3,1.0,1.55,1,0,0,1.0,1.0,2.0,2.0,3.0,2.0,1,0,1,0
2016236,426,False,False,medium_block,2409.3071999999997,38.91,61.92,1.0,1.05,0,1,0,0.0,3.0,2.0,2.0,2.0,1.0,1,0,1,0
2016236,427,False,False,low_block,1669.5578999999998,36.565,45.66,1.5,0.9,0,1,0,0.0,4.0,1.0,2.0,2.0,1.0,1,1,0,0
2016236,428,False,False,high_block,2516.5939000000003,36.83,68.33000000000001,2.0,0.9,0,1,0,0.0,1.0,1.0,4.0,2.0,1.0,1,0,0,1
2016236,433,False,False,high_block,2694.7848,37.92,71.065,2.0,2.4,1,1,0,2.0,4.0,1.0,2.0,5.0,4.0,1,0,0,1
2016236,435,False,False,high_block,2022.2007,27.69,73.03,1.5,0.25,0,0,0,1.0,1.0,0.0,1.0,2.0,1.0,0,0,0,1
2016236,436,False,False,medium_block,1720.1535999999999,33.44,51.44,1.5,0.25,0,0,0,1.0,1.0,0.0,1.0,2.0,1.0,0,0,1,0
2016236,437,False,False,high_block,2565.8242,37.370000000000005,68.66,2.0,1.65,1,0,0,2.0,2.0,1.0,2.0,4.0,3.0,1,0,0,1
2016236,438,False,False,medium_block,2545.9237500000004,38.875,65.49000000000001,2.0,2.8,1,1,0,3.0,3.0,2.0,2.0,6.0,5.0,1,0,1,0
2016236,439,False,False,medium_block,1531.74,41.68,36.75,1.0,0.0,0,0,0,0.0,2.0,0.0,1.0,1.0,0.0,0,0,1,0
2016236,440,False,False,low_block,1473.8524999999997,42.05,35.05,1.5,0.0,0,0,0,0.0,2.0,0.0,2.0,1.0,0.0,0,1,0,0
2016236,442,False,False,low_block,1422.2446,28.84,49.315,2.0,0.75,0,1,0,0.0,1.0,0.0,3.0,2.0,1.0,1,1,0,0
2016236,446,False,False,low_block,973.6072500000001,37.95,25.655,3.0,0.0,0,0,0,0.0,2.0,0.0,1.0,1.0,0.0,0,1,0,0
2016236,447,True,False,low_block,1308.3525000000002,34.125,38.34,2.0,0.9,0,1,0,0.0,1.0,1.0,3.0,2.0,1.0,1,1,0,0
2016236,448,False,False,high_block,2110.7661,36.254999999999995,58.22,0.0,0.25,0,0,0,1.0,1.0,0.0,2.0,2.0,1.0,0,0,0,1
2016236,449,False,False,medium_block,1946.5447500000002,42.45,45.855000000000004,1.0,0.15,0,0,0,0.0,1.0,1.0,2.0,1.0,0.0,0,0,1,0
2016236,450,False,False,low_block,1644.93615,38.17,43.095,2.0,0.3,0,0,0,0.0,3.0,2.0,1.0,1.0,0.0,0,1,0,0
2016236,454,False,False,high_block,2034.01725,35.405,57.45,1.5,0.75,0,0,0,3.0,3.0,0.0,1.0,4.0,3.0,0,0,0,1
2016236,455,False,False,medium_block,1921.4999999999998,34.16,56.25,2.0,1.5,0,1,0,3.0,4.0,0.0,2.0,5.0,4.0,1,0,1,0
2016236,460,False,False,medium_block,2320.1197500000003,39.650000000000006,58.515,2.0,0.15,0,0,0,0.0,1.0,1.0,1.0,1.0,0.0,0,0,1,0
2016236,462,False,False,medium_block,1773.173675,38.585,45.955,1.5,0.75,0,1,0,0.0,1.0,0.0,2.0,2.0,1.0,1,0,1,0
2016236,464,False,False,medium_block,1827.4498500000002,34.935,52.31,2.0,1.05,0,1,0,0.0,3.0,2.0,2.0,2.0,1.0,1,0,1,0
2016236,465,False,False,high_block,2262.0464999999995,35.55,63.629999999999995,1.0,0.0,0,0,0,0.0,0.0,0.0,1.0,1.0,0.0,0,0,0,1
2016236,468,False,False,high_block,2256.7187499999995,32.824999999999996,68.75,1.5,0.0,0,0,0,0.0,0.0,0.0,1.0,1.0,0.0,0,0,0,1
2016236,478,True,False,low_block,828.5590500000002,23.07,35.915000000000006,3.0,0.9,0,1,0,0.0,3.0,1.0,2.0,2.0,1.0,1,1,0,0
2016236,479,False,False,medium_block,2342.8729500000004,40.370000000000005,58.035000000000004,1.0,0.0,0,0,0,0.0,0.0,0.0,1.0,1.0,0.0,0,0,1,0
2017461,0,False,False,medium_block,1590.2800000000002,33.2,47.9,0.0,1.35,0,1,0,0.0,1.0,5.0,2.0,2.0,1.0,1,0,1,0
2017461,3,True,False,low_block,902.05355,23.195,38.89,4.0,0.44999999999999996,0,0,0,0.0,3.0,3.0,1.0,1.0,0.0,0,1,0,0
2017461,5,False,False,medium_block,1664.5035750000002,35.105000000000004,47.415,1.0,0.15,0,0,0,0.0,1.0,1.0,1.0,1.0,0.0,0,0,1,0
2017461,6,False,False,high_block,1692.5272,30.485,55.52,1.5,0.0,0,0,0,0.0,0.0,0.0,1.0,1.0,0.0,0,0,0,1
2017461,9,False,False,medium_block,1425.4703999999997,29.115,48.959999999999994,0.0,0.0,0,0,0,0.0,0.0,0.0,2.0,1.0,0.0,0,0,1,0
2017461,12,False,False,medium_block,1374.8005,31.21,44.05,2.0,1.2,0,1,0,0.0,3.0,3.0,3.0,2.0,1.0,1,0,1,0
2017461,13,False,False,low_block,923.1360000000001,25.6,36.06,2.5,1.2,0,1,0,0.0,3.0,3.0,2.0,2.0,1.0,1,1,0,0
2017461,15,False,False,high_block,2480.1153,33.54,73.945,3.0,0.0,0,0,0,0.0,0.0,0.0,1.0,1.0,0.0,0,0,0,1
2017461,16,False,False,medium_block,2245.761,36.120000000000005,62.175,0.5,0.0,0,0,0,0.0,1.0,0.0,2.0,1.0,0.0,0,0,1,0
2017461,17,False,False,medium_block,1885.1548,34.82,54.14,1.5,1.4,1,0,0,1.0,1.0,1.0,1.0,3.0,2.0,1,0,1,0
2017461,18,False,False,high_block,2418.7582999999995,37.315,64.82,1.5,1.65,1,0,0,2.0,2.0,1.0,2.0,4.0,3.0,1,0,0,1
2017461,20,False,False,medium_block,1978.6807999999999,40.58,48.76,0.0,0.15,0,0,0,0.0,0.0,1.0,1.0,1.0,0.0,0,0,1,0
2017461,28,False,False,medium_block,1684.5389749999997,34.614999999999995,48.665,0.0,0.15,0,0,0,0.0,0.0,1.0,1.0,1.0,0.0,0,0,1,0
2017461,30,False,False,medium_block,2087.9826000000003,38.28,54.545,2.0,2.55,1,1,0,2.0,2.0,2.0,1.0,5.0,4.0,1,0,1,0
2017461,31,False,False,medium_block,1206.5616,33.12,36.43,2.0,0.15,0,0,0,0.0,4.0,1.0,2.0,1.0,0.0,0,0,1,0
2017461,32,False,False,low_block,1192.630125,34.345,34.725,2.0,0.15,0,0,0,0.0,4.0,1.0,2.0,1.0,0.0,0,1,0,0
2017461,33,False,False,medium_block,1488.0552500000001,34.075,43.67,1.0,2.1,1,0,0,2.0,3.0,4.0,2.0,4.0,3.0,1,0,1,0
2017461,34,False,False,medium_block,2632.0649999999996,46.379999999999995,56.75,1.5,1.7,1,0,0,1.0,2.0,3.0,2.0,3.0,2.0,1,0,1,0
2017461,35,False,False,high_block,2680.027525,40.795,65.695,1.5,0.15,0,0,0,0.0,1.0,1.0,2.0,1.0,0.0,0,0,0,1
2017461,37,False,False,medium_block,1657.6526999999999,38.83,42.69,2.5,0.9,0,1,0,0.0,5.0,1.0,2.0,2.0,1.0,1,0,1,0
2017461,40,False,False,low_block,804.5107250000001,28.615000000000002,28.115000000000002,2.3333333333333335,0.9,0,1,0,0.0,5.0,1.0,3.0,2.0,1.0,1,1,0,0
2017461,41,False,False,low_block,1493.2197250000002,31.985,46.685,2.3333333333333335,0.75,0,1,0,0.0,4.0,0.0,3.0,2.0,1.0,1,1,0,0
2017461,43,True,False,low_block,952.2958000000002,29.410000000000004,32.38,2.75,1.05,0,1,0,0.0,5.0,2.0,4.0,2.0,1.0,1,1,0,0
2017461,45,True,False,medium_block,993.092,28.64,34.675,3.0,0.75,0,1,0,0.0,4.0,0.0,2.0,2.0,1.0,1,0,1,0
2017461,46,True,False,low_block,737.6517000000001,28.005000000000003,26.340000000000003,2.0,0.75,0,1,0,0.0,4.0,0.0,2.0,2.0,1.0,1,1,0,0
2017461,49,False,False,medium_block,1466.14545,29.07,50.435,1.3333333333333333,1.55,0,1,0,2.0,4.0,2.0,3.0,4.0,3.0,1,0,1,0
2017461,53,False,False,medium_block,1031.1486,21.93,47.019999999999996,3.0,0.25,0,0,0,1.0,1.0,0.0,1.0,2.0,1.0,0,0,1,0
2017461,54,False,False,medium_block,1489.224,28.205000000000002,52.8,2.0,1.75,0,1,0,4.0,4.0,0.0,2.0,6.0,5.0,1,0,1,0
2017461,55,False,False,high_block,2020.0536000000002,34.215,59.04,0.0,0.15,0,0,0,0.0,0.0,1.0,1.0,1.0,0.0,0,0,0,1
2017461,56,False,False,medium_block,1687.1224,38.66,43.64,1.0,0.4,0,0,0,1.0,1.0,1.0,1.0,2.0,1.0,0,0,1,0
2017461,57,False,False,high_block,2564.0706,42.28,60.644999999999996,1.5,0.65,0,0,0,2.0,2.0,1.0,2.0,3.0,2.0,0,0,0,1
2017461,58,False,False,medium_block,2764.3440000000005,42.45,65.12,1.5,0.65,0,0,0,2.0,2.0,1.0,2.0,3.0,2.0,0,0,1,0
2017461,59,True,False,medium_block,1814.2488,36.92,49.14,2.0,0.6,0,0,0,0.0,1.0,5.0,2.0,1.0,0.0,0,0,1,0
2017461,60,False,False,low_block,1710.9697500000004,36.95,46.30500000000001,2.0,0.15,0,0,0,0.0,1.0,1.0,1.0,1.0,0.0,0,1,0,0
2017461,62,False,False,medium_block,1436.6879999999999,27.21,52.8,1.5,1.2,0,1,0,0.0,4.0,3.0,2.0,2.0,1.0,1,0,1,0
2017461,63,False,False,low_block,1524.3305,31.79,47.95,0.0,0.3,0,0,0,0.0,2.0,2.0,1.0,1.0,0.0,0,1,0,0
2017461,64,False,False,high_block,2403.44825,36.925,65.09,1.0,0.7,0,0,0,1.0,1.0,3.0,2.0,2.0,1.0,0,0,0,1
2017461,65,False,False,medium_block,2002.5711999999999,36.489999999999995,54.88,2.5,3.05,1,1,0,4.0,4.0,2.0,4.0,7.0,6.0,1,0,1,0
2017461,66,False,False,high_block,1700.0835250000002,35.795,47.495000000000005,0.0,0.0,0,0,0,0.0,0.0,0.0,2.0,1.0,0.0,0,0,0,1
2017461,67,False,False,medium_block,1636.0891,34.415,47.54,0.0,0.0,0,0,0,0.0,0.0,0.0,2.0,1.0,0.0,0,0,1,0
2017461,68,False,False,medium_block,2153.5074,35.66,60.39,2.0,0.44999999999999996,0,0,0,0.0,1.0,3.0,1.0,1.0,0.0,0,0,1,0
2017461,69,False,False,low_block,2154.0843999999997,43.72,49.269999999999996,1.5,0.44999999999999996,0,0,0,0.0,1.0,3.0,2.0,1.0,0.0,0,1,0,0
2017461,70,True,False,medium_block,2448.9042249999998,40.955,59.795,2.5,1.35,0,1,0,0.0,2.0,5.0,2.0,2.0,1.0,1,0,1,0
2017461,71,False,False,low_block,1363.040775,31.985,42.615,2.0,0.25,0,0,0,1.0,2.0,0.0,2.0,2.0,1.0,0,1,0,0
2017461,72,False,False,medium_block,945.0059999999999,28.68,32.949999999999996,2.0,0.25,0,0,0,1.0,2.0,0.0,2.0,2.0,1.0,0,0,1,0
2017461,73,False,False,low_block,1016.8922500000001,29.725,34.21,2.0,0.25,0,0,0,1.0,2.0,0.0,2.0,2.0,1.0,0,1,0,0
2017461,74,False,False,medium_block,1237.5102500000003,31.270000000000003,39.575,1.5,1.3,0,1,0,1.0,2.0,2.0,2.0,3.0,2.0,1,0,1,0
2017461,75,False,False,low_block,1459.21,33.7,43.3,1.5,0.15,0,0,0,0.0,2.0,1.0,2.0,1.0,0.0,0,1,0,0
2017461,76,False,False,medium_block,1292.2521500000003,32.27,40.045,2.6666666666666665,1.25,0,1,0,2.0,3.0,0.0,3.0,4.0,3.0,1,0,1,0
2017461,77,False,False,low_block,1071.30145,28.61,37.445,3.0,2.3,1,1,0,1.0,4.0,2.0,3.0,4.0,3.0,1,1,0,0
2017461,79,False,False,medium_block,1495.69555,35.33,42.335,0.0,0.25,0,0,0,1.0,1.0,0.0,2.0,2.0,1.0,0,0,1,0
2017461,81,False,False,low_block,1830.636,42.2,43.379999999999995,4.0,0.25,0,0,0,1.0,1.0,0.0,2.0,2.0,1.0,0,1,0,0
2017461,82,False,False,medium_block,1768.408375,39.425,44.855000000000004,1.0,0.15,0,0,0,0.0,1.0,1.0,1.0,1.0,0.0,0,0,1,0
2017461,84,False,False,medium_block,1637.7504,34.32,47.72,1.0,2.6,1,1,0,1.0,2.0,5.0,2.0,4.0,3.0,1,0,1,0
2017461,85,False,False,low_block,1231.804175,30.055,40.985,0.0,0.15,0,0,0,0.0,0.0,1.0,1.0,1.0,0.0,0,1,0,0
2017461,86,False,False,medium_block,1553.288,33.44,46.45,2.0,1.2,0,1,0,0.0,4.0,3.0,1.0,2.0,1.0,1,0,1,0
2017461,87,False,False,low_block,1609.2254249999999,28.784999999999997,55.905,2.0,1.2,0,1,0,0.0,2.0,3.0,2.0,2.0,1.0,1,1,0,0
2017461,93,False,False,medium_block,1332.62595,32.31,41.245,0.5,0.0,0,0,0,0.0,2.0,0.0,2.0,1.0,0.0,0,0,1,0
2017461,95,True,False,medium_block,2268.2158249999998,39.485,57.445,2.5,1.05,0,1,0,0.0,1.0,2.0,2.0,2.0,1.0,1,0,1,0
2017461,96,True,False,low_block,1776.8466,30.060000000000002,59.11,2.0,0.9,0,1,0,0.0,3.0,1.0,2.0,2.0,1.0,1,1,0,0
2017461,98,False,False,medium_block,1269.0548999999999,27.314999999999998,46.46,0.0,0.15,0,0,0,0.0,1.0,1.0,1.0,1.0,0.0,0,0,1,0
2017461,99,False,False,high_block,1693.1425000000002,31.21,54.25,0.0,0.15,0,0,0,0.0,1.0,1.0,1.0,1.0,0.0,0,0,0,1
2017461,103,False,False,high_block,2681.249375,35.525,75.475,0.0,0.5,0,0,0,2.0,2.0,0.0,2.0,3.0,2.0,0,0,0,1
2017461,106,True,False,high_block,2324.3835,34.94,66.525,1.0,0.5,0,0,0,2.0,2.0,0.0,2.0,3.0,2.0,0,0,0,1
2017461,108,True,False,medium_block,2425.9519999999993,37.599999999999994,64.52,2.5,2.6,1,1,0,1.0,3.0,5.0,2.0,4.0,3.0,1,0,1,0
2017461,109,True,False,low_block,1590.710425,29.395,54.115,2.5,0.15,0,0,0,0.0,4.0,1.0,2.0,1.0,0.0,0,1,0,0
2017461,110,True,False,high_block,1672.7713500000002,24.445,68.43,4.0,1.05,0,1,0,0.0,3.0,2.0,1.0,2.0,1.0,1,0,0,1
2017461,111,True,False,medium_block,1747.93905,26.91,64.955,2.0,0.15,0,0,0,0.0,0.0,1.0,1.0,1.0,0.0,0,0,1,0
2017461,112,True,False,low_block,2036.3962500000002,34.025000000000006,59.849999999999994,2.0,0.15,0,0,0,0.0,1.0,1.0,2.0,1.0,0.0,0,1,0,0
2017461,113,False,False,medium_block,2183.9148999999998,31.58,69.155,2.0,0.15,0,0,0,0.0,1.0,1.0,1.0,1.0,0.0,0,0,1,0
2017461,114,False,False,low_block,1758.2052999999999,30.535,57.58,2.0,0.15,0,0,0,0.0,1.0,1.0,1.0,1.0,0.0,0,1,0,0
2017461,116,False,False,medium_block,1399.3200000000002,31.200000000000003,44.85,2.0,2.65,1,0,1,3.0,3.0,1.0,2.0,5.0,4.0,1,0,1,0
2017461,117,False,False,medium_block,1153.379,25.15,45.86,1.5,0.0,0,0,0,0.0,0.0,0.0,0.0,1.0,0.0,0,0,1,0
2017461,118,False,False,high_block,1433.4992,30.065,47.68,0.0,0.0,0,0,0,0.0,0.0,0.0,1.0,1.0,0.0,0,0,0,1
2017461,119,False,False,medium_block,1810.62675,38.565,46.95,1.5,0.6,0,0,0,0.0,1.0,4.0,2.0,1.0,0.0,0,0,1,0
2017461,120,False,False,low_block,2056.5967499999997,45.855000000000004,44.849999999999994,3.0,0.44999999999999996,0,0,0,0.0,1.0,3.0,1.0,1.0,0.0,0,1,0,0
2017461,124,False,False,medium_block,1757.8200499999998,31.884999999999998,55.129999999999995,1.5,0.0,0,0,0,0.0,1.0,0.0,0.0,1.0,0.0,0,0,1,0
2017461,125,False,False,high_block,1824.901,29.770000000000003,61.3,4.0,0.0,0,0,0,0.0,1.0,0.0,1.0,1.0,0.0,0,0,0,1
2017461,126,False,False,medium_block,1750.6200000000001,28.64,61.125,4.0,0.75,0,1,0,0.0,2.0,0.0,2.0,2.0,1.0,1,0,1,0
2017461,128,False,False,medium_block,1892.6958750000001,34.075,55.545,0.0,1.8,1,0,0,2.0,3.0,2.0,2.0,4.0,3.0,1,0,1,0
2017461,130,False,False,medium_block,2285.4643499999997,43.57,52.455,2.0,1.75,0,1,0,4.0,4.0,0.0,2.0,6.0,5.0,1,0,1,0
2017461,131,False,False,medium_block,2130.6262,43.58,48.89,2.0,3.1,1,1,0,3.0,3.0,6.0,2.0,6.0,5.0,1,0,1,0
2017461,132,False,False,medium_block,1637.57475,36.33,45.075,1.3333333333333333,1.2,0,1,0,0.0,2.0,3.0,3.0,2.0,1.0,1,0,1,0
2017461,133,False,False,low_block,1561.5811749999998,41.815,37.345,1.0,0.6,0,0,0,0.0,1.0,4.0,2.0,1.0,0.0,0,1,0,0
2017461,134,False,False,medium_block,1462.6012500000002,39.75,36.795,0.0,0.15,0,0,0,0.0,1.0,1.0,2.0,1.0,0.0,0,0,1,0
2017461,135,False,False,low_block,1143.8217000000002,31.545,36.260000000000005,3.5,0.75,0,1,0,0.0,6.0,0.0,2.0,2.0,1.0,1,1,0,0
2017461,139,False,False,high_block,1956.6828,27.59,70.92,1.5,0.0,0,0,0,0.0,1.0,0.0,1.0,1.0,0.0,0,0,0,1
2017461,140,False,False,medium_block,1841.7875000000001,33.95,54.25,1.5,0.0,0,0,0,0.0,1.0,0.0,1.0,1.0,0.0,0,0,1,0
2017461,143,False,False,medium_block,1416.6525,30.75,46.07,1.5,0.0,0,0,0,0.0,0.0,0.0,0.0,1.0,0.0,0,0,1,0
2017461,144,False,False,low_block,1247.5458,28.619999999999997,43.59,3.0,1.05,0,1,0,0.0,2.0,2.0,1.0,2.0,1.0,1,1,0,0
2017461,145,False,False,medium_block,1161.704125,24.725,46.985,3.0,0.9,0,1,0,0.0,3.0,1.0,1.0,2.0,1.0,1,0,1,0
2017461,146,False,False,low_block,1213.9632,27.54,44.08,0.5,0.15,0,0,0,0.0,2.0,1.0,2.0,1.0,0.0,0,1,0,0
2017461,147,False,False,medium_block,1359.8604,35.72,38.07,0.0,0.55,0,0,0,1.0,3.0,2.0,2.0,2.0,1.0,0,0,1,0
2017461,148,False,False,low_block,1601.3088000000002,39.480000000000004,40.56,1.0,0.55,0,0,0,1.0,2.0,2.0,2.0,2.0,1.0,0,1,0,0
2017461,149,False,False,medium_block,2008.330025,40.235,49.915,2.0,1.15,0,1,0,1.0,1.0,1.0,1.0,3.0,2.0,1,0,1,0
2017461,153,False,False,medium_block,1543.58175,31.215,49.45,1.0,0.15,0,0,0,0.0,0.0,1.0,1.0,1.0,0.0,0,0,1,0
2017461,154,False,False,high_block,2894.3823249999996,43.144999999999996,67.085,2.5,1.65,1,0,0,2.0,2.0,1.0,2.0,4.0,3.0,1,0,0,1
2017461,155,False,False,medium_block,2419.5996,40.92,59.129999999999995,2.0,2.7,1,1,0,2.0,2.0,3.0,1.0,5.0,4.0,1,0,1,0
2017461,156,True,False,medium_block,1827.3183,38.085,47.98,2.5,0.3,0,0,0,0.0,3.0,2.0,2.0,1.0,0.0,0,0,1,0
2017461,157,True,False,low_block,1795.4816,40.96,43.835,2.5,0.3,0,0,0,0.0,3.0,2.0,2.0,1.0,0.0,0,1,0,0
2017461,158,True,False,medium_block,1708.2600750000004,38.855000000000004,43.965,0.0,0.44999999999999996,0,0,0,0.0,0.0,3.0,2.0,1.0,0.0,0,0,1,0
2017461,160,True,False,low_block,1423.038725,38.095,37.355000000000004,2.5,0.15,0,0,0,0.0,2.0,1.0,2.0,1.0,0.0,0,1,0,0
2017461,163,False,False,medium_block,1656.75535,33.155,49.97,3.0,0.0,0,0,0,0.0,1.0,0.0,2.0,1.0,0.0,0,0,1,0
2017461,164,False,False,high_block,1861.6429499999997,34.989999999999995,53.205,1.0,0.25,0,0,0,1.0,1.0,0.0,2.0,2.0,1.0,0,0,0,1
2017461,165,False,False,medium_block,2068.8540000000003,39.92,51.825,0.0,0.0,0,0,0,0.0,0.0,0.0,1.0,1.0,0.0,0,0,1,0
2017461,168,False,False,medium_block,1561.8626000000002,29.62,52.730000000000004,3.25,2.9,1,1,0,4.0,5.0,1.0,4.0,7.0,6.0,1,0,1,0
2017461,170,False,False,medium_block,1788.9752999999998,32.515,55.019999999999996,2.0,2.55,1,1,0,2.0,2.0,2.0,3.0,5.0,4.0,1,0,1,0
2017461,175,False,False,medium_block,2165.2509999999997,45.099999999999994,48.010000000000005,1.0,0.15,0,0,0,0.0,1.0,1.0,2.0,1.0,0.0,0,0,1,0
2017461,176,False,False,low_block,1712.0726999999997,41.22,41.535,2.0,0.9,0,1,0,0.0,2.0,1.0,2.0,2.0,1.0,1,1,0,0
2017461,177,False,False,medium_block,1507.089025,38.285,39.365,0.5,1.2,0,1,0,0.0,0.0,3.0,2.0,2.0,1.0,1,0,1,0
2017461,178,False,False,low_block,1478.6468,41.165,35.92,0.5,0.44999999999999996,0,0,0,0.0,1.0,3.0,2.0,1.0,0.0,0,1,0,0
2017461,179,False,False,medium_block,1428.603075,40.545,35.235,0.0,1.0,0,1,0,1.0,1.0,0.0,2.0,3.0,2.0,1,0,1,0
2017461,180,False,False,high_block,3257.257575,48.985,66.495,3.0,0.5,0,0,0,2.0,2.0,0.0,1.0,3.0,2.0,0,0,0,1
2017461,181,False,False,low_block,489.72,26.5,18.48,1.0,0.15,0,0,0,0.0,2.0,1.0,2.0,1.0,0.0,0,1,0,0
2017461,183,False,False,low_block,618.7338000000001,26.14,23.67,0.0,0.0,0,0,0,0.0,0.0,0.0,2.0,1.0,0.0,0,1,0,0
2017461,184,False,False,medium_block,833.7786000000001,29.240000000000002,28.515,0.0,0.0,0,0,0,0.0,0.0,0.0,2.0,1.0,0.0,0,0,1,0
2017461,185,False,False,low_block,1095.5371,33.370000000000005,32.83,0.0,0.0,0,0,0,0.0,1.0,0.0,2.0,1.0,0.0,0,1,0,0
2017461,186,False,False,medium_block,1422.9386999999997,36.56999999999999,38.91,0.0,0.0,0,0,0,0.0,2.0,0.0,1.0,1.0,0.0,0,0,1,0
2017461,187,False,False,low_block,1652.177475,40.155,41.144999999999996,1.0,0.0,0,0,0,0.0,2.0,0.0,2.0,1.0,0.0,0,1,0,0
2017461,193,False,False,low_block,882.8900249999999,25.895,34.095,2.0,0.0,0,0,0,0.0,1.0,0.0,1.0,1.0,0.0,0,1,0,0
2017461,194,False,False,medium_block,1775.9508750000002,28.495,62.325,3.0,0.0,0,0,0,0.0,1.0,0.0,1.0,1.0,0.0,0,0,1,0
2017461,195,False,False,high_block,2058.049825,31.655,65.015,3.0,1.5,0,1,0,3.0,5.0,0.0,3.0,5.0,4.0,1,0,0,1
2017461,196,False,False,medium_block,2360.2425,35.175,67.1,3.0,1.5,0,1,0,3.0,5.0,0.0,3.0,5.0,4.0,1,0,1,0
2017461,197,False,False,low_block,1711.794525,41.685,41.065,1.0,1.35,0,1,0,0.0,2.0,4.0,1.0,2.0,1.0,1,1,0,0
2017461,198,False,False,medium_block,1561.9322,37.34,41.83,2.3333333333333335,2.9,1,1,0,4.0,5.0,1.0,3.0,7.0,6.0,1,0,1,0
2017461,206,True,False,medium_block,1717.8548750000002,35.365,48.575,3.0,1.05,0,1,0,0.0,3.0,2.0,1.0,2.0,1.0,1,0,1,0
2017461,207,True,False,low_block,1360.3873250000001,29.065,46.805,4.0,0.75,0,1,0,0.0,1.0,0.0,2.0,2.0,1.0,1,1,0,0
2017461,208,False,False,medium_block,1990.9656,32.04,62.14,3.0,0.75,0,1,0,0.0,1.0,0.0,2.0,2.0,1.0,1,0,1,0
2017461,211,False,False,low_block,1149.9334000000001,34.265,33.56,2.5,0.0,0,0,0,0.0,4.0,0.0,2.0,1.0,0.0,0,1,0,0
2017461,215,False,False,low_block,798.66595,29.09,27.455,2.0,0.44999999999999996,0,0,0,0.0,1.0,3.0,1.0,1.0,0.0,0,1,0,0
2017461,216,False,False,medium_block,1304.4020500000001,31.745,41.09,1.5,0.44999999999999996,0,0,0,0.0,0.0,3.0,1.0,1.0,0.0,0,0,1,0
2017461,217,False,False,high_block,1905.2115499999998,35.089999999999996,54.295,1.0,0.15,0,0,0,0.0,1.0,1.0,2.0,1.0,0.0,0,0,0,1
2017461,218,False,False,medium_block,2306.4734999999996,38.894999999999996,59.3,1.0,0.15,0,0,0,0.0,1.0,1.0,1.0,1.0,0.0,0,0,1,0
2017461,219,False,False,medium_block,972.187125,32.165,30.225,1.0,0.75,0,1,0,0.0,0.0,0.0,2.0,2.0,1.0,1,0,1,0
2017461,222,False,False,medium_block,1761.7223250000002,39.015,45.155,0.0,1.05,0,1,0,0.0,0.0,2.0,2.0,2.0,1.0,1,0,1,0
2017461,226,False,False,medium_block,1728.1725500000002,34.13,50.635000000000005,1.0,0.44999999999999996,0,0,0,0.0,1.0,3.0,1.0,1.0,0.0,0,0,1,0
2017461,227,False,False,low_block,2380.4155,45.58,52.225,1.5,1.3,0,1,0,1.0,2.0,2.0,2.0,3.0,2.0,1,1,0,0
2017461,228,False,False,medium_block,1789.0332250000001,39.965,44.765,1.0,1.7,1,0,0,1.0,1.0,3.0,1.0,3.0,2.0,1,0,1,0
2017461,229,False,False,high_block,2136.0753,38.655,55.26,0.0,0.0,0,0,0,0.0,1.0,0.0,1.0,1.0,0.0,0,0,0,1
2017461,233,False,False,low_block,965.1791999999999,27.96,34.519999999999996,2.0,0.0,0,0,0,0.0,3.0,0.0,1.0,1.0,0.0,0,1,0,0
2017461,235,False,False,medium_block,947.224975,24.235,39.085,1.5,0.6,0,0,0,0.0,3.0,4.0,2.0,1.0,0.0,0,0,1,0
2017461,236,False,False,low_block,1333.92285,34.19,39.015,0.5,0.15,0,0,0,0.0,1.0,1.0,2.0,1.0,0.0,0,1,0,0
2017461,237,False,False,medium_block,1648.8975999999998,39.79,41.44,0.0,0.15,0,0,0,0.0,1.0,1.0,2.0,1.0,0.0,0,0,1,0
2017461,242,False,False,medium_block,1653.9392,33.92,48.76,1.5,0.75,0,1,0,0.0,0.0,0.0,1.0,2.0,1.0,1,0,1,0
2017461,244,False,False,medium_block,1903.538,36.4,52.295,1.5,0.0,0,0,0,0.0,0.0,0.0,0.0,1.0,0.0,0,0,1,0
2017461,245,False,False,high_block,2451.2288,39.485,62.08,2.0,0.55,0,0,0,1.0,1.0,2.0,1.0,2.0,1.0,0,0,0,1
2017461,249,False,False,medium_block,1809.0511999999999,37.72,47.96,0.0,0.44999999999999996,0,0,0,0.0,2.0,3.0,1.0,1.0,0.0,0,0,1,0
2017461,250,False,False,low_block,1832.0537,42.785,42.82,1.6666666666666667,1.2,0,1,0,0.0,3.0,3.0,3.0,2.0,1.0,1,1,0,0
2017461,255,False,False,high_block,1518.213375,24.185000000000002,62.775,3.0,0.9,0,1,0,0.0,0.0,1.0,1.0,2.0,1.0,1,0,0,1
2017461,256,False,False,medium_block,1374.7589999999998,25.89,53.099999999999994,1.0,1.05,0,1,0,0.0,2.0,2.0,2.0,2.0,1.0,1,0,1,0
2017461,257,False,False,low_block,1176.5371499999999,29.115000000000002,40.41,1.5,0.9,0,1,0,0.0,2.0,1.0,2.0,2.0,1.0,1,1,0,0
2017461,259,False,False,low_block,1246.7707,31.22,39.935,3.0,0.3,0,0,0,0.0,3.0,2.0,2.0,1.0,0.0,0,1,0,0
2017461,261,False,False,medium_block,1695.2978249999999,34.915,48.555,0.0,0.65,0,0,0,2.0,2.0,1.0,2.0,3.0,2.0,0,0,1,0
2017461,264,False,False,medium_block,1437.3188,29.36,48.955,3.0,0.0,0,0,0,0.0,1.0,0.0,1.0,1.0,0.0,0,0,1,0
2017461,265,False,False,high_block,1932.9650749999998,32.495,59.485,3.0,0.0,0,0,0,0.0,1.0,0.0,1.0,1.0,0.0,0,0,0,1
2017461,271,False,False,medium_block,1815.2373750000002,33.775000000000006,53.745,2.0,2.3,1,1,0,1.0,1.0,2.0,2.0,4.0,3.0,1,0,1,0
2017461,274,False,False,low_block,1504.1550499999998,35.69,42.144999999999996,2.0,0.15,0,0,0,0.0,1.0,1.0,1.0,1.0,0.0,0,1,0,0
2017461,276,False,False,high_block,1478.1039999999998,23.36,63.27499999999999,2.0,0.15,0,0,0,0.0,1.0,1.0,1.0,1.0,0.0,0,0,0,1
2017461,278,False,False,medium_block,1409.5900000000001,26.0,54.215,2.3333333333333335,2.65,1,1,0,3.0,5.0,1.0,3.0,6.0,5.0,1,0,1,0
2017461,281,False,False,low_block,923.7843999999999,23.59,39.16,3.0,0.75,0,1,0,0.0,2.0,0.0,1.0,2.0,1.0,1,1,0,0
2017461,282,False,False,medium_block,1115.2975,26.15,42.65,3.0,0.75,0,1,0,0.0,3.0,0.0,1.0,2.0,1.0,1,0,1,0
2017461,283,False,False,low_block,1063.7991000000002,24.18,43.995000000000005,3.0,0.9,0,1,0,0.0,2.0,1.0,1.0,2.0,1.0,1,1,0,0
2017461,285,False,False,low_block,1277.6377499999999,33.525,38.11,1.3333333333333333,1.75,0,1,1,1.0,3.0,0.0,3.0,3.0,2.0,1,1,0,0
2017461,286,False,False,medium_block,1544.5122,36.41,42.42,1.0,2.15,0,1,1,2.0,3.0,1.0,3.0,4.0,3.0,1,0,1,0
2017461,291,False,False,low_block,1197.5346250000002,29.675,40.355000000000004,2.0,1.4,0,1,0,2.0,2.0,1.0,1.0,4.0,3.0,1,1,0,0
2017461,292,False,False,medium_block,1353.7640000000001,31.630000000000003,42.8,2.75,2.4,1,1,0,2.0,4.0,1.0,4.0,5.0,4.0,1,0,1,0
2017461,297,False,False,high_block,1830.6875750000002,29.945,61.135000000000005,1.0,0.7,0,0,0,1.0,1.0,3.0,1.0,2.0,1.0,0,0,0,1
2017461,298,False,False,medium_block,1786.4005499999996,34.589999999999996,51.644999999999996,1.0,0.44999999999999996,0,0,0,0.0,0.0,3.0,2.0,1.0,0.0,0,0,1,0
2017461,301,True,True,low_block,346.70629999999994,23.845,14.54,2.0,0.75,0,1,0,0.0,1.0,0.0,2.0,2.0,1.0,1,1,0,0
2017461,302,False,False,medium_block,1818.2373,37.02,49.114999999999995,0.0,1.05,0,1,0,0.0,1.0,2.0,2.0,2.0,1.0,1,0,1,0
2017461,304,False,False,medium_block,2134.391,35.455,60.2,2.6666666666666665,1.85,0,1,0,2.0,4.0,5.0,3.0,4.0,3.0,1,0,1,0
2017461,306,True,False,medium_block,1754.13365,30.715,57.11,2.5,3.1,1,1,0,3.0,4.0,5.0,2.0,6.0,5.0,1,0,1,0
2017461,307,True,False,low_block,1734.3076,26.48,65.495,3.3333333333333335,1.05,0,1,0,0.0,2.0,2.0,3.0,2.0,1.0,1,1,0,0
2017461,310,False,False,medium_block,1359.7869999999998,26.455,51.4,2.0,0.3,0,0,0,0.0,2.0,2.0,1.0,1.0,0.0,0,0,1,0
2017461,311,False,False,low_block,1468.0049999999999,34.44,42.625,2.0,1.6,0,1,0,1.0,4.0,4.0,3.0,3.0,2.0,1,1,0,0
2017461,312,False,False,high_block,2417.8972,37.58,64.34,2.0,2.8,1,1,0,3.0,3.0,2.0,2.0,6.0,5.0,1,0,0,1
2017461,313,False,False,medium_block,2034.0608,34.64,58.72,1.5,1.05,0,1,0,0.0,2.0,2.0,2.0,2.0,1.0,1,0,1,0
2017461,317,False,False,medium_block,1352.7107999999998,31.32,43.19,1.5,0.75,0,1,0,0.0,0.0,0.0,1.0,2.0,1.0,1,0,1,0
2017461,319,False,False,medium_block,1446.4091250000001,32.025,45.165000000000006,0.0,0.44999999999999996,0,0,0,0.0,0.0,3.0,2.0,1.0,0.0,0,0,1,0
2017461,320,False,False,low_block,1278.1336500000002,31.830000000000002,40.155,2.0,0.75,0,1,0,0.0,2.0,0.0,3.0,2.0,1.0,1,1,0,0
2017461,322,False,False,low_block,866.8250499999999,32.29,26.845,2.0,0.0,0,0,0,0.0,4.0,0.0,1.0,1.0,0.0,0,1,0,0
2017461,326,False,False,high_block,1913.60205,34.47,55.515,0.0,0.15,0,0,0,0.0,0.0,1.0,1.0,1.0,0.0,0,0,0,1
2017461,332,False,False,medium_block,2202.0129,38.14,57.735,2.0,0.3,0,0,0,0.0,0.0,2.0,1.0,1.0,0.0,0,0,1,0
2017461,333,False,False,low_block,1775.1584,31.165,56.96,2.0,0.15,0,0,0,0.0,0.0,1.0,1.0,1.0,0.0,0,1,0,0
2017461,335,False,False,medium_block,1753.6694,29.08,60.305,1.0,0.44999999999999996,0,0,0,0.0,1.0,3.0,1.0,1.0,0.0,0,0,1,0
2017461,336,False,False,low_block,1444.45275,26.549999999999997,54.405,1.0,0.3,0,0,0,0.0,1.0,2.0,1.0,1.0,0.0,0,1,0,0
2017461,337,False,False,medium_block,1891.386,35.7,52.98,1.5,0.44999999999999996,0,0,0,0.0,1.0,3.0,1.0,1.0,0.0,0,0,1,0
2017461,338,False,False,low_block,1895.2588500000002,35.565,53.290000000000006,1.5,0.44999999999999996,0,0,0,0.0,1.0,3.0,1.0,1.0,0.0,0,1,0,0
2017461,339,False,False,low_block,1177.68365,27.17,43.345,2.0,0.15,0,0,0,0.0,2.0,1.0,1.0,1.0,0.0,0,1,0,0
2017461,342,False,False,medium_block,2077.6392,39.26,52.92,1.5,0.85,0,0,0,1.0,2.0,4.0,1.0,2.0,1.0,0,0,1,0
2017461,344,False,False,high_block,3196.6286250000003,47.235,67.67500000000001,3.5,0.5,0,0,0,2.0,2.0,0.0,2.0,3.0,2.0,0,0,0,1
2017461,345,False,False,medium_block,2890.5992500000007,43.435,66.55000000000001,3.5,2.65,1,1,0,3.0,4.0,1.0,2.0,6.0,5.0,1,0,1,0
2017461,348,False,False,low_block,833.1594,30.04,27.735,2.25,0.9,0,1,0,0.0,4.0,1.0,4.0,2.0,1.0,1,1,0,0
2017461,351,False,False,medium_block,1448.5623750000002,38.025000000000006,38.095,0.0,0.15,0,0,0,0.0,1.0,1.0,1.0,1.0,0.0,0,0,1,0
2017461,352,False,False,medium_block,3440.272125,59.025000000000006,58.285,0.0,0.0,0,0,0,0.0,1.0,0.0,1.0,1.0,0.0,0,0,1,0
2017461,353,False,False,high_block,3219.9019999999996,56.44,57.05,2.0,0.5,0,0,0,2.0,2.0,0.0,1.0,3.0,2.0,0,0,0,1
2017461,354,False,False,medium_block,2575.96875,44.375,58.05,2.0,1.65,0,1,0,3.0,4.0,1.0,2.0,5.0,4.0,1,0,1,0
2017461,358,False,False,medium_block,1458.1145,26.9,54.205,0.6666666666666666,2.85,1,1,0,2.0,2.0,5.0,3.0,5.0,4.0,1,0,1,0
2017461,359,False,False,low_block,1279.0566,33.205,38.519999999999996,2.75,0.75,0,1,0,0.0,7.0,0.0,4.0,2.0,1.0,1,1,0,0
2017461,367,False,False,medium_block,1477.03675,27.35,54.004999999999995,3.0,0.75,0,1,0,0.0,4.0,0.0,2.0,2.0,1.0,1,0,1,0
2017461,368,False,False,high_block,1781.874525,31.035,57.415,1.0,0.75,0,1,0,0.0,1.0,0.0,2.0,2.0,1.0,1,0,0,1
2017461,369,False,False,medium_block,1961.67995,36.17,54.235,1.0,0.15,0,0,0,0.0,0.0,1.0,1.0,1.0,0.0,0,0,1,0
2017461,370,False,False,low_block,1598.3813999999998,35.79,44.66,2.5,1.15,0,1,0,1.0,6.0,1.0,4.0,3.0,2.0,1,1,0,0
2017461,371,False,False,high_block,2326.9636,34.84,66.78999999999999,2.5,2.8,1,1,0,3.0,3.0,2.0,2.0,6.0,5.0,1,0,0,1
2017461,372,False,False,medium_block,2076.7181,33.14,62.665,1.0,1.55,1,0,0,1.0,2.0,2.0,1.0,3.0,2.0,1,0,1,0
2017461,373,False,False,medium_block,1948.1748,34.32,56.765,2.0,1.05,0,1,0,0.0,2.0,2.0,1.0,2.0,1.0,1,0,1,0
2017461,374,False,False,low_block,2120.5181250000005,35.475,59.775000000000006,1.5,0.75,0,1,0,0.0,2.0,0.0,2.0,2.0,1.0,1,1,0,0
2017461,378,False,False,medium_block,1189.8176,31.509999999999998,37.760000000000005,0.0,1.55,1,0,0,1.0,1.0,2.0,1.0,3.0,2.0,1,0,1,0
2017461,379,False,False,low_block,827.1759,27.085,30.54,1.0,0.15,0,0,0,0.0,2.0,1.0,1.0,1.0,0.0,0,1,0,0
2017461,384,False,False,high_block,2086.4998,33.88,61.585,2.6666666666666665,1.0,0,0,0,4.0,4.0,0.0,3.0,5.0,4.0,0,0,0,1
2017461,386,False,False,high_block,2224.213425,31.745,70.065,0.0,0.0,0,0,0,0.0,0.0,0.0,1.0,1.0,0.0,0,0,0,1
2017461,387,False,False,medium_block,1680.609375,31.875,52.725,1.0,0.3,0,0,0,0.0,1.0,2.0,1.0,1.0,0.0,0,0,1,0
2017461,388,False,False,low_block,1318.1831249999998,35.175,37.474999999999994,2.0,0.75,0,1,0,0.0,2.0,0.0,1.0,2.0,1.0,1,1,0,0
2017461,389,False,False,medium_block,1300.13485,35.455,36.67,1.5,0.75,0,1,0,0.0,2.0,0.0,2.0,2.0,1.0,1,0,1,0
2017461,391,False,False,medium_block,1721.06745,33.19,51.855000000000004,0.0,0.3,0,0,0,0.0,1.0,2.0,1.0,1.0,0.0,0,0,1,0
2017461,394,False,False,low_block,1064.089125,27.225,39.084999999999994,2.5,0.9,0,1,0,0.0,3.0,1.0,3.0,2.0,1.0,1,1,0,0
2017461,395,False,False,high_block,2831.2018,42.91,65.98,1.5,0.0,0,0,0,0.0,1.0,0.0,1.0,1.0,0.0,0,0,0,1
2017461,396,False,False,medium_block,2430.5640750000002,48.355000000000004,50.265,1.5,0.0,0,0,0,0.0,1.0,0.0,1.0,1.0,0.0,0,0,1,0
2017461,398,False,False,medium_block,1878.648125,38.375,48.955,1.0,1.4,1,0,0,1.0,1.0,1.0,1.0,3.0,2.0,1,0,1,0
2017461,402,False,False,low_block,992.7319500000001,30.555,32.49,3.0,0.0,0,0,0,0.0,2.0,0.0,1.0,1.0,0.0,0,1,0,0
2017461,409,False,False,medium_block,1893.4252999999997,36.595,51.739999999999995,1.5,1.85,0,1,0,2.0,2.0,5.0,2.0,4.0,3.0,1,0,1,0
2017461,410,False,False,low_block,1250.9960999999998,28.784999999999997,43.46,3.0,1.35,0,1,0,0.0,3.0,4.0,2.0,2.0,1.0,1,1,0,0
2017461,412,False,False,low_block,1764.367125,41.775,42.235,4.0,0.0,0,0,0,0.0,1.0,0.0,1.0,1.0,0.0,0,1,0,0
2017461,413,False,False,medium_block,2254.5991,41.21,54.71,1.5,0.75,0,1,0,0.0,0.0,0.0,2.0,2.0,1.0,1,0,1,0
2017461,416,False,False,medium_block,1576.314375,36.125,43.635,0.0,0.0,0,0,0,0.0,0.0,0.0,1.0,1.0,0.0,0,0,1,0
2017461,419,False,False,medium_block,1572.6892500000001,32.31,48.675,2.5,1.9,1,0,0,3.0,3.0,1.0,2.0,5.0,4.0,1,0,1,0
2017461,420,False,False,medium_block,2178.6424,42.685,51.04,2.0,2.7,1,1,0,2.0,4.0,3.0,2.0,5.0,4.0,1,0,1,0
2017461,421,True,False,medium_block,1901.6679000000001,38.06,49.965,0.0,0.3,0,0,0,0.0,1.0,2.0,2.0,1.0,0.0,0,0,1,0
2017461,422,True,False,low_block,1133.7116999999998,30.18,37.565,0.0,0.0,0,0,0,0.0,0.0,0.0,1.0,1.0,0.0,0,1,0,0
2017461,426,False,False,low_block,1080.8041249999999,31.765,34.025,3.0,0.75,0,1,0,0.0,5.0,0.0,3.0,2.0,1.0,1,1,0,0
2017461,428,True,False,high_block,2585.459625,32.655,79.175,1.5,0.9,0,1,0,0.0,0.0,1.0,2.0,2.0,1.0,1,0,0,1
2017461,429,True,False,medium_block,1995.382,28.835,69.2,1.5,1.35,0,1,0,0.0,0.0,4.0,2.0,2.0,1.0,1,0,1,0
2017461,430,True,False,low_block,1121.1143000000002,24.380000000000003,45.985,2.3333333333333335,0.75,0,1,0,0.0,3.0,0.0,3.0,2.0,1.0,1,1,0,0
2017461,431,False,False,medium_block,1983.5706,39.379999999999995,50.370000000000005,1.5,0.0,0,0,0,0.0,0.0,0.0,0.0,1.0,0.0,0,0,1,0
