match_id,frame,phase_index,danger,oop,box_area,width,length,pressure,pressure_score,inside_shape,carrier_role,carrier_side,n_free,free_roles,cf_free,wide_free,lambda2_defense,n_chain_presses,chain_end,far_runner,far_role,debt_score,n_nodes,n_edges,edge_density,team_attack
1874553,147,1,shot,low_block,1863.4769999999999,34.65,53.78,high_pressure,3.0,False,LW,left,5,"AM,CF,LDM,RDM,RW",1,1,0.0005130705724244,0,none,False,,7.5,6,5,0.3333333333333333,Brisbane FC
1874553,179,1,shot,low_block,1863.4769999999999,34.65,53.78,very_high_pressure,4.0,True,CF,center,6,"AM,CF,LDM,LW,RDM,RW",1,1,0.0004866942493809,0,none,False,,9.0,7,6,0.2857142857142857,Brisbane FC
1874553,3218,36,goal,medium_block,1651.3524,28.89,57.16,,,True,LDM,left,2,"AM,CF",1,0,1.106477671790099e-06,0,none,False,,4.0,3,2,0.6666666666666666,Brisbane FC
1874553,3240,36,goal,medium_block,1651.3524,28.89,57.16,low_pressure,1.0,False,AM,left,3,"AM,CF,RW",1,1,0.000159167473991,0,none,False,,5.5,4,3,0.5,Brisbane FC
1874553,3258,37,goal,low_block,1287.8376,27.96,46.06,medium_pressure,2.0,False,LB,left,5,"CF,LDM,LW,RDM,RW",1,1,0.0081008243060424,0,none,False,,7.5,6,5,0.3333333333333333,Brisbane FC
1874553,3289,37,goal,low_block,1287.8376,27.96,46.06,high_pressure,3.0,True,RW,left,4,"CF,LDM,RDM,RW",1,1,0.0136093044604547,0,none,False,,7.0,5,4,0.4,Brisbane FC
1874553,14126,123,shot,low_block,1135.3930500000001,35.31,32.155,high_pressure,3.0,True,CF,left,5,"AM,CF,LDM,LW,RDM",1,1,0.0018222777074352998,0,none,False,,8.0,6,5,0.3333333333333333,Brisbane FC
1874553,14139,123,shot,low_block,1135.3930500000001,35.31,32.155,low_pressure,1.0,True,LDM,left,5,"AM,CF,LDM,LW,RDM",1,1,0.0018222777074352998,0,none,False,,8.0,6,5,0.3333333333333333,Brisbane FC
1874553,14175,123,shot,low_block,1135.3930500000001,35.31,32.155,medium_pressure,2.0,False,LB,left,6,"AM,CF,LDM,LW,RDM,RW",1,1,0.075420276155963,0,none,False,,8.5,7,6,0.2857142857142857,Brisbane FC
1874553,14201,123,shot,low_block,1135.3930500000001,35.31,32.155,medium_pressure,2.0,True,AM,left,6,"AM,CF,LDM,LW,RDM,RW",1,1,0.1635152753219228,0,none,False,,9.0,7,6,0.2857142857142857,Brisbane FC
1874553,14214,123,shot,low_block,1135.3930500000001,35.31,32.155,high_pressure,3.0,True,RDM,center,6,"AM,CF,LDM,LW,RDM,RW",1,1,0.1635152753219228,0,none,False,,9.0,7,6,0.2857142857142857,Brisbane FC
1874553,16633,133,shot,low_block,998.1251,36.995,26.98,no_pressure,0.0,False,LCB,center,6,"AM,CF,LDM,LW,RDM,RW",1,1,0.0691834929183156,0,none,False,,8.5,7,6,0.2857142857142857,Adelaide United
1874553,16652,133,shot,low_block,998.1251,36.995,26.98,no_pressure,0.0,False,RCB,center,6,"AM,CF,LDM,LW,RDM,RW",1,1,0.0691834929183156,0,none,False,,8.5,7,6,0.2857142857142857,Adelaide United
1874553,16666,133,shot,low_block,998.1251,36.995,26.98,medium_pressure,2.0,True,LDM,center,6,"AM,CF,LDM,LW,RDM,RW",1,1,0.0417225092765842,0,none,False,,9.0,7,6,0.2857142857142857,Adelaide United
1874553,16682,133,shot,low_block,998.1251,36.995,26.98,no_pressure,0.0,False,RDM,right,6,"AM,CF,LDM,LW,RDM,RW",1,1,0.0297779718548279,0,none,False,,8.5,7,6,0.2857142857142857,Adelaide United
1874553,16702,133,shot,low_block,998.1251,36.995,26.98,low_pressure,1.0,False,RW,right,6,"AM,CF,LDM,LW,RDM,RW",1,1,0.0452711505811998,0,none,False,,8.5,7,6,0.2857142857142857,Adelaide United
1874553,16713,133,shot,low_block,998.1251,36.995,26.98,very_high_pressure,4.0,True,CF,center,6,"AM,CF,LDM,LW,RDM,RW",1,1,0.1396133661964709,0,none,False,,9.0,7,6,0.2857142857142857,Adelaide United
1874553,18027,145,shot,medium_block,1939.0686999999998,33.98,57.065,medium_pressure,2.0,False,RW,right,4,"AM,LDM,LW,RDM",0,1,4.312365983848271e-06,1,none,True,CF,6.5,6,6,0.4,Adelaide United
1874553,18078,146,shot,low_block,1658.66745,33.33,49.765,no_pressure,0.0,False,LB,left,6,"AM,CF,LDM,LW,RDM,RW",1,1,0.0046149879588265,0,none,False,,8.5,7,6,0.2857142857142857,Adelaide United
1874553,18097,146,shot,low_block,1658.66745,33.33,49.765,high_pressure,3.0,False,LW,left,6,"AM,CF,LDM,LW,RDM,RW",1,1,0.0046149879588265,0,none,False,,8.5,7,6,0.2857142857142857,Adelaide United
1874553,28787,204,shot,low_block,666.3552,26.88,24.79,,,False,AM,right,5,"AM,CF,LDM,LW,RDM",1,1,0.1499180831630408,0,none,False,,7.5,6,5,0.3333333333333333,Adelaide United
1874553,28840,204,shot,low_block,666.3552,26.88,24.79,medium_pressure,2.0,False,RB,right,6,"AM,CF,LDM,LW,RDM,RW",1,1,0.1106836637774166,0,none,False,,8.5,7,6,0.2857142857142857,Adelaide United
1874553,30890,222,shot,low_block,1180.92785,31.69,37.265,high_pressure,3.0,False,LB,left,6,"AM,CF,LDM,LW,RDM,RW",1,1,0.0195522297992549,0,none,False,,8.5,7,6,0.2857142857142857,Adelaide United
1874553,30903,222,shot,low_block,1180.92785,31.69,37.265,medium_pressure,2.0,False,LW,left,6,"AM,CF,LDM,LW,RDM,RW",1,1,0.0195522297992549,0,none,False,,8.5,7,6,0.2857142857142857,Adelaide United
1874553,30927,222,shot,low_block,1180.92785,31.69,37.265,medium_pressure,2.0,False,LB,left,6,"AM,CF,LDM,LW,RDM,RW",1,1,0.0346786442310798,0,none,False,,8.5,7,6,0.2857142857142857,Adelaide United
1874553,30931,222,shot,low_block,1180.92785,31.69,37.265,,,True,CF,center,6,"AM,CF,LDM,LW,RDM,RW",1,1,0.0346786442310798,0,none,False,,9.0,7,6,0.2857142857142857,Adelaide United
1874553,32031,228,shot,medium_block,1827.84965,29.755000000000003,61.43,low_pressure,1.0,False,RW,right,2,"AM,LW",0,1,6.941985555759861e-05,1,none,True,RB,4.5,4,4,0.6666666666666666,Adelaide United
1874553,32059,228,shot,medium_block,1827.84965,29.755000000000003,61.43,medium_pressure,2.0,True,AM,center,6,"AM,CF,LDM,LW,RDM,RW",1,1,0.0012297877221076,2,none,True,RB,10.5,9,9,0.25,Adelaide United
1874553,32103,229,shot,low_block,1289.7985999999999,22.884999999999998,56.36,medium_pressure,2.0,False,LW,left,6,"AM,CF,LDM,LW,RDM,RW",1,1,5.8973702536720096e-05,0,none,False,,8.5,7,6,0.2857142857142857,Adelaide United
1874553,33226,241,shot,low_block,1649.0084500000003,36.230000000000004,45.515,medium_pressure,2.0,False,LW,left,6,"AM,CF,LDM,LW,RDM,RW",1,1,3.996555072069655e-05,0,none,False,,8.5,7,6,0.2857142857142857,Brisbane FC
1874553,33275,241,shot,low_block,1649.0084500000003,36.230000000000004,45.515,low_pressure,1.0,False,LDM,left,6,"AM,CF,LDM,LW,RDM,RW",1,1,0.10015834316691759,0,none,False,,8.5,7,6,0.2857142857142857,Brisbane FC
1874553,33281,241,shot,low_block,1649.0084500000003,36.230000000000004,45.515,high_pressure,3.0,True,CF,left,6,"AM,CF,LDM,LW,RDM,RW",1,1,0.10015834316691759,0,none,False,,9.0,7,6,0.2857142857142857,Brisbane FC
1874553,33309,241,shot,low_block,1649.0084500000003,36.230000000000004,45.515,high_pressure,3.0,True,AM,left,6,"AM,CF,LDM,LW,RDM,RW",1,1,0.04228080791163321,0,none,False,,9.0,7,6,0.2857142857142857,Brisbane FC
1874553,33320,241,shot,low_block,1649.0084500000003,36.230000000000004,45.515,high_pressure,3.0,True,LW,center,6,"AM,CF,LDM,LW,RDM,RW",1,1,0.04228080791163321,0,none,False,,9.0,7,6,0.2857142857142857,Brisbane FC
1874553,37957,281,shot,low_block,895.3555,29.945,29.9,medium_pressure,2.0,False,RB,right,6,"AM,CF,LDM,LW,RDM,RW",1,1,0.0257867829394328,0,none,False,,8.5,7,6,0.2857142857142857,Adelaide United
1874553,37976,281,shot,low_block,895.3555,29.945,29.9,low_pressure,1.0,False,RW,right,6,"AM,CF,LDM,LW,RDM,RW",1,1,0.0257867829394328,0,none,False,,8.5,7,6,0.2857142857142857,Adelaide United
1874553,38049,281,shot,low_block,895.3555,29.945,29.9,very_high_pressure,4.0,True,AM,center,6,"AM,CF,LDM,LW,RDM,RW",1,1,0.0978385742862969,0,none,False,,9.0,7,6,0.2857142857142857,Adelaide United
1874553,38818,284,shot,medium_block,1574.3855250000001,32.485,48.465,no_pressure,0.0,False,LDM,center,6,"AM,CF,LDM,LW,RDM,RW",1,1,0.0014260174993083001,0,none,False,,8.5,7,6,0.2857142857142857,Adelaide United
1874553,38829,284,goal,medium_block,1574.3855250000001,32.485,48.465,no_pressure,0.0,False,LB,left,6,"AM,CF,LDM,LW,RDM,RW",1,1,0.0014260174993083001,0,none,False,,8.5,7,6,0.2857142857142857,Adelaide United
1874553,38856,284,goal,medium_block,1574.3855250000001,32.485,48.465,no_pressure,0.0,False,LCB,center,6,"AM,CF,LDM,LW,RDM,RW",1,1,0.0007795948603877,2,none,False,,9.0,9,8,0.2222222222222222,Adelaide United
1874553,38874,284,goal,medium_block,1574.3855250000001,32.485,48.465,medium_pressure,2.0,True,AM,center,6,"AM,CF,LDM,LW,RDM,RW",1,1,0.0007795948603877,2,none,False,,9.5,9,8,0.2222222222222222,Adelaide United
1874553,38904,285,goal,low_block,1295.9878500000002,28.755000000000003,45.07,high_pressure,3.0,True,RB,right,6,"AM,CF,LDM,LW,RDM,RW",1,1,0.0149731291219804,1,none,False,,9.5,8,7,0.25,Adelaide United
1874553,38918,285,goal,low_block,1295.9878500000002,28.755000000000003,45.07,high_pressure,3.0,False,CF,center,6,"AM,CF,LDM,LW,RDM,RW",1,1,0.0149731291219804,0,none,False,,8.5,7,6,0.2857142857142857,Adelaide United
1874553,41156,300,shot,low_block,886.3073249999999,33.065,26.805,medium_pressure,2.0,False,AM,left,6,"AM,CF,LDM,LW,RDM,RW",1,1,0.314791479819935,0,none,False,,8.5,7,6,0.2857142857142857,Brisbane FC
1874553,41173,300,shot,low_block,886.3073249999999,33.065,26.805,medium_pressure,2.0,False,LB,left,6,"AM,CF,LDM,LW,RDM,RW",1,1,0.314791479819935,0,none,False,,8.5,7,6,0.2857142857142857,Brisbane FC
1874553,41194,300,shot,low_block,886.3073249999999,33.065,26.805,high_pressure,3.0,False,LCB,left,5,"AM,CF,LDM,RDM,RW",1,1,0.1659710118406538,0,none,False,,7.5,6,5,0.3333333333333333,Brisbane FC
1874553,41237,300,shot,low_block,886.3073249999999,33.065,26.805,medium_pressure,2.0,False,RB,center,4,"AM,LDM,RDM,RW",0,1,0.0367254310456945,0,none,False,,5.0,5,4,0.4,Brisbane FC
1874553,44050,315,shot,low_block,1318.9492500000003,33.370000000000005,39.525000000000006,medium_pressure,2.0,True,LDM,center,5,"AM,CF,LDM,LW,RDM",1,1,0.0106616767704693,0,none,False,,8.0,6,5,0.3333333333333333,Brisbane FC
1874553,44086,315,shot,low_block,1318.9492500000003,33.370000000000005,39.525000000000006,medium_pressure,2.0,True,RW,right,5,"AM,LDM,LW,RDM,RW",0,1,0.0954579920613721,0,none,False,,6.5,6,5,0.3333333333333333,Brisbane FC
1874553,44101,315,shot,low_block,1318.9492500000003,33.370000000000005,39.525000000000006,high_pressure,3.0,True,LW,center,6,"AM,CF,LDM,LW,RDM,RW",1,1,0.08957210656283339,0,none,False,,9.0,7,6,0.2857142857142857,Brisbane FC
1874553,44107,315,shot,low_block,1318.9492500000003,33.370000000000005,39.525000000000006,medium_pressure,2.0,True,RW,center,6,"AM,CF,LDM,LW,RDM,RW",1,1,0.08957210656283339,0,none,False,,9.0,7,6,0.2857142857142857,Brisbane FC
1874553,44130,315,shot,low_block,1318.9492500000003,33.370000000000005,39.525000000000006,medium_pressure,2.0,False,LB,left,5,"AM,LDM,LW,RDM,RW",0,1,0.0181559735159769,0,none,False,,6.0,6,5,0.3333333333333333,Brisbane FC
1874553,44147,315,shot,low_block,1318.9492500000003,33.370000000000005,39.525000000000006,,,False,RDM,center,6,"AM,CF,LDM,LW,RDM,RW",1,1,0.0059082751646604,0,none,False,,8.5,7,6,0.2857142857142857,Brisbane FC
1874553,47549,340,shot,low_block,1137.7327500000001,26.865000000000002,42.35,high_pressure,3.0,True,AM,right,6,"AM,CF,LDM,LW,RDM,RW",1,1,0.0248043281700867,0,none,False,,9.0,7,6,0.2857142857142857,Adelaide United
1874553,47605,340,shot,low_block,1137.7327500000001,26.865000000000002,42.35,low_pressure,1.0,False,RB,right,5,"AM,LDM,LW,RDM,RW",0,1,1.223256615551351e-06,0,none,False,,6.0,6,5,0.3333333333333333,Adelaide United
1874553,47617,340,shot,low_block,1137.7327500000001,26.865000000000002,42.35,,,True,CF,center,6,"AM,CF,LDM,LW,RDM,RW",1,1,2.364734229370941e-07,0,none,False,,9.0,7,6,0.2857142857142857,Adelaide United
1874553,52748,372,shot,low_block,893.4119999999998,24.9,35.879999999999995,high_pressure,3.0,True,LW,center,4,"AM,LW,RDM,RW",0,1,0.001809252423478,0,none,False,,5.5,5,4,0.4,Brisbane FC
1874553,52765,372,shot,low_block,893.4119999999998,24.9,35.879999999999995,medium_pressure,2.0,True,CF,left,5,"AM,CF,LW,RDM,RW",1,1,0.0008330427226506,0,none,False,,8.0,6,5,0.3333333333333333,Brisbane FC
1874553,52778,372,shot,low_block,893.4119999999998,24.9,35.879999999999995,medium_pressure,2.0,True,RDM,left,5,"AM,CF,LW,RDM,RW",1,1,0.0008330427226506,0,none,False,,8.0,6,5,0.3333333333333333,Brisbane FC
1874553,52793,372,shot,low_block,893.4119999999998,24.9,35.879999999999995,medium_pressure,2.0,False,AM,center,5,"AM,CF,LW,RDM,RW",1,1,0.0001797562826777,0,none,False,,7.5,6,5,0.3333333333333333,Brisbane FC
1874553,52818,372,shot,low_block,893.4119999999998,24.9,35.879999999999995,high_pressure,3.0,False,RDM,right,5,"AM,CF,LW,RDM,RW",1,1,0.0001594506476661,0,none,False,,7.5,6,5,0.3333333333333333,Brisbane FC
1874553,52836,372,shot,low_block,893.4119999999998,24.9,35.879999999999995,,,True,LW,center,6,"AM,CF,LDM,LW,RDM,RW",1,1,0.00034354895952410004,0,none,False,,9.0,7,6,0.2857142857142857,Brisbane FC
1874553,54345,379,shot,low_block,1241.1574999999998,33.275,37.3,low_pressure,1.0,False,RB,left,6,"AM,CF,LDM,LW,RDM,RW",1,1,0.0018987614114492999,0,none,False,,8.5,7,6,0.2857142857142857,Brisbane FC
1874553,54395,379,shot,low_block,1241.1574999999998,33.275,37.3,low_pressure,1.0,False,LW,left,6,"AM,CF,LDM,LW,RDM,RW",1,1,0.3014555794773113,0,none,False,,8.5,7,6,0.2857142857142857,Brisbane FC
1874553,54443,379,shot,low_block,1241.1574999999998,33.275,37.3,low_pressure,1.0,False,LDM,left,5,"CF,LDM,LW,RDM,RW",1,1,0.614703410765436,0,none,False,,7.5,6,5,0.3333333333333333,Brisbane FC
1874553,58224,400,shot,low_block,1729.480125,30.175,57.315,low_pressure,1.0,True,AM,left,4,"AM,CF,LDM,RW",1,1,0.0026806354796372,0,none,False,,7.0,5,4,0.4,Adelaide United
1874553,58248,400,shot,low_block,1729.480125,30.175,57.315,medium_pressure,2.0,False,LDM,left,2,"AM,CF",1,0,3.3431558948824785e-05,0,none,False,,3.5,3,2,0.6666666666666666,Adelaide United
1874553,58256,400,shot,low_block,1729.480125,30.175,57.315,high_pressure,3.0,True,AM,center,3,"AM,CF,RW",1,1,4.689978717953857e-06,0,none,False,,6.0,4,3,0.5,Adelaide United
1886347,1422,18,shot,medium_block,1566.36465,26.990000000000002,58.035,medium_pressure,2.0,True,RW,right,5,"AM,CF,LDM,RDM,RW",1,1,0.0025414964097056,0,none,False,,8.0,6,5,0.3333333333333333,Newcastle
1886347,1445,19,shot,low_block,1243.1050500000001,24.81,50.105000000000004,high_pressure,3.0,True,CF,center,5,"AM,CF,LDM,RDM,RW",1,1,0.0007385111696564,0,none,False,,8.0,6,5,0.3333333333333333,Newcastle
1886347,1465,19,shot,low_block,1243.1050500000001,24.81,50.105000000000004,very_high_pressure,4.0,True,AM,center,5,"AM,CF,LDM,RDM,RW",1,1,0.0007385111696564,0,none,False,,8.0,6,5,0.3333333333333333,Newcastle
1886347,4183,45,shot,medium_block,2106.322125,38.595,54.575,high_pressure,3.0,True,CF,right,3,"AM,CF,LW",1,1,0.0007378315343879001,0,none,False,,6.0,4,3,0.5,Auckland FC
1886347,4222,46,shot,low_block,1509.355125,28.725,52.545,medium_pressure,2.0,True,CF,right,3,"AM,CF,LW",1,1,0.010799182057390102,0,none,False,,6.0,4,3,0.5,Auckland FC
1886347,4235,46,shot,low_block,1509.355125,28.725,52.545,high_pressure,3.0,True,AM,center,3,"AM,CF,LW",1,1,0.010799182057390102,0,none,False,,6.0,4,3,0.5,Auckland FC
1886347,10829,111,shot,low_block,1755.4767500000003,35.59,49.325,high_pressure,3.0,True,AM,left,6,"AM,CF,LDM,LW,RDM,RW",1,1,3.6950627723389483e-07,1,none,False,,9.5,8,7,0.25,Newcastle
1886347,10840,111,shot,low_block,1755.4767500000003,35.59,49.325,low_pressure,1.0,True,RW,left,6,"AM,CF,LDM,LW,RDM,RW",1,1,3.6950627723389483e-07,0,none,False,,9.0,7,6,0.2857142857142857,Newcastle
1886347,12761,129,shot,low_block,1465.8840000000002,29.085,50.400000000000006,very_high_pressure,4.0,True,CF,left,4,"AM,CF,LW,RW",1,1,0.000220299608943,0,none,False,,7.0,5,4,0.4,Auckland FC
1886347,16117,149,shot,low_block,1193.702475,34.545,34.555,medium_pressure,2.0,False,RB,right,4,"AM,CF,LW,RW",1,1,0.1313537629755842,0,none,False,,6.5,5,4,0.4,Auckland FC
1886347,16142,149,shot,low_block,1193.702475,34.545,34.555,medium_pressure,2.0,False,RW,right,4,"AM,CF,LW,RW",1,1,0.2015346565597332,0,none,False,,6.5,5,4,0.4,Auckland FC
1886347,16163,149,shot,low_block,1193.702475,34.545,34.555,high_pressure,3.0,False,CF,right,4,"AM,CF,LW,RW",1,1,0.0804970428550499,0,none,False,,6.5,5,4,0.4,Auckland FC
1886347,16191,149,shot,low_block,1193.702475,34.545,34.555,high_pressure,3.0,True,CF,center,4,"AM,CF,LW,RW",1,1,0.0811154297160978,0,none,False,,7.0,5,4,0.4,Auckland FC
1886347,27270,241,shot,medium_block,2186.441625,39.075,55.955,low_pressure,1.0,True,RDM,center,3,"LW,RDM,RW",0,1,2.952005881950592e-07,0,none,False,,4.5,4,3,0.5,Newcastle
1886347,27362,242,shot,low_block,1553.3050000000003,29.900000000000002,51.95,low_pressure,1.0,False,RW,right,5,"CF,LDM,LW,RDM,RW",1,1,0.0001626257658357,0,none,False,,7.5,6,5,0.3333333333333333,Newcastle
1886347,32954,289,shot,medium_block,1894.866025,35.165,53.885000000000005,high_pressure,3.0,False,RDM,right,4,"AM,LDM,LW,RW",0,1,0.0016431769682844,0,none,False,,5.0,5,4,0.4,Newcastle
1886347,32992,289,shot,medium_block,1894.866025,35.165,53.885000000000005,low_pressure,1.0,True,RB,right,4,"AM,CF,LDM,LW",1,1,0.0037039343309776,0,none,False,,7.0,5,4,0.4,Newcastle
1886347,33020,290,shot,low_block,1380.6312000000003,26.03,53.040000000000006,medium_pressure,2.0,False,CF,right,6,"AM,CF,LDM,LW,RDM,RW",1,1,0.0009091888467557,0,none,False,,8.5,7,6,0.2857142857142857,Newcastle
1886347,33039,290,shot,low_block,1380.6312000000003,26.03,53.040000000000006,high_pressure,3.0,True,RW,right,6,"AM,CF,LDM,LW,RDM,RW",1,1,0.0009091888467557,0,none,False,,9.0,7,6,0.2857142857142857,Newcastle
1886347,44365,360,shot,medium_block,1810.238625,29.835,60.675,high_pressure,3.0,True,LCB,left,4,"AM,CF,LDM,LW",1,1,4.403843891295947e-05,2,none,False,,7.5,7,6,0.2857142857142857,Newcastle
1886347,44381,360,shot,medium_block,1810.238625,29.835,60.675,low_pressure,1.0,True,LDM,left,5,"AM,CF,LDM,LW,RDM",1,1,4.034287237769149e-05,2,none,False,,8.5,8,7,0.25,Newcastle
1886347,44418,360,shot,medium_block,1810.238625,29.835,60.675,low_pressure,1.0,False,LW,center,4,"AM,LDM,RDM,RW",0,1,0.0035989757370063,1,none,False,,5.5,6,5,0.3333333333333333,Newcastle
1886347,44461,361,shot,low_block,1660.0261500000001,28.755,57.730000000000004,medium_pressure,2.0,False,CF,center,6,"AM,CF,LDM,LW,RDM,RW",1,1,0.0004931064595756,0,none,False,,8.5,7,6,0.2857142857142857,Newcastle
1886347,46671,375,shot,low_block,690.523925,32.095,21.515,,,False,LB,left,4,"AM,CF,LW,RW",1,1,0.20238035057058887,0,none,False,,6.5,5,4,0.4,Auckland FC
1886347,50508,412,goal,low_block,1407.6958249999998,33.095,42.535,low_pressure,1.0,True,RW,right,4,"AM,CF,LW,RW",1,1,0.0056105413007416,0,none,False,,7.0,5,4,0.4,Auckland FC
1886347,50520,412,goal,low_block,1407.6958249999998,33.095,42.535,medium_pressure,2.0,True,LW,center,4,"AM,CF,LW,RW",1,1,0.0056105413007416,0,none,False,,7.0,5,4,0.4,Auckland FC
1886347,50545,412,goal,low_block,1407.6958249999998,33.095,42.535,no_pressure,0.0,False,AM,center,4,"AM,CF,LW,RW",1,1,0.019232527800144,0,none,False,,6.5,5,4,0.4,Auckland FC
1886347,50574,412,goal,low_block,1407.6958249999998,33.095,42.535,medium_pressure,2.0,False,LB,left,4,"AM,CF,LW,RW",1,1,0.0182367556274121,0,none,False,,6.5,5,4,0.4,Auckland FC
1886347,50599,412,goal,low_block,1407.6958249999998,33.095,42.535,high_pressure,3.0,True,RW,center,3,"AM,CF,RW",1,1,0.0193122033946113,0,none,False,,6.0,4,3,0.5,Auckland FC
1886347,52729,415,shot,medium_block,1259.744375,32.405,38.875,no_pressure,0.0,False,LB,left,5,"AM,CF,LDM,LW,RDM",1,1,0.0029678054611288,1,none,True,CF,9.0,7,7,0.3333333333333333,Newcastle
1886347,52752,415,shot,medium_block,1259.744375,32.405,38.875,low_pressure,1.0,False,RDM,center,4,"AM,CF,LW,RDM",1,1,0.005334863541116,2,none,True,CF,8.0,7,7,0.3333333333333333,Newcastle
1886347,52790,416,shot,low_block,1215.14715,30.205,40.230000000000004,low_pressure,1.0,False,RB,right,5,"AM,CF,LDM,LW,RDM",1,1,0.0167727884831882,1,none,False,,8.0,7,6,0.2857142857142857,Newcastle
1886347,52806,416,shot,low_block,1215.14715,30.205,40.230000000000004,very_high_pressure,4.0,False,LDM,center,5,"AM,CF,LDM,LW,RDM",1,1,0.0167727884831882,0,none,False,,7.5,6,5,0.3333333333333333,Newcastle
1886347,58717,447,shot,low_block,964.003425,31.695,30.415,no_pressure,0.0,False,RDM,right,5,"AM,CF,LDM,LW,RDM",1,1,0.0821131152903753,0,none,False,,7.5,6,5,0.3333333333333333,Newcastle
1886347,58760,447,shot,low_block,964.003425,31.695,30.415,no_pressure,0.0,False,LCB,center,4,"AM,CF,LW,RDM",1,1,0.025332823165057,0,none,False,,6.5,5,4,0.4,Newcastle
1899585,9382,83,shot,low_block,1055.2502499999998,24.064999999999998,43.849999999999994,medium_pressure,2.0,False,CF,right,5,"CF,LM,LW,RM,RW",1,1,0.0316936799169835,0,none,False,,7.5,6,5,0.3333333333333333,Auckland FC
1899585,9466,83,shot,low_block,1055.2502499999998,24.064999999999998,43.849999999999994,very_high_pressure,4.0,False,RW,right,4,"CF,LM,LW,RM",1,1,0.0470358840250653,0,none,False,,6.5,5,4,0.4,Auckland FC
1899585,9471,83,shot,low_block,1055.2502499999998,24.064999999999998,43.849999999999994,high_pressure,3.0,True,CF,right,4,"CF,LM,LW,RM",1,1,0.0470358840250653,0,none,False,,7.0,5,4,0.4,Auckland FC
1899585,9481,83,shot,low_block,1055.2502499999998,24.064999999999998,43.849999999999994,very_high_pressure,4.0,True,LM,right,4,"CF,LM,LW,RM",1,1,0.0470358840250653,0,none,False,,7.0,5,4,0.4,Auckland FC
1899585,11359,95,shot,low_block,1052.896875,32.125,32.775,no_pressure,0.0,False,RW,right,5,"CF,LM,LW,RM,RW",1,1,0.0728603870352131,0,none,False,,7.5,6,5,0.3333333333333333,Auckland FC
1899585,11387,95,shot,low_block,1052.896875,32.125,32.775,low_pressure,1.0,False,RB,right,5,"CF,LM,LW,RM,RW",1,1,0.0541296398834353,0,none,False,,7.5,6,5,0.3333333333333333,Auckland FC
1899585,11430,95,shot,low_block,1052.896875,32.125,32.775,very_high_pressure,4.0,True,RM,center,5,"CF,LM,LW,RM,RW",1,1,0.0546752520438741,0,none,False,,8.0,6,5,0.3333333333333333,Auckland FC
1899585,13566,108,shot,low_block,1371.1785750000001,35.55500000000001,38.565,high_pressure,3.0,True,CF,left,5,"CF,LM,LW,RM,RW",1,1,8.208052581916969e-05,0,none,False,,8.0,6,5,0.3333333333333333,Auckland FC
1899585,13588,108,shot,low_block,1371.1785750000001,35.55500000000001,38.565,medium_pressure,2.0,True,RW,left,5,"CF,LM,LW,RM,RW",1,1,0.0052526367281721,0,none,False,,8.0,6,5,0.3333333333333333,Auckland FC
1899585,18073,129,goal,low_block,1348.78095,34.155,39.49,high_pressure,3.0,False,RW,right,5,"CF,LM,LW,RM,RW",1,1,0.0001560884116101,0,none,False,,7.5,6,5,0.3333333333333333,Auckland FC
1899585,18093,129,goal,low_block,1348.78095,34.155,39.49,high_pressure,3.0,False,RB,right,5,"CF,LM,LW,RM,RW",1,1,0.0001560884116101,0,none,False,,7.5,6,5,0.3333333333333333,Auckland FC
1899585,18110,129,goal,low_block,1348.78095,34.155,39.49,low_pressure,1.0,False,RM,right,5,"CF,LM,LW,RM,RW",1,1,0.0003750547147498,0,none,False,,7.5,6,5,0.3333333333333333,Auckland FC
1899585,18136,129,goal,low_block,1348.78095,34.155,39.49,medium_pressure,2.0,True,CF,right,5,"CF,LM,LW,RM,RW",1,1,0.010908633538036,0,none,False,,8.0,6,5,0.3333333333333333,Auckland FC
1899585,18163,129,goal,low_block,1348.78095,34.155,39.49,high_pressure,3.0,True,RB,right,5,"CF,LM,LW,RM,RW",1,1,0.020126366368756,0,none,False,,8.0,6,5,0.3333333333333333,Auckland FC
1899585,23166,185,shot,low_block,1588.7897500000001,30.725,51.71,high_pressure,3.0,False,LW,left,4,"CF,LW,RM,RW",1,1,0.0132624098089237,0,none,False,,6.5,5,4,0.4,Auckland FC
1899585,23171,185,shot,low_block,1588.7897500000001,30.725,51.71,high_pressure,3.0,False,LB,left,4,"CF,LW,RM,RW",1,1,0.0132624098089237,0,none,False,,6.5,5,4,0.4,Auckland FC
1899585,23186,185,shot,low_block,1588.7897500000001,30.725,51.71,high_pressure,3.0,True,LM,left,4,"CF,LW,RM,RW",1,1,0.0132624098089237,0,none,False,,7.0,5,4,0.4,Auckland FC
1899585,24953,199,shot,low_block,1456.29605,29.884999999999998,48.730000000000004,low_pressure,1.0,False,RF,right,5,"CF,LF,LM,RF,RM",1,1,0.0004542481477957,0,none,False,,7.5,6,5,0.3333333333333333,Wellington P FC
1899585,24980,199,shot,low_block,1456.29605,29.884999999999998,48.730000000000004,medium_pressure,2.0,False,RCB,right,5,"CF,LF,LM,RF,RM",1,1,0.0001797256229146,0,none,False,,7.5,6,5,0.3333333333333333,Wellington P FC
1899585,25003,199,shot,low_block,1456.29605,29.884999999999998,48.730000000000004,high_pressure,3.0,False,RWB,right,5,"CF,LF,LM,RF,RM",1,1,8.303263517411266e-05,0,none,False,,7.5,6,5,0.3333333333333333,Wellington P FC
1899585,25014,199,shot,low_block,1456.29605,29.884999999999998,48.730000000000004,high_pressure,3.0,True,RCB,right,5,"CF,LF,LM,RF,RM",1,1,8.303263517411266e-05,0,none,False,,8.0,6,5,0.3333333333333333,Wellington P FC
1899585,25058,199,shot,low_block,1456.29605,29.884999999999998,48.730000000000004,medium_pressure,2.0,True,LM,center,4,"LF,LM,RF,RM",0,1,0.0003625443427103,0,none,False,,5.5,5,4,0.4,Wellington P FC
1899585,27231,213,shot,low_block,944.0708,29.36,32.155,medium_pressure,2.0,True,CF,left,5,"CF,LM,LW,RM,RW",1,1,0.034153896609609,0,none,False,,8.0,6,5,0.3333333333333333,Auckland FC
1899585,27260,213,shot,low_block,944.0708,29.36,32.155,high_pressure,3.0,True,CF,left,5,"CF,LM,LW,RM,RW",1,1,0.0587580391484761,0,none,False,,8.0,6,5,0.3333333333333333,Auckland FC
1899585,27290,213,shot,low_block,944.0708,29.36,32.155,medium_pressure,2.0,False,LM,left,3,"CF,RM,RW",1,1,0.0606870695337133,0,none,False,,5.5,4,3,0.5,Auckland FC
1899585,27300,213,shot,low_block,944.0708,29.36,32.155,high_pressure,3.0,True,CF,center,4,"CF,LM,RM,RW",1,1,0.0945172960145491,0,none,False,,7.0,5,4,0.4,Auckland FC
1899585,37171,284,shot,low_block,951.5116249999999,29.345,32.425,low_pressure,1.0,False,LB,left,5,"CF,LM,LW,RM,RW",1,1,0.2086128577586385,0,none,False,,7.5,6,5,0.3333333333333333,Auckland FC
1899585,37198,284,shot,low_block,951.5116249999999,29.345,32.425,very_high_pressure,4.0,False,LW,left,4,"CF,LM,RM,RW",1,1,0.2622203355504329,0,none,False,,6.5,5,4,0.4,Auckland FC
1899585,37218,284,shot,low_block,951.5116249999999,29.345,32.425,very_high_pressure,4.0,True,LB,left,4,"CF,LM,RM,RW",1,1,0.2622203355504329,0,none,False,,7.0,5,4,0.4,Auckland FC
1899585,38402,290,shot,low_block,1576.4134,29.345,53.72,high_pressure,3.0,True,RWB,right,5,"CF,LF,LM,RF,RM",1,1,0.00010319980634599999,0,none,False,,8.0,6,5,0.3333333333333333,Wellington P FC
1899585,38439,290,shot,low_block,1576.4134,29.345,53.72,low_pressure,1.0,True,RM,center,5,"CF,LF,LM,RF,RM",1,1,0.0047887698973975,0,none,False,,8.0,6,5,0.3333333333333333,Wellington P FC
1899585,38473,290,shot,low_block,1576.4134,29.345,53.72,high_pressure,3.0,False,LWB,left,5,"CF,LF,LM,RF,RM",1,1,0.0142115635676512,0,none,False,,7.5,6,5,0.3333333333333333,Wellington P FC
1899585,38494,290,shot,low_block,1576.4134,29.345,53.72,low_pressure,1.0,False,RM,left,5,"CF,LF,LM,RF,RM",1,1,0.0054885734671546,0,none,False,,7.5,6,5,0.3333333333333333,Wellington P FC
1899585,43173,336,shot,low_block,1607.2409249999998,34.785,46.205,low_pressure,1.0,False,RW,right,5,"CF,LM,LW,RM,RW",1,1,7.407689178078503e-05,0,none,False,,7.5,6,5,0.3333333333333333,Auckland FC
1899585,46411,355,shot,low_block,871.3878,25.32,34.415,no_pressure,0.0,False,LCB,center,4,"CF,LF,LM,RF",1,1,0.0472120729714307,0,none,False,,6.5,5,4,0.4,Wellington P FC
1899585,46488,355,shot,low_block,871.3878,25.32,34.415,low_pressure,1.0,False,LWB,left,4,"CF,LF,LM,RF",1,1,0.6565245629249191,0,none,False,,6.5,5,4,0.4,Wellington P FC
1899585,46508,355,shot,low_block,871.3878,25.32,34.415,very_high_pressure,4.0,False,RCB,center,4,"CF,LF,LM,RF",1,1,0.6565245629249191,0,none,False,,6.5,5,4,0.4,Wellington P FC
1899585,55940,412,shot,low_block,1515.529375,30.235,50.125,high_pressure,3.0,False,LM,left,5,"CF,LM,LW,RM,RW",1,1,0.0095689467026726,0,none,False,,7.5,6,5,0.3333333333333333,Auckland FC
1899585,55950,412,shot,low_block,1515.529375,30.235,50.125,medium_pressure,2.0,True,RW,left,5,"CF,LM,LW,RM,RW",1,1,0.0095689467026726,0,none,False,,8.0,6,5,0.3333333333333333,Auckland FC
1899585,55966,412,shot,low_block,1515.529375,30.235,50.125,medium_pressure,2.0,False,LM,left,5,"CF,LM,LW,RM,RW",1,1,0.0085908485821118,0,none,False,,7.5,6,5,0.3333333333333333,Auckland FC
1899585,55992,412,shot,low_block,1515.529375,30.235,50.125,low_pressure,1.0,False,LB,left,5,"CF,LM,LW,RM,RW",1,1,0.0043744134085232,0,none,False,,7.5,6,5,0.3333333333333333,Auckland FC
1899585,56027,412,shot,low_block,1515.529375,30.235,50.125,low_pressure,1.0,True,LW,center,5,"CF,LM,LW,RM,RW",1,1,0.0233278184986312,0,none,False,,8.0,6,5,0.3333333333333333,Auckland FC
1899585,57735,424,shot,low_block,1400.2566749999999,39.405,35.535,high_pressure,3.0,False,LF,left,5,"CF,LF,LM,RF,RM",1,1,0.012155204091216001,0,none,False,,7.5,6,5,0.3333333333333333,Wellington P FC
1899585,57759,424,shot,low_block,1400.2566749999999,39.405,35.535,medium_pressure,2.0,True,RF,center,5,"CF,LF,LM,RF,RM",1,1,0.0022388298400189,0,none,False,,8.0,6,5,0.3333333333333333,Wellington P FC
1899585,57781,424,shot,low_block,1400.2566749999999,39.405,35.535,medium_pressure,2.0,False,LWB,left,5,"CF,LF,LM,RF,RM",1,1,0.0001342222230789,0,none,False,,7.5,6,5,0.3333333333333333,Wellington P FC
1899585,57799,424,shot,low_block,1400.2566749999999,39.405,35.535,very_high_pressure,4.0,True,RM,center,5,"CF,LF,LM,RF,RM",1,1,0.0001342222230789,0,none,False,,8.0,6,5,0.3333333333333333,Wellington P FC
1899585,58184,426,shot,low_block,1450.4399999999998,34.0,42.66,low_pressure,1.0,False,LW,right,5,"CF,LM,LW,RM,RW",1,1,0.0187478521143828,0,none,False,,7.5,6,5,0.3333333333333333,Auckland FC
1899585,58209,426,shot,low_block,1450.4399999999998,34.0,42.66,medium_pressure,2.0,True,CF,right,5,"CF,LM,LW,RM,RW",1,1,0.0366498887328443,0,none,False,,8.0,6,5,0.3333333333333333,Auckland FC
1899585,58263,426,shot,low_block,1450.4399999999998,34.0,42.66,medium_pressure,2.0,True,RM,right,5,"CF,LM,LW,RM,RW",1,1,0.0544579720594497,0,none,False,,8.0,6,5,0.3333333333333333,Auckland FC
1899585,59779,435,shot,medium_block,1814.0512500000002,35.31,51.375,high_pressure,3.0,False,RW,left,3,"CF,LM,RM",1,1,0.0001096043045421,1,none,True,LM,7.0,5,5,0.5,Auckland FC
1899585,59798,435,shot,medium_block,1814.0512500000002,35.31,51.375,medium_pressure,2.0,True,LM,left,3,"CF,LM,RM",1,1,0.0001096043045421,2,none,True,LM,7.5,6,6,0.4,Auckland FC
1899585,59861,436,shot,low_block,1745.584875,35.325,49.415,medium_pressure,2.0,False,RW,left,5,"CF,LM,LW,RM,RW",1,1,0.0038943773604908,0,none,False,,7.5,6,5,0.3333333333333333,Auckland FC
1925299,5589,52,shot,low_block,1024.3337,29.380000000000003,34.864999999999995,high_pressure,3.0,True,LM,right,4,"CF,LM,LW,RM",1,1,0.0123216718641463,0,none,False,,7.0,5,4,0.4,Perth Glory
1925299,5621,52,shot,low_block,1024.3337,29.380000000000003,34.864999999999995,medium_pressure,2.0,False,LW,right,3,"CF,LW,RM",1,1,0.0114473533970029,0,none,False,,5.5,4,3,0.5,Perth Glory
1925299,5639,52,shot,low_block,1024.3337,29.380000000000003,34.864999999999995,medium_pressure,2.0,False,RW,right,5,"CF,LM,LW,RM,RW",1,1,0.0198642556946021,0,none,False,,7.5,6,5,0.3333333333333333,Perth Glory
1925299,5659,52,shot,low_block,1024.3337,29.380000000000003,34.864999999999995,high_pressure,3.0,True,CF,center,5,"CF,LM,LW,RM,RW",1,1,0.0198642556946021,0,none,False,,8.0,6,5,0.3333333333333333,Perth Glory
1925299,14696,137,shot,low_block,957.1588,23.92,40.015,low_pressure,1.0,False,RDM,center,6,"AM,CF,LDM,LW,RDM,RW",1,1,0.0326738697416778,0,none,False,,8.5,7,6,0.2857142857142857,Brisbane FC
1925299,14735,137,shot,low_block,957.1588,23.92,40.015,low_pressure,1.0,False,RB,right,6,"AM,CF,LDM,LW,RDM,RW",1,1,0.1308873286993499,0,none,False,,8.5,7,6,0.2857142857142857,Brisbane FC
1925299,14755,137,shot,low_block,957.1588,23.92,40.015,medium_pressure,2.0,False,AM,right,6,"AM,CF,LDM,LW,RDM,RW",1,1,0.1308873286993499,0,none,False,,8.5,7,6,0.2857142857142857,Brisbane FC
1925299,14782,137,shot,low_block,957.1588,23.92,40.015,very_high_pressure,4.0,False,RW,right,6,"AM,CF,LDM,LW,RDM,RW",1,1,0.5002310058665633,0,none,False,,8.5,7,6,0.2857142857142857,Brisbane FC
1925299,15759,145,shot,low_block,993.2567999999998,26.08,38.084999999999994,,,True,LM,right,4,"CF,LM,LW,RM",1,1,0.0497690124880851,0,none,False,,7.0,5,4,0.4,Perth Glory
1925299,15790,145,shot,low_block,993.2567999999998,26.08,38.084999999999994,medium_pressure,2.0,False,LW,right,3,"CF,LW,RM",1,1,0.0448629575194985,0,none,False,,5.5,4,3,0.5,Perth Glory
1925299,15808,145,shot,low_block,993.2567999999998,26.08,38.084999999999994,medium_pressure,2.0,False,RW,right,4,"CF,LM,LW,RM",1,1,0.0559840773831887,0,none,False,,6.5,5,4,0.4,Perth Glory
1925299,15829,145,shot,low_block,993.2567999999998,26.08,38.084999999999994,medium_pressure,2.0,True,CF,center,5,"CF,LM,LW,RM,RW",1,1,0.1161295841978165,0,none,False,,8.0,6,5,0.3333333333333333,Perth Glory
1925299,17465,155,shot,medium_block,1945.53315,28.71,67.765,,,True,AM,right,6,"AM,CF,LDM,LW,RDM,RW",1,1,0.0009263114425452,0,none,False,,9.0,7,6,0.2857142857142857,Brisbane FC
1925299,17521,156,shot,low_block,1473.6094,23.93,61.58,high_pressure,3.0,True,LW,center,6,"AM,CF,LDM,LW,RDM,RW",1,1,0.0017844230838125,0,none,False,,9.0,7,6,0.2857142857142857,Brisbane FC
1925299,17893,158,shot,low_block,861.6870499999999,26.215,32.87,low_pressure,1.0,False,LDM,center,6,"AM,CF,LDM,LW,RDM,RW",1,1,0.4699300301642591,0,none,False,,8.5,7,6,0.2857142857142857,Brisbane FC
1925299,17931,158,shot,low_block,861.6870499999999,26.215,32.87,low_pressure,1.0,False,LB,left,6,"AM,CF,LDM,LW,RDM,RW",1,1,0.3072694403726151,0,none,False,,8.5,7,6,0.2857142857142857,Brisbane FC
1925299,17971,158,shot,low_block,861.6870499999999,26.215,32.87,medium_pressure,2.0,False,RB,right,5,"AM,CF,LDM,LW,RDM",1,1,0.1732209796305417,0,none,False,,7.5,6,5,0.3333333333333333,Brisbane FC
1925299,20900,173,shot,medium_block,1871.589,39.485,47.4,no_pressure,0.0,False,RM,left,2,"RM,RW",0,1,0.0016405113831556,1,none,False,,3.5,4,3,0.5,Perth Glory
1925299,20923,174,shot,low_block,1116.6596000000002,28.085,39.760000000000005,medium_pressure,2.0,False,LB,left,5,"CF,LM,LW,RM,RW",1,1,0.0131587928913677,0,none,False,,7.5,6,5,0.3333333333333333,Perth Glory
1925299,20964,174,shot,low_block,1116.6596000000002,28.085,39.760000000000005,high_pressure,3.0,True,CF,left,5,"CF,LM,LW,RM,RW",1,1,0.0035120821404757,0,none,False,,8.0,6,5,0.3333333333333333,Perth Glory
1925299,20988,174,shot,low_block,1116.6596000000002,28.085,39.760000000000005,very_high_pressure,4.0,True,CF,center,5,"CF,LM,LW,RM,RW",1,1,0.0877887242666447,0,none,False,,8.0,6,5,0.3333333333333333,Perth Glory
1925299,28117,229,shot,medium_block,2200.643925,37.815,58.195,medium_pressure,2.0,True,LM,right,2,"CF,LW",1,1,2.0000498843710342e-05,1,none,True,RCB,6.5,4,4,0.6666666666666666,Perth Glory
1925299,28206,230,shot,low_block,1736.021925,33.165,52.345,low_pressure,1.0,False,LW,left,3,"CF,LM,RM",1,1,0.0017522199853504,0,none,False,,5.5,4,3,0.5,Perth Glory
1925299,30069,250,shot,low_block,942.7968,28.16,33.48,medium_pressure,2.0,False,LW,right,6,"AM,CF,LDM,LW,RDM,RW",1,1,0.04628622882973169,0,none,False,,8.5,7,6,0.2857142857142857,Brisbane FC
1925299,30086,250,shot,low_block,942.7968,28.16,33.48,low_pressure,1.0,False,AM,right,6,"AM,CF,LDM,LW,RDM,RW",1,1,0.04628622882973169,0,none,False,,8.5,7,6,0.2857142857142857,Brisbane FC
1925299,30109,250,shot,low_block,942.7968,28.16,33.48,high_pressure,3.0,True,LDM,right,6,"AM,CF,LDM,LW,RDM,RW",1,1,0.1471284794672194,0,none,False,,9.0,7,6,0.2857142857142857,Brisbane FC
1925299,30125,250,shot,low_block,942.7968,28.16,33.48,medium_pressure,2.0,True,RW,center,6,"AM,CF,LDM,LW,RDM,RW",1,1,0.1471284794672194,0,none,False,,9.0,7,6,0.2857142857142857,Brisbane FC
1925299,32973,285,shot,low_block,1105.7953499999999,26.384999999999998,41.91,no_pressure,0.0,False,AM,left,6,"AM,CF,LDM,LW,RDM,RW",1,1,0.0075797351074672,0,none,False,,8.5,7,6,0.2857142857142857,Brisbane FC
1925299,33044,285,shot,low_block,1105.7953499999999,26.384999999999998,41.91,medium_pressure,2.0,False,LB,left,6,"AM,CF,LDM,LW,RDM,RW",1,1,0.0009964051442074,0,none,False,,8.5,7,6,0.2857142857142857,Brisbane FC
1925299,33065,285,shot,low_block,1105.7953499999999,26.384999999999998,41.91,medium_pressure,2.0,True,LDM,center,6,"AM,CF,LDM,LW,RDM,RW",1,1,0.0001091155080796,0,none,False,,9.0,7,6,0.2857142857142857,Brisbane FC
1925299,34414,297,shot,low_block,1045.256875,31.225,33.475,low_pressure,1.0,True,LM,right,5,"CF,LM,LW,RM,RW",1,1,0.0434029106835701,1,none,False,,8.5,7,6,0.2857142857142857,Perth Glory
1925299,34488,297,shot,low_block,1045.256875,31.225,33.475,medium_pressure,2.0,False,CF,left,5,"CF,LM,LW,RM,RW",1,1,0.1525967265655191,0,none,False,,7.5,6,5,0.3333333333333333,Perth Glory
1925299,34513,297,shot,low_block,1045.256875,31.225,33.475,no_pressure,0.0,False,RCB,center,5,"CF,LM,LW,RM,RW",1,1,0.2274946513696755,0,none,False,,7.5,6,5,0.3333333333333333,Perth Glory
1925299,37470,319,shot,low_block,946.0692,27.92,33.885,low_pressure,1.0,False,AM,left,6,"AM,CF,LDM,LW,RDM,RW",1,1,0.2923645815095589,0,none,False,,8.5,7,6,0.2857142857142857,Brisbane FC
1925299,37494,319,shot,low_block,946.0692,27.92,33.885,medium_pressure,2.0,False,LB,left,5,"AM,CF,LDM,RDM,RW",1,1,0.3769968907710236,0,none,False,,7.5,6,5,0.3333333333333333,Brisbane FC
1925299,37528,319,shot,low_block,946.0692,27.92,33.885,,,True,RW,center,6,"AM,CF,LDM,LW,RDM,RW",1,1,0.2862507308188765,0,none,False,,9.0,7,6,0.2857142857142857,Brisbane FC
1925299,38299,324,shot,low_block,1351.4495749999999,24.485,55.19499999999999,high_pressure,3.0,True,CF,right,6,"AM,CF,LDM,LW,RDM,RW",1,1,1.9108128847517685e-05,2,disruption,True,RW,10.5,9,9,0.25,Brisbane FC
1925299,38325,324,shot,low_block,1351.4495749999999,24.485,55.19499999999999,medium_pressure,2.0,False,RW,right,4,"CF,LDM,LW,RDM",1,1,9.826984030620088e-08,0,none,False,,6.5,5,4,0.4,Brisbane FC
1925299,38378,324,shot,low_block,1351.4495749999999,24.485,55.19499999999999,high_pressure,3.0,True,RDM,center,5,"AM,CF,LDM,LW,RDM",1,1,1.2778031302251666e-05,0,none,False,,8.0,6,5,0.3333333333333333,Brisbane FC
1925299,38387,324,shot,low_block,1351.4495749999999,24.485,55.19499999999999,high_pressure,3.0,True,LDM,center,5,"AM,CF,LDM,LW,RDM",1,1,1.2778031302251666e-05,0,none,False,,8.0,6,5,0.3333333333333333,Brisbane FC
1925299,38871,326,shot,low_block,922.418175,20.615,44.745000000000005,high_pressure,3.0,True,CF,right,5,"CF,LM,LW,RM,RW",1,1,0.0145679628515321,0,none,False,,8.0,6,5,0.3333333333333333,Perth Glory
1925299,38945,326,shot,low_block,922.418175,20.615,44.745000000000005,low_pressure,1.0,False,LW,left,5,"CF,LM,LW,RM,RW",1,1,0.0415327679194404,0,none,False,,7.5,6,5,0.3333333333333333,Perth Glory
1925299,40294,341,shot,low_block,1085.7357000000002,26.67,40.71,medium_pressure,2.0,True,LDM,center,6,"AM,CF,LDM,LW,RDM,RW",1,1,0.025920649771437,0,none,False,,9.0,7,6,0.2857142857142857,Brisbane FC
1925299,40334,341,shot,low_block,1085.7357000000002,26.67,40.71,no_pressure,0.0,False,LW,right,6,"AM,CF,LDM,LW,RDM,RW",1,1,0.21492239233036617,0,none,False,,8.5,7,6,0.2857142857142857,Brisbane FC
1925299,40363,341,shot,low_block,1085.7357000000002,26.67,40.71,medium_pressure,2.0,False,LDM,right,6,"AM,CF,LDM,LW,RDM,RW",1,1,0.0671000958644773,0,none,False,,8.5,7,6,0.2857142857142857,Brisbane FC
1925299,40381,341,shot,low_block,1085.7357000000002,26.67,40.71,medium_pressure,2.0,False,RB,right,6,"AM,CF,LDM,LW,RDM,RW",1,1,0.0671000958644773,0,none,False,,8.5,7,6,0.2857142857142857,Brisbane FC
1925299,44209,364,goal,medium_block,1741.4751999999999,27.98,62.239999999999995,low_pressure,1.0,True,CF,center,4,"CF,LM,LW,RM",1,1,0.0003490479188554,0,none,False,,7.0,5,4,0.4,Perth Glory
1925299,44267,365,goal,low_block,1315.0656,26.009999999999998,50.56,no_pressure,0.0,False,RW,right,5,"CF,LM,LW,RM,RW",1,1,0.0002465392583832,0,none,False,,7.5,6,5,0.3333333333333333,Perth Glory
1925299,44283,365,goal,low_block,1315.0656,26.009999999999998,50.56,medium_pressure,2.0,False,RB,right,5,"CF,LM,LW,RM,RW",1,1,0.0002465392583832,0,none,False,,7.5,6,5,0.3333333333333333,Perth Glory
1925299,44303,365,shot,low_block,1315.0656,26.009999999999998,50.56,,,False,CF,center,5,"CF,LM,LW,RM,RW",1,1,8.605079439267759e-06,0,none,False,,7.5,6,5,0.3333333333333333,Perth Glory
1925299,46380,371,shot,medium_block,1294.3590000000002,32.15,40.260000000000005,no_pressure,0.0,False,LCB,left,6,"AM,CF,LDM,LW,RDM,RW",1,1,0.0074031610665975,0,none,False,,8.5,7,6,0.2857142857142857,Brisbane FC
1925299,46427,372,shot,low_block,1247.142975,29.445,42.355,low_pressure,1.0,False,LB,left,5,"AM,CF,LW,RDM,RW",1,1,0.0392280700387076,0,none,False,,7.5,6,5,0.3333333333333333,Brisbane FC
1925299,46475,372,shot,low_block,1247.142975,29.445,42.355,medium_pressure,2.0,True,AM,right,6,"AM,CF,LDM,LW,RDM,RW",1,1,0.0424276313870001,0,none,False,,9.0,7,6,0.2857142857142857,Brisbane FC
1925299,46489,372,shot,low_block,1247.142975,29.445,42.355,high_pressure,3.0,False,LW,right,6,"AM,CF,LDM,LW,RDM,RW",1,1,0.0424276313870001,0,none,False,,8.5,7,6,0.2857142857142857,Brisbane FC
1925299,46497,372,shot,low_block,1247.142975,29.445,42.355,very_high_pressure,4.0,True,AM,right,6,"AM,CF,LDM,LW,RDM,RW",1,1,0.0203184662270539,0,none,False,,9.0,7,6,0.2857142857142857,Brisbane FC
1925299,50613,404,shot,low_block,481.8847,25.189999999999998,19.130000000000003,medium_pressure,2.0,False,LB,left,6,"AM,CF,LDM,LW,RDM,RW",1,1,0.6436484240747916,0,none,False,,8.5,7,6,0.2857142857142857,Brisbane FC
1925299,50623,404,shot,low_block,481.8847,25.189999999999998,19.130000000000003,,,False,CF,center,6,"AM,CF,LDM,LW,RDM,RW",1,1,0.6436484240747916,0,none,False,,8.5,7,6,0.2857142857142857,Brisbane FC
1925299,55899,441,shot,low_block,984.9653999999999,32.22,30.57,high_pressure,3.0,False,RB,right,5,"AM,CF,LDM,RDM,RW",1,1,0.1467736301982209,0,none,False,,7.5,6,5,0.3333333333333333,Brisbane FC
1925299,55909,441,shot,low_block,984.9653999999999,32.22,30.57,medium_pressure,2.0,False,LDM,right,5,"AM,CF,LDM,RDM,RW",1,1,0.1467736301982209,0,none,False,,7.5,6,5,0.3333333333333333,Brisbane FC
1925299,55982,441,shot,low_block,984.9653999999999,32.22,30.57,medium_pressure,2.0,False,RW,left,4,"AM,CF,RDM,RW",1,1,0.1355941933107347,0,none,False,,6.5,5,4,0.4,Brisbane FC
1925299,58602,465,shot,low_block,824.66675,28.884999999999998,28.55,no_pressure,0.0,False,RW,center,5,"AM,CF,LDM,RDM,RW",1,1,0.0682956042744635,0,none,False,,7.5,6,5,0.3333333333333333,Brisbane FC
1925299,58633,465,shot,low_block,824.66675,28.884999999999998,28.55,high_pressure,3.0,True,RW,center,5,"AM,CF,LDM,RDM,RW",1,1,0.21637671753973767,0,none,False,,8.0,6,5,0.3333333333333333,Brisbane FC
1925299,58669,465,shot,low_block,824.66675,28.884999999999998,28.55,medium_pressure,2.0,False,LB,left,5,"AM,CF,LDM,RDM,RW",1,1,0.561456972869702,0,none,False,,7.5,6,5,0.3333333333333333,Brisbane FC
1925299,58688,465,shot,low_block,824.66675,28.884999999999998,28.55,,,False,RB,center,5,"AM,CF,LDM,RDM,RW",1,1,0.561456972869702,0,none,False,,7.5,6,5,0.3333333333333333,Brisbane FC
1927964,405,3,goal,medium_block,2044.5786,36.29,56.34,no_pressure,0.0,False,RCB,right,5,"CF,LM,LW,RM,RW",1,1,6.881478159288611e-05,0,none,False,,7.5,6,5,0.3333333333333333,Western Sydney
1927964,485,6,goal,low_block,1761.974475,37.445,47.055,medium_pressure,2.0,False,CF,right,5,"CF,LM,LW,RM,RW",1,1,0.00022672434468900003,0,none,False,,7.5,6,5,0.3333333333333333,Western Sydney
1927964,495,6,goal,low_block,1761.974475,37.445,47.055,high_pressure,3.0,True,CF,center,5,"CF,LM,LW,RM,RW",1,1,0.00022672434468900003,0,none,False,,8.0,6,5,0.3333333333333333,Western Sydney
1927964,4618,42,shot,low_block,1042.3324,29.814999999999998,34.96,medium_pressure,2.0,False,LB,left,5,"CF,LM,LW,RM,RW",1,1,0.0093540605190549,0,none,False,,7.5,6,5,0.3333333333333333,Western Sydney
1927964,4627,42,shot,low_block,1042.3324,29.814999999999998,34.96,medium_pressure,2.0,False,LW,left,5,"CF,LM,LW,RM,RW",1,1,0.0093540605190549,0,none,False,,7.5,6,5,0.3333333333333333,Western Sydney
1927964,4663,42,shot,low_block,1042.3324,29.814999999999998,34.96,medium_pressure,2.0,False,LB,left,4,"CF,LM,RM,RW",1,1,0.0479507150961972,0,none,False,,6.5,5,4,0.4,Western Sydney
1927964,4713,42,shot,low_block,1042.3324,29.814999999999998,34.96,low_pressure,1.0,False,LM,left,4,"CF,LW,RM,RW",1,1,0.0385684671189981,0,none,False,,6.5,5,4,0.4,Western Sydney
1927964,10004,76,shot,medium_block,1872.5962499999996,41.474999999999994,45.15,,,False,RB,right,2,"LM,LW",0,1,1.8418503753441307e-05,0,none,False,,3.0,3,2,0.6666666666666666,Western Sydney
1927964,10048,77,shot,low_block,1615.9751500000002,32.59,49.585,high_pressure,3.0,True,CF,right,5,"CF,LM,LW,RM,RW",1,1,0.0062624942966049,0,none,False,,8.0,6,5,0.3333333333333333,Western Sydney
1927964,10059,77,shot,low_block,1615.9751500000002,32.59,49.585,very_high_pressure,4.0,True,LW,center,5,"CF,LM,LW,RM,RW",1,1,0.0062624942966049,0,none,False,,8.0,6,5,0.3333333333333333,Western Sydney
1927964,10097,77,shot,low_block,1615.9751500000002,32.59,49.585,high_pressure,3.0,True,CF,center,5,"CF,LM,LW,RM,RW",1,1,0.0056299415790701,0,none,False,,8.0,6,5,0.3333333333333333,Western Sydney
1927964,15741,109,shot,medium_block,2371.86705,36.085,65.72999999999999,medium_pressure,2.0,True,CF,center,2,"CF,LM",1,1,4.669154553033661e-06,3,none,True,CF,6.5,6,6,0.4,Wellington P FC
1927964,15807,110,shot,low_block,1815.5991499999998,36.955,49.129999999999995,low_pressure,1.0,False,RWB,right,3,"CF,LM,RM",1,1,2.649516210344997e-07,0,none,False,,5.5,4,3,0.5,Wellington P FC
1927964,15829,110,shot,low_block,1815.5991499999998,36.955,49.129999999999995,low_pressure,1.0,True,CF,center,3,"CF,LM,RM",1,1,0.0028085471835261,0,none,False,,6.0,4,3,0.5,Wellington P FC
1927964,19780,140,shot,low_block,1279.481625,33.525,38.165,no_pressure,0.0,False,LM,center,5,"CF,LM,LW,RM,RW",1,1,0.0031478635114275,0,none,False,,7.5,6,5,0.3333333333333333,Western Sydney
1927964,19805,140,shot,low_block,1279.481625,33.525,38.165,no_pressure,0.0,False,RW,right,5,"CF,LM,LW,RM,RW",1,1,0.0167221417585747,0,none,False,,7.5,6,5,0.3333333333333333,Western Sydney
1927964,19811,140,shot,low_block,1279.481625,33.525,38.165,medium_pressure,2.0,True,RM,right,5,"CF,LM,LW,RM,RW",1,1,0.0167221417585747,0,none,False,,8.0,6,5,0.3333333333333333,Western Sydney
1927964,19842,140,shot,low_block,1279.481625,33.525,38.165,low_pressure,1.0,False,RB,right,5,"CF,LM,LW,RM,RW",1,1,0.054539678230543495,0,none,False,,7.5,6,5,0.3333333333333333,Western Sydney
1927964,19865,140,shot,low_block,1279.481625,33.525,38.165,,,True,CF,right,5,"CF,LM,LW,RM,RW",1,1,0.0087434502661316,0,none,False,,8.0,6,5,0.3333333333333333,Western Sydney
1927964,27745,215,shot,low_block,1338.7856000000002,37.480000000000004,35.72,no_pressure,0.0,False,LCB,left,2,"CF,RM",1,1,0.030892785790881405,0,none,False,,4.5,3,2,0.6666666666666666,Wellington P FC
1927964,27773,216,shot,medium_block,1255.2635499999997,34.489999999999995,36.394999999999996,no_pressure,0.0,False,CB,left,3,"CF,LM,RM",1,1,0.0173419677455813,0,none,False,,5.5,4,3,0.5,Wellington P FC
1927964,27799,216,shot,medium_block,1255.2635499999997,34.489999999999995,36.394999999999996,no_pressure,0.0,False,RM,right,3,"CF,LM,RM",1,1,0.0138708060228877,0,none,False,,5.5,4,3,0.5,Wellington P FC
1927964,27840,217,shot,low_block,1023.5550000000002,27.150000000000002,37.7,low_pressure,1.0,True,CF,right,3,"CF,LM,RM",1,1,0.1407478066319493,0,none,False,,6.0,4,3,0.5,Wellington P FC
1927964,31704,249,shot,low_block,1502.68965,30.910000000000004,48.614999999999995,low_pressure,1.0,True,RM,right,5,"CF,LM,LW,RM,RW",1,1,0.024204797307753805,0,none,False,,8.0,6,5,0.3333333333333333,Western Sydney
1927964,31716,249,shot,low_block,1502.68965,30.910000000000004,48.614999999999995,medium_pressure,2.0,False,LM,center,5,"CF,LM,LW,RM,RW",1,1,0.024204797307753805,0,none,False,,7.5,6,5,0.3333333333333333,Western Sydney
1927964,31754,249,shot,low_block,1502.68965,30.910000000000004,48.614999999999995,medium_pressure,2.0,True,RW,right,5,"CF,LM,LW,RM,RW",1,1,0.0465813625640514,0,none,False,,8.0,6,5,0.3333333333333333,Western Sydney
1927964,31761,249,shot,low_block,1502.68965,30.910000000000004,48.614999999999995,high_pressure,3.0,True,CF,center,5,"CF,LM,LW,RM,RW",1,1,0.0465813625640514,0,none,False,,8.0,6,5,0.3333333333333333,Western Sydney
1927964,31779,249,shot,low_block,1502.68965,30.910000000000004,48.614999999999995,high_pressure,3.0,False,CF,right,5,"CF,LM,LW,RM,RW",1,1,0.06013602217853179,0,none,False,,7.5,6,5,0.3333333333333333,Western Sydney
1927964,32980,263,shot,low_block,856.253,22.415,38.2,no_pressure,0.0,False,LB,left,5,"CF,LM,LW,RM,RW",1,1,0.01366581000173,0,none,False,,7.5,6,5,0.3333333333333333,Western Sydney
1927964,32994,263,shot,low_block,856.253,22.415,38.2,medium_pressure,2.0,False,CF,left,5,"CF,LM,LW,RM,RW",1,1,0.01366581000173,0,none,False,,7.5,6,5,0.3333333333333333,Western Sydney
1927964,33001,263,shot,low_block,856.253,22.415,38.2,medium_pressure,2.0,False,LW,left,5,"CF,LM,LW,RM,RW",1,1,0.0114009089342613,0,none,False,,7.5,6,5,0.3333333333333333,Western Sydney
1927964,33035,263,shot,low_block,856.253,22.415,38.2,low_pressure,1.0,False,CF,left,4,"CF,LM,RM,RW",1,1,0.045463738563287,0,none,False,,6.5,5,4,0.4,Western Sydney
1927964,33069,263,shot,low_block,856.253,22.415,38.2,low_pressure,1.0,True,RM,center,5,"CF,LM,LW,RM,RW",1,1,0.4796096079014478,0,none,False,,8.0,6,5,0.3333333333333333,Western Sydney
1927964,33086,263,shot,low_block,856.253,22.415,38.2,high_pressure,3.0,False,LB,left,5,"CF,LM,LW,RM,RW",1,1,0.4796096079014478,0,none,False,,7.5,6,5,0.3333333333333333,Western Sydney
1927964,33878,270,shot,low_block,1624.908125,27.275,59.575,medium_pressure,2.0,True,RW,right,5,"CF,LM,LW,RM,RW",1,1,0.0024244976669885,0,none,False,,8.0,6,5,0.3333333333333333,Western Sydney
1927964,33910,270,shot,low_block,1624.908125,27.275,59.575,medium_pressure,2.0,True,LW,center,5,"CF,LM,LW,RM,RW",1,1,0.0005985738409167,0,none,False,,8.0,6,5,0.3333333333333333,Western Sydney
1927964,34379,274,shot,low_block,1026.7796,28.490000000000002,36.04,high_pressure,3.0,True,RW,center,5,"CF,LM,LW,RM,RW",1,1,0.1500819330749087,0,none,False,,8.0,6,5,0.3333333333333333,Western Sydney
1927964,34401,274,shot,low_block,1026.7796,28.490000000000002,36.04,medium_pressure,2.0,True,LW,center,5,"CF,LM,LW,RM,RW",1,1,0.1255416223043639,0,none,False,,8.0,6,5,0.3333333333333333,Western Sydney
1927964,35040,278,shot,low_block,1190.70765,29.335,40.59,medium_pressure,2.0,True,LW,center,5,"CF,LM,LW,RM,RW",1,1,0.0006205305768442,0,none,False,,8.0,6,5,0.3333333333333333,Western Sydney
1927964,35067,278,shot,low_block,1190.70765,29.335,40.59,low_pressure,1.0,False,RB,right,5,"CF,LM,LW,RM,RW",1,1,0.0016343222268478997,0,none,False,,7.5,6,5,0.3333333333333333,Western Sydney
1927964,35100,278,shot,low_block,1190.70765,29.335,40.59,medium_pressure,2.0,False,LW,right,5,"CF,LM,LW,RM,RW",1,1,0.0003152427528492,0,none,False,,7.5,6,5,0.3333333333333333,Western Sydney
1927964,37927,293,shot,low_block,1529.00215,29.185000000000002,52.39,high_pressure,3.0,False,LW,center,4,"CF,LM,LW,RM",1,1,9.990596162703364e-09,0,none,False,,6.5,5,4,0.4,Western Sydney
1927964,37966,293,shot,low_block,1529.00215,29.185000000000002,52.39,medium_pressure,2.0,False,RM,right,5,"CF,LM,LW,RM,RW",1,1,0.000195527186159,0,none,False,,7.5,6,5,0.3333333333333333,Western Sydney
1927964,38001,293,shot,low_block,1529.00215,29.185000000000002,52.39,low_pressure,1.0,False,RW,right,5,"CF,LM,LW,RM,RW",1,1,1.6557743310748365e-05,0,none,False,,7.5,6,5,0.3333333333333333,Western Sydney
1927964,38009,293,shot,low_block,1529.00215,29.185000000000002,52.39,very_high_pressure,4.0,True,CF,center,5,"CF,LM,LW,RM,RW",1,1,1.6557743310748365e-05,0,none,False,,8.0,6,5,0.3333333333333333,Western Sydney
1927964,40595,310,shot,medium_block,1686.8984999999998,30.975,54.459999999999994,low_pressure,1.0,True,RM,center,5,"CF,LM,LW,RM,RW",1,1,0.0021852149410556,0,none,False,,8.0,6,5,0.3333333333333333,Western Sydney
1927964,40633,311,shot,low_block,928.3985,26.755,34.7,medium_pressure,2.0,True,CF,center,5,"CF,LM,LW,RM,RW",1,1,0.0178762771686199,0,none,False,,8.0,6,5,0.3333333333333333,Western Sydney
1927964,40657,311,shot,low_block,928.3985,26.755,34.7,medium_pressure,2.0,False,RB,right,5,"CF,LM,LW,RM,RW",1,1,9.61070058738319e-05,0,none,False,,7.5,6,5,0.3333333333333333,Western Sydney
1927964,40685,311,shot,low_block,928.3985,26.755,34.7,very_high_pressure,4.0,True,LW,center,5,"CF,LM,LW,RM,RW",1,1,0.000277994682896,0,none,False,,8.0,6,5,0.3333333333333333,Western Sydney
1927964,40734,311,goal,low_block,928.3985,26.755,34.7,medium_pressure,2.0,True,RM,right,5,"CF,LM,LW,RM,RW",1,1,0.0901680284667314,0,none,False,,8.0,6,5,0.3333333333333333,Western Sydney
1927964,40765,311,goal,low_block,928.3985,26.755,34.7,medium_pressure,2.0,True,RW,right,5,"CF,LM,LW,RM,RW",1,1,0.1592857646561807,0,none,False,,8.0,6,5,0.3333333333333333,Western Sydney
1927964,40784,311,goal,low_block,928.3985,26.755,34.7,high_pressure,3.0,False,RB,right,5,"CF,LM,LW,RM,RW",1,1,0.1592857646561807,0,none,False,,7.5,6,5,0.3333333333333333,Western Sydney
1927964,40792,311,goal,low_block,928.3985,26.755,34.7,very_high_pressure,4.0,True,CF,center,5,"CF,LM,LW,RM,RW",1,1,0.0155372985351546,0,none,False,,8.0,6,5,0.3333333333333333,Western Sydney
1927964,42519,322,shot,medium_block,2312.83535,36.155,63.97,no_pressure,0.0,False,CF,left,3,"CF,LW,RM",1,1,4.98216592171925e-05,0,none,False,,5.5,4,3,0.5,Wellington P FC
1927964,42578,323,shot,low_block,1343.2014000000001,22.59,59.46000000000001,medium_pressure,2.0,False,LW,left,4,"CF,LW,RM,RW",1,1,0.0022888758053126,0,none,False,,6.5,5,4,0.4,Wellington P FC
1927964,44872,334,shot,low_block,939.25525,25.825000000000003,36.37,no_pressure,0.0,False,RM,right,4,"CF,LW,RM,RW",1,1,0.0659001495054813,0,none,False,,6.5,5,4,0.4,Wellington P FC
1927964,44887,334,shot,low_block,939.25525,25.825000000000003,36.37,high_pressure,3.0,True,CF,center,4,"CF,LW,RM,RW",1,1,0.0659001495054813,0,none,False,,7.0,5,4,0.4,Wellington P FC
1927964,44908,334,shot,low_block,939.25525,25.825000000000003,36.37,medium_pressure,2.0,True,RWB,center,4,"CF,LW,RM,RW",1,1,0.0342147266960004,0,none,False,,7.0,5,4,0.4,Wellington P FC
1927964,44950,334,shot,low_block,939.25525,25.825000000000003,36.37,medium_pressure,2.0,False,CF,right,3,"CF,RM,RW",1,1,0.0075485402369156,0,none,False,,5.5,4,3,0.5,Wellington P FC
1927964,45212,336,shot,medium_block,2128.266,31.92,66.675,,,False,LW,left,3,"LM,RM,RW",0,1,0.0002774936878379,0,none,False,,4.0,4,3,0.5,Western Sydney
1927964,45257,337,shot,low_block,1333.1196,24.66,54.06,medium_pressure,2.0,True,CF,left,4,"CF,LM,RM,RW",1,1,0.0128888569787718,0,none,False,,7.0,5,4,0.4,Western Sydney
1927964,45277,337,shot,low_block,1333.1196,24.66,54.06,high_pressure,3.0,False,RW,center,4,"CF,LM,RM,RW",1,1,0.0128888569787718,0,none,False,,6.5,5,4,0.4,Western Sydney
1927964,45332,337,shot,low_block,1333.1196,24.66,54.06,medium_pressure,2.0,False,RB,right,5,"CF,LM,LW,RM,RW",1,1,0.0003389384856452,0,none,False,,7.5,6,5,0.3333333333333333,Western Sydney
1927964,45360,337,shot,low_block,1333.1196,24.66,54.06,medium_pressure,2.0,False,RW,right,4,"CF,LM,LW,RM",1,1,0.0034465731971471,0,none,False,,6.5,5,4,0.4,Western Sydney
1927964,45369,337,shot,low_block,1333.1196,24.66,54.06,,,True,CF,center,5,"CF,LM,LW,RM,RW",1,1,0.001883373423401,0,none,False,,8.0,6,5,0.3333333333333333,Western Sydney
1927964,46533,341,shot,medium_block,1884.7832250000001,27.695,68.055,low_pressure,1.0,True,RM,center,2,"CF,LW",1,1,1.0749704962680328e-06,2,none,True,LW,6.5,5,5,0.5,Western Sydney
1927964,46588,342,shot,low_block,1230.2871,19.77,62.230000000000004,low_pressure,1.0,False,CF,left,4,"CF,LM,LW,RM",1,1,0.0003481513550554,0,none,False,,6.5,5,4,0.4,Western Sydney
1927964,46601,342,shot,low_block,1230.2871,19.77,62.230000000000004,high_pressure,3.0,True,CF,center,5,"CF,LM,LW,RM,RW",1,1,0.0003263473708098,0,none,False,,8.0,6,5,0.3333333333333333,Western Sydney
1927964,46611,342,shot,low_block,1230.2871,19.77,62.230000000000004,high_pressure,3.0,True,CF,center,5,"CF,LM,LW,RM,RW",1,1,0.0003263473708098,0,none,False,,8.0,6,5,0.3333333333333333,Western Sydney
1927964,49712,368,shot,low_block,1057.09615,23.965,44.11,high_pressure,3.0,True,CF,left,5,"CF,LM,LW,RM,RW",1,1,0.0091741530632764,0,none,False,,8.0,6,5,0.3333333333333333,Western Sydney
1927964,49754,368,shot,low_block,1057.09615,23.965,44.11,low_pressure,1.0,False,RB,right,5,"CF,LM,LW,RM,RW",1,1,2.294335021978059e-05,0,none,False,,7.5,6,5,0.3333333333333333,Western Sydney
1927964,49793,368,shot,low_block,1057.09615,23.965,44.11,medium_pressure,2.0,True,LM,center,4,"CF,LM,LW,RM",1,1,0.0010259116591521,0,none,False,,7.0,5,4,0.4,Western Sydney
1927964,56991,421,shot,low_block,1377.3548,32.08,42.935,medium_pressure,2.0,False,RW,right,5,"CF,LM,LW,RM,RW",1,1,0.0007567861172814999,0,none,False,,7.5,6,5,0.3333333333333333,Western Sydney
1927964,57144,425,goal,low_block,690.9256000000001,25.12,27.505000000000003,high_pressure,3.0,True,RM,center,5,"CF,LM,LW,RM,RW",1,1,0.4723643971158314,0,none,False,,8.0,6,5,0.3333333333333333,Western Sydney
1927964,57232,425,goal,low_block,690.9256000000001,25.12,27.505000000000003,high_pressure,3.0,False,LM,center,5,"CF,LM,LW,RM,RW",1,1,0.5431039338004845,0,none,False,,7.5,6,5,0.3333333333333333,Western Sydney
1953632,17167,127,shot,medium_block,1536.4261749999998,40.555,37.885,no_pressure,0.0,False,LCB,left,1,RF,0,0,0.0009144736232349,0,none,False,,1.0,2,1,1.0,Melbourne City
1953632,17188,127,shot,medium_block,1536.4261749999998,40.555,37.885,low_pressure,1.0,True,DM,center,5,"CF,LF,LM,RF,RM",1,1,0.0011915418037871,0,none,False,,8.0,6,5,0.3333333333333333,Melbourne City
1953632,17226,128,shot,low_block,1360.6426,33.83,40.22,low_pressure,1.0,False,RF,right,5,"CF,LF,LM,RF,RM",1,1,0.0227119653793708,0,none,False,,7.5,6,5,0.3333333333333333,Melbourne City
1953632,17242,128,shot,low_block,1360.6426,33.83,40.22,high_pressure,3.0,False,RB,right,5,"CF,LF,LM,RF,RM",1,1,0.0227119653793708,0,none,False,,7.5,6,5,0.3333333333333333,Melbourne City
1953632,17266,128,shot,low_block,1360.6426,33.83,40.22,medium_pressure,2.0,True,RM,right,4,"CF,LM,RF,RM",1,1,0.0106477969645145,0,none,False,,7.0,5,4,0.4,Melbourne City
1953632,38658,273,shot,low_block,903.5488,29.259999999999998,30.880000000000003,,,False,RWB,right,4,"LM,LW,RM,RW",0,1,0.0762010202139356,0,none,False,,5.0,5,4,0.4,CC Mariners
1953632,38670,273,shot,low_block,903.5488,29.259999999999998,30.880000000000003,,,False,CF,right,4,"LM,LW,RM,RW",0,1,0.0762010202139356,0,none,False,,5.0,5,4,0.4,CC Mariners
1953632,38685,273,shot,low_block,903.5488,29.259999999999998,30.880000000000003,high_pressure,3.0,True,RW,center,4,"LM,LW,RM,RW",0,1,0.0477948637856074,0,none,False,,5.5,5,4,0.4,CC Mariners
1953632,43707,311,shot,low_block,1699.79605,36.004999999999995,47.21,low_pressure,1.0,True,DM,right,4,"CF,LF,LM,RF",1,1,0.0470647362510962,0,none,False,,7.0,5,4,0.4,Melbourne City
1953632,43736,312,shot,medium_block,1609.6571000000001,38.89,41.39,low_pressure,1.0,False,LCB,center,4,"CF,LF,RF,RM",1,1,0.0202465497546222,0,none,False,,6.5,5,4,0.4,Melbourne City
1953632,43794,313,shot,low_block,1433.6851500000002,34.605000000000004,41.43,low_pressure,1.0,False,LB,left,3,"CF,LM,RM",1,1,0.0059613224880061,0,none,False,,5.5,4,3,0.5,Melbourne City
1953632,44958,322,shot,low_block,935.7826499999999,26.07,35.894999999999996,no_pressure,0.0,False,RCB,right,5,"CF,LM,LW,RM,RW",1,1,0.133090551880558,0,none,False,,7.5,6,5,0.3333333333333333,CC Mariners
1953632,44984,322,shot,low_block,935.7826499999999,26.07,35.894999999999996,medium_pressure,2.0,False,RWB,right,5,"CF,LM,LW,RM,RW",1,1,0.2110999102774006,0,none,False,,7.5,6,5,0.3333333333333333,CC Mariners
1953632,45038,322,shot,low_block,935.7826499999999,26.07,35.894999999999996,low_pressure,1.0,True,RM,center,5,"CF,LM,LW,RM,RW",1,1,0.44336325581972275,0,none,False,,8.0,6,5,0.3333333333333333,CC Mariners
1953632,55269,391,shot,low_block,2253.02,33.25,67.76,high_pressure,3.0,False,RF,right,5,"CF,LF,LM,RF,RM",1,1,0.0003388741917587,0,none,False,,7.5,6,5,0.3333333333333333,Melbourne City
1953632,55277,391,shot,low_block,2253.02,33.25,67.76,high_pressure,3.0,True,RM,center,5,"CF,LF,LM,RF,RM",1,1,0.0003388741917587,0,none,False,,8.0,6,5,0.3333333333333333,Melbourne City
1959846,6,0,shot,medium_block,1534.36305,28.79,53.295,,,False,CF,left,3,"CF,LM,RM",1,1,0.0153350000890252,0,none,False,,5.5,4,3,0.5,Western United
1959846,2885,33,shot,medium_block,1842.5910000000001,36.705,50.2,no_pressure,0.0,False,RCB,right,3,"CF,LW,RW",1,1,4.43385976675445e-05,4,none,False,,6.0,8,7,0.25,Melbourne V FC
1959846,2916,33,shot,medium_block,1842.5910000000001,36.705,50.2,no_pressure,0.0,False,LCB,center,3,"CF,LW,RW",1,1,3.304655375852681e-05,1,none,False,,6.0,5,4,0.4,Melbourne V FC
1959846,2975,34,shot,low_block,1506.5067,32.18,46.815,medium_pressure,2.0,True,LW,left,4,"LM,LW,RM,RW",0,1,0.004820911161256,0,none,False,,5.5,5,4,0.4,Melbourne V FC
1959846,3942,49,goal,low_block,569.562,21.3,26.740000000000002,no_pressure,0.0,False,LM,center,5,"CF,LM,LW,RM,RW",1,1,0.1521878023383128,0,none,False,,7.5,6,5,0.3333333333333333,Melbourne V FC
1959846,3968,49,goal,low_block,569.562,21.3,26.740000000000002,no_pressure,0.0,False,LB,center,5,"CF,LM,LW,RM,RW",1,1,0.028056729389046,0,none,False,,7.5,6,5,0.3333333333333333,Melbourne V FC
1959846,4000,49,goal,low_block,569.562,21.3,26.740000000000002,no_pressure,0.0,False,LM,left,5,"CF,LM,LW,RM,RW",1,1,0.1143907235763351,0,none,False,,7.5,6,5,0.3333333333333333,Melbourne V FC
1959846,4026,49,goal,low_block,569.562,21.3,26.740000000000002,very_high_pressure,4.0,True,RCB,left,5,"CF,LM,LW,RM,RW",1,1,0.0818622545621999,0,none,False,,8.0,6,5,0.3333333333333333,Melbourne V FC
1959846,5245,54,shot,medium_block,1583.31165,40.155,39.43,no_pressure,0.0,False,LCB,center,5,"CF,LM,LW,RM,RW",1,1,0.0003137481633643,0,none,False,,7.5,6,5,0.3333333333333333,Melbourne V FC
1959846,5272,54,shot,medium_block,1583.31165,40.155,39.43,low_pressure,1.0,False,LB,left,5,"CF,LM,LW,RM,RW",1,1,0.0021152789368522,0,none,False,,7.5,6,5,0.3333333333333333,Melbourne V FC
1959846,5284,55,shot,low_block,1660.7894,40.33,41.18,medium_pressure,2.0,True,CF,left,5,"CF,LM,LW,RM,RW",1,1,0.0021152789368522,0,none,False,,8.0,6,5,0.3333333333333333,Melbourne V FC
1959846,5318,55,shot,low_block,1660.7894,40.33,41.18,high_pressure,3.0,False,LW,left,5,"CF,LM,LW,RM,RW",1,1,0.001594736455055,0,none,False,,7.5,6,5,0.3333333333333333,Melbourne V FC
1959846,6064,59,shot,medium_block,2591.9202,42.87,60.46,low_pressure,1.0,False,LB,left,4,"CF,LM,LW,RM",1,1,1.8221998570760186e-05,0,none,False,,6.5,5,4,0.4,Melbourne V FC
1959846,6083,60,shot,low_block,2444.8803750000006,45.465,53.775000000000006,medium_pressure,2.0,True,CF,left,5,"CF,LM,LW,RM,RW",1,1,6.130708021861624e-07,0,none,False,,8.0,6,5,0.3333333333333333,Melbourne V FC
1959846,6109,60,shot,low_block,2444.8803750000006,45.465,53.775000000000006,high_pressure,3.0,False,LW,left,4,"CF,LM,RM,RW",1,1,1.1589808711700211e-09,0,none,False,,6.5,5,4,0.4,Melbourne V FC
1959846,6127,60,shot,low_block,2444.8803750000006,45.465,53.775000000000006,medium_pressure,2.0,False,RW,center,5,"CF,LM,LW,RM,RW",1,1,9.501684711281996e-09,0,none,False,,7.5,6,5,0.3333333333333333,Melbourne V FC
1959846,8255,88,shot,low_block,1216.8345,30.345,40.1,,,True,CF,right,5,"CF,LM,LW,RM,RW",1,1,0.0003536460828882,0,none,False,,8.0,6,5,0.3333333333333333,Western United
1959846,8282,88,shot,low_block,1216.8345,30.345,40.1,very_high_pressure,4.0,True,CF,center,5,"CF,LM,LW,RM,RW",1,1,9.183057357286556e-05,0,none,False,,8.0,6,5,0.3333333333333333,Western United
1959846,8288,88,shot,low_block,1216.8345,30.345,40.1,medium_pressure,2.0,True,RM,right,5,"CF,LM,LW,RM,RW",1,1,9.183057357286556e-05,0,none,False,,8.0,6,5,0.3333333333333333,Western United
1959846,9068,92,goal,low_block,582.4979999999999,24.12,24.15,low_pressure,1.0,False,RW,right,5,"CF,LM,LW,RM,RW",1,1,0.0169834144294629,0,none,False,,7.5,6,5,0.3333333333333333,Western United
1959846,9106,92,goal,low_block,582.4979999999999,24.12,24.15,medium_pressure,2.0,False,LB,right,4,"CF,LM,RM,RW",1,1,0.0101637610616507,0,none,False,,6.5,5,4,0.4,Western United
1959846,9114,92,goal,low_block,582.4979999999999,24.12,24.15,very_high_pressure,4.0,True,CF,center,4,"CF,LM,RM,RW",1,1,0.0101637610616507,0,none,False,,7.0,5,4,0.4,Western United
1959846,11010,108,shot,low_block,1350.2102249999998,35.295,38.254999999999995,no_pressure,0.0,False,LCB,left,5,"CF,LM,LW,RM,RW",1,1,0.028565013010279205,0,none,False,,7.5,6,5,0.3333333333333333,Western United
1959846,11019,108,shot,low_block,1350.2102249999998,35.295,38.254999999999995,low_pressure,1.0,True,LW,left,5,"CF,LM,LW,RM,RW",1,1,0.028565013010279205,0,none,False,,8.0,6,5,0.3333333333333333,Western United
1959846,11039,108,shot,low_block,1350.2102249999998,35.295,38.254999999999995,low_pressure,1.0,False,RM,left,5,"CF,LM,LW,RM,RW",1,1,0.0158453671764551,0,none,False,,7.5,6,5,0.3333333333333333,Western United
1959846,11083,108,shot,low_block,1350.2102249999998,35.295,38.254999999999995,very_high_pressure,4.0,True,CF,center,5,"CF,LM,LW,RM,RW",1,1,0.0217930352909522,0,none,False,,8.0,6,5,0.3333333333333333,Western United
1959846,12662,123,shot,medium_block,2533.322325,37.045,68.385,low_pressure,1.0,True,LW,left,4,"CF,LW,RM,RW",1,1,2.4023000461715324e-06,2,none,True,LB,8.5,7,7,0.3333333333333333,Melbourne V FC
1959846,12736,124,shot,low_block,1769.6154000000001,33.81,52.34,low_pressure,1.0,True,CF,center,5,"CF,LM,LW,RM,RW",1,1,4.865122065963408e-06,0,none,False,,8.0,6,5,0.3333333333333333,Melbourne V FC
1959846,12757,124,shot,low_block,1769.6154000000001,33.81,52.34,medium_pressure,2.0,False,CF,left,5,"CF,LM,LW,RM,RW",1,1,3.550725196158113e-07,0,none,False,,7.5,6,5,0.3333333333333333,Melbourne V FC
1959846,15940,149,shot,low_block,1856.4208,38.935,47.68,high_pressure,3.0,False,CF,right,4,"CF,LM,LW,RM",1,1,0.0024873624767251,0,none,False,,6.5,5,4,0.4,Melbourne V FC
1959846,15977,149,shot,low_block,1856.4208,38.935,47.68,medium_pressure,2.0,True,RW,right,5,"CF,LM,LW,RM,RW",1,1,0.0007877062670696002,0,none,False,,8.0,6,5,0.3333333333333333,Melbourne V FC
1959846,15986,149,shot,low_block,1856.4208,38.935,47.68,high_pressure,3.0,True,CF,center,5,"CF,LM,LW,RM,RW",1,1,0.0007877062670696002,0,none,False,,8.0,6,5,0.3333333333333333,Melbourne V FC
1959846,15994,149,shot,low_block,1856.4208,38.935,47.68,medium_pressure,2.0,True,LM,center,5,"CF,LM,LW,RM,RW",1,1,0.0007877062670696002,0,none,False,,8.0,6,5,0.3333333333333333,Melbourne V FC
1959846,16023,149,shot,low_block,1856.4208,38.935,47.68,high_pressure,3.0,True,LW,center,5,"CF,LM,LW,RM,RW",1,1,0.0017656821843311,0,none,False,,8.0,6,5,0.3333333333333333,Melbourne V FC
1959846,16032,149,shot,low_block,1856.4208,38.935,47.68,high_pressure,3.0,False,LB,left,5,"CF,LM,LW,RM,RW",1,1,0.0017656821843311,0,none,False,,7.5,6,5,0.3333333333333333,Melbourne V FC
1959846,20427,186,shot,medium_block,1657.4251000000002,33.295,49.78,low_pressure,1.0,True,RM,center,2,"LW,RW",0,1,0.0001351127298541,2,none,False,,4.0,5,4,0.4,Melbourne V FC
1959846,20449,186,shot,medium_block,1657.4251000000002,33.295,49.78,medium_pressure,2.0,True,CF,right,5,"CF,LM,LW,RM,RW",1,1,0.0021146938265619,2,none,False,,8.5,8,7,0.25,Melbourne V FC
1959846,20482,187,shot,low_block,1440.7472,31.54,45.68,high_pressure,3.0,False,RW,right,4,"CF,LM,LW,RM",1,1,0.002965905433123,1,none,False,,7.0,6,5,0.3333333333333333,Melbourne V FC
1959846,20732,192,shot,medium_block,1665.14355,43.785,38.03,no_pressure,0.0,False,RCB,center,5,"CF,LM,LW,RM,RW",1,1,0.00047481601948389993,0,none,False,,7.5,6,5,0.3333333333333333,Melbourne V FC
1959846,20775,193,shot,low_block,1335.1338,37.62,35.49,medium_pressure,2.0,True,CF,right,5,"CF,LM,LW,RM,RW",1,1,0.0177272138452768,0,none,False,,8.0,6,5,0.3333333333333333,Melbourne V FC
1959846,20787,193,shot,low_block,1335.1338,37.62,35.49,high_pressure,3.0,True,CF,center,5,"CF,LM,LW,RM,RW",1,1,0.0177272138452768,0,none,False,,8.0,6,5,0.3333333333333333,Melbourne V FC
1959846,20809,193,shot,low_block,1335.1338,37.62,35.49,high_pressure,3.0,True,LM,right,5,"CF,LM,LW,RM,RW",1,1,0.0722849160489108,0,none,False,,8.0,6,5,0.3333333333333333,Melbourne V FC
1959846,20823,193,shot,low_block,1335.1338,37.62,35.49,,,True,CF,center,5,"CF,LM,LW,RM,RW",1,1,0.0722849160489108,0,none,False,,8.0,6,5,0.3333333333333333,Melbourne V FC
1959846,22102,207,goal,medium_block,1906.6671750000003,28.095,67.86500000000001,medium_pressure,2.0,True,CF,left,3,"CF,LM,LW",1,1,1.6383409717488024e-05,0,none,False,,6.0,4,3,0.5,Melbourne V FC
1959846,22153,208,goal,low_block,1779.321975,26.795,66.405,high_pressure,3.0,False,RW,center,4,"CF,LM,LW,RM",1,1,0.0009806430642469,0,none,False,,6.5,5,4,0.4,Melbourne V FC
1959846,22163,208,goal,low_block,1779.321975,26.795,66.405,high_pressure,3.0,False,CF,center,4,"CF,LM,LW,RM",1,1,0.0009806430642469,0,none,False,,6.5,5,4,0.4,Melbourne V FC
1959846,29351,264,shot,low_block,678.86455,32.435,20.93,high_pressure,3.0,False,RW,center,5,"CF,LM,LW,RM,RW",1,1,0.0854027984412778,0,none,False,,7.5,6,5,0.3333333333333333,Western United
1959846,30152,271,shot,low_block,1168.71625,30.475,38.349999999999994,high_pressure,3.0,False,RW,center,5,"CF,LM,LW,RM,RW",1,1,0.0001213278175786,0,none,False,,7.5,6,5,0.3333333333333333,Western United
1959846,30182,271,shot,low_block,1168.71625,30.475,38.349999999999994,low_pressure,1.0,False,RB,right,4,"CF,LM,RM,RW",1,1,5.528474541421535e-05,0,none,False,,6.5,5,4,0.4,Western United
1959846,30222,271,shot,low_block,1168.71625,30.475,38.349999999999994,very_high_pressure,4.0,False,LM,right,3,"CF,LW,RM",1,1,3.045025122759003e-05,0,none,False,,5.5,4,3,0.5,Western United
1959846,30235,271,shot,low_block,1168.71625,30.475,38.349999999999994,high_pressure,3.0,False,RW,right,3,"CF,LW,RM",1,1,3.045025122759003e-05,0,none,False,,5.5,4,3,0.5,Western United
1959846,30243,271,shot,low_block,1168.71625,30.475,38.349999999999994,very_high_pressure,4.0,True,LW,center,4,"CF,LW,RM,RW",1,1,0.00011778231379500001,0,none,False,,7.0,5,4,0.4,Western United
1959846,31322,280,shot,low_block,1223.2829,27.009999999999998,45.29,low_pressure,1.0,True,LW,left,5,"CF,LM,LW,RM,RW",1,1,0.0001319117555463,0,none,False,,8.0,6,5,0.3333333333333333,Western United
1959846,31350,280,shot,low_block,1223.2829,27.009999999999998,45.29,very_high_pressure,4.0,True,RW,left,5,"CF,LM,LW,RM,RW",1,1,0.0007216052473789999,0,none,False,,8.0,6,5,0.3333333333333333,Western United
1959846,37846,322,shot,low_block,240.66900000000007,25.740000000000002,9.350000000000001,very_high_pressure,4.0,True,CF,center,4,"CF,LW,RM,RW",1,1,0.0885550544660529,0,none,False,,7.0,5,4,0.4,Western United
1959846,38825,333,shot,low_block,1518.0395250000001,30.795,49.295,low_pressure,1.0,False,RW,right,5,"CF,LM,LW,RM,RW",1,1,5.633386674392072e-05,0,none,False,,7.5,6,5,0.3333333333333333,Melbourne V FC
1959846,38846,333,shot,low_block,1518.0395250000001,30.795,49.295,medium_pressure,2.0,True,RM,center,5,"CF,LM,LW,RM,RW",1,1,2.3172729866555625e-05,0,none,False,,8.0,6,5,0.3333333333333333,Melbourne V FC
1959846,38865,333,shot,low_block,1518.0395250000001,30.795,49.295,very_high_pressure,4.0,True,CF,center,5,"CF,LM,LW,RM,RW",1,1,2.3172729866555625e-05,0,none,False,,8.0,6,5,0.3333333333333333,Melbourne V FC
1959846,38867,333,shot,low_block,1518.0395250000001,30.795,49.295,high_pressure,3.0,True,LW,center,5,"CF,LM,LW,RM,RW",1,1,2.3181864013715348e-05,0,none,False,,8.0,6,5,0.3333333333333333,Melbourne V FC
1959846,38906,333,shot,low_block,1518.0395250000001,30.795,49.295,medium_pressure,2.0,False,RW,right,4,"CF,LM,LW,RM",1,1,0.0002228911122472,0,none,False,,6.5,5,4,0.4,Melbourne V FC
1959846,38911,333,shot,low_block,1518.0395250000001,30.795,49.295,very_high_pressure,4.0,True,RM,center,4,"CF,LM,LW,RM",1,1,0.0002228911122472,0,none,False,,7.0,5,4,0.4,Melbourne V FC
1959846,39941,345,shot,medium_block,1305.0499,36.845,35.42,no_pressure,0.0,False,RCB,center,5,"CF,LM,LW,RM,RW",1,1,0.013850026767975301,0,none,False,,7.5,6,5,0.3333333333333333,Western United
1959846,39971,346,shot,low_block,1330.697725,33.355000000000004,39.894999999999996,no_pressure,0.0,False,LB,left,5,"CF,LM,LW,RM,RW",1,1,0.0240855347348298,0,none,False,,7.5,6,5,0.3333333333333333,Western United
1959846,40017,346,shot,low_block,1330.697725,33.355000000000004,39.894999999999996,very_high_pressure,4.0,True,RB,right,5,"CF,LM,LW,RM,RW",1,1,0.0125466735024376,0,none,False,,8.0,6,5,0.3333333333333333,Western United
1959846,44934,377,shot,low_block,1403.1909,25.58,54.855000000000004,low_pressure,1.0,False,LW,left,5,"CF,LM,LW,RM,RW",1,1,0.0011580616911359,0,none,False,,7.5,6,5,0.3333333333333333,Western United
1959846,48261,396,goal,medium_block,1748.2604999999999,31.775,55.019999999999996,high_pressure,3.0,True,LW,left,4,"CF,LM,LW,RW",1,1,1.9881174206289594e-06,2,none,True,LB,8.5,7,7,0.3333333333333333,Melbourne V FC
1959846,48287,396,goal,medium_block,1748.2604999999999,31.775,55.019999999999996,medium_pressure,2.0,True,LM,left,4,"CF,LW,RM,RW",1,1,0.0002840348875437,5,none,True,LB,8.5,10,10,0.2222222222222222,Melbourne V FC
1959846,48299,396,goal,medium_block,1748.2604999999999,31.775,55.019999999999996,high_pressure,3.0,True,CF,center,4,"CF,LW,RM,RW",1,1,0.0002840348875437,4,none,True,LB,8.5,9,9,0.25,Melbourne V FC
1959846,48330,397,goal,low_block,1115.926,23.6,47.285,medium_pressure,2.0,True,CF,center,5,"CF,LM,LW,RM,RW",1,1,0.0185751078240899,1,none,False,,8.5,7,6,0.2857142857142857,Melbourne V FC
1959846,48353,397,goal,low_block,1115.926,23.6,47.285,medium_pressure,2.0,False,RW,right,5,"CF,LM,LW,RM,RW",1,1,0.0026892417441863,0,none,False,,7.5,6,5,0.3333333333333333,Melbourne V FC
1959846,49439,403,shot,low_block,1341.875,31.25,42.94,low_pressure,1.0,True,RM,right,5,"CF,LM,LW,RM,RW",1,1,0.0117626800531122,0,none,False,,8.0,6,5,0.3333333333333333,Western United
1959846,49455,404,shot,medium_block,1266.1379499999998,29.645,42.709999999999994,low_pressure,1.0,True,LM,center,5,"CF,LM,LW,RM,RW",1,1,0.0117626800531122,0,none,False,,8.0,6,5,0.3333333333333333,Western United
1959846,49505,405,shot,low_block,1282.9165,29.869999999999997,42.95,low_pressure,1.0,False,LB,left,5,"CF,LM,LW,RM,RW",1,1,0.0016485928491791,0,none,False,,7.5,6,5,0.3333333333333333,Western United
1959846,49514,405,shot,low_block,1282.9165,29.869999999999997,42.95,,,True,CF,center,5,"CF,LM,LW,RM,RW",1,1,0.0016485928491791,0,none,False,,8.0,6,5,0.3333333333333333,Western United
1959846,50473,414,shot,low_block,214.33175,15.725000000000001,13.629999999999999,medium_pressure,2.0,False,RM,right,5,"CF,LM,LW,RM,RW",1,1,1.1985892322442675,0,none,False,,7.5,6,5,0.3333333333333333,Western United
1959846,50490,414,shot,low_block,214.33175,15.725000000000001,13.629999999999999,,,False,CF,center,5,"CF,LM,LW,RM,RW",1,1,1.1985892322442675,0,none,False,,7.5,6,5,0.3333333333333333,Western United
1959846,54732,447,shot,low_block,860.214375,24.525,35.075,very_high_pressure,4.0,False,CF,right,5,"CF,LM,LW,RM,RW",1,1,0.0052401667881527,0,none,False,,7.5,6,5,0.3333333333333333,Western United
1959846,54748,447,shot,low_block,860.214375,24.525,35.075,low_pressure,1.0,False,RM,right,5,"CF,LM,LW,RM,RW",1,1,0.0052401667881527,0,none,False,,7.5,6,5,0.3333333333333333,Western United
1959846,54792,447,shot,low_block,860.214375,24.525,35.075,medium_pressure,2.0,True,RW,right,5,"CF,LM,LW,RM,RW",1,1,0.0182472651569106,0,none,False,,8.0,6,5,0.3333333333333333,Western United
1959846,55427,450,goal,low_block,109.64800000000001,8.8,12.46,very_high_pressure,4.0,True,CF,center,5,"CF,LM,LW,RM,RW",1,1,2.3444543852011788,0,none,False,,8.0,6,5,0.3333333333333333,Western United
1959846,57307,464,goal,low_block,748.4717499999999,29.45,25.415,medium_pressure,2.0,False,LB,left,5,"CF,LM,LW,RM,RW",1,1,0.17680948959458057,0,none,False,,7.5,6,5,0.3333333333333333,Western United
1959846,57380,464,goal,low_block,748.4717499999999,29.45,25.415,medium_pressure,2.0,False,RW,right,5,"CF,LM,LW,RM,RW",1,1,0.0171108335040368,0,none,False,,7.5,6,5,0.3333333333333333,Western United
1959846,57387,464,goal,low_block,748.4717499999999,29.45,25.415,very_high_pressure,4.0,True,CF,center,5,"CF,LM,LW,RM,RW",1,1,0.0171108335040368,0,none,False,,8.0,6,5,0.3333333333333333,Western United
1959846,58227,466,shot,low_block,892.3139000000001,24.67,36.17,,,False,CF,left,5,"CF,LM,LW,RM,RW",1,1,0.0088360185344941,0,none,False,,7.5,6,5,0.3333333333333333,Melbourne V FC
1959846,58264,466,shot,low_block,892.3139000000001,24.67,36.17,low_pressure,1.0,False,LM,left,5,"CF,LM,LW,RM,RW",1,1,0.0073002875287108,0,none,False,,7.5,6,5,0.3333333333333333,Melbourne V FC
1959846,58288,466,shot,low_block,892.3139000000001,24.67,36.17,low_pressure,1.0,False,LCB,left,5,"CF,LM,LW,RM,RW",1,1,0.1876619158451694,0,none,False,,7.5,6,5,0.3333333333333333,Melbourne V FC
1959846,58324,466,shot,low_block,892.3139000000001,24.67,36.17,,,True,RM,center,5,"CF,LM,LW,RM,RW",1,1,0.1726511661913806,0,none,False,,8.0,6,5,0.3333333333333333,Melbourne V FC
1959846,58351,466,shot,low_block,892.3139000000001,24.67,36.17,very_high_pressure,4.0,True,LM,center,4,"CF,LM,RM,RW",1,1,0.2088014321407216,0,none,False,,7.0,5,4,0.4,Melbourne V FC
1986691,612,7,shot,low_block,884.7271999999999,25.759999999999998,34.345,high_pressure,3.0,False,RW,right,5,"CF,LM,LW,RM,RW",1,1,0.029973022848145,0,none,False,,7.5,6,5,0.3333333333333333,Auckland FC
1986691,620,7,shot,low_block,884.7271999999999,25.759999999999998,34.345,medium_pressure,2.0,True,RM,right,5,"CF,LM,LW,RM,RW",1,1,0.029973022848145,0,none,False,,8.0,6,5,0.3333333333333333,Auckland FC
1986691,644,7,shot,low_block,884.7271999999999,25.759999999999998,34.345,low_pressure,1.0,False,RW,right,4,"CF,LM,LW,RW",1,1,0.090066772714717,0,none,False,,6.5,5,4,0.4,Auckland FC
1986691,662,7,shot,low_block,884.7271999999999,25.759999999999998,34.345,high_pressure,3.0,True,CF,center,4,"CF,LM,LW,RW",1,1,0.090066772714717,0,none,False,,7.0,5,4,0.4,Auckland FC
1986691,687,7,shot,low_block,884.7271999999999,25.759999999999998,34.345,very_high_pressure,4.0,True,CF,center,4,"CF,LM,RM,RW",1,1,0.4906109494502542,0,none,False,,7.0,5,4,0.4,Auckland FC
1986691,10876,89,shot,low_block,928.918375,32.795,28.325,medium_pressure,2.0,False,LW,left,5,"CF,LM,LW,RM,RW",1,1,0.04248359008265281,0,none,False,,7.5,6,5,0.3333333333333333,Auckland FC
1986691,10901,89,shot,low_block,928.918375,32.795,28.325,very_high_pressure,4.0,True,RM,left,4,"CF,LM,LW,RW",1,1,0.0803972680198806,0,none,False,,7.0,5,4,0.4,Auckland FC
1986691,10936,89,shot,low_block,928.918375,32.795,28.325,very_high_pressure,4.0,True,CF,left,5,"CF,LM,LW,RM,RW",1,1,0.1504571081580155,0,none,False,,8.0,6,5,0.3333333333333333,Auckland FC
1986691,10965,89,shot,low_block,928.918375,32.795,28.325,high_pressure,3.0,True,CF,center,4,"CF,LM,RM,RW",1,1,0.12268267715601891,0,none,False,,7.0,5,4,0.4,Auckland FC
1986691,10974,89,shot,low_block,928.918375,32.795,28.325,medium_pressure,2.0,False,RM,left,4,"CF,LM,RM,RW",1,1,0.12268267715601891,0,none,False,,6.5,5,4,0.4,Auckland FC
1986691,15464,127,shot,low_block,1316.04435,36.39,36.165,high_pressure,3.0,False,LW,left,5,"CF,LM,LW,RM,RW",1,1,0.0157740177331636,0,none,False,,7.5,6,5,0.3333333333333333,Auckland FC
1986691,15498,127,shot,low_block,1316.04435,36.39,36.165,low_pressure,1.0,True,LM,left,5,"CF,LM,LW,RM,RW",1,1,0.0382102829971598,0,none,False,,8.0,6,5,0.3333333333333333,Auckland FC
1986691,15541,127,shot,low_block,1316.04435,36.39,36.165,medium_pressure,2.0,True,CF,left,5,"CF,LM,LW,RM,RW",1,1,0.1360422744210193,0,none,False,,8.0,6,5,0.3333333333333333,Auckland FC
1986691,15561,127,shot,low_block,1316.04435,36.39,36.165,very_high_pressure,4.0,True,LW,left,5,"CF,LM,LW,RM,RW",1,1,0.1360422744210193,0,none,False,,8.0,6,5,0.3333333333333333,Auckland FC
1986691,21979,179,shot,medium_block,1825.7712,33.22,54.96,low_pressure,1.0,True,LM,right,4,"CF,LW,RM,RW",1,1,0.0006120310634612,0,none,False,,7.0,5,4,0.4,Auckland FC
1986691,22040,180,shot,low_block,1495.4772,28.715,52.08,high_pressure,3.0,True,CF,center,5,"CF,LM,LW,RM,RW",1,1,1.028794495179172e-06,0,none,False,,8.0,6,5,0.3333333333333333,Auckland FC
1986691,24287,190,shot,low_block,1455.9948000000002,26.415,55.120000000000005,high_pressure,3.0,False,LW,left,5,"CF,LM,LW,RM,RW",1,1,0.0020428011566772,0,none,False,,7.5,6,5,0.3333333333333333,Western Sydney
1986691,24304,190,shot,low_block,1455.9948000000002,26.415,55.120000000000005,high_pressure,3.0,True,CF,left,5,"CF,LM,LW,RM,RW",1,1,0.0020428011566772,0,none,False,,8.0,6,5,0.3333333333333333,Western Sydney
1986691,24342,190,shot,low_block,1455.9948000000002,26.415,55.120000000000005,medium_pressure,2.0,True,LW,left,5,"CF,LM,LW,RM,RW",1,1,0.0007301222340497,0,none,False,,8.0,6,5,0.3333333333333333,Western Sydney
1986691,24353,190,shot,low_block,1455.9948000000002,26.415,55.120000000000005,high_pressure,3.0,True,CF,center,5,"CF,LM,LW,RM,RW",1,1,0.0007301222340497,0,none,False,,8.0,6,5,0.3333333333333333,Western Sydney
1986691,24362,190,shot,low_block,1455.9948000000002,26.415,55.120000000000005,high_pressure,3.0,True,RW,center,5,"CF,LM,LW,RM,RW",1,1,0.0007301222340497,0,none,False,,8.0,6,5,0.3333333333333333,Western Sydney
1986691,28469,213,shot,low_block,1042.6082999999999,30.259999999999998,34.455,high_pressure,3.0,False,RB,right,5,"CF,LM,LW,RM,RW",1,1,0.0489331731900025,0,none,False,,7.5,6,5,0.3333333333333333,Western Sydney
1986691,28486,213,shot,low_block,1042.6082999999999,30.259999999999998,34.455,high_pressure,3.0,False,RB,right,5,"CF,LM,LW,RM,RW",1,1,0.0489331731900025,0,none,False,,7.5,6,5,0.3333333333333333,Western Sydney
1986691,28495,213,shot,low_block,1042.6082999999999,30.259999999999998,34.455,very_high_pressure,4.0,True,CF,center,5,"CF,LM,LW,RM,RW",1,1,0.021061318796849703,0,none,False,,8.0,6,5,0.3333333333333333,Western Sydney
1986691,30501,232,shot,low_block,1166.9799999999998,28.119999999999997,41.5,high_pressure,3.0,True,LW,left,5,"CF,LM,LW,RM,RW",1,1,0.0291242762201486,0,none,False,,8.0,6,5,0.3333333333333333,Western Sydney
1986691,30528,232,shot,low_block,1166.9799999999998,28.119999999999997,41.5,medium_pressure,2.0,False,LB,left,5,"CF,LM,LW,RM,RW",1,1,0.0188338681868753,0,none,False,,7.5,6,5,0.3333333333333333,Western Sydney
1986691,30539,232,shot,low_block,1166.9799999999998,28.119999999999997,41.5,medium_pressure,2.0,False,LM,left,5,"CF,LM,LW,RM,RW",1,1,0.0188338681868753,0,none,False,,7.5,6,5,0.3333333333333333,Western Sydney
1986691,30560,232,shot,low_block,1166.9799999999998,28.119999999999997,41.5,medium_pressure,2.0,True,LW,left,5,"CF,LM,LW,RM,RW",1,1,0.0470655864589604,0,none,False,,8.0,6,5,0.3333333333333333,Western Sydney
1986691,30592,232,shot,low_block,1166.9799999999998,28.119999999999997,41.5,high_pressure,3.0,True,CF,center,5,"CF,LM,LW,RM,RW",1,1,0.0184347822444587,0,none,False,,8.0,6,5,0.3333333333333333,Western Sydney
1986691,33898,248,shot,medium_block,1453.868875,36.415,39.925,no_pressure,0.0,False,RCB,right,5,"CF,LM,LW,RM,RW",1,1,0.0346161320902869,2,none,False,,8.0,8,7,0.25,Auckland FC
1986691,33970,249,shot,low_block,1251.3085,30.950000000000003,40.43,low_pressure,1.0,False,RW,right,5,"CF,LM,LW,RM,RW",1,1,0.0003165336275142,0,none,False,,7.5,6,5,0.3333333333333333,Auckland FC
1986691,33992,249,shot,low_block,1251.3085,30.950000000000003,40.43,low_pressure,1.0,True,RM,right,4,"CF,LM,LW,RM",1,1,0.0008088816676499,0,none,False,,7.0,5,4,0.4,Auckland FC
1986691,34940,254,shot,low_block,1207.7939999999999,33.775,35.76,no_pressure,0.0,False,LM,left,4,"CF,LM,RM,RW",1,1,0.0888438419527638,0,none,False,,6.5,5,4,0.4,Auckland FC
1986691,34949,254,shot,low_block,1207.7939999999999,33.775,35.76,high_pressure,3.0,True,CF,left,5,"CF,LM,LW,RM,RW",1,1,0.0888926266771853,0,none,False,,8.0,6,5,0.3333333333333333,Auckland FC
1986691,34975,254,shot,low_block,1207.7939999999999,33.775,35.76,low_pressure,1.0,False,LB,left,5,"CF,LM,LW,RM,RW",1,1,0.0439377081459307,0,none,False,,7.5,6,5,0.3333333333333333,Auckland FC
1986691,35019,254,shot,low_block,1207.7939999999999,33.775,35.76,,,True,CF,left,5,"CF,LM,LW,RM,RW",1,1,0.0421245181950565,0,none,False,,8.0,6,5,0.3333333333333333,Auckland FC
1986691,35031,254,shot,low_block,1207.7939999999999,33.775,35.76,medium_pressure,2.0,False,RW,center,5,"CF,LM,LW,RM,RW",1,1,0.0421245181950565,0,none,False,,7.5,6,5,0.3333333333333333,Auckland FC
1986691,35835,263,shot,medium_block,1709.9142250000002,31.715000000000003,53.915,low_pressure,1.0,False,LM,left,2,"CF,RM",1,1,1.7538567845339666e-05,0,none,False,,4.5,3,2,0.6666666666666666,Western Sydney
1986691,35865,263,shot,medium_block,1709.9142250000002,31.715000000000003,53.915,no_pressure,0.0,False,RCB,right,3,"CF,RM,RW",1,1,0.0004650279626864,0,none,False,,5.5,4,3,0.5,Western Sydney
1986691,35901,264,shot,low_block,1352.6271000000002,25.380000000000003,53.295,medium_pressure,2.0,True,RW,right,5,"CF,LM,LW,RM,RW",1,1,0.0004821691353663,0,none,False,,8.0,6,5,0.3333333333333333,Western Sydney
1986691,35921,264,shot,low_block,1352.6271000000002,25.380000000000003,53.295,high_pressure,3.0,False,CF,right,5,"CF,LM,LW,RM,RW",1,1,0.0004821691353663,0,none,False,,7.5,6,5,0.3333333333333333,Western Sydney
1986691,36917,270,shot,low_block,1749.7649500000002,35.615,49.13,low_pressure,1.0,True,RW,right,5,"CF,LM,LW,RM,RW",1,1,0.0052440408911121,0,none,False,,8.0,6,5,0.3333333333333333,Auckland FC
1986691,36939,270,shot,low_block,1749.7649500000002,35.615,49.13,medium_pressure,2.0,True,CF,center,5,"CF,LM,LW,RM,RW",1,1,0.0022098040469331,0,none,False,,8.0,6,5,0.3333333333333333,Auckland FC
1986691,39467,300,shot,low_block,1155.1976000000002,33.64,34.34,medium_pressure,2.0,False,RW,right,5,"CF,LM,LW,RM,RW",1,1,0.0711667340159084,0,none,False,,7.5,6,5,0.3333333333333333,Auckland FC
1986691,39485,300,shot,low_block,1155.1976000000002,33.64,34.34,low_pressure,1.0,False,RB,right,5,"CF,LM,LW,RM,RW",1,1,0.0711667340159084,0,none,False,,7.5,6,5,0.3333333333333333,Auckland FC
1986691,39521,300,shot,low_block,1155.1976000000002,33.64,34.34,low_pressure,1.0,True,RM,right,5,"CF,LM,LW,RM,RW",1,1,0.0873457320725675,0,none,False,,8.0,6,5,0.3333333333333333,Auckland FC
1986691,39553,300,shot,low_block,1155.1976000000002,33.64,34.34,high_pressure,3.0,True,CF,right,4,"CF,LM,LW,RW",1,1,0.1704129128800432,0,none,False,,7.0,5,4,0.4,Auckland FC
1986691,39558,300,shot,low_block,1155.1976000000002,33.64,34.34,high_pressure,3.0,True,RM,right,4,"CF,LM,LW,RW",1,1,0.1704129128800432,0,none,False,,7.0,5,4,0.4,Auckland FC
1986691,44384,333,shot,low_block,800.49095,27.79,28.805,medium_pressure,2.0,True,LM,center,5,"CF,LM,LW,RM,RW",1,1,0.0490343435241377,0,none,False,,8.0,6,5,0.3333333333333333,Auckland FC
1986691,44419,333,shot,low_block,800.49095,27.79,28.805,very_high_pressure,4.0,True,LW,center,4,"CF,LM,RM,RW",1,1,0.021606099578705,0,none,False,,7.0,5,4,0.4,Auckland FC
1986691,44435,333,shot,low_block,800.49095,27.79,28.805,high_pressure,3.0,False,RW,center,5,"CF,LM,LW,RM,RW",1,1,0.0054932869561003,0,none,False,,7.5,6,5,0.3333333333333333,Auckland FC
1986691,50480,363,shot,medium_block,2157.8458,39.82,54.19,no_pressure,0.0,False,LM,left,5,"CF,LM,LW,RM,RW",1,1,0.0051802979240416,0,none,False,,7.5,6,5,0.3333333333333333,Western Sydney
1986691,50539,364,shot,low_block,1200.6860000000001,28.880000000000003,41.575,medium_pressure,2.0,True,LW,left,5,"CF,LM,LW,RM,RW",1,1,0.004978527999424,0,none,False,,8.0,6,5,0.3333333333333333,Western Sydney
1986691,57464,413,goal,low_block,1049.714025,21.884999999999998,47.965,low_pressure,1.0,True,RM,center,5,"CF,LM,LW,RM,RW",1,1,0.0249663233379455,0,none,False,,8.0,6,5,0.3333333333333333,Auckland FC
1986691,57480,413,goal,low_block,1049.714025,21.884999999999998,47.965,high_pressure,3.0,True,CF,center,5,"CF,LM,LW,RM,RW",1,1,0.0249663233379455,0,none,False,,8.0,6,5,0.3333333333333333,Auckland FC
1986691,57492,413,goal,low_block,1049.714025,21.884999999999998,47.965,high_pressure,3.0,True,CF,center,5,"CF,LM,LW,RM,RW",1,1,0.0284131482010678,0,none,False,,8.0,6,5,0.3333333333333333,Auckland FC
1986691,57526,413,goal,low_block,1049.714025,21.884999999999998,47.965,very_high_pressure,4.0,True,LW,center,4,"CF,LM,RM,RW",1,1,0.0006385681807738,0,none,False,,7.0,5,4,0.4,Auckland FC
1996435,10034,116,shot,low_block,1156.6536749999998,27.314999999999998,42.345,low_pressure,1.0,False,AM,right,6,"AM,CF,LDM,LW,RDM,RW",1,1,0.0093430627878458,0,none,False,,8.5,7,6,0.2857142857142857,Adelaide United
1996435,10053,116,shot,low_block,1156.6536749999998,27.314999999999998,42.345,high_pressure,3.0,False,RB,right,6,"AM,CF,LDM,LW,RDM,RW",1,1,0.0093430627878458,0,none,False,,8.5,7,6,0.2857142857142857,Adelaide United
1996435,10060,116,shot,low_block,1156.6536749999998,27.314999999999998,42.345,high_pressure,3.0,True,AM,center,6,"AM,CF,LDM,LW,RDM,RW",1,1,0.0010729138808811,0,none,False,,9.0,7,6,0.2857142857142857,Adelaide United
1996435,14458,151,shot,low_block,1433.2423000000001,32.06,44.705,low_pressure,1.0,False,RW,left,6,"AM,CF,LDM,LW,RDM,RW",1,1,0.0014690326576877997,0,none,False,,8.5,7,6,0.2857142857142857,Adelaide United
1996435,14505,151,shot,low_block,1433.2423000000001,32.06,44.705,medium_pressure,2.0,False,LW,left,6,"AM,CF,LDM,LW,RDM,RW",1,1,1.2533128706883649e-05,0,none,False,,8.5,7,6,0.2857142857142857,Adelaide United
1996435,14546,151,shot,low_block,1433.2423000000001,32.06,44.705,medium_pressure,2.0,False,RB,right,6,"AM,CF,LDM,LW,RDM,RW",1,1,2.669697096489315e-05,0,none,False,,8.5,7,6,0.2857142857142857,Adelaide United
1996435,14894,153,shot,low_block,1767.3307750000001,28.805,61.355000000000004,,,False,RB,left,6,"AM,CF,LDM,LW,RDM,RW",1,1,0.0042398113902411,0,none,False,,8.5,7,6,0.2857142857142857,Sydney FC
1996435,14922,153,shot,low_block,1767.3307750000001,28.805,61.355000000000004,no_pressure,0.0,True,LW,center,6,"AM,CF,LDM,LW,RDM,RW",1,1,0.0043520628773481,0,none,False,,9.0,7,6,0.2857142857142857,Sydney FC
1996435,15876,158,shot,low_block,1329.0277,31.46,42.245000000000005,low_pressure,1.0,False,LDM,right,4,"CF,LDM,LW,RDM",1,1,0.0267680739676903,0,none,False,,6.5,5,4,0.4,Sydney FC
1996435,15946,158,shot,low_block,1329.0277,31.46,42.245000000000005,medium_pressure,2.0,True,LW,right,6,"AM,CF,LDM,LW,RDM,RW",1,1,0.0041426067487509,0,none,False,,9.0,7,6,0.2857142857142857,Sydney FC
1996435,16792,161,shot,medium_block,2383.6702750000004,35.665,66.83500000000001,high_pressure,3.0,False,LCB,left,4,"AM,CF,LDM,RW",1,1,6.920979941087344e-06,2,none,True,CF,8.0,7,7,0.3333333333333333,Adelaide United
1996435,16865,162,shot,low_block,1952.02615,31.189999999999998,62.585,high_pressure,3.0,False,CF,left,6,"AM,CF,LDM,LW,RDM,RW",1,1,0.00034289562857699993,0,none,False,,8.5,7,6,0.2857142857142857,Adelaide United
1996435,18950,176,shot,low_block,2397.6513750000004,55.405,43.275000000000006,very_high_pressure,4.0,False,CF,left,6,"AM,CF,LDM,LW,RDM,RW",1,1,0.0002271365086495,1,regain,False,,8.5,8,7,0.25,Sydney FC
1996435,18957,176,shot,low_block,2397.6513750000004,55.405,43.275000000000006,medium_pressure,2.0,True,LW,left,6,"AM,CF,LDM,LW,RDM,RW",1,1,0.0002271365086495,1,regain,False,,9.0,8,7,0.25,Sydney FC
1996435,20928,193,shot,medium_block,1303.0210999999997,32.47,40.129999999999995,no_pressure,0.0,False,LCB,left,6,"AM,CF,LDM,LW,RDM,RW",1,1,0.0015161016995808,1,none,False,,9.0,8,7,0.25,Adelaide United
1996435,20952,193,shot,medium_block,1303.0210999999997,32.47,40.129999999999995,medium_pressure,2.0,True,AM,center,6,"AM,CF,LDM,LW,RDM,RW",1,1,0.002527216597412,2,none,False,,9.5,9,8,0.2222222222222222,Adelaide United
1996435,20979,194,shot,low_block,1430.00145,31.369999999999997,45.585,medium_pressure,2.0,False,CF,right,6,"AM,CF,LDM,LW,RDM,RW",1,1,0.0210280799154348,1,none,False,,9.0,8,7,0.25,Adelaide United
1996435,21208,197,goal,medium_block,2362.0416250000003,36.635000000000005,64.475,low_pressure,1.0,True,AM,right,5,"AM,CF,LDM,LW,RDM",1,1,0.0011796047817885,0,none,False,,8.0,6,5,0.3333333333333333,Sydney FC
1996435,21225,198,goal,low_block,1730.2383250000003,30.005000000000003,57.665000000000006,medium_pressure,2.0,False,RW,right,6,"AM,CF,LDM,LW,RDM,RW",1,1,0.0001848928439106,0,none,False,,8.5,7,6,0.2857142857142857,Sydney FC
1996435,21242,198,goal,low_block,1730.2383250000003,30.005000000000003,57.665000000000006,very_high_pressure,4.0,False,AM,right,6,"AM,CF,LDM,LW,RDM,RW",1,1,0.0001848928439106,0,none,False,,8.5,7,6,0.2857142857142857,Sydney FC
1996435,21272,198,goal,low_block,1730.2383250000003,30.005000000000003,57.665000000000006,high_pressure,3.0,True,CF,center,6,"AM,CF,LDM,LW,RDM,RW",1,1,1.7554359891699797e-07,0,none,False,,9.0,7,6,0.2857142857142857,Sydney FC
1996435,21281,198,goal,low_block,1730.2383250000003,30.005000000000003,57.665000000000006,high_pressure,3.0,True,RW,center,6,"AM,CF,LDM,LW,RDM,RW",1,1,1.7554359891699797e-07,0,none,False,,9.0,7,6,0.2857142857142857,Sydney FC
1996435,25251,220,shot,medium_block,925.103575,24.845,37.235,low_pressure,1.0,False,LDM,center,3,"AM,LDM,LW",0,1,0.0061589477804708,0,none,False,,4.0,4,3,0.5,Sydney FC
1996435,25319,221,shot,low_block,1570.9523499999998,29.814999999999998,52.69,medium_pressure,2.0,False,AM,right,6,"AM,CF,LDM,LW,RDM,RW",1,1,0.029413853022627,0,none,False,,8.5,7,6,0.2857142857142857,Sydney FC
1996435,25339,221,shot,low_block,1570.9523499999998,29.814999999999998,52.69,medium_pressure,2.0,False,RDM,right,6,"AM,CF,LDM,LW,RDM,RW",1,1,0.029413853022627,0,none,False,,8.5,7,6,0.2857142857142857,Sydney FC
1996435,25348,221,shot,low_block,1570.9523499999998,29.814999999999998,52.69,medium_pressure,2.0,True,RCB,center,4,"AM,CF,LDM,LW",1,1,0.0221329136084602,0,none,False,,7.0,5,4,0.4,Sydney FC
1996435,28168,243,goal,high_block,1429.3712,30.490000000000002,46.879999999999995,medium_pressure,2.0,True,RDM,right,5,"AM,CF,LDM,LW,RDM",1,1,0.012857306150552101,3,none,True,RW,9.5,9,9,0.25,Sydney FC
1996435,28188,243,goal,high_block,1429.3712,30.490000000000002,46.879999999999995,high_pressure,3.0,False,RW,right,5,"AM,CF,LDM,LW,RDM",1,1,0.012857306150552101,5,none,True,RW,9.0,11,11,0.2,Sydney FC
1996435,28199,243,goal,high_block,1429.3712,30.490000000000002,46.879999999999995,very_high_pressure,4.0,False,CF,center,6,"AM,CF,LDM,LW,RDM,RW",1,1,0.0008851770529945,5,none,True,RW,10.0,12,12,0.18181818181818182,Sydney FC
1996435,29409,249,shot,low_block,1822.5275,40.375,45.14,medium_pressure,2.0,True,LW,left,6,"AM,CF,LDM,LW,RDM,RW",1,1,6.697915139979198e-05,0,none,False,,9.0,7,6,0.2857142857142857,Sydney FC
1996435,29438,249,shot,low_block,1822.5275,40.375,45.14,high_pressure,3.0,True,AM,center,6,"AM,CF,LDM,LW,RDM,RW",1,1,0.0007254533789794,0,none,False,,9.0,7,6,0.2857142857142857,Sydney FC
1996435,29455,249,shot,low_block,1822.5275,40.375,45.14,high_pressure,3.0,True,LW,left,6,"AM,CF,LDM,LW,RDM,RW",1,1,0.0007254533789794,0,none,False,,9.0,7,6,0.2857142857142857,Sydney FC
1996435,29460,249,shot,low_block,1822.5275,40.375,45.14,high_pressure,3.0,True,AM,center,6,"AM,CF,LDM,LW,RDM,RW",1,1,0.0024541342590626,0,none,False,,9.0,7,6,0.2857142857142857,Sydney FC
1996435,29480,249,shot,low_block,1822.5275,40.375,45.14,high_pressure,3.0,True,RDM,center,6,"AM,CF,LDM,LW,RDM,RW",1,1,0.002102231412319,0,none,False,,9.0,7,6,0.2857142857142857,Sydney FC
1996435,30348,254,goal,low_block,1432.305975,24.415,58.665,very_high_pressure,4.0,False,RB,right,6,"AM,CF,LDM,LW,RDM,RW",1,1,0.0002710400735234,0,none,False,,8.5,7,6,0.2857142857142857,Adelaide United
1996435,31903,261,shot,low_block,1347.6681,30.21,44.61,,,True,RW,center,5,"CF,LDM,LW,RDM,RW",1,1,0.006520498212282,0,none,False,,8.0,6,5,0.3333333333333333,Adelaide United
1996435,41335,327,shot,medium_block,1553.0787500000001,33.31,46.625,low_pressure,1.0,False,LDM,left,6,"AM,CF,LDM,LW,RDM,RW",1,1,0.0017734410917685003,0,none,False,,8.5,7,6,0.2857142857142857,Sydney FC
1996435,41405,328,shot,low_block,1523.6275500000002,30.330000000000002,50.235,medium_pressure,2.0,False,RB,right,6,"AM,CF,LDM,LW,RDM,RW",1,1,0.0087163979116318,0,none,False,,8.5,7,6,0.2857142857142857,Sydney FC
1996435,45173,356,shot,medium_block,2405.1720000000005,45.6,52.745000000000005,medium_pressure,2.0,False,RB,right,3,"LDM,LW,RDM",0,1,0.0056542678751218,0,none,False,,4.0,4,3,0.5,Adelaide United
1996435,45202,357,shot,low_block,1672.532,37.3,44.84,high_pressure,3.0,False,RW,right,5,"CF,LDM,LW,RDM,RW",1,1,0.0080852665148443,0,none,False,,7.5,6,5,0.3333333333333333,Adelaide United
1996435,45253,357,shot,low_block,1672.532,37.3,44.84,medium_pressure,2.0,False,RB,right,4,"CF,LDM,LW,RDM",1,1,0.0011773334581194,0,none,False,,6.5,5,4,0.4,Adelaide United
1996435,45259,357,shot,low_block,1672.532,37.3,44.84,high_pressure,3.0,True,CF,center,4,"CF,LDM,LW,RDM",1,1,0.0011773334581194,0,none,False,,7.0,5,4,0.4,Adelaide United
1996435,45718,362,goal,low_block,1371.0464000000002,24.91,55.040000000000006,high_pressure,3.0,False,RW,right,5,"AM,CF,LDM,LW,RDM",1,1,0.0072676531241882,0,none,False,,7.5,6,5,0.3333333333333333,Sydney FC
1996435,45775,362,goal,low_block,1371.0464000000002,24.91,55.040000000000006,,,True,RDM,center,5,"AM,CF,LDM,RDM,RW",1,1,0.0365487420142365,0,none,False,,8.0,6,5,0.3333333333333333,Sydney FC
1996435,48695,382,shot,low_block,1459.379025,29.835,48.915,low_pressure,1.0,True,LW,left,6,"AM,CF,LDM,LW,RDM,RW",1,1,0.0211371850050259,0,none,False,,9.0,7,6,0.2857142857142857,Sydney FC
1996435,48723,382,shot,low_block,1459.379025,29.835,48.915,high_pressure,3.0,False,RDM,center,5,"CF,LDM,LW,RDM,RW",1,1,0.0105107931530246,0,none,False,,7.5,6,5,0.3333333333333333,Sydney FC
1996435,50694,398,goal,low_block,1872.3471000000002,38.415000000000006,48.739999999999995,medium_pressure,2.0,False,LB,left,5,"CF,LDM,LW,RDM,RW",1,1,0.0156825662168709,0,none,False,,7.5,6,5,0.3333333333333333,Sydney FC
1996435,50718,398,goal,low_block,1872.3471000000002,38.415000000000006,48.739999999999995,high_pressure,3.0,False,AM,left,6,"AM,CF,LDM,LW,RDM,RW",1,1,0.0230220409121935,0,none,False,,8.5,7,6,0.2857142857142857,Sydney FC
1996435,50736,398,goal,low_block,1872.3471000000002,38.415000000000006,48.739999999999995,medium_pressure,2.0,False,RDM,left,6,"AM,CF,LDM,LW,RDM,RW",1,1,0.0230220409121935,0,none,False,,8.5,7,6,0.2857142857142857,Sydney FC
1996435,50762,398,goal,low_block,1872.3471000000002,38.415000000000006,48.739999999999995,medium_pressure,2.0,True,AM,left,6,"AM,CF,LDM,LW,RDM,RW",1,1,0.0007117866180018,0,none,False,,9.0,7,6,0.2857142857142857,Sydney FC
1996435,54215,420,shot,medium_block,2028.7058749999999,31.465,64.475,no_pressure,0.0,True,RDM,center,4,"CF,LDM,RDM,RW",1,1,1.644599822994961e-05,0,none,False,,7.0,5,4,0.4,Adelaide United
1996435,54231,420,shot,medium_block,2028.7058749999999,31.465,64.475,medium_pressure,2.0,False,RW,center,5,"AM,CF,LDM,RDM,RW",1,1,0.0003944019837984,0,none,False,,7.5,6,5,0.3333333333333333,Adelaide United
1996435,54255,421,shot,low_block,1460.617125,27.925,52.305,low_pressure,1.0,True,AM,center,6,"AM,CF,LDM,LW,RDM,RW",1,1,0.0080523344920227,0,none,False,,9.0,7,6,0.2857142857142857,Adelaide United
1996435,54295,421,shot,low_block,1460.617125,27.925,52.305,medium_pressure,2.0,False,RB,right,6,"AM,CF,LDM,LW,RDM,RW",1,1,0.0023331238562365,0,none,False,,8.5,7,6,0.2857142857142857,Adelaide United
1996435,56489,434,shot,medium_block,1645.312625,33.055,49.775,no_pressure,0.0,False,LB,left,6,"AM,CF,LDM,LW,RDM,RW",1,1,0.002975812203252,0,none,False,,8.5,7,6,0.2857142857142857,Adelaide United
1996435,56556,435,shot,low_block,1079.742625,26.065,41.425,low_pressure,1.0,False,LW,left,6,"AM,CF,LDM,LW,RDM,RW",1,1,0.0446331987229013,0,none,False,,8.5,7,6,0.2857142857142857,Adelaide United
1996435,56565,435,shot,low_block,1079.742625,26.065,41.425,high_pressure,3.0,True,RDM,center,6,"AM,CF,LDM,LW,RDM,RW",1,1,0.0446331987229013,0,none,False,,9.0,7,6,0.2857142857142857,Adelaide United
1996435,56865,436,shot,high_block,2523.46045,36.89,68.405,no_pressure,0.0,False,LDM,right,3,"AM,LDM,RDM",0,0,6.13849679662744e-08,1,none,True,LDM,4.5,5,5,0.5,Sydney FC
1996435,56878,436,shot,high_block,2523.46045,36.89,68.405,medium_pressure,2.0,False,RDM,right,3,"AM,LDM,RDM",0,0,6.13849679662744e-08,2,none,True,LDM,4.5,6,6,0.4,Sydney FC
1996435,56949,438,shot,low_block,2704.80735,39.57,68.355,high_pressure,3.0,False,CF,right,5,"AM,LDM,LW,RDM,RW",0,1,0.0002818256494617,0,none,False,,6.0,6,5,0.3333333333333333,Sydney FC
1996436,8568,65,shot,low_block,1447.2408,31.52,45.915,low_pressure,1.0,True,RM,center,6,"AM,CF,LM,LW,RM,RW",1,1,0.0156346209112043,0,none,False,,9.0,7,6,0.2857142857142857,Macarthur FC
1996436,8585,65,shot,low_block,1447.2408,31.52,45.915,low_pressure,1.0,False,LB,left,6,"AM,CF,LM,LW,RM,RW",1,1,0.0156346209112043,0,none,False,,8.5,7,6,0.2857142857142857,Macarthur FC
1996436,8630,65,shot,low_block,1447.2408,31.52,45.915,low_pressure,1.0,False,LW,left,5,"AM,CF,LM,RM,RW",1,1,0.0114699946052287,0,none,False,,7.5,6,5,0.3333333333333333,Macarthur FC
1996436,8653,65,shot,low_block,1447.2408,31.52,45.915,,,True,RB,center,6,"AM,CF,LM,LW,RM,RW",1,1,0.0047391784342902,0,none,False,,9.0,7,6,0.2857142857142857,Macarthur FC
1996436,10962,82,goal,low_block,1235.821725,28.485,43.385000000000005,,,True,CF,center,6,"AM,CF,LM,LW,RM,RW",1,1,0.0047844752507679,0,none,False,,9.0,7,6,0.2857142857142857,Macarthur FC
1996436,10981,82,goal,low_block,1235.821725,28.485,43.385000000000005,very_high_pressure,4.0,True,AM,center,6,"AM,CF,LM,LW,RM,RW",1,1,0.0047844752507679,0,none,False,,9.0,7,6,0.2857142857142857,Macarthur FC
1996436,17546,122,shot,low_block,1431.9184499999997,38.565,37.129999999999995,no_pressure,0.0,False,RB,right,5,"CF,LM,LW,RM,RW",1,1,0.0120321743584635,2,none,False,,8.0,8,7,0.25,Auckland FC
1996436,17567,123,shot,medium_block,1430.8874999999998,36.224999999999994,39.5,low_pressure,1.0,False,LM,right,5,"CF,LM,LW,RM,RW",1,1,0.0077207629892554,2,none,False,,8.0,8,7,0.25,Auckland FC
1996436,17577,123,shot,medium_block,1430.8874999999998,36.224999999999994,39.5,low_pressure,1.0,False,RB,right,5,"CF,LM,LW,RM,RW",1,1,0.0077207629892554,3,none,False,,8.0,9,8,0.2222222222222222,Auckland FC
1996436,17589,123,shot,medium_block,1430.8874999999998,36.224999999999994,39.5,medium_pressure,2.0,True,RM,right,5,"CF,LM,LW,RM,RW",1,1,0.007100599333783,3,none,False,,8.5,9,8,0.2222222222222222,Auckland FC
1996436,17623,124,shot,low_block,1409.03525,34.175,41.230000000000004,high_pressure,3.0,True,CF,right,5,"CF,LM,LW,RM,RW",1,1,0.059728546068408404,1,none,False,,8.5,7,6,0.2857142857142857,Auckland FC
1996436,20662,148,shot,low_block,1500.7796999999998,39.515,37.98,high_pressure,3.0,True,CF,right,5,"CF,LM,LW,RM,RW",1,1,0.0144623873506557,0,none,False,,8.0,6,5,0.3333333333333333,Auckland FC
1996436,20688,148,shot,low_block,1500.7796999999998,39.515,37.98,medium_pressure,2.0,False,RW,right,5,"CF,LM,LW,RM,RW",1,1,0.0321768614933311,0,none,False,,7.5,6,5,0.3333333333333333,Auckland FC
1996436,20732,148,shot,low_block,1500.7796999999998,39.515,37.98,high_pressure,3.0,False,LB,left,4,"CF,LM,LW,RM",1,1,0.007015171481591401,0,none,False,,6.5,5,4,0.4,Auckland FC
1996436,20751,148,shot,low_block,1500.7796999999998,39.515,37.98,,,True,CF,center,5,"CF,LM,LW,RM,RW",1,1,0.0017013554514620003,0,none,False,,8.0,6,5,0.3333333333333333,Auckland FC
1996436,26121,184,shot,low_block,1102.5254249999998,30.284999999999997,36.405,medium_pressure,2.0,False,LB,left,4,"CF,LM,RM,RW",1,1,0.050812588707642506,0,none,False,,6.5,5,4,0.4,Auckland FC
1996436,26151,184,shot,low_block,1102.5254249999998,30.284999999999997,36.405,low_pressure,1.0,False,RM,left,4,"CF,LM,RM,RW",1,1,0.0917101046432303,0,none,False,,6.5,5,4,0.4,Auckland FC
1996436,26171,184,shot,low_block,1102.5254249999998,30.284999999999997,36.405,low_pressure,1.0,False,LM,left,4,"CF,LM,RM,RW",1,1,0.0917101046432303,0,none,False,,6.5,5,4,0.4,Auckland FC
1996436,26198,184,shot,low_block,1102.5254249999998,30.284999999999997,36.405,no_pressure,0.0,False,RB,center,5,"CF,LM,LW,RM,RW",1,1,0.1609305469630271,0,none,False,,7.5,6,5,0.3333333333333333,Auckland FC
1996436,28479,199,shot,low_block,1350.3799999999999,33.625,40.16,very_high_pressure,4.0,False,LB,left,6,"AM,CF,LM,LW,RM,RW",1,1,0.0132602423984885,0,none,False,,8.5,7,6,0.2857142857142857,Macarthur FC
1996436,28524,199,shot,low_block,1350.3799999999999,33.625,40.16,very_high_pressure,4.0,True,CF,center,6,"AM,CF,LM,LW,RM,RW",1,1,4.9433637539517766e-05,0,none,False,,9.0,7,6,0.2857142857142857,Macarthur FC
1996436,28552,199,shot,low_block,1350.3799999999999,33.625,40.16,medium_pressure,2.0,False,RW,right,6,"AM,CF,LM,LW,RM,RW",1,1,2.500713107596289e-07,0,none,False,,8.5,7,6,0.2857142857142857,Macarthur FC
1996436,29198,207,shot,low_block,1140.0551249999999,31.515,36.175,medium_pressure,2.0,False,RW,right,6,"AM,CF,LM,LW,RM,RW",1,1,0.005846336590983399,0,none,False,,8.5,7,6,0.2857142857142857,Macarthur FC
1996436,29208,207,shot,low_block,1140.0551249999999,31.515,36.175,high_pressure,3.0,True,AM,right,6,"AM,CF,LM,LW,RM,RW",1,1,0.005846336590983399,0,none,False,,9.0,7,6,0.2857142857142857,Macarthur FC
1996436,29588,212,shot,low_block,1416.8309,30.365,46.66,medium_pressure,2.0,True,LM,center,5,"CF,LM,LW,RM,RW",1,1,0.0075887728738193,0,none,False,,8.0,6,5,0.3333333333333333,Auckland FC
1996436,29613,212,shot,low_block,1416.8309,30.365,46.66,medium_pressure,2.0,True,RM,center,5,"CF,LM,LW,RM,RW",1,1,0.0200732261403947,0,none,False,,8.0,6,5,0.3333333333333333,Auckland FC
1996436,29656,212,shot,low_block,1416.8309,30.365,46.66,no_pressure,0.0,False,RW,right,5,"CF,LM,LW,RM,RW",1,1,0.0193622974597428,0,none,False,,7.5,6,5,0.3333333333333333,Auckland FC
1996436,29671,212,shot,low_block,1416.8309,30.365,46.66,,,False,CF,center,5,"CF,LM,LW,RM,RW",1,1,0.0193622974597428,0,none,False,,7.5,6,5,0.3333333333333333,Auckland FC
1996436,36045,239,shot,medium_block,1255.0101,26.805,46.82,high_pressure,3.0,True,CF,right,5,"CF,LM,LW,RM,RW",1,1,0.0043367748839048,3,none,True,LW,9.5,9,9,0.25,Auckland FC
1996436,36088,240,shot,low_block,1224.1881,31.055,39.42,medium_pressure,2.0,False,LB,left,5,"CF,LM,LW,RM,RW",1,1,0.0392013643818874,0,none,False,,7.5,6,5,0.3333333333333333,Auckland FC
1996436,36106,240,shot,low_block,1224.1881,31.055,39.42,very_high_pressure,4.0,True,LW,center,5,"CF,LM,LW,RM,RW",1,1,0.0392013643818874,0,none,False,,8.0,6,5,0.3333333333333333,Auckland FC
1996436,37240,247,shot,medium_block,1580.6999999999998,30.0,52.69,medium_pressure,2.0,True,LM,left,4,"AM,CF,LW,RM",1,1,2.8483559732636276e-05,4,none,False,,7.5,9,8,0.2222222222222222,Macarthur FC
1996436,37246,247,shot,medium_block,1580.6999999999998,30.0,52.69,medium_pressure,2.0,True,AM,left,4,"AM,CF,LW,RM",1,1,2.8483559732636276e-05,5,none,False,,7.5,10,9,0.2,Macarthur FC
1996436,37259,247,shot,medium_block,1580.6999999999998,30.0,52.69,medium_pressure,2.0,False,LB,left,4,"AM,CF,LW,RM",1,1,2.8483559732636276e-05,6,none,True,AM,8.0,10,11,0.24444444444444444,Macarthur FC
1996436,37310,248,shot,low_block,1397.7942,29.145,47.96,medium_pressure,2.0,False,LW,left,6,"AM,CF,LM,LW,RM,RW",1,1,0.001690772763245,0,none,False,,8.5,7,6,0.2857142857142857,Macarthur FC
1996436,37327,248,shot,low_block,1397.7942,29.145,47.96,high_pressure,3.0,False,LB,left,6,"AM,CF,LM,LW,RM,RW",1,1,0.001690772763245,0,none,False,,8.5,7,6,0.2857142857142857,Macarthur FC
1996436,37339,248,shot,low_block,1397.7942,29.145,47.96,high_pressure,3.0,True,AM,center,6,"AM,CF,LM,LW,RM,RW",1,1,9.674013843380244e-05,0,none,False,,9.0,7,6,0.2857142857142857,Macarthur FC
1996436,39092,258,shot,low_block,1052.9409,22.605,46.58,low_pressure,1.0,True,RM,center,5,"CF,LM,LW,RM,RW",1,1,0.0059503272006758,0,none,False,,8.0,6,5,0.3333333333333333,Auckland FC
1996436,39124,258,shot,low_block,1052.9409,22.605,46.58,low_pressure,1.0,False,RW,center,5,"CF,LM,LW,RM,RW",1,1,0.006364444176598,0,none,False,,7.5,6,5,0.3333333333333333,Auckland FC
1996436,39655,261,shot,low_block,1503.6381500000002,32.870000000000005,45.745,high_pressure,3.0,False,LB,left,5,"CF,LM,LW,RM,RW",1,1,0.0077159129646472,0,none,False,,7.5,6,5,0.3333333333333333,Auckland FC
1996436,39724,264,shot,low_block,1148.9972,29.560000000000002,38.87,medium_pressure,2.0,False,RCB,center,5,"CF,LM,LW,RM,RW",1,1,0.1193528491215411,0,none,False,,7.5,6,5,0.3333333333333333,Auckland FC
1996436,39755,264,shot,low_block,1148.9972,29.560000000000002,38.87,low_pressure,1.0,False,LM,left,5,"CF,LM,LW,RM,RW",1,1,0.0690563022346812,0,none,False,,7.5,6,5,0.3333333333333333,Auckland FC
1996436,40836,270,shot,low_block,1226.580375,31.175,39.345,medium_pressure,2.0,False,RW,right,6,"AM,CF,LM,LW,RM,RW",1,1,0.0042680290952148,0,none,False,,8.5,7,6,0.2857142857142857,Macarthur FC
1996436,40882,270,shot,low_block,1226.580375,31.175,39.345,medium_pressure,2.0,False,RB,right,5,"AM,CF,LM,LW,RM",1,1,0.0001210367105231,0,none,False,,7.5,6,5,0.3333333333333333,Macarthur FC
1996436,40905,270,shot,low_block,1226.580375,31.175,39.345,no_pressure,0.0,True,LM,center,6,"AM,CF,LM,LW,RM,RW",1,1,0.0018027153871583,0,none,False,,9.0,7,6,0.2857142857142857,Macarthur FC
1996436,40921,270,shot,low_block,1226.580375,31.175,39.345,very_high_pressure,4.0,True,RW,center,6,"AM,CF,LM,LW,RM,RW",1,1,0.0018027153871583,0,none,False,,9.0,7,6,0.2857142857142857,Macarthur FC
1996436,44181,287,shot,low_block,1626.6132999999998,32.754999999999995,49.66,very_high_pressure,4.0,True,CF,center,5,"AM,CF,LM,LW,RW",1,1,5.4824031471790544e-08,0,none,False,,8.0,6,5,0.3333333333333333,Macarthur FC
1996436,44220,287,shot,low_block,1626.6132999999998,32.754999999999995,49.66,medium_pressure,2.0,False,LW,left,5,"AM,CF,LM,LW,RW",1,1,6.191783598310375e-07,0,none,False,,7.5,6,5,0.3333333333333333,Macarthur FC
1996436,45043,290,shot,low_block,1129.06195,29.395000000000003,38.41,no_pressure,0.0,False,RCB,left,5,"CF,LM,LW,RM,RW",1,1,0.0331540555346885,0,none,False,,7.5,6,5,0.3333333333333333,Auckland FC
1996436,45082,290,shot,low_block,1129.06195,29.395000000000003,38.41,low_pressure,1.0,False,LM,left,5,"CF,LM,LW,RM,RW",1,1,0.0513125464196281,0,none,False,,7.5,6,5,0.3333333333333333,Auckland FC
1996436,45093,290,shot,low_block,1129.06195,29.395000000000003,38.41,medium_pressure,2.0,True,LB,left,5,"CF,LM,LW,RM,RW",1,1,0.0513125464196281,0,none,False,,8.0,6,5,0.3333333333333333,Auckland FC
1996436,45112,290,shot,low_block,1129.06195,29.395000000000003,38.41,high_pressure,3.0,True,LW,left,5,"CF,LM,LW,RM,RW",1,1,0.0815021134075491,0,none,False,,8.0,6,5,0.3333333333333333,Auckland FC
1996436,53030,334,shot,low_block,1214.48405,29.509999999999998,41.155,,,True,LM,right,4,"CF,LM,LW,RM",1,1,0.021987384681117,0,none,False,,7.0,5,4,0.4,Auckland FC
1996436,53076,334,shot,low_block,1214.48405,29.509999999999998,41.155,medium_pressure,2.0,False,LW,left,4,"CF,LM,LW,RM",1,1,0.0171561488864486,0,none,False,,6.5,5,4,0.4,Auckland FC
1996436,54058,343,shot,high_block,2103.2804499999997,37.19,56.555,no_pressure,0.0,False,RB,right,3,"CF,LM,LW",1,1,0.00023412667464250001,2,none,False,,6.0,6,5,0.3333333333333333,Auckland FC
1996436,54091,344,shot,medium_block,2026.0281500000003,34.63,58.505,medium_pressure,2.0,True,CF,right,2,"LM,LW",0,1,0.0005595512514371,2,none,True,CF,5.0,5,5,0.5,Auckland FC
1996436,54144,345,shot,low_block,1744.3585500000002,32.285000000000004,54.03,medium_pressure,2.0,False,CF,right,4,"CF,LM,LW,RM",1,1,0.0002831864361393,0,none,False,,6.5,5,4,0.4,Auckland FC
1996436,54156,345,shot,low_block,1744.3585500000002,32.285000000000004,54.03,very_high_pressure,4.0,False,LW,center,4,"CF,LM,LW,RM",1,1,0.0002831864361393,0,none,False,,6.5,5,4,0.4,Auckland FC
1996436,55301,353,shot,low_block,1094.99895,32.43,33.765,,,False,LM,left,4,"CF,LM,LW,RM",1,1,0.0484980523995881,0,none,False,,6.5,5,4,0.4,Auckland FC
1996436,55331,353,shot,low_block,1094.99895,32.43,33.765,medium_pressure,2.0,False,LB,left,4,"CF,LM,LW,RM",1,1,0.0536310142171577,0,none,False,,6.5,5,4,0.4,Auckland FC
1996436,55373,353,shot,low_block,1094.99895,32.43,33.765,very_high_pressure,4.0,True,CF,center,4,"CF,LM,LW,RM",1,1,0.0048115419104537,0,none,False,,7.0,5,4,0.4,Auckland FC
1996436,57955,373,shot,low_block,1740.688425,39.165,44.445,high_pressure,3.0,True,LM,left,3,"CF,LW,RM",1,1,0.0001238513398709,0,none,False,,6.0,4,3,0.5,Auckland FC
1996436,57999,373,shot,low_block,1740.688425,39.165,44.445,high_pressure,3.0,True,CF,center,3,"CF,LW,RM",1,1,5.213360550984901e-06,0,none,False,,6.0,4,3,0.5,Auckland FC
2006229,24241,188,shot,high_block,2581.712,45.325,56.96,no_pressure,0.0,False,LCB,left,3,"CF,LM,RW",1,1,4.807197125614594e-06,1,none,False,,6.0,5,4,0.4,Melbourne City
2006229,32937,263,shot,low_block,1025.6110999999999,28.18,36.394999999999996,no_pressure,0.0,False,LM,right,3,"CF,LM,RM",1,1,0.0101842358209737,0,none,False,,5.5,4,3,0.5,Macarthur FC
2006229,32962,263,shot,low_block,1025.6110999999999,28.18,36.394999999999996,medium_pressure,2.0,True,CF,center,2,"CF,RM",1,1,0.0307410256741338,0,none,False,,5.0,3,2,0.6666666666666666,Macarthur FC
2006229,32984,263,shot,low_block,1025.6110999999999,28.18,36.394999999999996,low_pressure,1.0,False,RM,right,3,"CF,LM,RM",1,1,0.2360027684221936,0,none,False,,5.5,4,3,0.5,Macarthur FC
2006229,32999,263,shot,low_block,1025.6110999999999,28.18,36.394999999999996,,,True,LWB,center,3,"CF,LM,RM",1,1,0.2360027684221936,0,none,False,,6.0,4,3,0.5,Macarthur FC
2006229,33608,265,shot,medium_block,2669.82765,41.335,64.59,medium_pressure,2.0,True,RM,center,3,"CF,LM,RW",1,1,0.000129560805259,0,none,False,,6.0,4,3,0.5,Melbourne City
2006229,33649,266,shot,low_block,1544.934675,27.634999999999998,55.905,medium_pressure,2.0,False,RW,left,5,"CF,LM,LW,RM,RW",1,1,9.220350838264368e-05,0,none,False,,7.5,6,5,0.3333333333333333,Melbourne City
2006229,33659,266,shot,low_block,1544.934675,27.634999999999998,55.905,very_high_pressure,4.0,True,CF,center,5,"CF,LM,LW,RM,RW",1,1,9.220350838264368e-05,0,none,False,,8.0,6,5,0.3333333333333333,Melbourne City
2006229,38034,302,shot,low_block,1404.6760000000002,30.94,45.400000000000006,medium_pressure,2.0,False,RM,right,5,"CF,LM,LW,RM,RW",1,1,0.0001724236395167,0,none,False,,7.5,6,5,0.3333333333333333,Melbourne City
2006229,38052,302,shot,low_block,1404.6760000000002,30.94,45.400000000000006,medium_pressure,2.0,False,RB,right,5,"CF,LM,LW,RM,RW",1,1,0.0001724236395167,0,none,False,,7.5,6,5,0.3333333333333333,Melbourne City
2006229,38106,302,shot,low_block,1404.6760000000002,30.94,45.400000000000006,medium_pressure,2.0,True,RM,right,4,"CF,LM,RM,RW",1,1,0.0012742460197287,0,none,False,,7.0,5,4,0.4,Melbourne City
2006229,38121,302,shot,low_block,1404.6760000000002,30.94,45.400000000000006,low_pressure,1.0,False,LB,left,5,"CF,LM,LW,RM,RW",1,1,0.0014702328783616,0,none,False,,7.5,6,5,0.3333333333333333,Melbourne City
2006229,42810,340,shot,low_block,1395.7631999999999,30.29,46.08,medium_pressure,2.0,False,LW,left,4,"CF,LM,RM,RW",1,1,5.918636875866725e-05,0,none,False,,6.5,5,4,0.4,Melbourne City
2006229,42832,340,shot,low_block,1395.7631999999999,30.29,46.08,medium_pressure,2.0,False,CF,left,4,"CF,LM,RM,RW",1,1,8.432018020672236e-06,0,none,False,,6.5,5,4,0.4,Melbourne City
2006229,42846,340,shot,low_block,1395.7631999999999,30.29,46.08,low_pressure,1.0,False,LW,left,5,"CF,LM,LW,RM,RW",1,1,9.776528800527317e-06,0,none,False,,7.5,6,5,0.3333333333333333,Melbourne City
2006229,42878,340,shot,low_block,1395.7631999999999,30.29,46.08,high_pressure,3.0,True,LB,left,5,"CF,LM,LW,RM,RW",1,1,0.0001994107876616,0,none,False,,8.0,6,5,0.3333333333333333,Melbourne City
2006229,42890,340,shot,low_block,1395.7631999999999,30.29,46.08,high_pressure,3.0,True,CF,center,5,"CF,LM,LW,RM,RW",1,1,0.0001994107876616,0,none,False,,8.0,6,5,0.3333333333333333,Melbourne City
2006229,42896,340,shot,low_block,1395.7631999999999,30.29,46.08,medium_pressure,2.0,False,LM,center,5,"CF,LM,LW,RM,RW",1,1,0.0001994107876616,0,none,False,,7.5,6,5,0.3333333333333333,Melbourne City
2006229,49908,379,shot,medium_block,2124.6816249999997,37.675,56.394999999999996,no_pressure,0.0,False,LCB,left,4,"CF,LW,RM,RW",1,1,0.0007899262694585001,0,none,False,,6.5,5,4,0.4,Melbourne City
2006229,49963,380,shot,low_block,1747.760625,34.875,50.114999999999995,high_pressure,3.0,False,LW,left,4,"LM,LW,RM,RW",0,1,0.0001791126931544,0,none,False,,5.0,5,4,0.4,Melbourne City
2006229,49972,380,shot,low_block,1747.760625,34.875,50.114999999999995,medium_pressure,2.0,True,RM,center,4,"LM,LW,RM,RW",0,1,0.0001791126931544,0,none,False,,5.5,5,4,0.4,Melbourne City
2006229,49989,380,shot,low_block,1747.760625,34.875,50.114999999999995,low_pressure,1.0,False,RW,right,5,"CF,LM,LW,RM,RW",1,1,6.358981885105347e-06,0,none,False,,7.5,6,5,0.3333333333333333,Melbourne City
2006229,56581,432,shot,low_block,1223.9577,36.33,33.69,no_pressure,0.0,False,DM,left,3,"CF,RM,RW",1,1,0.0214173636661327,0,none,False,,5.5,4,3,0.5,Macarthur FC
2006229,56604,432,shot,low_block,1223.9577,36.33,33.69,medium_pressure,2.0,True,CF,left,3,"CF,RM,RW",1,1,0.0228849942256922,0,none,False,,6.0,4,3,0.5,Macarthur FC
2006229,56629,432,shot,low_block,1223.9577,36.33,33.69,high_pressure,3.0,False,LWB,left,3,"CF,RM,RW",1,1,0.0891877317332987,0,none,False,,5.5,4,3,0.5,Macarthur FC
2006229,56654,432,shot,low_block,1223.9577,36.33,33.69,,,False,CF,center,3,"CF,RM,RW",1,1,0.0434489734614196,0,none,False,,5.5,4,3,0.5,Macarthur FC
2006363,3223,38,shot,low_block,1258.543075,26.465,47.555,no_pressure,0.0,False,RB,right,6,"AM,CF,LDM,LW,RDM,RW",1,1,0.0016575854512458,0,none,False,,8.5,7,6,0.2857142857142857,Melbourne V FC
2006363,3256,38,shot,low_block,1258.543075,26.465,47.555,very_high_pressure,4.0,True,AM,right,6,"AM,CF,LDM,LW,RDM,RW",1,1,0.0003127164991471,0,none,False,,9.0,7,6,0.2857142857142857,Melbourne V FC
2006363,4871,54,goal,low_block,2640.342975,57.405,45.995,medium_pressure,2.0,True,LW,center,6,"AM,CF,LDM,LW,RDM,RW",1,1,0.0001401027392495,0,none,False,,9.0,7,6,0.2857142857142857,Melbourne V FC
2006363,13802,124,shot,low_block,1924.971075,28.845,66.735,low_pressure,1.0,False,LB,left,6,"AM,CF,LDM,LW,RDM,RW",1,1,8.152648136749021e-06,0,none,False,,8.5,7,6,0.2857142857142857,Melbourne V FC
2006363,16246,149,shot,medium_block,2104.389425,48.504999999999995,43.385000000000005,high_pressure,3.0,True,LW,left,4,"CF,LDM,LW,RDM",1,1,0.0005052502477033,1,regain,False,,7.0,6,5,0.3333333333333333,Melbourne V FC
2006363,16253,149,shot,medium_block,2104.389425,48.504999999999995,43.385000000000005,low_pressure,1.0,True,RDM,left,5,"AM,CF,LDM,RDM,RW",1,1,0.0003428426737643,1,regain,False,,8.0,7,6,0.2857142857142857,Melbourne V FC
2006363,16269,149,shot,medium_block,2104.389425,48.504999999999995,43.385000000000005,low_pressure,1.0,True,CF,left,5,"AM,CF,LDM,RDM,RW",1,1,0.0003428426737643,0,none,False,,8.0,6,5,0.3333333333333333,Melbourne V FC
2006363,16284,149,shot,medium_block,2104.389425,48.504999999999995,43.385000000000005,no_pressure,0.0,False,RDM,left,6,"AM,CF,LDM,LW,RDM,RW",1,1,0.0003586772294541,0,none,False,,8.5,7,6,0.2857142857142857,Melbourne V FC
2006363,16327,150,shot,low_block,1304.2332000000001,35.870000000000005,36.36,low_pressure,1.0,True,AM,center,6,"AM,CF,LDM,LW,RDM,RW",1,1,0.0277071883561478,0,none,False,,9.0,7,6,0.2857142857142857,Melbourne V FC
2006363,16997,152,shot,low_block,954.109375,28.375,33.625,no_pressure,0.0,False,RDM,left,5,"AM,CF,LDM,RDM,RW",1,1,0.0458935605381042,0,none,False,,7.5,6,5,0.3333333333333333,Melbourne V FC
2006363,17016,152,shot,low_block,954.109375,28.375,33.625,high_pressure,3.0,True,RW,left,6,"AM,CF,LDM,LW,RDM,RW",1,1,0.1157127361381403,0,none,False,,9.0,7,6,0.2857142857142857,Melbourne V FC
2006363,17077,152,shot,low_block,954.109375,28.375,33.625,medium_pressure,2.0,True,CF,center,6,"AM,CF,LDM,LW,RDM,RW",1,1,0.0647916208901569,0,none,False,,9.0,7,6,0.2857142857142857,Melbourne V FC
2006363,19502,174,shot,medium_block,1605.4544999999998,33.15,48.43,medium_pressure,2.0,False,RB,right,1,CF,1,0,0.0001283886236399,3,disruption,False,,3.0,5,4,0.4,Melbourne V FC
2006363,19513,174,shot,medium_block,1605.4544999999998,33.15,48.43,high_pressure,3.0,True,AM,right,2,"CF,RDM",1,0,0.0001039206193695,3,disruption,False,,4.5,6,5,0.3333333333333333,Melbourne V FC
2006363,19542,174,shot,medium_block,1605.4544999999998,33.15,48.43,high_pressure,3.0,True,RB,right,5,"CF,LDM,LW,RDM,RW",1,1,0.00104555153117,2,disruption,True,AM,9.5,8,8,0.2857142857142857,Melbourne V FC
2006363,19580,175,shot,low_block,1241.1666,23.97,51.78,medium_pressure,2.0,False,AM,right,5,"AM,CF,LDM,RDM,RW",1,1,0.0012043563209053,0,none,False,,7.5,6,5,0.3333333333333333,Melbourne V FC
2006363,19599,175,shot,low_block,1241.1666,23.97,51.78,high_pressure,3.0,False,LW,right,5,"AM,CF,LDM,RDM,RW",1,1,0.0012043563209053,0,none,False,,7.5,6,5,0.3333333333333333,Melbourne V FC
2006363,19611,175,shot,low_block,1241.1666,23.97,51.78,,,False,CF,center,5,"AM,CF,LDM,RDM,RW",1,1,0.0004777336530858,0,none,False,,7.5,6,5,0.3333333333333333,Melbourne V FC
2006363,21365,188,shot,low_block,1549.48305,33.29,46.545,high_pressure,3.0,False,LB,left,6,"AM,CF,LDM,LW,RDM,RW",1,1,0.0203505792506757,0,none,False,,8.5,7,6,0.2857142857142857,Melbourne V FC
2006363,21383,188,shot,low_block,1549.48305,33.29,46.545,high_pressure,3.0,False,AM,left,6,"AM,CF,LDM,LW,RDM,RW",1,1,0.0203505792506757,0,none,False,,8.5,7,6,0.2857142857142857,Melbourne V FC
2006363,24115,196,goal,medium_block,1888.8470000000002,42.275000000000006,44.68,no_pressure,0.0,False,RCB,center,6,"AM,CF,LDM,LW,RDM,RW",1,1,0.0006576294518768,1,none,False,,9.0,8,7,0.25,Melbourne V FC
2006363,24163,197,goal,low_block,1298.6996,34.43,37.72,medium_pressure,2.0,False,CF,right,6,"AM,CF,LDM,LW,RDM,RW",1,1,0.006322153763751,0,none,False,,8.5,7,6,0.2857142857142857,Melbourne V FC
2006363,29870,236,shot,high_block,2444.3275999999996,39.26,62.26,no_pressure,0.0,False,LCB,left,4,"AM,CF,LDM,LW",1,1,6.285490931620382e-08,0,none,False,,6.5,5,4,0.4,Melbourne V FC
2006363,29927,238,shot,low_block,1169.24835,21.705,53.870000000000005,low_pressure,1.0,True,AM,center,4,"AM,CF,LW,RDM",1,1,0.0047093186769529,0,none,False,,7.0,5,4,0.4,Melbourne V FC
2006363,29949,238,shot,low_block,1169.24835,21.705,53.870000000000005,high_pressure,3.0,True,CF,center,5,"AM,CF,LDM,LW,RDM",1,1,0.00042214234480679995,0,none,False,,8.0,6,5,0.3333333333333333,Melbourne V FC
2006363,29966,238,shot,low_block,1169.24835,21.705,53.870000000000005,medium_pressure,2.0,True,AM,center,5,"AM,CF,LDM,LW,RDM",1,1,0.00042214234480679995,0,none,False,,8.0,6,5,0.3333333333333333,Melbourne V FC
2006363,41768,306,shot,low_block,1257.9948,28.409999999999997,44.28,medium_pressure,2.0,False,RW,right,6,"AM,CF,LDM,LW,RDM,RW",1,1,0.0004594188453427,0,none,False,,8.5,7,6,0.2857142857142857,Melbourne V FC
2006363,41779,306,shot,low_block,1257.9948,28.409999999999997,44.28,medium_pressure,2.0,True,LDM,center,6,"AM,CF,LDM,LW,RDM,RW",1,1,0.0004594188453427,0,none,False,,9.0,7,6,0.2857142857142857,Melbourne V FC
2006363,46276,354,shot,medium_block,2035.8560249999996,35.595,57.19499999999999,no_pressure,0.0,False,LB,left,3,"AM,CF,LDM",1,0,0.0002597678935617,0,none,False,,4.5,4,3,0.5,Melbourne V FC
2006363,46348,355,shot,low_block,1913.720725,34.055,56.195,medium_pressure,2.0,True,AM,left,5,"CF,LDM,LW,RDM,RW",1,1,0.0001205935595103,0,none,False,,8.0,6,5,0.3333333333333333,Melbourne V FC
2006363,48599,375,shot,medium_block,1469.1988999999999,36.205,40.58,medium_pressure,2.0,False,RDM,left,4,"AM,CF,LDM,RW",1,1,0.0013822375130745,4,none,False,,7.0,9,8,0.2222222222222222,Melbourne V FC
2006363,48605,375,shot,medium_block,1469.1988999999999,36.205,40.58,very_high_pressure,4.0,False,LB,left,5,"AM,CF,LDM,RDM,RW",1,1,0.0008393616325576,4,none,False,,8.0,10,9,0.2,Melbourne V FC
2006363,48662,376,shot,low_block,1317.8958,31.979999999999997,41.21,low_pressure,1.0,True,LDM,left,4,"AM,CF,LDM,RW",1,1,0.0113377485413604,0,none,False,,7.0,5,4,0.4,Melbourne V FC
2006363,48690,376,shot,low_block,1317.8958,31.979999999999997,41.21,medium_pressure,2.0,True,AM,center,3,"AM,LDM,RW",0,1,0.0139745609260037,0,none,False,,4.5,4,3,0.5,Melbourne V FC
2006363,49505,381,shot,low_block,720.68745,27.165,26.53,,,False,RB,right,5,"AM,CF,LDM,RDM,RW",1,1,0.0196882349715074,0,none,False,,7.5,6,5,0.3333333333333333,Melbourne V FC
2006363,49552,381,shot,low_block,720.68745,27.165,26.53,,,True,CF,right,5,"AM,CF,LDM,RDM,RW",1,1,0.0568208029747732,0,none,False,,8.0,6,5,0.3333333333333333,Melbourne V FC
2006363,50051,386,shot,low_block,1090.0195999999999,26.689999999999998,40.839999999999996,medium_pressure,2.0,True,RB,right,5,"AM,CF,LDM,RDM,RW",1,1,0.0008385506147211,0,none,False,,8.0,6,5,0.3333333333333333,Melbourne V FC
2006363,50115,386,shot,low_block,1090.0195999999999,26.689999999999998,40.839999999999996,high_pressure,3.0,False,CF,left,5,"AM,CF,LDM,RDM,RW",1,1,0.028023174533552398,0,none,False,,7.5,6,5,0.3333333333333333,Melbourne V FC
2006363,50146,386,shot,low_block,1090.0195999999999,26.689999999999998,40.839999999999996,no_pressure,0.0,False,RDM,center,5,"AM,CF,LDM,RDM,RW",1,1,0.2347587212611564,0,none,False,,7.5,6,5,0.3333333333333333,Melbourne V FC
2006363,50928,391,shot,high_block,2974.1703749999992,40.974999999999994,72.585,medium_pressure,2.0,False,LB,left,4,"AM,CF,RDM,RW",1,1,7.334562273162924e-06,3,none,True,LB,8.0,8,8,0.2857142857142857,Melbourne V FC
2006363,50947,392,shot,medium_block,2141.06615,31.93,67.055,medium_pressure,2.0,True,RW,left,4,"AM,CF,RDM,RW",1,1,7.334562273162924e-06,3,none,True,LB,8.5,8,8,0.2857142857142857,Melbourne V FC
2006363,50960,392,shot,medium_block,2141.06615,31.93,67.055,medium_pressure,2.0,True,AM,left,3,"AM,CF,RDM",1,0,2.116294307283395e-05,3,none,True,LB,6.5,7,7,0.3333333333333333,Melbourne V FC
2006363,50991,392,shot,medium_block,2141.06615,31.93,67.055,medium_pressure,2.0,False,RW,left,5,"AM,CF,LDM,RDM,RW",1,1,0.00022519970922470003,1,none,True,RW,9.0,7,7,0.3333333333333333,Melbourne V FC
2006363,51007,393,shot,low_block,1475.4915,30.22,48.825,high_pressure,3.0,False,RW,center,5,"AM,CF,LDM,RDM,RW",1,1,0.00022519970922470003,0,none,False,,7.5,6,5,0.3333333333333333,Melbourne V FC
2006363,56499,421,goal,low_block,1075.9502499999999,27.924999999999997,38.53,low_pressure,1.0,False,LB,left,5,"AM,CF,LDM,RDM,RW",1,1,0.0103354196756084,0,none,False,,7.5,6,5,0.3333333333333333,Melbourne V FC
2006363,56523,421,goal,low_block,1075.9502499999999,27.924999999999997,38.53,low_pressure,1.0,False,RW,left,5,"AM,CF,LDM,RDM,RW",1,1,0.010444379558948702,0,none,False,,7.5,6,5,0.3333333333333333,Melbourne V FC
2006363,56547,421,goal,low_block,1075.9502499999999,27.924999999999997,38.53,no_pressure,0.0,False,LDM,left,5,"AM,CF,LDM,RDM,RW",1,1,0.10313526635098609,0,none,False,,7.5,6,5,0.3333333333333333,Melbourne V FC
2006363,56571,421,goal,low_block,1075.9502499999999,27.924999999999997,38.53,medium_pressure,2.0,True,AM,center,4,"AM,LDM,RDM,RW",0,1,0.0641302386280546,0,none,False,,5.5,5,4,0.4,Melbourne V FC
2007448,4079,36,goal,low_block,1160.65615,24.085,48.19,,,False,RB,right,5,"CF,LM,LW,RM,RW",1,1,0.0175519325918657,0,none,False,,7.5,6,5,0.3333333333333333,Perth Glory
2007448,4107,36,goal,low_block,1160.65615,24.085,48.19,high_pressure,3.0,True,LM,right,5,"CF,LM,LW,RM,RW",1,1,0.007786199023543101,0,none,False,,8.0,6,5,0.3333333333333333,Perth Glory
2007448,4118,36,goal,low_block,1160.65615,24.085,48.19,medium_pressure,2.0,True,CF,right,5,"CF,LM,LW,RM,RW",1,1,0.007786199023543101,0,none,False,,8.0,6,5,0.3333333333333333,Perth Glory
2007448,4136,36,goal,low_block,1160.65615,24.085,48.19,high_pressure,3.0,True,LM,center,4,"CF,LW,RM,RW",1,1,0.0044537208998315,0,none,False,,7.0,5,4,0.4,Perth Glory
2007448,12037,93,shot,low_block,915.1657500000001,26.185000000000002,34.95,medium_pressure,2.0,True,CF,left,4,"CF,LM,LW,RM",1,1,0.10855705732542939,0,none,False,,7.0,5,4,0.4,Perth Glory
2007448,12071,93,shot,low_block,915.1657500000001,26.185000000000002,34.95,low_pressure,1.0,False,RB,right,5,"CF,LM,LW,RM,RW",1,1,0.0661779283735738,0,none,False,,7.5,6,5,0.3333333333333333,Perth Glory
2007448,12119,93,shot,low_block,915.1657500000001,26.185000000000002,34.95,low_pressure,1.0,False,RW,right,5,"CF,LM,LW,RM,RW",1,1,0.2034696150143196,0,none,False,,7.5,6,5,0.3333333333333333,Perth Glory
2007448,12126,93,shot,low_block,915.1657500000001,26.185000000000002,34.95,high_pressure,3.0,True,CF,center,5,"CF,LM,LW,RM,RW",1,1,0.2034696150143196,0,none,False,,8.0,6,5,0.3333333333333333,Perth Glory
2007448,12135,93,shot,low_block,915.1657500000001,26.185000000000002,34.95,high_pressure,3.0,False,RW,center,5,"CF,LM,LW,RM,RW",1,1,0.2034696150143196,0,none,False,,7.5,6,5,0.3333333333333333,Perth Glory
2007448,21641,161,goal,low_block,1651.1917500000002,30.35,54.405,no_pressure,0.0,False,CF,left,5,"CF,LM,LW,RM,RW",1,1,0.0011744860722776,0,none,False,,7.5,6,5,0.3333333333333333,Brisbane FC
2007448,21672,161,goal,low_block,1651.1917500000002,30.35,54.405,very_high_pressure,4.0,True,CF,left,5,"CF,LM,LW,RM,RW",1,1,0.0003736673884945,0,none,False,,8.0,6,5,0.3333333333333333,Brisbane FC
2007448,23738,175,shot,low_block,1140.9870500000002,31.115000000000002,36.67,very_high_pressure,4.0,False,CF,right,4,"CF,LM,LW,RM",1,1,0.0423952414653499,0,none,False,,6.5,5,4,0.4,Brisbane FC
2007448,23767,175,shot,low_block,1140.9870500000002,31.115000000000002,36.67,no_pressure,0.0,False,RB,right,5,"CF,LM,LW,RM,RW",1,1,0.2042070411278388,0,none,False,,7.5,6,5,0.3333333333333333,Brisbane FC
2007448,23792,175,shot,low_block,1140.9870500000002,31.115000000000002,36.67,low_pressure,1.0,False,RW,right,5,"CF,LM,LW,RM,RW",1,1,0.2224345059579381,0,none,False,,7.5,6,5,0.3333333333333333,Brisbane FC
2007448,23816,175,shot,low_block,1140.9870500000002,31.115000000000002,36.67,medium_pressure,2.0,True,CF,right,3,"CF,LM,LW",1,1,0.3168866756417956,0,none,False,,6.0,4,3,0.5,Brisbane FC
2007448,29831,211,shot,low_block,1203.4855,29.224999999999998,41.18,medium_pressure,2.0,True,LM,left,4,"CF,LW,RM,RW",1,1,0.0072191601905102,0,none,False,,7.0,5,4,0.4,Perth Glory
2007448,29859,211,shot,low_block,1203.4855,29.224999999999998,41.18,medium_pressure,2.0,False,LB,left,5,"CF,LM,LW,RM,RW",1,1,0.0348062191138371,0,none,False,,7.5,6,5,0.3333333333333333,Perth Glory
2007448,29896,211,shot,low_block,1203.4855,29.224999999999998,41.18,,,True,LM,center,5,"CF,LM,LW,RM,RW",1,1,0.0008731032165081,0,none,False,,8.0,6,5,0.3333333333333333,Perth Glory
2007448,37326,266,shot,low_block,1336.2524,36.43,36.68,no_pressure,0.0,False,LCB,left,4,"CF,LM,RM,RW",1,1,0.0708563768205499,0,none,False,,6.5,5,4,0.4,Perth Glory
2007448,37353,266,shot,low_block,1336.2524,36.43,36.68,no_pressure,0.0,False,RCB,center,4,"CF,LM,RM,RW",1,1,0.0721197549576566,0,none,False,,6.5,5,4,0.4,Perth Glory
2007448,37400,266,shot,low_block,1336.2524,36.43,36.68,very_high_pressure,4.0,False,LW,left,5,"CF,LM,LW,RM,RW",1,1,0.0391205598146057,0,none,False,,7.5,6,5,0.3333333333333333,Perth Glory
2007448,39013,292,shot,low_block,2150.1342000000004,39.510000000000005,54.42,high_pressure,3.0,False,CF,right,5,"CF,LM,LW,RM,RW",1,1,0.0001284783642539,0,none,False,,7.5,6,5,0.3333333333333333,Brisbane FC
2007448,39022,292,shot,low_block,2150.1342000000004,39.510000000000005,54.42,medium_pressure,2.0,True,LM,center,5,"CF,LM,LW,RM,RW",1,1,0.0001284783642539,0,none,False,,8.0,6,5,0.3333333333333333,Brisbane FC
2007448,39656,296,shot,low_block,1464.1141000000002,34.67,42.230000000000004,medium_pressure,2.0,False,LB,center,5,"CF,LM,LW,RM,RW",1,1,0.0009848769927082,0,none,False,,7.5,6,5,0.3333333333333333,Perth Glory
2007448,39679,296,shot,low_block,1464.1141000000002,34.67,42.230000000000004,medium_pressure,2.0,True,CF,left,5,"CF,LM,LW,RM,RW",1,1,7.141812439260074e-05,0,none,False,,8.0,6,5,0.3333333333333333,Perth Glory
2007448,39718,296,shot,low_block,1464.1141000000002,34.67,42.230000000000004,low_pressure,1.0,False,RW,right,5,"CF,LM,LW,RM,RW",1,1,0.0006001454189276,0,none,False,,7.5,6,5,0.3333333333333333,Perth Glory
2007448,39753,296,shot,low_block,1464.1141000000002,34.67,42.230000000000004,medium_pressure,2.0,False,LB,left,4,"CF,LM,RM,RW",1,1,0.0022390878571915,0,none,False,,6.5,5,4,0.4,Perth Glory
2007448,41118,303,shot,medium_block,1203.675725,25.445,47.305,,,True,RCB,center,5,"CF,LM,LW,RM,RW",1,1,0.0004932687691292,0,none,False,,8.0,6,5,0.3333333333333333,Brisbane FC
2007448,41171,304,shot,low_block,1269.350775,26.805,47.355000000000004,high_pressure,3.0,True,LM,center,5,"CF,LM,LW,RM,RW",1,1,0.0046450283002262,0,none,False,,8.0,6,5,0.3333333333333333,Brisbane FC
2007448,41196,304,shot,low_block,1269.350775,26.805,47.355000000000004,low_pressure,1.0,True,RW,center,4,"CF,LW,RM,RW",1,1,0.0038760404361896,0,none,False,,7.0,5,4,0.4,Brisbane FC
2007448,50623,373,shot,low_block,1174.1288,35.36,33.205,low_pressure,1.0,False,RW,right,3,"CF,RM,RW",1,1,0.3769280693852477,0,none,False,,5.5,4,3,0.5,Perth Glory
2007448,50642,373,shot,low_block,1174.1288,35.36,33.205,,,False,RM,center,4,"CF,LW,RM,RW",1,1,0.2499271105291036,0,none,False,,6.5,5,4,0.4,Perth Glory
2007448,50696,375,shot,low_block,683.19825,25.445,26.85,,,True,RM,center,3,"CF,RM,RW",1,1,0.2761440191505554,0,none,False,,6.0,4,3,0.5,Perth Glory
2007448,50712,375,shot,low_block,683.19825,25.445,26.85,very_high_pressure,4.0,True,CF,center,4,"CF,LW,RM,RW",1,1,0.3174653545545145,0,none,False,,7.0,5,4,0.4,Perth Glory
2007448,54697,401,goal,low_block,872.3871,28.015,31.14,medium_pressure,2.0,False,CF,left,4,"CF,LM,RM,RW",1,1,0.0064232697228122,0,none,False,,6.5,5,4,0.4,Brisbane FC
2007448,54706,401,goal,low_block,872.3871,28.015,31.14,medium_pressure,2.0,False,LB,left,4,"CF,LM,RM,RW",1,1,0.0064232697228122,0,none,False,,6.5,5,4,0.4,Brisbane FC
2007448,54738,401,goal,low_block,872.3871,28.015,31.14,low_pressure,1.0,False,LM,left,4,"CF,LM,RM,RW",1,1,0.1554896406322766,0,none,False,,6.5,5,4,0.4,Brisbane FC
2007448,54772,401,goal,low_block,872.3871,28.015,31.14,medium_pressure,2.0,True,RM,left,4,"CF,LM,RM,RW",1,1,0.276168771348696,0,none,False,,7.0,5,4,0.4,Brisbane FC
2007448,57257,411,shot,medium_block,1081.4455749999997,23.134999999999998,46.745,high_pressure,3.0,False,RW,right,4,"CF,LM,RM,RW",1,1,0.0034801236260735995,0,none,False,,6.5,5,4,0.4,Brisbane FC
2007448,57305,412,shot,low_block,1082.8444,22.84,47.41,medium_pressure,2.0,False,CF,right,3,"CF,RM,RW",1,1,0.0133373078636835,0,none,False,,5.5,4,3,0.5,Brisbane FC
2007448,57318,412,shot,low_block,1082.8444,22.84,47.41,,,True,CF,center,3,"CF,RM,RW",1,1,0.0133373078636835,0,none,False,,6.0,4,3,0.5,Brisbane FC
2007721,1567,12,shot,medium_block,1181.984375,34.385,34.375,no_pressure,0.0,False,CB,center,5,"CF,LM,LW,RM,RW",1,1,0.0048032771142211,0,none,False,,7.5,6,5,0.3333333333333333,CC Mariners
2007721,1605,13,shot,low_block,979.0743000000001,26.580000000000002,36.835,high_pressure,3.0,False,LWB,left,5,"CF,LM,LW,RM,RW",1,1,0.027676225494287297,0,none,False,,7.5,6,5,0.3333333333333333,CC Mariners
2007721,1635,13,shot,low_block,979.0743000000001,26.580000000000002,36.835,high_pressure,3.0,True,LM,center,5,"CF,LM,LW,RM,RW",1,1,0.0040524571969887,0,none,False,,8.0,6,5,0.3333333333333333,CC Mariners
2007721,5336,47,goal,low_block,521.7352,24.68,21.14,low_pressure,1.0,False,RM,left,5,"CF,LM,LW,RM,RW",1,1,0.0382439530786957,0,none,False,,7.5,6,5,0.3333333333333333,Auckland FC
2007721,5363,47,goal,low_block,521.7352,24.68,21.14,low_pressure,1.0,True,LW,left,5,"CF,LM,LW,RM,RW",1,1,0.16841836026088877,0,none,False,,8.0,6,5,0.3333333333333333,Auckland FC
2007721,5390,47,goal,low_block,521.7352,24.68,21.14,high_pressure,3.0,False,CF,left,4,"CF,LM,LW,RM",1,1,0.2011160054614618,0,none,False,,6.5,5,4,0.4,Auckland FC
2007721,5400,47,goal,low_block,521.7352,24.68,21.14,,,True,CF,center,5,"CF,LM,LW,RM,RW",1,1,0.1764915714708765,0,none,False,,8.0,6,5,0.3333333333333333,Auckland FC
2007721,12924,98,shot,low_block,990.2034,31.48,31.455,very_high_pressure,4.0,False,LB,left,5,"CF,LM,LW,RM,RW",1,1,0.0173665593899087,0,none,False,,7.5,6,5,0.3333333333333333,Auckland FC
2007721,12969,98,shot,low_block,990.2034,31.48,31.455,very_high_pressure,4.0,True,CF,left,5,"CF,LM,LW,RM,RW",1,1,0.0180030779961911,0,none,False,,8.0,6,5,0.3333333333333333,Auckland FC
2007721,13021,98,shot,low_block,990.2034,31.48,31.455,medium_pressure,2.0,False,RM,center,5,"CF,LM,LW,RM,RW",1,1,0.1338880258966775,0,none,False,,7.5,6,5,0.3333333333333333,Auckland FC
2007721,15641,120,shot,low_block,1501.0782,27.87,53.86,low_pressure,1.0,True,LW,right,5,"CF,LM,LW,RM,RW",1,1,0.0044646425426874,0,none,False,,8.0,6,5,0.3333333333333333,CC Mariners
2007721,15670,120,shot,low_block,1501.0782,27.87,53.86,medium_pressure,2.0,False,LWB,left,4,"CF,LM,LW,RM",1,1,8.473125426682686e-05,0,none,False,,6.5,5,4,0.4,CC Mariners
2007721,17787,137,shot,low_block,996.907,28.225,35.32,medium_pressure,2.0,False,RWB,right,5,"CF,LM,LW,RM,RW",1,1,2.443986436220086e-05,0,none,False,,7.5,6,5,0.3333333333333333,CC Mariners
2007721,17813,137,shot,low_block,996.907,28.225,35.32,high_pressure,3.0,True,RM,right,5,"CF,LM,LW,RM,RW",1,1,0.0001312300577207,0,none,False,,8.0,6,5,0.3333333333333333,CC Mariners
2007721,17842,137,shot,low_block,996.907,28.225,35.32,medium_pressure,2.0,True,LW,right,4,"CF,LM,LW,RW",1,1,0.0015424183310552,0,none,False,,7.0,5,4,0.4,CC Mariners
2007721,21781,165,shot,low_block,1083.3301500000002,35.63,30.405,,,False,RWB,right,5,"CF,LM,LW,RM,RW",1,1,0.0257327012070655,0,none,False,,7.5,6,5,0.3333333333333333,CC Mariners
2007721,21811,165,shot,low_block,1083.3301500000002,35.63,30.405,high_pressure,3.0,True,RM,right,4,"CF,LM,LW,RW",1,1,0.055482632988095,0,none,False,,7.0,5,4,0.4,CC Mariners
2007721,21845,165,shot,low_block,1083.3301500000002,35.63,30.405,medium_pressure,2.0,False,RWB,right,5,"CF,LM,LW,RM,RW",1,1,0.013411294932624402,0,none,False,,7.5,6,5,0.3333333333333333,CC Mariners
2007721,21857,165,shot,low_block,1083.3301500000002,35.63,30.405,medium_pressure,2.0,True,LW,center,5,"CF,LM,LW,RM,RW",1,1,0.013411294932624402,0,none,False,,8.0,6,5,0.3333333333333333,CC Mariners
2007721,25554,196,shot,low_block,1194.92055,23.865000000000002,50.07,medium_pressure,2.0,False,LW,left,5,"CF,LM,LW,RM,RW",1,1,0.0011545827398564,0,none,False,,7.5,6,5,0.3333333333333333,Auckland FC
2007721,25585,196,shot,low_block,1194.92055,23.865000000000002,50.07,very_high_pressure,4.0,True,RW,center,5,"CF,LM,LW,RM,RW",1,1,2.321808538652179e-05,0,none,False,,8.0,6,5,0.3333333333333333,Auckland FC
2007721,25622,196,shot,low_block,1194.92055,23.865000000000002,50.07,low_pressure,1.0,True,RM,center,4,"CF,LM,RM,RW",1,1,6.285270416672158e-05,0,none,False,,7.0,5,4,0.4,Auckland FC
2007721,26782,211,shot,low_block,880.6392,24.22,36.36,high_pressure,3.0,False,LM,left,4,"CF,LW,RM,RW",1,1,0.0130026105403934,0,none,False,,6.5,5,4,0.4,Auckland FC
2007721,26801,211,shot,low_block,880.6392,24.22,36.36,high_pressure,3.0,True,LB,left,4,"CF,LW,RM,RW",1,1,0.0130026105403934,0,none,False,,7.0,5,4,0.4,Auckland FC
2007721,26817,211,shot,low_block,880.6392,24.22,36.36,medium_pressure,2.0,True,CF,left,5,"CF,LM,LW,RM,RW",1,1,0.02207945416204,0,none,False,,8.0,6,5,0.3333333333333333,Auckland FC
2007721,26849,211,shot,low_block,880.6392,24.22,36.36,low_pressure,1.0,True,RM,left,5,"CF,LM,LW,RM,RW",1,1,0.0360077495586376,0,none,False,,8.0,6,5,0.3333333333333333,Auckland FC
2007721,26855,211,shot,low_block,880.6392,24.22,36.36,high_pressure,3.0,True,CF,left,5,"CF,LM,LW,RM,RW",1,1,0.0360077495586376,0,none,False,,8.0,6,5,0.3333333333333333,Auckland FC
2007721,26877,211,shot,low_block,880.6392,24.22,36.36,very_high_pressure,4.0,True,CF,left,5,"CF,LM,LW,RM,RW",1,1,0.21534677617172177,0,none,False,,8.0,6,5,0.3333333333333333,Auckland FC
2007721,28852,224,shot,low_block,1287.64125,29.049999999999997,44.325,low_pressure,1.0,False,LB,left,5,"CF,LM,LW,RM,RW",1,1,0.0692828332106132,0,none,False,,7.5,6,5,0.3333333333333333,Auckland FC
2007721,28885,224,shot,low_block,1287.64125,29.049999999999997,44.325,medium_pressure,2.0,True,LW,left,5,"CF,LM,LW,RM,RW",1,1,0.11838043931692628,0,none,False,,8.0,6,5,0.3333333333333333,Auckland FC
2007721,28898,224,shot,low_block,1287.64125,29.049999999999997,44.325,low_pressure,1.0,False,RM,left,5,"CF,LM,LW,RM,RW",1,1,0.11838043931692628,0,none,False,,7.5,6,5,0.3333333333333333,Auckland FC
2007721,28922,224,shot,low_block,1287.64125,29.049999999999997,44.325,low_pressure,1.0,False,LM,left,4,"CF,LM,LW,RM",1,1,0.009946545599906,0,none,False,,6.5,5,4,0.4,Auckland FC
2007721,28951,224,shot,low_block,1287.64125,29.049999999999997,44.325,high_pressure,3.0,True,CF,center,5,"CF,LM,LW,RM,RW",1,1,0.0010477248061318,0,none,False,,8.0,6,5,0.3333333333333333,Auckland FC
2007721,33461,264,shot,low_block,1190.438025,32.655,36.455,medium_pressure,2.0,True,CF,left,5,"CF,LM,LW,RM,RW",1,1,0.0033888239309897,0,none,False,,8.0,6,5,0.3333333333333333,Auckland FC
2007721,38478,309,shot,medium_block,1541.1856500000001,34.49,44.685,no_pressure,0.0,True,RM,left,5,"CF,LM,LW,RM,RW",1,1,0.004755841849626,1,none,False,,8.5,7,6,0.2857142857142857,Auckland FC
2007721,38495,309,shot,medium_block,1541.1856500000001,34.49,44.685,medium_pressure,2.0,True,CF,center,5,"CF,LM,LW,RM,RW",1,1,0.004755841849626,3,none,True,CF,9.5,9,9,0.25,Auckland FC
2007721,38518,309,shot,medium_block,1541.1856500000001,34.49,44.685,low_pressure,1.0,True,RM,center,5,"CF,LM,LW,RM,RW",1,1,0.0044342744250343,4,none,True,CF,9.5,10,10,0.2222222222222222,Auckland FC
2007721,38534,309,shot,medium_block,1541.1856500000001,34.49,44.685,medium_pressure,2.0,True,LM,left,5,"CF,LM,LW,RM,RW",1,1,0.0044342744250343,4,none,False,,8.5,10,9,0.2,Auckland FC
2007721,38559,310,shot,low_block,968.8341749999998,26.244999999999997,36.915,high_pressure,3.0,False,CF,left,5,"CF,LM,LW,RM,RW",1,1,0.1265332817451077,1,none,False,,8.0,7,6,0.2857142857142857,Auckland FC
2007721,42390,337,shot,low_block,1599.6498499999998,39.61,40.385,low_pressure,1.0,False,LWB,left,5,"CF,LM,LW,RM,RW",1,1,0.0431856502598719,0,none,False,,7.5,6,5,0.3333333333333333,CC Mariners
2007721,42418,337,shot,low_block,1599.6498499999998,39.61,40.385,low_pressure,1.0,False,LCB,left,4,"LM,LW,RM,RW",0,1,0.0106546493148741,0,none,False,,5.0,5,4,0.4,CC Mariners
2007721,42428,337,shot,low_block,1599.6498499999998,39.61,40.385,medium_pressure,2.0,False,LWB,left,4,"LM,LW,RM,RW",0,1,0.0106546493148741,0,none,False,,5.0,5,4,0.4,CC Mariners
2007721,42489,339,shot,low_block,1456.45135,34.835,41.81,high_pressure,3.0,True,LCB,left,5,"CF,LM,LW,RM,RW",1,1,0.0030837630186589,0,none,False,,8.0,6,5,0.3333333333333333,CC Mariners
2007721,54156,405,shot,medium_block,1811.02115,38.754999999999995,46.730000000000004,low_pressure,1.0,True,LM,left,2,"CF,RM",1,1,0.0001198805500188,1,disruption,False,,5.5,4,3,0.5,CC Mariners
2007721,54188,405,goal,medium_block,1811.02115,38.754999999999995,46.730000000000004,low_pressure,1.0,False,RWB,right,5,"CF,LM,LW,RM,RW",1,1,0.0018365339531562,0,none,False,,7.5,6,5,0.3333333333333333,CC Mariners
2007721,54214,406,goal,low_block,1390.42575,28.85,48.195,very_high_pressure,4.0,True,CF,center,5,"CF,LM,LW,RM,RW",1,1,0.0014035984244131,0,none,False,,8.0,6,5,0.3333333333333333,CC Mariners
2007721,54231,406,goal,low_block,1390.42575,28.85,48.195,medium_pressure,2.0,False,RW,right,5,"CF,LM,LW,RM,RW",1,1,0.0014035984244131,0,none,False,,7.5,6,5,0.3333333333333333,CC Mariners
2007721,54251,406,goal,low_block,1390.42575,28.85,48.195,high_pressure,3.0,True,LW,center,5,"CF,LM,LW,RM,RW",1,1,0.0001731387429574,0,none,False,,8.0,6,5,0.3333333333333333,CC Mariners
2007721,54264,406,goal,low_block,1390.42575,28.85,48.195,,,True,CF,center,4,"CF,LM,LW,RM",1,1,4.63058047180868e-06,0,none,False,,7.0,5,4,0.4,CC Mariners
2010085,11836,82,shot,low_block,1154.5279999999998,33.1,34.879999999999995,medium_pressure,2.0,False,RM,right,5,"CF,LF,LM,RF,RM",1,1,0.6027897536652094,0,none,False,,7.5,6,5,0.3333333333333333,Melbourne City
2010085,11873,82,shot,low_block,1154.5279999999998,33.1,34.879999999999995,low_pressure,1.0,False,LB,left,5,"CF,LF,LM,RF,RM",1,1,0.1961506830819277,0,none,False,,7.5,6,5,0.3333333333333333,Melbourne City
2010085,11889,82,shot,low_block,1154.5279999999998,33.1,34.879999999999995,medium_pressure,2.0,False,RM,center,5,"CF,LF,LM,RF,RM",1,1,0.1961506830819277,0,none,False,,7.5,6,5,0.3333333333333333,Melbourne City
2010085,13770,90,shot,low_block,664.311725,27.265,24.365000000000002,no_pressure,0.0,False,RCB,right,4,"LF,LM,RF,RM",0,1,0.1011707871732724,0,none,False,,5.0,5,4,0.4,Melbourne City
2010085,13822,90,shot,low_block,664.311725,27.265,24.365000000000002,no_pressure,0.0,False,LCB,center,5,"CF,LF,LM,RF,RM",1,1,0.1485612125067549,0,none,False,,7.5,6,5,0.3333333333333333,Melbourne City
2010085,13830,90,shot,low_block,664.311725,27.265,24.365000000000002,high_pressure,3.0,True,RF,center,5,"CF,LF,LM,RF,RM",1,1,0.1485612125067549,0,none,False,,8.0,6,5,0.3333333333333333,Melbourne City
2010085,13855,90,shot,low_block,664.311725,27.265,24.365000000000002,high_pressure,3.0,True,LF,left,4,"LF,LM,RF,RM",0,1,0.1087798204724793,0,none,False,,5.5,5,4,0.4,Melbourne City
2010085,23999,163,shot,medium_block,2095.011,37.545,55.8,no_pressure,0.0,False,LB,left,3,"LM,RF,RM",0,1,0.0014265420351536,0,none,False,,4.0,4,3,0.5,Melbourne City
2010085,24020,164,shot,low_block,1272.910275,31.395,40.545,medium_pressure,2.0,False,LF,left,5,"CF,LF,LM,RF,RM",1,1,0.00020016510979999996,0,none,False,,7.5,6,5,0.3333333333333333,Melbourne City
2010085,24063,164,shot,low_block,1272.910275,31.395,40.545,high_pressure,3.0,True,LB,left,4,"CF,LM,RF,RM",1,1,0.0044770017539492,0,none,False,,7.0,5,4,0.4,Melbourne City
2010085,24070,164,shot,low_block,1272.910275,31.395,40.545,medium_pressure,2.0,True,CF,left,4,"CF,LM,RF,RM",1,1,0.0044770017539492,0,none,False,,7.0,5,4,0.4,Melbourne City
2010085,24093,164,shot,low_block,1272.910275,31.395,40.545,low_pressure,1.0,False,DM,left,5,"CF,LF,LM,RF,RM",1,1,0.2936646185208285,0,none,False,,7.5,6,5,0.3333333333333333,Melbourne City
2010085,33210,231,shot,low_block,557.7189999999999,24.759999999999998,22.525,high_pressure,3.0,False,DM,center,5,"CF,LF,LM,RF,RM",1,1,0.2970714343730085,0,none,False,,7.5,6,5,0.3333333333333333,Melbourne City
2010085,33637,237,shot,low_block,1243.0596,29.91,41.56,low_pressure,1.0,False,LB,left,5,"CF,LF,LM,RF,RM",1,1,0.00020079881194750004,0,none,False,,7.5,6,5,0.3333333333333333,Melbourne City
2010085,33673,237,shot,low_block,1243.0596,29.91,41.56,medium_pressure,2.0,False,LF,left,5,"CF,LF,LM,RF,RM",1,1,0.0001282643942795,0,none,False,,7.5,6,5,0.3333333333333333,Melbourne City
2010085,33681,237,shot,low_block,1243.0596,29.91,41.56,high_pressure,3.0,True,CF,left,5,"CF,LF,LM,RF,RM",1,1,0.0001282643942795,0,none,False,,8.0,6,5,0.3333333333333333,Melbourne City
2010085,33705,237,shot,low_block,1243.0596,29.91,41.56,medium_pressure,2.0,True,LF,left,5,"CF,LF,LM,RF,RM",1,1,0.0014817712961346,0,none,False,,8.0,6,5,0.3333333333333333,Melbourne City
2010085,33870,240,shot,medium_block,1750.356,41.04,42.65,medium_pressure,2.0,True,CF,left,4,"LM,LW,RM,RW",0,1,0.0024248910970165,0,none,False,,5.5,5,4,0.4,CC Mariners
2010085,35818,248,shot,medium_block,2077.29375,33.25,62.474999999999994,very_high_pressure,4.0,True,RF,right,3,"CF,LF,RM",1,1,0.0001235835890214,0,none,False,,6.0,4,3,0.5,Melbourne City
2010085,35859,249,shot,low_block,1164.4269,23.205,50.18,high_pressure,3.0,True,RM,right,5,"CF,LF,LM,RF,RM",1,1,0.0031539030437772,0,none,False,,8.0,6,5,0.3333333333333333,Melbourne City
2010085,35892,249,shot,low_block,1164.4269,23.205,50.18,high_pressure,3.0,False,LF,center,5,"CF,LF,LM,RF,RM",1,1,0.0005526074706654,0,none,False,,7.5,6,5,0.3333333333333333,Melbourne City
2010085,35916,249,shot,low_block,1164.4269,23.205,50.18,medium_pressure,2.0,True,RM,center,5,"CF,LF,LM,RF,RM",1,1,0.0023856778176609,0,none,False,,8.0,6,5,0.3333333333333333,Melbourne City
2010085,35933,249,shot,low_block,1164.4269,23.205,50.18,high_pressure,3.0,True,LM,center,5,"CF,LF,LM,RF,RM",1,1,0.0023856778176609,0,none,False,,8.0,6,5,0.3333333333333333,Melbourne City
2010085,35944,249,shot,low_block,1164.4269,23.205,50.18,high_pressure,3.0,False,RF,right,5,"CF,LF,LM,RF,RM",1,1,0.0026006901791934,0,none,False,,7.5,6,5,0.3333333333333333,Melbourne City
2010085,37033,253,shot,medium_block,1674.6029999999998,39.9,41.97,no_pressure,0.0,False,LCB,center,5,"CF,LF,LM,RF,RM",1,1,2.5113893089953724e-05,2,none,False,,8.0,8,7,0.25,Melbourne City
2010085,37112,254,shot,low_block,1252.0703999999998,28.77,43.519999999999996,no_pressure,0.0,False,LB,left,5,"CF,LF,LM,RF,RM",1,1,0.0002141209644671,0,none,False,,7.5,6,5,0.3333333333333333,Melbourne City
2010085,37128,254,shot,low_block,1252.0703999999998,28.77,43.519999999999996,high_pressure,3.0,True,CF,left,5,"CF,LF,LM,RF,RM",1,1,0.0002141209644671,0,none,False,,8.0,6,5,0.3333333333333333,Melbourne City
2010085,58768,422,shot,low_block,1038.6898999999999,33.62,30.895,medium_pressure,2.0,True,RW,left,4,"CF,LM,LW,RDM",1,1,0.0602442644518526,0,none,False,,7.0,5,4,0.4,CC Mariners
2010085,58789,422,shot,low_block,1038.6898999999999,33.62,30.895,medium_pressure,2.0,False,LW,left,5,"CF,LM,LW,RDM,RW",1,1,0.015497997033688,0,none,False,,7.5,6,5,0.3333333333333333,CC Mariners
2010085,58823,422,shot,low_block,1038.6898999999999,33.62,30.895,high_pressure,3.0,True,RW,left,4,"CF,LM,LW,RDM",1,1,0.0405958219197887,0,none,False,,7.0,5,4,0.4,CC Mariners
2010085,58839,422,shot,low_block,1038.6898999999999,33.62,30.895,medium_pressure,2.0,False,LWB,left,4,"CF,LM,LW,RDM",1,1,0.0405958219197887,0,none,False,,6.5,5,4,0.4,CC Mariners
2010085,58861,422,shot,low_block,1038.6898999999999,33.62,30.895,,,False,RWB,center,4,"CF,LM,LW,RDM",1,1,0.0341180411762083,0,none,False,,6.5,5,4,0.4,CC Mariners
2011166,2638,4,shot,low_block,1155.941775,23.545,49.095,low_pressure,1.0,False,RB,right,5,"AM,CF,LW,RDM,RW",1,1,0.05569228282890739,1,none,False,,8.0,7,6,0.2857142857142857,Melbourne V FC
2011166,2659,4,shot,low_block,1155.941775,23.545,49.095,medium_pressure,2.0,False,RW,right,6,"AM,CF,LDM,LW,RDM,RW",1,1,0.1400422310238713,0,none,False,,8.5,7,6,0.2857142857142857,Melbourne V FC
2011166,2678,4,shot,low_block,1155.941775,23.545,49.095,high_pressure,3.0,True,AM,right,6,"AM,CF,LDM,LW,RDM,RW",1,1,0.1400422310238713,0,none,False,,9.0,7,6,0.2857142857142857,Melbourne V FC
2011166,2714,4,shot,low_block,1155.941775,23.545,49.095,very_high_pressure,4.0,True,CF,center,6,"AM,CF,LDM,LW,RDM,RW",1,1,0.22213761999661466,0,none,False,,9.0,7,6,0.2857142857142857,Melbourne V FC
2011166,4130,17,goal,low_block,741.0725,24.91,29.75,high_pressure,3.0,True,RW,left,6,"AM,CF,LDM,LW,RDM,RW",1,1,0.1574401054459591,0,none,False,,9.0,7,6,0.2857142857142857,Melbourne V FC
2011166,4155,17,goal,low_block,741.0725,24.91,29.75,medium_pressure,2.0,True,LW,left,6,"AM,CF,LDM,LW,RDM,RW",1,1,0.2498850941768246,0,none,False,,9.0,7,6,0.2857142857142857,Melbourne V FC
2011166,5146,24,shot,low_block,935.3025499999999,20.615,45.37,high_pressure,3.0,True,LM,center,3,"AM,LM,RM",0,1,0.0030447473794877,0,none,False,,4.5,4,3,0.5,Wellington P FC
2011166,5429,26,shot,low_block,963.2565,18.675,51.58,high_pressure,3.0,False,CF,center,6,"AM,CF,LDM,LW,RDM,RW",1,1,0.0009896934947143,0,none,False,,8.5,7,6,0.2857142857142857,Melbourne V FC
2011166,8133,51,goal,high_block,2092.140625,32.125,65.125,high_pressure,3.0,True,AM,center,2,"CF,RM",1,1,4.1179786338285635e-09,4,none,True,RM,6.5,7,7,0.3333333333333333,Wellington P FC
2011166,8200,53,goal,low_block,1791.23065,29.59,60.535,low_pressure,1.0,False,CF,center,4,"AM,CF,LM,RM",1,1,0.0100103292566226,0,none,False,,6.5,5,4,0.4,Wellington P FC
2011166,8224,53,goal,low_block,1791.23065,29.59,60.535,high_pressure,3.0,False,LB,left,4,"AM,CF,LM,RM",1,1,0.0030757142956141,0,none,False,,6.5,5,4,0.4,Wellington P FC
2011166,8231,53,goal,low_block,1791.23065,29.59,60.535,very_high_pressure,4.0,False,RM,center,4,"AM,CF,LM,RM",1,1,0.0030757142956141,0,none,False,,6.5,5,4,0.4,Wellington P FC
2011166,10387,66,shot,medium_block,1761.6021,33.06,53.285,medium_pressure,2.0,False,LB,left,6,"AM,CF,LDM,LW,RDM,RW",1,1,0.0044435642256854,2,none,True,LDM,10.0,9,9,0.25,Melbourne V FC
2011166,10416,67,shot,low_block,1159.6929,29.46,39.365,high_pressure,3.0,True,LDM,left,6,"AM,CF,LDM,LW,RDM,RW",1,1,0.0171059610130514,1,none,True,LDM,10.5,8,8,0.2857142857142857,Melbourne V FC
2011166,10445,67,shot,low_block,1159.6929,29.46,39.365,low_pressure,1.0,True,AM,center,6,"AM,CF,LDM,LW,RDM,RW",1,1,0.0081841809340247,0,none,False,,9.0,7,6,0.2857142857142857,Melbourne V FC
2011166,10473,67,shot,low_block,1159.6929,29.46,39.365,medium_pressure,2.0,False,RW,right,6,"AM,CF,LDM,LW,RDM,RW",1,1,4.555331891078905e-05,0,none,False,,8.5,7,6,0.2857142857142857,Melbourne V FC
2011166,21223,155,shot,low_block,1384.645675,30.835,44.905,high_pressure,3.0,False,RW,right,6,"AM,CF,LDM,LW,RDM,RW",1,1,0.0360231122817338,0,none,False,,8.5,7,6,0.2857142857142857,Melbourne V FC
2011166,21983,160,shot,medium_block,2359.8582,37.21,63.42,high_pressure,3.0,True,AM,right,4,"AM,LDM,LW,RW",0,1,1.2230701523927011e-06,0,none,False,,5.5,5,4,0.4,Melbourne V FC
2011166,22018,160,shot,medium_block,2359.8582,37.21,63.42,high_pressure,3.0,False,RW,right,2,"LDM,LW",0,1,0.000318072004211,0,none,False,,3.0,3,2,0.6666666666666666,Melbourne V FC
2011166,22054,161,shot,low_block,1780.0857749999998,29.735,59.864999999999995,high_pressure,3.0,False,LW,center,6,"AM,CF,LDM,LW,RDM,RW",1,1,0.0021806868785274,0,none,False,,8.5,7,6,0.2857142857142857,Melbourne V FC
2011166,23400,173,shot,low_block,1755.1673999999998,27.544999999999998,63.72,very_high_pressure,4.0,False,CF,left,5,"AM,CF,LDM,RDM,RW",1,1,0.00039204953703390004,0,none,False,,7.5,6,5,0.3333333333333333,Melbourne V FC
2011166,23453,173,shot,low_block,1755.1673999999998,27.544999999999998,63.72,medium_pressure,2.0,False,RW,center,6,"AM,CF,LDM,LW,RDM,RW",1,1,0.0009229974278545,0,none,False,,8.5,7,6,0.2857142857142857,Melbourne V FC
2011166,24135,175,shot,low_block,651.01335,27.365,23.79,no_pressure,0.0,False,LB,center,6,"AM,CF,LDM,LW,RDM,RW",1,1,0.1280162298370994,0,none,False,,8.5,7,6,0.2857142857142857,Melbourne V FC
2011166,24203,175,shot,low_block,651.01335,27.365,23.79,medium_pressure,2.0,False,RW,left,6,"AM,CF,LDM,LW,RDM,RW",1,1,0.2172054509652485,0,none,False,,8.5,7,6,0.2857142857142857,Melbourne V FC
2011166,24209,175,shot,low_block,651.01335,27.365,23.79,high_pressure,3.0,True,LW,left,6,"AM,CF,LDM,LW,RDM,RW",1,1,0.2172054509652485,0,none,False,,9.0,7,6,0.2857142857142857,Melbourne V FC
2011166,29851,203,goal,low_block,230.056,19.3,11.92,,,True,AM,center,3,"LDM,RDM,RW",0,1,1.0399040830493065,0,none,False,,4.5,4,3,0.5,Melbourne V FC
2011166,41831,214,shot,medium_block,1636.4900000000002,31.0,52.790000000000006,low_pressure,1.0,False,LCB,left,6,"AM,CF,LDM,LW,RDM,RW",1,1,0.005965521173148201,1,none,False,,9.0,8,7,0.25,Melbourne V FC
2011166,41859,214,shot,medium_block,1636.4900000000002,31.0,52.790000000000006,low_pressure,1.0,False,LB,left,6,"AM,CF,LDM,LW,RDM,RW",1,1,0.0009430717440044,2,none,True,AM,10.0,9,9,0.25,Melbourne V FC
2011166,41925,215,shot,low_block,2083.6440000000002,35.400000000000006,58.86,high_pressure,3.0,False,AM,left,6,"AM,CF,LDM,LW,RDM,RW",1,1,0.0016750397432605997,0,none,False,,8.5,7,6,0.2857142857142857,Melbourne V FC
2011166,45430,248,shot,low_block,1200.958,27.64,43.45,low_pressure,1.0,False,LB,left,6,"AM,CF,LDM,LW,RDM,RW",1,1,0.1147679541606922,0,none,False,,8.5,7,6,0.2857142857142857,Melbourne V FC
2011166,45480,248,shot,low_block,1200.958,27.64,43.45,low_pressure,1.0,False,RB,center,6,"AM,CF,LDM,LW,RDM,RW",1,1,0.2434195206603904,0,none,False,,8.5,7,6,0.2857142857142857,Melbourne V FC
2011166,49661,271,shot,low_block,1915.0755000000001,42.510000000000005,45.05,low_pressure,1.0,False,LB,left,5,"AM,CF,LDM,LW,RW",1,1,0.0664407352764095,0,none,False,,7.5,6,5,0.3333333333333333,Melbourne V FC
2011166,49675,271,shot,low_block,1915.0755000000001,42.510000000000005,45.05,high_pressure,3.0,True,CF,left,5,"AM,CF,LDM,LW,RW",1,1,0.0664407352764095,0,none,False,,8.0,6,5,0.3333333333333333,Melbourne V FC
2011166,49684,271,shot,low_block,1915.0755000000001,42.510000000000005,45.05,very_high_pressure,4.0,True,LW,left,5,"AM,CF,LDM,LW,RW",1,1,0.026119407296777798,0,none,False,,8.0,6,5,0.3333333333333333,Melbourne V FC
2011166,49697,271,shot,low_block,1915.0755000000001,42.510000000000005,45.05,high_pressure,3.0,True,CF,left,5,"AM,CF,LDM,LW,RW",1,1,0.0180441892259426,0,none,False,,8.0,6,5,0.3333333333333333,Melbourne V FC
2011166,49711,271,shot,low_block,1915.0755000000001,42.510000000000005,45.05,high_pressure,3.0,True,LB,center,5,"AM,CF,LDM,LW,RW",1,1,0.0180441892259426,0,none,False,,8.0,6,5,0.3333333333333333,Melbourne V FC
2011166,51957,289,shot,low_block,1303.420425,34.215,38.095,no_pressure,0.0,False,RCB,center,4,"AM,CF,LM,RM",1,1,0.0591560883098327,0,none,False,,6.5,5,4,0.4,Wellington P FC
2011166,51996,289,shot,low_block,1303.420425,34.215,38.095,no_pressure,0.0,False,LCB,left,4,"AM,CF,LM,RM",1,1,0.10350874543062968,0,none,False,,6.5,5,4,0.4,Wellington P FC
2011166,52015,289,shot,low_block,1303.420425,34.215,38.095,,,True,RM,right,4,"AM,CF,LM,RM",1,1,0.10350874543062968,0,none,False,,7.0,5,4,0.4,Wellington P FC
2011166,54844,306,shot,low_block,876.0979500000001,24.115000000000002,36.33,low_pressure,1.0,True,AM,center,5,"AM,CF,LDM,LW,RW",1,1,0.0779695408445585,0,none,False,,8.0,6,5,0.3333333333333333,Melbourne V FC
2011166,54876,306,shot,low_block,876.0979500000001,24.115000000000002,36.33,medium_pressure,2.0,False,RB,right,5,"AM,CF,LDM,LW,RW",1,1,0.0442454662251023,0,none,False,,7.5,6,5,0.3333333333333333,Melbourne V FC
2011166,54919,306,shot,low_block,876.0979500000001,24.115000000000002,36.33,high_pressure,3.0,True,LW,right,4,"AM,CF,LDM,LW",1,1,0.033928065599234,0,none,False,,7.0,5,4,0.4,Melbourne V FC
2011166,54938,306,shot,low_block,876.0979500000001,24.115000000000002,36.33,medium_pressure,2.0,False,LDM,right,4,"AM,CF,LDM,LW",1,1,0.033928065599234,0,none,False,,6.5,5,4,0.4,Melbourne V FC
2011166,57341,328,shot,low_block,1277.7240000000002,27.825000000000003,45.92,high_pressure,3.0,True,AM,center,5,"AM,CF,LDM,LW,RW",1,1,5.672144194571371e-07,0,none,False,,8.0,6,5,0.3333333333333333,Melbourne V FC
2011166,57363,328,shot,low_block,1277.7240000000002,27.825000000000003,45.92,medium_pressure,2.0,True,LDM,right,5,"AM,CF,LDM,LW,RW",1,1,2.9177325448308537e-06,0,none,False,,8.0,6,5,0.3333333333333333,Melbourne V FC
2011166,57378,328,shot,low_block,1277.7240000000002,27.825000000000003,45.92,medium_pressure,2.0,True,AM,center,5,"AM,CF,LDM,LW,RW",1,1,2.9177325448308537e-06,0,none,False,,8.0,6,5,0.3333333333333333,Melbourne V FC
2011166,65555,396,shot,low_block,1208.7066750000001,27.165,44.495000000000005,medium_pressure,2.0,False,LW,left,5,"CF,LDM,LW,RDM,RW",1,1,0.0143315756600178,0,none,False,,7.5,6,5,0.3333333333333333,Melbourne V FC
2011166,65611,396,shot,low_block,1208.7066750000001,27.165,44.495000000000005,high_pressure,3.0,False,AM,left,5,"CF,LDM,LW,RDM,RW",1,1,0.0015555799098513,0,none,False,,7.5,6,5,0.3333333333333333,Melbourne V FC
2011166,65633,396,shot,low_block,1208.7066750000001,27.165,44.495000000000005,medium_pressure,2.0,False,RB,right,5,"CF,LDM,LW,RDM,RW",1,1,0.0008307268151117001,0,none,False,,7.5,6,5,0.3333333333333333,Melbourne V FC
2013725,14149,74,shot,medium_block,1180.225425,24.565,48.045,,,False,RWB,center,2,"CF,LM",1,1,2.8604163229758445e-06,0,none,False,,4.5,3,2,0.6666666666666666,Sydney FC
2013725,14185,74,shot,medium_block,1180.225425,24.565,48.045,,,True,RM,center,2,"CF,LM",1,1,4.239066091371268e-05,0,none,False,,5.0,3,2,0.6666666666666666,Sydney FC
2013725,14234,75,shot,low_block,1265.1701999999998,28.064999999999998,45.08,high_pressure,3.0,True,RW,center,5,"CF,LM,LW,RM,RW",1,1,0.0021321049079791,0,none,False,,8.0,6,5,0.3333333333333333,Sydney FC
2013725,21654,126,shot,low_block,1193.682375,32.415,36.825,very_high_pressure,4.0,False,CF,right,5,"CF,LM,LW,RM,RW",1,1,0.029256429313925296,0,none,False,,7.5,6,5,0.3333333333333333,Western United
2013725,21696,126,shot,low_block,1193.682375,32.415,36.825,medium_pressure,2.0,False,LB,left,5,"CF,LM,LW,RM,RW",1,1,0.0066852269183613,0,none,False,,7.5,6,5,0.3333333333333333,Western United
2013725,22423,136,shot,medium_block,2316.57965,40.81,56.765,medium_pressure,2.0,True,LM,center,2,"CF,RW",1,1,0.0016581680541618,0,none,False,,5.0,3,2,0.6666666666666666,Western United
2013725,22470,137,shot,low_block,1580.4243000000001,29.365000000000002,53.82,medium_pressure,2.0,False,LW,left,5,"CF,LM,LW,RM,RW",1,1,2.848633559813389e-06,0,none,False,,7.5,6,5,0.3333333333333333,Western United
2013725,22510,137,shot,low_block,1580.4243000000001,29.365000000000002,53.82,,,True,CF,center,5,"CF,LM,LW,RM,RW",1,1,1.0834577864018479e-10,0,none,False,,8.0,6,5,0.3333333333333333,Western United
2013725,23822,145,shot,medium_block,2075.8396000000002,40.52,51.23,no_pressure,0.0,False,LCB,left,4,"CF,LM,LW,RW",1,1,2.982791801212352e-05,0,none,False,,6.5,5,4,0.4,Western United
2013725,23906,147,shot,low_block,2165.6562,41.18,52.59,very_high_pressure,4.0,False,CF,left,5,"CF,LM,LW,RM,RW",1,1,0.0010460737212337,0,none,False,,7.5,6,5,0.3333333333333333,Western United
2013725,26221,161,shot,medium_block,2303.586675,46.215,49.845,high_pressure,3.0,True,RM,right,3,"CF,LM,LW",1,1,0.0013472871580029,3,none,True,LM,7.5,7,7,0.3333333333333333,Western United
2013725,26256,161,shot,medium_block,2303.586675,46.215,49.845,high_pressure,3.0,True,CF,right,3,"CF,LW,RM",1,1,0.00023446441653199998,5,none,False,,6.5,9,8,0.2222222222222222,Western United
2013725,26277,161,shot,medium_block,2303.586675,46.215,49.845,high_pressure,3.0,True,RW,right,4,"CF,LW,RM,RW",1,1,0.0007382391319143,3,none,True,CF,8.5,8,8,0.2857142857142857,Western United
2013725,26278,161,shot,medium_block,2303.586675,46.215,49.845,medium_pressure,2.0,True,LM,right,4,"CF,LW,RM,RW",1,1,0.0007382391319143,3,none,True,CF,8.5,8,8,0.2857142857142857,Western United
2013725,26316,162,shot,low_block,1540.4004499999999,31.585,48.769999999999996,low_pressure,1.0,False,LW,center,4,"CF,LM,LW,RW",1,1,0.0350376210968966,1,none,True,CF,8.0,6,6,0.4,Western United
2013725,54825,356,shot,medium_block,1713.804375,38.875,44.085,low_pressure,1.0,True,RM,right,2,"LM,LW",0,1,1.1818763135862536e-05,3,none,False,,4.0,6,5,0.3333333333333333,Sydney FC
2013725,54907,357,shot,low_block,1286.0639500000002,27.53,46.715,medium_pressure,2.0,True,LW,center,4,"CF,LM,LW,RM",1,1,0.0019215668967917,0,none,False,,7.0,5,4,0.4,Sydney FC
2013725,54915,357,shot,low_block,1286.0639500000002,27.53,46.715,high_pressure,3.0,True,CF,center,4,"CF,LM,LW,RM",1,1,0.0019215668967917,0,none,False,,7.0,5,4,0.4,Sydney FC
2013725,56702,369,shot,low_block,2380.809375,43.785,54.375,low_pressure,1.0,False,RB,right,5,"CF,LM,LW,RM,RW",1,1,0.0007733929807013,0,none,False,,7.5,6,5,0.3333333333333333,Western United
2013725,56713,369,shot,low_block,2380.809375,43.785,54.375,medium_pressure,2.0,True,LW,center,5,"CF,LM,LW,RM,RW",1,1,0.0007733929807013,0,none,False,,8.0,6,5,0.3333333333333333,Western United
2013725,56722,369,shot,low_block,2380.809375,43.785,54.375,high_pressure,3.0,True,RW,right,5,"CF,LM,LW,RM,RW",1,1,0.0007733929807013,0,none,False,,8.0,6,5,0.3333333333333333,Western United
2013725,56743,369,shot,low_block,2380.809375,43.785,54.375,high_pressure,3.0,True,LW,center,5,"CF,LM,LW,RM,RW",1,1,0.0064106515787639,0,none,False,,8.0,6,5,0.3333333333333333,Western United
2013725,57447,373,shot,low_block,2412.6719999999996,49.44,48.8,medium_pressure,2.0,True,LW,left,4,"CF,LM,LW,RM",1,1,2.1947318448603077e-05,1,regain,True,RW,8.0,6,6,0.4,Sydney FC
2013725,63075,424,shot,low_block,1143.57915,30.87,37.045,high_pressure,3.0,True,AM,center,5,"AM,CF,LM,LW,RM",1,1,0.0018720717105323,0,none,False,,8.0,6,5,0.3333333333333333,Sydney FC
2013725,63093,424,shot,low_block,1143.57915,30.87,37.045,medium_pressure,2.0,False,RWB,right,5,"AM,CF,LM,LW,RM",1,1,0.0018720717105323,0,none,False,,7.5,6,5,0.3333333333333333,Sydney FC
2013725,63103,424,shot,low_block,1143.57915,30.87,37.045,high_pressure,3.0,True,LW,right,5,"AM,CF,LM,LW,RM",1,1,0.0375240569945192,0,none,False,,8.0,6,5,0.3333333333333333,Sydney FC
2013725,63111,424,shot,low_block,1143.57915,30.87,37.045,very_high_pressure,4.0,True,CF,center,5,"AM,CF,LM,LW,RM",1,1,0.0375240569945192,0,none,False,,8.0,6,5,0.3333333333333333,Sydney FC
2013725,67203,455,shot,low_block,885.0039,23.02,38.445,medium_pressure,2.0,False,CF,right,5,"CF,LM,LW,RM,RW",1,1,0.033931058471777,0,none,False,,7.5,6,5,0.3333333333333333,Western United
2013725,67242,455,shot,low_block,885.0039,23.02,38.445,high_pressure,3.0,False,RB,right,3,"CF,LW,RM",1,1,0.0583096633759177,0,none,False,,5.5,4,3,0.5,Western United
2013725,67259,455,shot,low_block,885.0039,23.02,38.445,medium_pressure,2.0,False,RW,right,4,"CF,LM,LW,RM",1,1,0.0130735183192388,0,none,False,,6.5,5,4,0.4,Western United
2013725,67293,455,shot,low_block,885.0039,23.02,38.445,medium_pressure,2.0,False,LB,center,4,"CF,LM,LW,RM",1,1,0.0061243399149211,0,none,False,,6.5,5,4,0.4,Western United
2015213,15153,126,shot,low_block,1146.4096,29.365000000000002,39.04,high_pressure,3.0,False,RCB,right,5,"CF,LM,LW,RM,RW",1,1,0.0072951989237808,0,none,False,,7.5,6,5,0.3333333333333333,Western United
2015213,15182,126,shot,low_block,1146.4096,29.365000000000002,39.04,medium_pressure,2.0,True,LW,center,5,"CF,LM,LW,RM,RW",1,1,0.09380237477861701,0,none,False,,8.0,6,5,0.3333333333333333,Western United
2015213,18056,147,shot,low_block,894.51725,26.29,34.025,,,False,LM,left,5,"CF,LM,LW,RM,RW",1,1,0.08738613513944789,0,none,False,,7.5,6,5,0.3333333333333333,Auckland FC
2015213,18112,147,shot,low_block,894.51725,26.29,34.025,,,True,CF,center,5,"CF,LM,LW,RM,RW",1,1,0.0681386829656961,0,none,False,,8.0,6,5,0.3333333333333333,Auckland FC
2015213,23394,193,shot,low_block,1988.828,32.8,60.635000000000005,low_pressure,1.0,False,RB,right,5,"CF,LM,LW,RM,RW",1,1,0.001120300577046,0,none,False,,7.5,6,5,0.3333333333333333,Western United
2015213,23431,193,shot,low_block,1988.828,32.8,60.635000000000005,medium_pressure,2.0,False,RW,right,5,"CF,LM,LW,RM,RW",1,1,2.5679254970369158e-05,0,none,False,,7.5,6,5,0.3333333333333333,Western United
2015213,24679,202,shot,medium_block,1636.1559749999997,39.535,41.385,no_pressure,0.0,False,LM,left,4,"CF,LM,LW,RM",1,1,0.0006535017167711,0,none,False,,6.5,5,4,0.4,Auckland FC
2015213,24753,203,shot,low_block,1743.2993999999999,42.18,41.33,medium_pressure,2.0,False,RW,right,5,"CF,LM,LW,RM,RW",1,1,0.0042439485798097,0,none,False,,7.5,6,5,0.3333333333333333,Auckland FC
2015213,40998,273,shot,medium_block,854.3117500000002,20.365000000000002,41.95,high_pressure,3.0,True,LM,right,5,"CF,LM,LW,RM,RW",1,1,0.0012863952329317,0,none,False,,8.0,6,5,0.3333333333333333,Auckland FC
2015213,41020,274,shot,low_block,860.7914999999999,19.7,43.695,high_pressure,3.0,True,CF,right,4,"CF,LM,LW,RW",1,1,0.0141268931195688,0,none,False,,7.0,5,4,0.4,Auckland FC
2015213,41031,274,shot,low_block,860.7914999999999,19.7,43.695,high_pressure,3.0,False,CF,center,5,"CF,LM,LW,RM,RW",1,1,0.0506122970068221,0,none,False,,7.5,6,5,0.3333333333333333,Auckland FC
2015213,43662,293,shot,high_block,2143.88225,37.175,57.67,low_pressure,1.0,False,LCB,center,4,"CF,LW,RM,RW",1,1,1.4810823715356425e-07,2,disruption,False,,7.0,7,6,0.2857142857142857,Auckland FC
2015213,43707,294,shot,medium_block,1944.613125,32.625,59.605000000000004,medium_pressure,2.0,False,RB,left,4,"CF,LM,RM,RW",1,1,4.27190723347181e-05,0,none,False,,6.5,5,4,0.4,Auckland FC
2015213,43721,294,shot,medium_block,1944.613125,32.625,59.605000000000004,medium_pressure,2.0,True,LM,left,4,"CF,LM,RM,RW",1,1,4.27190723347181e-05,0,none,False,,7.0,5,4,0.4,Auckland FC
2015213,43762,295,shot,low_block,1421.3206,25.34,56.09,low_pressure,1.0,True,CF,left,5,"CF,LM,LW,RM,RW",1,1,0.0041014046584712,0,none,False,,8.0,6,5,0.3333333333333333,Auckland FC
2015213,44326,305,shot,medium_block,2135.327125,35.675,59.855000000000004,medium_pressure,2.0,True,LM,center,4,"CF,LW,RM,RW",1,1,1.5678040942315157e-07,0,none,False,,7.0,5,4,0.4,Western United
2015213,44363,305,shot,medium_block,2135.327125,35.675,59.855000000000004,medium_pressure,2.0,True,CF,center,4,"LM,LW,RM,RW",0,1,4.7780254227651456e-05,0,none,False,,5.5,5,4,0.4,Western United
2015213,44407,306,shot,low_block,1874.41865,32.435,57.79,low_pressure,1.0,False,RW,right,5,"CF,LM,LW,RM,RW",1,1,0.0001083384595198,0,none,False,,7.5,6,5,0.3333333333333333,Western United
2015213,47963,333,shot,low_block,1304.6973,23.47,55.59,low_pressure,1.0,False,RB,right,5,"CF,LM,LW,RM,RW",1,1,0.0021916996962055,0,none,False,,7.5,6,5,0.3333333333333333,Auckland FC
2015213,48015,333,shot,low_block,1304.6973,23.47,55.59,low_pressure,1.0,True,CF,right,5,"CF,LM,LW,RM,RW",1,1,8.93136724378225e-06,0,none,False,,8.0,6,5,0.3333333333333333,Auckland FC
2015213,54415,372,shot,medium_block,1303.5370249999999,27.244999999999997,47.845,high_pressure,3.0,True,LM,right,5,"CF,LM,LW,RM,RW",1,1,3.5118005834180346e-05,0,none,False,,8.0,6,5,0.3333333333333333,Auckland FC
2015213,54449,373,shot,low_block,1264.509125,27.005,46.825,medium_pressure,2.0,True,CF,right,5,"CF,LM,LW,RM,RW",1,1,0.0021443606961026,0,none,False,,8.0,6,5,0.3333333333333333,Auckland FC
2015213,54478,373,shot,low_block,1264.509125,27.005,46.825,high_pressure,3.0,False,LW,center,5,"CF,LM,LW,RM,RW",1,1,0.0128460914956603,0,none,False,,7.5,6,5,0.3333333333333333,Auckland FC
2015213,70524,488,goal,low_block,921.5578499999999,24.869999999999997,37.055,high_pressure,3.0,True,CF,left,4,"CF,LW,RM,RW",1,1,0.0553869933550951,0,none,False,,7.0,5,4,0.4,Western United
2015213,70531,488,goal,low_block,921.5578499999999,24.869999999999997,37.055,medium_pressure,2.0,False,LB,left,4,"CF,LW,RM,RW",1,1,0.0553869933550951,0,none,False,,6.5,5,4,0.4,Western United
2015213,70563,488,goal,low_block,921.5578499999999,24.869999999999997,37.055,high_pressure,3.0,False,RW,center,4,"CF,LW,RM,RW",1,1,0.0743438997229398,0,none,False,,6.5,5,4,0.4,Western United
2015213,70572,488,goal,low_block,921.5578499999999,24.869999999999997,37.055,very_high_pressure,4.0,True,CF,center,4,"CF,LW,RM,RW",1,1,0.0743438997229398,0,none,False,,7.0,5,4,0.4,Western United
2015213,70598,488,goal,low_block,921.5578499999999,24.869999999999997,37.055,,,False,CF,center,4,"CF,LW,RM,RW",1,1,0.0161637549438656,0,none,False,,6.5,5,4,0.4,Western United
2016236,2479,23,goal,low_block,466.4509,25.105,18.58,low_pressure,1.0,False,LDM,left,6,"AM,CF,LDM,LW,RDM,RW",1,1,0.4484455114110923,0,none,False,,8.5,7,6,0.2857142857142857,Adelaide United
2016236,2519,23,goal,low_block,466.4509,25.105,18.58,medium_pressure,2.0,False,LB,left,6,"AM,CF,LDM,LW,RDM,RW",1,1,0.299299847585361,0,none,False,,8.5,7,6,0.2857142857142857,Adelaide United
2016236,2534,23,goal,low_block,466.4509,25.105,18.58,very_high_pressure,4.0,True,CF,center,6,"AM,CF,LDM,LW,RDM,RW",1,1,0.299299847585361,0,none,False,,9.0,7,6,0.2857142857142857,Adelaide United
2016236,4203,30,shot,medium_block,1530.585,30.1,50.85,high_pressure,3.0,True,LW,left,2,"LM,RM",0,1,4.6261929078525325e-05,2,none,False,,4.0,5,4,0.4,Western United
2016236,4211,30,shot,medium_block,1530.585,30.1,50.85,medium_pressure,2.0,False,CF,left,3,"CF,LM,RM",1,1,1.6100948613843186e-05,3,none,False,,6.0,7,6,0.2857142857142857,Western United
2016236,4231,30,shot,medium_block,1530.585,30.1,50.85,medium_pressure,2.0,True,LM,left,4,"CF,LM,RM,RW",1,1,1.0487605003569262e-06,3,none,True,CF,8.5,8,8,0.2857142857142857,Western United
2016236,4301,31,shot,low_block,1548.89455,31.564999999999998,49.07,high_pressure,3.0,False,CF,center,5,"CF,LM,LW,RM,RW",1,1,0.0037157179420162,0,none,False,,7.5,6,5,0.3333333333333333,Western United
2016236,6086,46,shot,medium_block,1554.22925,29.35,52.955,medium_pressure,2.0,True,LM,left,5,"CF,LM,LW,RM,RW",1,1,0.0007046194631717,0,none,False,,8.0,6,5,0.3333333333333333,Western United
2016236,6101,47,shot,low_block,1144.949725,21.995,52.055,high_pressure,3.0,True,CF,left,5,"CF,LM,LW,RM,RW",1,1,0.0007046194631717,0,none,False,,8.0,6,5,0.3333333333333333,Western United
2016236,6126,47,shot,low_block,1144.949725,21.995,52.055,medium_pressure,2.0,False,CF,left,5,"CF,LM,LW,RM,RW",1,1,0.0001761420643223,0,none,False,,7.5,6,5,0.3333333333333333,Western United
2016236,6142,47,shot,low_block,1144.949725,21.995,52.055,,,True,RW,center,5,"CF,LM,LW,RM,RW",1,1,0.0001761420643223,0,none,False,,8.0,6,5,0.3333333333333333,Western United
2016236,8159,67,shot,low_block,1454.035125,36.825,39.485,medium_pressure,2.0,False,LW,left,4,"CF,LM,RM,RW",1,1,0.0053486062402903,0,none,False,,6.5,5,4,0.4,Western United
2016236,8173,67,shot,low_block,1454.035125,36.825,39.485,,,False,CF,center,4,"CF,LM,RM,RW",1,1,0.0053486062402903,0,none,False,,6.5,5,4,0.4,Western United
2016236,10181,77,shot,medium_block,1315.76625,32.625,40.33,,,False,GK,center,3,"CF,LM,RM",1,1,0.0001107713444788,0,none,False,,5.5,4,3,0.5,Western United
2016236,10215,77,shot,medium_block,1315.76625,32.625,40.33,no_pressure,0.0,False,LCB,left,5,"CF,LM,LW,RM,RW",1,1,0.0006160867473999,0,none,False,,7.5,6,5,0.3333333333333333,Western United
2016236,10248,78,shot,low_block,1223.9667000000002,30.78,39.765,medium_pressure,2.0,False,LB,left,5,"CF,LM,LW,RM,RW",1,1,0.0479508187257947,0,none,False,,7.5,6,5,0.3333333333333333,Western United
2016236,10279,78,shot,low_block,1223.9667000000002,30.78,39.765,high_pressure,3.0,True,RW,center,4,"CF,LM,RM,RW",1,1,0.0283066070952948,0,none,False,,7.0,5,4,0.4,Western United
2016236,11978,81,shot,low_block,688.1308,23.185000000000002,29.68,very_high_pressure,4.0,True,LW,left,6,"AM,CF,LDM,LW,RDM,RW",1,1,0.0767025647680509,0,none,False,,9.0,7,6,0.2857142857142857,Adelaide United
2016236,12006,81,shot,low_block,688.1308,23.185000000000002,29.68,low_pressure,1.0,False,LB,left,5,"AM,LDM,LW,RDM,RW",0,1,0.21140274782082188,0,none,False,,6.0,6,5,0.3333333333333333,Adelaide United
2016236,12038,81,shot,low_block,688.1308,23.185000000000002,29.68,high_pressure,3.0,True,LDM,left,5,"AM,CF,LDM,LW,RDM",1,1,0.2399357649202125,0,none,False,,8.0,6,5,0.3333333333333333,Adelaide United
2016236,12054,81,shot,low_block,688.1308,23.185000000000002,29.68,high_pressure,3.0,True,AM,center,6,"AM,CF,LDM,LW,RDM,RW",1,1,0.4163391566282478,0,none,False,,9.0,7,6,0.2857142857142857,Adelaide United
2016236,12984,86,shot,low_block,1180.52935,25.189999999999998,46.865,medium_pressure,2.0,True,CF,center,5,"CF,LM,LW,RM,RW",1,1,0.19575091990008167,0,none,False,,8.0,6,5,0.3333333333333333,Western United
2016236,13029,86,shot,low_block,1180.52935,25.189999999999998,46.865,medium_pressure,2.0,False,LB,left,4,"CF,LM,LW,RM",1,1,0.0179501487260007,0,none,False,,6.5,5,4,0.4,Western United
2016236,13048,86,shot,low_block,1180.52935,25.189999999999998,46.865,medium_pressure,2.0,True,RM,center,5,"CF,LM,LW,RM,RW",1,1,0.0010843770381231,0,none,False,,8.0,6,5,0.3333333333333333,Western United
2016236,13051,86,shot,low_block,1180.52935,25.189999999999998,46.865,,,False,LM,center,5,"CF,LM,LW,RM,RW",1,1,0.0010843770381231,0,none,False,,7.5,6,5,0.3333333333333333,Western United
2016236,13074,86,shot,low_block,1180.52935,25.189999999999998,46.865,very_high_pressure,4.0,False,CF,left,5,"CF,LM,LW,RM,RW",1,1,5.579209328425974e-05,0,none,False,,7.5,6,5,0.3333333333333333,Western United
2016236,19591,141,goal,medium_block,2191.0152000000003,44.56,49.17,high_pressure,3.0,True,RM,center,5,"CF,LM,LW,RM,RW",1,1,0.0053435603524355,0,none,False,,8.0,6,5,0.3333333333333333,Western United
2016236,19602,141,goal,medium_block,2191.0152000000003,44.56,49.17,high_pressure,3.0,True,LM,center,5,"CF,LM,LW,RM,RW",1,1,0.0053435603524355,0,none,False,,8.0,6,5,0.3333333333333333,Western United
2016236,19637,142,goal,low_block,1288.7765499999998,30.604999999999997,42.11,medium_pressure,2.0,False,LW,left,5,"CF,LM,LW,RM,RW",1,1,0.0546878362326787,0,none,False,,7.5,6,5,0.3333333333333333,Western United
2016236,19653,142,goal,low_block,1288.7765499999998,30.604999999999997,42.11,very_high_pressure,4.0,False,CF,left,5,"CF,LM,LW,RM,RW",1,1,0.0546878362326787,0,none,False,,7.5,6,5,0.3333333333333333,Western United
2016236,31292,221,shot,low_block,545.597375,25.645000000000003,21.275,no_pressure,0.0,False,RB,right,5,"CF,LDM,LW,RDM,RW",1,1,0.1509589063883185,0,none,False,,7.5,6,5,0.3333333333333333,Adelaide United
2016236,31347,221,shot,low_block,545.597375,25.645000000000003,21.275,high_pressure,3.0,False,LB,center,6,"AM,CF,LDM,LW,RDM,RW",1,1,0.147267584529583,0,none,False,,8.5,7,6,0.2857142857142857,Adelaide United
2016236,31527,224,shot,low_block,1685.4747,34.62,48.685,medium_pressure,2.0,True,RB,right,5,"CF,LM,LW,RM,RW",1,1,8.725185215758245e-05,0,none,False,,8.0,6,5,0.3333333333333333,Western United
2016236,31567,224,shot,low_block,1685.4747,34.62,48.685,high_pressure,3.0,True,RW,right,5,"CF,LM,LW,RM,RW",1,1,8.920224519890738e-06,0,none,False,,8.0,6,5,0.3333333333333333,Western United
2016236,31595,224,shot,low_block,1685.4747,34.62,48.685,medium_pressure,2.0,True,LM,center,4,"CF,LM,LW,RM",1,1,0.0002571426695545,0,none,False,,7.0,5,4,0.4,Western United
2016236,54602,345,shot,low_block,1677.646775,32.105,52.255,medium_pressure,2.0,True,CF,left,4,"CF,LM,LW,RM",1,1,0.0333872677021654,0,none,False,,7.0,5,4,0.4,Western United
2016236,54619,345,shot,low_block,1677.646775,32.105,52.255,medium_pressure,2.0,False,LW,left,4,"CF,LM,LW,RM",1,1,0.0333872677021654,0,none,False,,6.5,5,4,0.4,Western United
2016236,58212,386,shot,medium_block,1939.1558750000004,38.525000000000006,50.335,,,False,LCB,left,3,"AM,LW,RDM",0,1,5.0254510652586646e-05,1,none,False,,4.5,5,4,0.4,Adelaide United
2016236,58260,387,shot,low_block,1590.1313750000002,33.145,47.975,medium_pressure,2.0,False,LW,left,5,"AM,LDM,LW,RDM,RW",0,1,0.0022289034008516,0,none,False,,6.0,6,5,0.3333333333333333,Adelaide United
2016236,58272,387,shot,low_block,1590.1313750000002,33.145,47.975,very_high_pressure,4.0,True,CF,center,6,"AM,CF,LDM,LW,RDM,RW",1,1,0.0002705721657617,0,none,False,,9.0,7,6,0.2857142857142857,Adelaide United
2016236,60799,414,goal,low_block,1304.822025,31.415,41.535,no_pressure,0.0,False,RDM,left,6,"AM,CF,LDM,LW,RDM,RW",1,1,0.0190327470889962,0,none,False,,8.5,7,6,0.2857142857142857,Adelaide United
2016236,60824,414,goal,low_block,1304.822025,31.415,41.535,no_pressure,0.0,False,RDM,right,6,"AM,CF,LDM,LW,RDM,RW",1,1,0.0120987696468655,0,none,False,,8.5,7,6,0.2857142857142857,Adelaide United
2016236,60855,414,goal,low_block,1304.822025,31.415,41.535,medium_pressure,2.0,False,RB,right,5,"AM,LDM,LW,RDM,RW",0,1,0.1164540495867435,0,none,False,,6.0,6,5,0.3333333333333333,Adelaide United
2016236,60886,414,goal,low_block,1304.822025,31.415,41.535,high_pressure,3.0,True,AM,center,5,"AM,CF,LDM,LW,RDM",1,1,0.05898511043289519,0,none,False,,8.0,6,5,0.3333333333333333,Adelaide United
2016236,61816,421,shot,low_block,1473.2831999999999,27.52,53.535,medium_pressure,2.0,False,LW,left,6,"AM,CF,LDM,LW,RDM,RW",1,1,5.845629618736859e-06,0,none,False,,8.5,7,6,0.2857142857142857,Adelaide United
2016236,61826,421,shot,low_block,1473.2831999999999,27.52,53.535,high_pressure,3.0,True,AM,left,6,"AM,CF,LDM,LW,RDM,RW",1,1,5.845629618736859e-06,0,none,False,,9.0,7,6,0.2857142857142857,Adelaide United
2016236,61842,421,shot,low_block,1473.2831999999999,27.52,53.535,very_high_pressure,4.0,False,LW,left,6,"AM,CF,LDM,LW,RDM,RW",1,1,4.159600428607797e-06,0,none,False,,8.5,7,6,0.2857142857142857,Adelaide United
2016236,65717,447,shot,low_block,1308.3525000000002,34.125,38.34,,,True,CF,right,5,"CF,LM,LW,RM,RW",1,1,0.0194777449697064,0,none,False,,8.0,6,5,0.3333333333333333,Western United
2016236,65735,447,shot,low_block,1308.3525000000002,34.125,38.34,medium_pressure,2.0,True,LW,right,5,"CF,LM,LW,RM,RW",1,1,0.0194777449697064,0,none,False,,8.0,6,5,0.3333333333333333,Western United
2016236,69942,478,shot,low_block,828.5590500000002,23.07,35.915000000000006,high_pressure,3.0,True,RW,center,6,"AM,CF,LDM,LW,RDM,RW",1,1,0.0626115114956467,0,none,False,,9.0,7,6,0.2857142857142857,Adelaide United
2017461,2590,3,shot,low_block,902.05355,23.195,38.89,,,False,LB,left,6,"AM,CF,LDM,LW,RDM,RW",1,1,0.00671692311931,0,none,False,,8.5,7,6,0.2857142857142857,Melbourne V FC
2017461,2623,3,shot,low_block,902.05355,23.195,38.89,medium_pressure,2.0,True,AM,left,6,"AM,CF,LDM,LW,RDM,RW",1,1,0.0010287560432603,0,none,False,,9.0,7,6,0.2857142857142857,Melbourne V FC
2017461,2669,3,shot,low_block,902.05355,23.195,38.89,very_high_pressure,4.0,False,LW,left,5,"AM,CF,LDM,RDM,RW",1,1,0.0028195470187862,0,none,False,,7.5,6,5,0.3333333333333333,Melbourne V FC
2017461,6525,43,shot,low_block,952.2958000000002,29.410000000000004,32.38,,,False,RW,left,5,"CF,LDM,LW,RDM,RW",1,1,0.068251470365186,0,none,False,,7.5,6,5,0.3333333333333333,Melbourne V FC
2017461,6539,43,shot,low_block,952.2958000000002,29.410000000000004,32.38,very_high_pressure,4.0,True,AM,left,5,"CF,LDM,LW,RDM,RW",1,1,0.068251470365186,0,none,False,,8.0,6,5,0.3333333333333333,Melbourne V FC
2017461,6545,43,shot,low_block,952.2958000000002,29.410000000000004,32.38,medium_pressure,2.0,False,LB,left,5,"CF,LDM,LW,RDM,RW",1,1,0.068251470365186,0,none,False,,7.5,6,5,0.3333333333333333,Melbourne V FC
2017461,6590,43,shot,low_block,952.2958000000002,29.410000000000004,32.38,medium_pressure,2.0,False,LW,left,6,"AM,CF,LDM,LW,RDM,RW",1,1,0.0771363545197207,0,none,False,,8.5,7,6,0.2857142857142857,Melbourne V FC
2017461,6618,43,shot,low_block,952.2958000000002,29.410000000000004,32.38,high_pressure,3.0,True,CF,center,4,"CF,LDM,LW,RDM",1,1,0.3849445508442831,0,none,False,,7.0,5,4,0.4,Melbourne V FC
2017461,6624,43,shot,low_block,952.2958000000002,29.410000000000004,32.38,high_pressure,3.0,True,RDM,left,6,"AM,CF,LDM,LW,RDM,RW",1,1,0.3864396771440744,0,none,False,,9.0,7,6,0.2857142857142857,Melbourne V FC
2017461,7005,46,shot,low_block,737.6517000000001,28.005000000000003,26.340000000000003,very_high_pressure,4.0,True,CF,left,4,"AM,LDM,LW,RDM",0,1,0.0283135304388091,0,none,False,,5.5,5,4,0.4,Melbourne V FC
2017461,7040,46,shot,low_block,737.6517000000001,28.005000000000003,26.340000000000003,low_pressure,1.0,False,LW,left,6,"AM,CF,LDM,LW,RDM,RW",1,1,0.1344198529697267,0,none,False,,8.5,7,6,0.2857142857142857,Melbourne V FC
2017461,7069,46,shot,low_block,737.6517000000001,28.005000000000003,26.340000000000003,high_pressure,3.0,True,CF,left,5,"AM,CF,LDM,RDM,RW",1,1,0.224264822526338,0,none,False,,8.0,6,5,0.3333333333333333,Melbourne V FC
2017461,9252,59,shot,medium_block,1814.2488,36.92,49.14,medium_pressure,2.0,False,LB,left,5,"CF,LM,LW,RM,RW",1,1,0.00037591898351519993,1,none,False,,8.0,7,6,0.2857142857142857,Auckland FC
2017461,9334,60,shot,low_block,1710.9697500000004,36.95,46.30500000000001,medium_pressure,2.0,False,LW,left,5,"CF,LM,LW,RM,RW",1,1,0.0037783760332532,0,none,False,,7.5,6,5,0.3333333333333333,Auckland FC
2017461,10805,70,shot,medium_block,2448.9042249999998,40.955,59.795,medium_pressure,2.0,True,CF,left,5,"AM,CF,LDM,RDM,RW",1,1,3.854412568017283e-08,0,none,False,,8.0,6,5,0.3333333333333333,Melbourne V FC
2017461,10846,70,shot,medium_block,2448.9042249999998,40.955,59.795,high_pressure,3.0,True,RDM,center,5,"AM,CF,LW,RDM,RW",1,1,4.301545980139488e-06,0,none,False,,8.0,6,5,0.3333333333333333,Melbourne V FC
2017461,10904,71,shot,low_block,1363.040775,31.985,42.615,medium_pressure,2.0,False,LW,left,6,"AM,CF,LDM,LW,RDM,RW",1,1,0.0019840871195195,0,none,False,,8.5,7,6,0.2857142857142857,Melbourne V FC
2017461,13904,96,shot,low_block,1776.8466,30.060000000000002,59.11,high_pressure,3.0,True,AM,right,5,"CF,LDM,LW,RDM,RW",1,1,0.0002546696240965,0,none,False,,8.0,6,5,0.3333333333333333,Melbourne V FC
2017461,13927,96,shot,low_block,1776.8466,30.060000000000002,59.11,low_pressure,1.0,True,LDM,center,6,"AM,CF,LDM,LW,RDM,RW",1,1,0.0004462632741776,0,none,False,,9.0,7,6,0.2857142857142857,Melbourne V FC
2017461,15304,108,shot,medium_block,2425.9519999999993,37.599999999999994,64.52,high_pressure,3.0,True,AM,left,3,"AM,CF,RDM",1,0,8.399245219020063e-06,1,none,True,CF,6.5,5,5,0.5,Melbourne V FC
2017461,15381,109,shot,low_block,1590.710425,29.395,54.115,medium_pressure,2.0,False,CF,left,6,"AM,CF,LDM,LW,RDM,RW",1,1,0.0004212966103101,0,none,False,,8.5,7,6,0.2857142857142857,Melbourne V FC
2017461,15389,109,shot,low_block,1590.710425,29.395,54.115,high_pressure,3.0,False,LW,left,6,"AM,CF,LDM,LW,RDM,RW",1,1,0.0004212966103101,0,none,False,,8.5,7,6,0.2857142857142857,Melbourne V FC
2017461,15521,111,shot,medium_block,1747.93905,26.91,64.955,medium_pressure,2.0,False,LW,center,4,"CF,LM,RM,RW",1,1,1.56887834870882e-05,0,none,False,,6.5,5,4,0.4,Auckland FC
2017461,15564,112,shot,low_block,2036.3962500000002,34.025000000000006,59.849999999999994,medium_pressure,2.0,False,CF,left,5,"CF,LM,LW,RM,RW",1,1,1.0297088263062418e-05,0,none,False,,7.5,6,5,0.3333333333333333,Auckland FC
2017461,22849,160,shot,low_block,1423.038725,38.095,37.355000000000004,medium_pressure,2.0,False,RB,right,5,"CF,LM,LW,RM,RW",1,1,0.0052848354192320006,0,none,False,,7.5,6,5,0.3333333333333333,Auckland FC
2017461,22888,160,shot,low_block,1423.038725,38.095,37.355000000000004,medium_pressure,2.0,False,CF,right,5,"CF,LM,LW,RM,RW",1,1,0.0256067670302015,0,none,False,,7.5,6,5,0.3333333333333333,Auckland FC
2017461,28462,207,shot,low_block,1360.3873250000001,29.065,46.805,medium_pressure,2.0,False,LB,left,5,"CF,LM,LW,RM,RW",1,1,0.0050699851189354,0,none,False,,7.5,6,5,0.3333333333333333,Auckland FC
2017461,28510,207,shot,low_block,1360.3873250000001,29.065,46.805,very_high_pressure,4.0,True,RB,center,4,"CF,LM,LW,RM",1,1,0.0052005435972453,0,none,False,,7.0,5,4,0.4,Auckland FC
2017461,50907,301,goal,low_block,346.70629999999994,23.845,14.54,medium_pressure,2.0,False,LB,left,5,"CF,LM,LW,RM,RW",1,1,0.04839273360479749,0,none,False,,7.5,6,5,0.3333333333333333,Auckland FC
2017461,50928,301,goal,low_block,346.70629999999994,23.845,14.54,,,True,RW,center,5,"CF,LM,LW,RM,RW",1,1,0.0375493989944959,0,none,False,,8.0,6,5,0.3333333333333333,Auckland FC
2017461,52352,306,shot,medium_block,1754.13365,30.715,57.11,medium_pressure,2.0,True,CF,left,2,"LM,RW",0,1,3.2148039932111565e-07,5,none,True,LM,5.0,8,8,0.2857142857142857,Auckland FC
2017461,52367,306,shot,medium_block,1754.13365,30.715,57.11,medium_pressure,2.0,True,CF,left,5,"CF,LM,LW,RM,RW",1,1,8.539198132875531e-07,6,none,True,LM,9.5,11,12,0.21818181818181817,Auckland FC
2017461,52404,307,shot,low_block,1734.3076,26.48,65.495,high_pressure,3.0,False,LW,left,5,"CF,LM,LW,RM,RW",1,1,0.005605191583367299,2,none,True,LM,9.0,8,8,0.2857142857142857,Auckland FC
2017461,52426,307,shot,low_block,1734.3076,26.48,65.495,high_pressure,3.0,False,LM,left,5,"CF,LM,LW,RM,RW",1,1,0.0003996550873994,0,none,False,,7.5,6,5,0.3333333333333333,Auckland FC
2017461,52448,307,shot,low_block,1734.3076,26.48,65.495,very_high_pressure,4.0,True,CF,left,5,"CF,LM,LW,RM,RW",1,1,6.419214687184899e-05,0,none,False,,8.0,6,5,0.3333333333333333,Auckland FC
2017461,52493,307,shot,low_block,1734.3076,26.48,65.495,high_pressure,3.0,True,LW,left,4,"CF,LM,RM,RW",1,1,0.0034872188803409,0,none,False,,7.0,5,4,0.4,Auckland FC
2017461,59270,359,shot,low_block,1279.0566,33.205,38.519999999999996,high_pressure,3.0,True,LW,right,4,"AM,CF,LW,RDM",1,1,0.083815296684444,0,none,False,,7.0,5,4,0.4,Melbourne V FC
2017461,68756,422,shot,low_block,1133.7116999999998,30.18,37.565,low_pressure,1.0,False,AM,right,6,"AM,CF,LDM,LW,RDM,RW",1,1,0.19555726402941373,0,none,False,,8.5,7,6,0.2857142857142857,Melbourne V FC
2017461,68780,422,shot,low_block,1133.7116999999998,30.18,37.565,no_pressure,0.0,False,RCB,right,4,"LDM,LW,RDM,RW",0,1,0.1047690607147282,0,none,False,,5.0,5,4,0.4,Melbourne V FC
2017461,68814,422,shot,low_block,1133.7116999999998,30.18,37.565,no_pressure,0.0,False,LCB,center,5,"AM,CF,LDM,RDM,RW",1,1,0.0308864836059905,0,none,False,,7.5,6,5,0.3333333333333333,Melbourne V FC
2017461,69768,430,shot,low_block,1121.1143000000002,24.380000000000003,45.985,low_pressure,1.0,True,LW,left,6,"AM,CF,LDM,LW,RDM,RW",1,1,0.0007810868334299,0,none,False,,9.0,7,6,0.2857142857142857,Melbourne V FC
2017461,69791,430,shot,low_block,1121.1143000000002,24.380000000000003,45.985,medium_pressure,2.0,True,RW,center,5,"AM,CF,LDM,LW,RW",1,1,0.0007663875037011,0,none,False,,8.0,6,5,0.3333333333333333,Melbourne V FC
2017461,69829,430,shot,low_block,1121.1143000000002,24.380000000000003,45.985,medium_pressure,2.0,False,LB,left,6,"AM,CF,LDM,LW,RDM,RW",1,1,5.928830268652543e-05,0,none,False,,8.5,7,6,0.2857142857142857,Melbourne V FC
2017461,69846,430,shot,low_block,1121.1143000000002,24.380000000000003,45.985,high_pressure,3.0,True,RDM,center,6,"AM,CF,LDM,LW,RDM,RW",1,1,5.928830268652543e-05,0,none,False,,9.0,7,6,0.2857142857142857,Melbourne V FC
2017461,69858,430,shot,low_block,1121.1143000000002,24.380000000000003,45.985,medium_pressure,2.0,True,LW,left,6,"AM,CF,LDM,LW,RDM,RW",1,1,3.8714570739148734e-05,0,none,False,,9.0,7,6,0.2857142857142857,Melbourne V FC
