match_id,danger,frame,free_role,n_free,lambda2_defense,ball_carrier_role
1874553,shot,147,CF,10,0.0005130705724244123,
1874553,shot,147,LDM,10,0.0005130705724244123,
1874553,shot,147,RCB,10,0.0005130705724244123,
1874553,shot,147,RW,10,0.0005130705724244123,
1874553,shot,147,RDM,10,0.0005130705724244123,
1874553,shot,147,AM,10,0.0005130705724244123,
1874553,shot,147,LCB,10,0.0005130705724244123,
1874553,shot,147,LB,10,0.0005130705724244123,
1874553,shot,147,RB,10,0.0005130705724244123,
1874553,shot,147,GK,10,0.0005130705724244123,
1874553,shot,179,RW,11,0.00048669424938097363,
1874553,shot,179,RDM,11,0.00048669424938097363,
1874553,shot,179,CF,11,0.00048669424938097363,
1874553,shot,179,LW,11,0.00048669424938097363,
1874553,shot,179,RCB,11,0.00048669424938097363,
1874553,shot,179,LDM,11,0.00048669424938097363,
1874553,shot,179,AM,11,0.00048669424938097363,
1874553,shot,179,LCB,11,0.00048669424938097363,
1874553,shot,179,LB,11,0.00048669424938097363,
1874553,shot,179,RB,11,0.00048669424938097363,
1874553,shot,179,GK,11,0.00048669424938097363,
1874553,goal,3218,CF,6,1.1064776717900987e-06,
1874553,goal,3218,AM,6,1.1064776717900987e-06,
1874553,goal,3218,RB,6,1.1064776717900987e-06,
1874553,goal,3218,GK,6,1.1064776717900987e-06,
1874553,goal,3218,LB,6,1.1064776717900987e-06,
1874553,goal,3218,RCB,6,1.1064776717900987e-06,
1874553,goal,3240,CF,7,0.0001591674739910076,
1874553,goal,3240,RW,7,0.0001591674739910076,
1874553,goal,3240,LB,7,0.0001591674739910076,
1874553,goal,3240,RB,7,0.0001591674739910076,
1874553,goal,3240,GK,7,0.0001591674739910076,
1874553,goal,3240,AM,7,0.0001591674739910076,
1874553,goal,3240,RCB,7,0.0001591674739910076,
1874553,goal,3258,CF,10,0.008100824306042476,
1874553,goal,3258,RW,10,0.008100824306042476,
1874553,goal,3258,LW,10,0.008100824306042476,
1874553,goal,3258,LB,10,0.008100824306042476,
1874553,goal,3258,RB,10,0.008100824306042476,
1874553,goal,3258,RDM,10,0.008100824306042476,
1874553,goal,3258,LDM,10,0.008100824306042476,
1874553,goal,3258,LCB,10,0.008100824306042476,
1874553,goal,3258,RCB,10,0.008100824306042476,
1874553,goal,3258,GK,10,0.008100824306042476,
1874553,goal,3289,CF,9,0.01360930446045478,
1874553,goal,3289,LDM,9,0.01360930446045478,
1874553,goal,3289,LB,9,0.01360930446045478,
1874553,goal,3289,RB,9,0.01360930446045478,
1874553,goal,3289,RDM,9,0.01360930446045478,
1874553,goal,3289,RW,9,0.01360930446045478,
1874553,goal,3289,LCB,9,0.01360930446045478,
1874553,goal,3289,RCB,9,0.01360930446045478,
1874553,goal,3289,GK,9,0.01360930446045478,
1874553,shot,14126,RDM,10,0.0018222777074353516,
1874553,shot,14126,CF,10,0.0018222777074353516,
1874553,shot,14126,LW,10,0.0018222777074353516,
1874553,shot,14126,AM,10,0.0018222777074353516,
1874553,shot,14126,RCB,10,0.0018222777074353516,
1874553,shot,14126,LDM,10,0.0018222777074353516,
1874553,shot,14126,LCB,10,0.0018222777074353516,
1874553,shot,14126,LB,10,0.0018222777074353516,
1874553,shot,14126,RB,10,0.0018222777074353516,
1874553,shot,14126,GK,10,0.0018222777074353516,
1874553,shot,14139,RDM,10,0.004881735518016351,
1874553,shot,14139,CF,10,0.004881735518016351,
1874553,shot,14139,LW,10,0.004881735518016351,
1874553,shot,14139,AM,10,0.004881735518016351,
1874553,shot,14139,RCB,10,0.004881735518016351,
1874553,shot,14139,LDM,10,0.004881735518016351,
1874553,shot,14139,LCB,10,0.004881735518016351,
1874553,shot,14139,LB,10,0.004881735518016351,
1874553,shot,14139,RB,10,0.004881735518016351,
1874553,shot,14139,GK,10,0.004881735518016351,
1874553,shot,14175,RW,11,0.07542027615596306,
1874553,shot,14175,CF,11,0.07542027615596306,
1874553,shot,14175,LW,11,0.07542027615596306,
1874553,shot,14175,AM,11,0.07542027615596306,
1874553,shot,14175,RB,11,0.07542027615596306,
1874553,shot,14175,RCB,11,0.07542027615596306,
1874553,shot,14175,LCB,11,0.07542027615596306,
1874553,shot,14175,LDM,11,0.07542027615596306,
1874553,shot,14175,LB,11,0.07542027615596306,
1874553,shot,14175,GK,11,0.07542027615596306,
1874553,shot,14175,RDM,11,0.07542027615596306,
1874553,shot,14201,RW,10,0.16351527532192286,
1874553,shot,14201,LW,10,0.16351527532192286,
1874553,shot,14201,CF,10,0.16351527532192286,
1874553,shot,14201,AM,10,0.16351527532192286,
1874553,shot,14201,RB,10,0.16351527532192286,
1874553,shot,14201,RDM,10,0.16351527532192286,
1874553,shot,14201,LCB,10,0.16351527532192286,
1874553,shot,14201,LDM,10,0.16351527532192286,
1874553,shot,14201,RCB,10,0.16351527532192286,
1874553,shot,14201,GK,10,0.16351527532192286,
1874553,shot,14214,CF,9,0.2918696799511329,
1874553,shot,14214,LW,9,0.2918696799511329,
1874553,shot,14214,RW,9,0.2918696799511329,
1874553,shot,14214,AM,9,0.2918696799511329,
1874553,shot,14214,RCB,9,0.2918696799511329,
1874553,shot,14214,RDM,9,0.2918696799511329,
1874553,shot,14214,LCB,9,0.2918696799511329,
1874553,shot,14214,LDM,9,0.2918696799511329,
1874553,shot,14214,GK,9,0.2918696799511329,
1874553,shot,16633,AM,10,0.06918349291831569,
1874553,shot,16633,CF,10,0.06918349291831569,
1874553,shot,16633,LDM,10,0.06918349291831569,
1874553,shot,16633,LW,10,0.06918349291831569,
1874553,shot,16633,RW,10,0.06918349291831569,
1874553,shot,16633,LCB,10,0.06918349291831569,
1874553,shot,16633,RDM,10,0.06918349291831569,
1874553,shot,16633,LB,10,0.06918349291831569,
1874553,shot,16633,GK,10,0.06918349291831569,
1874553,shot,16633,RCB,10,0.06918349291831569,
1874553,shot,16652,LDM,11,0.041722509276584295,
1874553,shot,16652,CF,11,0.041722509276584295,
1874553,shot,16652,AM,11,0.041722509276584295,
1874553,shot,16652,LW,11,0.041722509276584295,
1874553,shot,16652,RW,11,0.041722509276584295,
1874553,shot,16652,LCB,11,0.041722509276584295,
1874553,shot,16652,RDM,11,0.041722509276584295,
1874553,shot,16652,RB,11,0.041722509276584295,
1874553,shot,16652,LB,11,0.041722509276584295,
1874553,shot,16652,RCB,11,0.041722509276584295,
1874553,shot,16652,GK,11,0.041722509276584295,
1874553,shot,16666,CF,10,0.029777971854827955,
1874553,shot,16666,LCB,10,0.029777971854827955,
1874553,shot,16666,AM,10,0.029777971854827955,
1874553,shot,16666,LW,10,0.029777971854827955,
1874553,shot,16666,RW,10,0.029777971854827955,
1874553,shot,16666,LDM,10,0.029777971854827955,
1874553,shot,16666,RDM,10,0.029777971854827955,
1874553,shot,16666,LB,10,0.029777971854827955,
1874553,shot,16666,RCB,10,0.029777971854827955,
1874553,shot,16666,GK,10,0.029777971854827955,
1874553,shot,16682,CF,10,0.04527115058119986,
1874553,shot,16682,LCB,10,0.04527115058119986,
1874553,shot,16682,AM,10,0.04527115058119986,
1874553,shot,16682,LW,10,0.04527115058119986,
1874553,shot,16682,RW,10,0.04527115058119986,
1874553,shot,16682,LDM,10,0.04527115058119986,
1874553,shot,16682,RDM,10,0.04527115058119986,
1874553,shot,16682,LB,10,0.04527115058119986,
1874553,shot,16682,RCB,10,0.04527115058119986,
1874553,shot,16682,GK,10,0.04527115058119986,
1874553,shot,16702,LW,11,0.1396133661964709,
1874553,shot,16702,CF,11,0.1396133661964709,
1874553,shot,16702,AM,11,0.1396133661964709,
1874553,shot,16702,LB,11,0.1396133661964709,
1874553,shot,16702,RB,11,0.1396133661964709,
1874553,shot,16702,LDM,11,0.1396133661964709,
1874553,shot,16702,RDM,11,0.1396133661964709,
1874553,shot,16702,RW,11,0.1396133661964709,
1874553,shot,16702,LCB,11,0.1396133661964709,
1874553,shot,16702,RCB,11,0.1396133661964709,
1874553,shot,16702,GK,11,0.1396133661964709,
1874553,shot,16713,LDM,10,0.2146305358368525,
1874553,shot,16713,CF,10,0.2146305358368525,
1874553,shot,16713,AM,10,0.2146305358368525,
1874553,shot,16713,RB,10,0.2146305358368525,
1874553,shot,16713,RCB,10,0.2146305358368525,
1874553,shot,16713,RDM,10,0.2146305358368525,
1874553,shot,16713,RW,10,0.2146305358368525,
1874553,shot,16713,LB,10,0.2146305358368525,
1874553,shot,16713,LCB,10,0.2146305358368525,
1874553,shot,16713,GK,10,0.2146305358368525,
1874553,shot,18027,LW,8,4.312365983848271e-06,
1874553,shot,18027,AM,8,4.312365983848271e-06,
1874553,shot,18027,LB,8,4.312365983848271e-06,
1874553,shot,18027,RDM,8,4.312365983848271e-06,
1874553,shot,18027,LDM,8,4.312365983848271e-06,
1874553,shot,18027,GK,8,4.312365983848271e-06,
1874553,shot,18027,LCB,8,4.312365983848271e-06,
1874553,shot,18027,RB,8,4.312365983848271e-06,
1874553,shot,18078,RDM,11,0.004614987958826531,
1874553,shot,18078,LB,11,0.004614987958826531,
1874553,shot,18078,AM,11,0.004614987958826531,
1874553,shot,18078,LW,11,0.004614987958826531,
1874553,shot,18078,CF,11,0.004614987958826531,
1874553,shot,18078,RW,11,0.004614987958826531,
1874553,shot,18078,LDM,11,0.004614987958826531,
1874553,shot,18078,GK,11,0.004614987958826531,
1874553,shot,18078,LCB,11,0.004614987958826531,
1874553,shot,18078,RB,11,0.004614987958826531,
1874553,shot,18078,RCB,11,0.004614987958826531,
1874553,shot,18097,RW,10,0.003340042668060938,
1874553,shot,18097,LB,10,0.003340042668060938,
1874553,shot,18097,AM,10,0.003340042668060938,
1874553,shot,18097,CF,10,0.003340042668060938,
1874553,shot,18097,RDM,10,0.003340042668060938,
1874553,shot,18097,LDM,10,0.003340042668060938,
1874553,shot,18097,RCB,10,0.003340042668060938,
1874553,shot,18097,LCB,10,0.003340042668060938,
1874553,shot,18097,RB,10,0.003340042668060938,
1874553,shot,18097,GK,10,0.003340042668060938,
1874553,shot,28787,LDM,10,0.1499180831630408,
1874553,shot,28787,CF,10,0.1499180831630408,
1874553,shot,28787,LW,10,0.1499180831630408,
1874553,shot,28787,RB,10,0.1499180831630408,
1874553,shot,28787,RCB,10,0.1499180831630408,
1874553,shot,28787,LCB,10,0.1499180831630408,
1874553,shot,28787,GK,10,0.1499180831630408,
1874553,shot,28787,LB,10,0.1499180831630408,
1874553,shot,28787,AM,10,0.1499180831630408,
1874553,shot,28787,RDM,10,0.1499180831630408,
1874553,shot,28840,LB,10,0.11068366377741662,
1874553,shot,28840,CF,10,0.11068366377741662,
1874553,shot,28840,RW,10,0.11068366377741662,
1874553,shot,28840,LW,10,0.11068366377741662,
1874553,shot,28840,RDM,10,0.11068366377741662,
1874553,shot,28840,LCB,10,0.11068366377741662,
1874553,shot,28840,GK,10,0.11068366377741662,
1874553,shot,28840,LDM,10,0.11068366377741662,
1874553,shot,28840,AM,10,0.11068366377741662,
1874553,shot,28840,RCB,10,0.11068366377741662,
1874553,shot,30890,AM,11,0.019552229799254906,
1874553,shot,30890,GK,11,0.019552229799254906,
1874553,shot,30890,CF,11,0.019552229799254906,
1874553,shot,30890,LW,11,0.019552229799254906,
1874553,shot,30890,RW,11,0.019552229799254906,
1874553,shot,30890,LDM,11,0.019552229799254906,
1874553,shot,30890,RDM,11,0.019552229799254906,
1874553,shot,30890,RCB,11,0.019552229799254906,
1874553,shot,30890,LB,11,0.019552229799254906,
1874553,shot,30890,RB,11,0.019552229799254906,
1874553,shot,30890,LCB,11,0.019552229799254906,
1874553,shot,30903,AM,10,0.05481295726886015,
1874553,shot,30903,CF,10,0.05481295726886015,
1874553,shot,30903,LDM,10,0.05481295726886015,
1874553,shot,30903,RW,10,0.05481295726886015,
1874553,shot,30903,GK,10,0.05481295726886015,
1874553,shot,30903,RDM,10,0.05481295726886015,
1874553,shot,30903,RCB,10,0.05481295726886015,
1874553,shot,30903,LW,10,0.05481295726886015,
1874553,shot,30903,RB,10,0.05481295726886015,
1874553,shot,30903,LCB,10,0.05481295726886015,
1874553,shot,30927,CF,11,0.03467864423107981,
1874553,shot,30927,LB,11,0.03467864423107981,
1874553,shot,30927,AM,11,0.03467864423107981,
1874553,shot,30927,RDM,11,0.03467864423107981,
1874553,shot,30927,RW,11,0.03467864423107981,
1874553,shot,30927,LDM,11,0.03467864423107981,
1874553,shot,30927,GK,11,0.03467864423107981,
1874553,shot,30927,RCB,11,0.03467864423107981,
1874553,shot,30927,LW,11,0.03467864423107981,
1874553,shot,30927,RB,11,0.03467864423107981,
1874553,shot,30927,LCB,11,0.03467864423107981,
1874553,shot,30931,CF,11,0.03244332547406648,
1874553,shot,30931,LB,11,0.03244332547406648,
1874553,shot,30931,AM,11,0.03244332547406648,
1874553,shot,30931,RDM,11,0.03244332547406648,
1874553,shot,30931,RW,11,0.03244332547406648,
1874553,shot,30931,LDM,11,0.03244332547406648,
1874553,shot,30931,GK,11,0.03244332547406648,
1874553,shot,30931,RCB,11,0.03244332547406648,
1874553,shot,30931,LW,11,0.03244332547406648,
1874553,shot,30931,RB,11,0.03244332547406648,
1874553,shot,30931,LCB,11,0.03244332547406648,
1874553,shot,32031,LW,6,6.941985555759861e-05,
1874553,shot,32031,AM,6,6.941985555759861e-05,
1874553,shot,32031,LB,6,6.941985555759861e-05,
1874553,shot,32031,RB,6,6.941985555759861e-05,
1874553,shot,32031,LCB,6,6.941985555759861e-05,
1874553,shot,32031,GK,6,6.941985555759861e-05,
1874553,shot,32059,LW,11,0.001229787722107644,
1874553,shot,32059,AM,11,0.001229787722107644,
1874553,shot,32059,CF,11,0.001229787722107644,
1874553,shot,32059,LB,11,0.001229787722107644,
1874553,shot,32059,RB,11,0.001229787722107644,
1874553,shot,32059,RW,11,0.001229787722107644,
1874553,shot,32059,LDM,11,0.001229787722107644,
1874553,shot,32059,RDM,11,0.001229787722107644,
1874553,shot,32059,LCB,11,0.001229787722107644,
1874553,shot,32059,RCB,11,0.001229787722107644,
1874553,shot,32059,GK,11,0.001229787722107644,
1874553,shot,32103,CF,11,5.897370253672009e-05,
1874553,shot,32103,LB,11,5.897370253672009e-05,
1874553,shot,32103,AM,11,5.897370253672009e-05,
1874553,shot,32103,LW,11,5.897370253672009e-05,
1874553,shot,32103,RB,11,5.897370253672009e-05,
1874553,shot,32103,RW,11,5.897370253672009e-05,
1874553,shot,32103,LDM,11,5.897370253672009e-05,
1874553,shot,32103,RDM,11,5.897370253672009e-05,
1874553,shot,32103,LCB,11,5.897370253672009e-05,
1874553,shot,32103,RCB,11,5.897370253672009e-05,
1874553,shot,32103,GK,11,5.897370253672009e-05,
1874553,shot,33226,RW,11,3.996555072069655e-05,
1874553,shot,33226,LW,11,3.996555072069655e-05,
1874553,shot,33226,RCB,11,3.996555072069655e-05,
1874553,shot,33226,CF,11,3.996555072069655e-05,
1874553,shot,33226,RB,11,3.996555072069655e-05,
1874553,shot,33226,RDM,11,3.996555072069655e-05,
1874553,shot,33226,AM,11,3.996555072069655e-05,
1874553,shot,33226,LDM,11,3.996555072069655e-05,
1874553,shot,33226,LB,11,3.996555072069655e-05,
1874553,shot,33226,GK,11,3.996555072069655e-05,
1874553,shot,33226,LCB,11,3.996555072069655e-05,
1874553,shot,33275,AM,11,0.1001583431669176,
1874553,shot,33275,CF,11,0.1001583431669176,
1874553,shot,33275,RW,11,0.1001583431669176,
1874553,shot,33275,LDM,11,0.1001583431669176,
1874553,shot,33275,RCB,11,0.1001583431669176,
1874553,shot,33275,RDM,11,0.1001583431669176,
1874553,shot,33275,LW,11,0.1001583431669176,
1874553,shot,33275,LCB,11,0.1001583431669176,
1874553,shot,33275,LB,11,0.1001583431669176,
1874553,shot,33275,RB,11,0.1001583431669176,
1874553,shot,33275,GK,11,0.1001583431669176,
1874553,shot,33281,AM,11,0.10934039466050215,
1874553,shot,33281,CF,11,0.10934039466050215,
1874553,shot,33281,RW,11,0.10934039466050215,
1874553,shot,33281,LDM,11,0.10934039466050215,
1874553,shot,33281,RCB,11,0.10934039466050215,
1874553,shot,33281,LW,11,0.10934039466050215,
1874553,shot,33281,RDM,11,0.10934039466050215,
1874553,shot,33281,LCB,11,0.10934039466050215,
1874553,shot,33281,LB,11,0.10934039466050215,
1874553,shot,33281,RB,11,0.10934039466050215,
1874553,shot,33281,GK,11,0.10934039466050215,
1874553,shot,33309,RW,11,0.042280807911633286,
1874553,shot,33309,CF,11,0.042280807911633286,
1874553,shot,33309,AM,11,0.042280807911633286,
1874553,shot,33309,LDM,11,0.042280807911633286,
1874553,shot,33309,RCB,11,0.042280807911633286,
1874553,shot,33309,GK,11,0.042280807911633286,
1874553,shot,33309,LW,11,0.042280807911633286,
1874553,shot,33309,RDM,11,0.042280807911633286,
1874553,shot,33309,LB,11,0.042280807911633286,
1874553,shot,33309,RB,11,0.042280807911633286,
1874553,shot,33309,LCB,11,0.042280807911633286,
1874553,shot,33320,RW,11,0.060200282423646834,
1874553,shot,33320,CF,11,0.060200282423646834,
1874553,shot,33320,AM,11,0.060200282423646834,
1874553,shot,33320,LB,11,0.060200282423646834,
1874553,shot,33320,RCB,11,0.060200282423646834,
1874553,shot,33320,LW,11,0.060200282423646834,
1874553,shot,33320,RDM,11,0.060200282423646834,
1874553,shot,33320,LDM,11,0.060200282423646834,
1874553,shot,33320,GK,11,0.060200282423646834,
1874553,shot,33320,RB,11,0.060200282423646834,
1874553,shot,33320,LCB,11,0.060200282423646834,
1874553,shot,37957,LCB,11,0.025786782939432824,
1874553,shot,37957,GK,11,0.025786782939432824,
1874553,shot,37957,CF,11,0.025786782939432824,
1874553,shot,37957,LDM,11,0.025786782939432824,
1874553,shot,37957,RB,11,0.025786782939432824,
1874553,shot,37957,RDM,11,0.025786782939432824,
1874553,shot,37957,LW,11,0.025786782939432824,
1874553,shot,37957,AM,11,0.025786782939432824,
1874553,shot,37957,LB,11,0.025786782939432824,
1874553,shot,37957,RW,11,0.025786782939432824,
1874553,shot,37957,RCB,11,0.025786782939432824,
1874553,shot,37976,LB,11,0.1324095649553815,
1874553,shot,37976,LDM,11,0.1324095649553815,
1874553,shot,37976,CF,11,0.1324095649553815,
1874553,shot,37976,LCB,11,0.1324095649553815,
1874553,shot,37976,RB,11,0.1324095649553815,
1874553,shot,37976,RDM,11,0.1324095649553815,
1874553,shot,37976,LW,11,0.1324095649553815,
1874553,shot,37976,AM,11,0.1324095649553815,
1874553,shot,37976,GK,11,0.1324095649553815,
1874553,shot,37976,RW,11,0.1324095649553815,
1874553,shot,37976,RCB,11,0.1324095649553815,
1874553,shot,38049,AM,11,0.09783857428629696,
1874553,shot,38049,LDM,11,0.09783857428629696,
1874553,shot,38049,LB,11,0.09783857428629696,
1874553,shot,38049,CF,11,0.09783857428629696,
1874553,shot,38049,RB,11,0.09783857428629696,
1874553,shot,38049,RW,11,0.09783857428629696,
1874553,shot,38049,LW,11,0.09783857428629696,
1874553,shot,38049,RDM,11,0.09783857428629696,
1874553,shot,38049,LCB,11,0.09783857428629696,
1874553,shot,38049,GK,11,0.09783857428629696,
1874553,shot,38049,RCB,11,0.09783857428629696,
1874553,shot,38818,RB,11,0.0014260174993083541,
1874553,shot,38818,AM,11,0.0014260174993083541,
1874553,shot,38818,CF,11,0.0014260174993083541,
1874553,shot,38818,LB,11,0.0014260174993083541,
1874553,shot,38818,RW,11,0.0014260174993083541,
1874553,shot,38818,LDM,11,0.0014260174993083541,
1874553,shot,38818,LW,11,0.0014260174993083541,
1874553,shot,38818,RDM,11,0.0014260174993083541,
1874553,shot,38818,LCB,11,0.0014260174993083541,
1874553,shot,38818,RCB,11,0.0014260174993083541,
1874553,shot,38818,GK,11,0.0014260174993083541,
1874553,goal,38829,RB,11,0.0011488110346566426,
1874553,goal,38829,AM,11,0.0011488110346566426,
1874553,goal,38829,CF,11,0.0011488110346566426,
1874553,goal,38829,LDM,11,0.0011488110346566426,
1874553,goal,38829,RW,11,0.0011488110346566426,
1874553,goal,38829,LB,11,0.0011488110346566426,
1874553,goal,38829,LW,11,0.0011488110346566426,
1874553,goal,38829,RDM,11,0.0011488110346566426,
1874553,goal,38829,GK,11,0.0011488110346566426,
1874553,goal,38829,RCB,11,0.0011488110346566426,
1874553,goal,38829,LCB,11,0.0011488110346566426,
1874553,goal,38856,RW,11,0.0007795948603877015,
1874553,goal,38856,AM,11,0.0007795948603877015,
1874553,goal,38856,CF,11,0.0007795948603877015,
1874553,goal,38856,LDM,11,0.0007795948603877015,
1874553,goal,38856,RB,11,0.0007795948603877015,
1874553,goal,38856,GK,11,0.0007795948603877015,
1874553,goal,38856,LW,11,0.0007795948603877015,
1874553,goal,38856,RDM,11,0.0007795948603877015,
1874553,goal,38856,LB,11,0.0007795948603877015,
1874553,goal,38856,RCB,11,0.0007795948603877015,
1874553,goal,38856,LCB,11,0.0007795948603877015,
1874553,goal,38874,RW,11,0.0008073715275903295,
1874553,goal,38874,AM,11,0.0008073715275903295,
1874553,goal,38874,CF,11,0.0008073715275903295,
1874553,goal,38874,LDM,11,0.0008073715275903295,
1874553,goal,38874,RB,11,0.0008073715275903295,
1874553,goal,38874,LCB,11,0.0008073715275903295,
1874553,goal,38874,LW,11,0.0008073715275903295,
1874553,goal,38874,RDM,11,0.0008073715275903295,
1874553,goal,38874,LB,11,0.0008073715275903295,
1874553,goal,38874,RCB,11,0.0008073715275903295,
1874553,goal,38874,GK,11,0.0008073715275903295,
1874553,goal,38904,CF,10,0.014973129121980455,
1874553,goal,38904,AM,10,0.014973129121980455,
1874553,goal,38904,LDM,10,0.014973129121980455,
1874553,goal,38904,RW,10,0.014973129121980455,
1874553,goal,38904,GK,10,0.014973129121980455,
1874553,goal,38904,LW,10,0.014973129121980455,
1874553,goal,38904,RDM,10,0.014973129121980455,
1874553,goal,38904,LB,10,0.014973129121980455,
1874553,goal,38904,RCB,10,0.014973129121980455,
1874553,goal,38904,LCB,10,0.014973129121980455,
1874553,goal,38918,CF,11,0.0062253592448294655,
1874553,goal,38918,AM,11,0.0062253592448294655,
1874553,goal,38918,RB,11,0.0062253592448294655,
1874553,goal,38918,LDM,11,0.0062253592448294655,
1874553,goal,38918,RW,11,0.0062253592448294655,
1874553,goal,38918,GK,11,0.0062253592448294655,
1874553,goal,38918,LW,11,0.0062253592448294655,
1874553,goal,38918,RDM,11,0.0062253592448294655,
1874553,goal,38918,LB,11,0.0062253592448294655,
1874553,goal,38918,RCB,11,0.0062253592448294655,
1874553,goal,38918,LCB,11,0.0062253592448294655,
1874553,shot,41156,GK,11,0.31479147981993505,
1874553,shot,41156,CF,11,0.31479147981993505,
1874553,shot,41156,RW,11,0.31479147981993505,
1874553,shot,41156,AM,11,0.31479147981993505,
1874553,shot,41156,RB,11,0.31479147981993505,
1874553,shot,41156,LCB,11,0.31479147981993505,
1874553,shot,41156,LW,11,0.31479147981993505,
1874553,shot,41156,LB,11,0.31479147981993505,
1874553,shot,41156,LDM,11,0.31479147981993505,
1874553,shot,41156,RDM,11,0.31479147981993505,
1874553,shot,41156,RCB,11,0.31479147981993505,
1874553,shot,41173,RB,11,0.24900803242252026,
1874553,shot,41173,CF,11,0.24900803242252026,
1874553,shot,41173,RW,11,0.24900803242252026,
1874553,shot,41173,LB,11,0.24900803242252026,
1874553,shot,41173,GK,11,0.24900803242252026,
1874553,shot,41173,LDM,11,0.24900803242252026,
1874553,shot,41173,LW,11,0.24900803242252026,
1874553,shot,41173,AM,11,0.24900803242252026,
1874553,shot,41173,LCB,11,0.24900803242252026,
1874553,shot,41173,RDM,11,0.24900803242252026,
1874553,shot,41173,RCB,11,0.24900803242252026,
1874553,shot,41194,CF,10,0.16597101184065385,
1874553,shot,41194,RW,10,0.16597101184065385,
1874553,shot,41194,RB,10,0.16597101184065385,
1874553,shot,41194,LB,10,0.16597101184065385,
1874553,shot,41194,GK,10,0.16597101184065385,
1874553,shot,41194,LDM,10,0.16597101184065385,
1874553,shot,41194,AM,10,0.16597101184065385,
1874553,shot,41194,LCB,10,0.16597101184065385,
1874553,shot,41194,RDM,10,0.16597101184065385,
1874553,shot,41194,RCB,10,0.16597101184065385,
1874553,shot,41237,AM,8,0.03672543104569454,
1874553,shot,41237,RW,8,0.03672543104569454,
1874553,shot,41237,LB,8,0.03672543104569454,
1874553,shot,41237,RB,8,0.03672543104569454,
1874553,shot,41237,GK,8,0.03672543104569454,
1874553,shot,41237,LDM,8,0.03672543104569454,
1874553,shot,41237,RDM,8,0.03672543104569454,
1874553,shot,41237,RCB,8,0.03672543104569454,
1874553,shot,44050,LB,10,0.01066167677046935,
1874553,shot,44050,AM,10,0.01066167677046935,
1874553,shot,44050,CF,10,0.01066167677046935,
1874553,shot,44050,LW,10,0.01066167677046935,
1874553,shot,44050,RDM,10,0.01066167677046935,
1874553,shot,44050,RCB,10,0.01066167677046935,
1874553,shot,44050,LCB,10,0.01066167677046935,
1874553,shot,44050,GK,10,0.01066167677046935,
1874553,shot,44050,RB,10,0.01066167677046935,
1874553,shot,44050,LDM,10,0.01066167677046935,
1874553,shot,44086,LB,10,0.0954579920613721,
1874553,shot,44086,LW,10,0.0954579920613721,
1874553,shot,44086,AM,10,0.0954579920613721,
1874553,shot,44086,RDM,10,0.0954579920613721,
1874553,shot,44086,LDM,10,0.0954579920613721,
1874553,shot,44086,RW,10,0.0954579920613721,
1874553,shot,44086,LCB,10,0.0954579920613721,
1874553,shot,44086,RCB,10,0.0954579920613721,
1874553,shot,44086,RB,10,0.0954579920613721,
1874553,shot,44086,GK,10,0.0954579920613721,
1874553,shot,44101,LB,11,0.08957210656283347,
1874553,shot,44101,LW,11,0.08957210656283347,
1874553,shot,44101,CF,11,0.08957210656283347,
1874553,shot,44101,AM,11,0.08957210656283347,
1874553,shot,44101,RDM,11,0.08957210656283347,
1874553,shot,44101,RW,11,0.08957210656283347,
1874553,shot,44101,LDM,11,0.08957210656283347,
1874553,shot,44101,LCB,11,0.08957210656283347,
1874553,shot,44101,RCB,11,0.08957210656283347,
1874553,shot,44101,RB,11,0.08957210656283347,
1874553,shot,44101,GK,11,0.08957210656283347,
1874553,shot,44107,LB,11,0.07483599513849044,
1874553,shot,44107,LW,11,0.07483599513849044,
1874553,shot,44107,CF,11,0.07483599513849044,
1874553,shot,44107,AM,11,0.07483599513849044,
1874553,shot,44107,RDM,11,0.07483599513849044,
1874553,shot,44107,RW,11,0.07483599513849044,
1874553,shot,44107,LDM,11,0.07483599513849044,
1874553,shot,44107,LCB,11,0.07483599513849044,
1874553,shot,44107,RCB,11,0.07483599513849044,
1874553,shot,44107,RB,11,0.07483599513849044,
1874553,shot,44107,GK,11,0.07483599513849044,
1874553,shot,44130,RDM,10,0.018155973515976934,
1874553,shot,44130,AM,10,0.018155973515976934,
1874553,shot,44130,LW,10,0.018155973515976934,
1874553,shot,44130,LB,10,0.018155973515976934,
1874553,shot,44130,LCB,10,0.018155973515976934,
1874553,shot,44130,LDM,10,0.018155973515976934,
1874553,shot,44130,RW,10,0.018155973515976934,
1874553,shot,44130,RCB,10,0.018155973515976934,
1874553,shot,44130,RB,10,0.018155973515976934,
1874553,shot,44130,GK,10,0.018155973515976934,
1874553,shot,44147,RDM,11,0.005908275164660443,
1874553,shot,44147,GK,11,0.005908275164660443,
1874553,shot,44147,LW,11,0.005908275164660443,
1874553,shot,44147,LB,11,0.005908275164660443,
1874553,shot,44147,CF,11,0.005908275164660443,
1874553,shot,44147,LCB,11,0.005908275164660443,
1874553,shot,44147,AM,11,0.005908275164660443,
1874553,shot,44147,RW,11,0.005908275164660443,
1874553,shot,44147,LDM,11,0.005908275164660443,
1874553,shot,44147,RB,11,0.005908275164660443,
1874553,shot,44147,RCB,11,0.005908275164660443,
1874553,shot,47549,LW,11,0.024804328170086754,
1874553,shot,47549,LDM,11,0.024804328170086754,
1874553,shot,47549,CF,11,0.024804328170086754,
1874553,shot,47549,RW,11,0.024804328170086754,
1874553,shot,47549,RB,11,0.024804328170086754,
1874553,shot,47549,RDM,11,0.024804328170086754,
1874553,shot,47549,LB,11,0.024804328170086754,
1874553,shot,47549,AM,11,0.024804328170086754,
1874553,shot,47549,GK,11,0.024804328170086754,
1874553,shot,47549,LCB,11,0.024804328170086754,
1874553,shot,47549,RCB,11,0.024804328170086754,
1874553,shot,47605,LW,9,1.223256615551351e-06,
1874553,shot,47605,LDM,9,1.223256615551351e-06,
1874553,shot,47605,RW,9,1.223256615551351e-06,
1874553,shot,47605,RCB,9,1.223256615551351e-06,
1874553,shot,47605,LB,9,1.223256615551351e-06,
1874553,shot,47605,AM,9,1.223256615551351e-06,
1874553,shot,47605,RDM,9,1.223256615551351e-06,
1874553,shot,47605,LCB,9,1.223256615551351e-06,
1874553,shot,47605,GK,9,1.223256615551351e-06,
1874553,shot,47617,LCB,11,2.3647342293709412e-07,
1874553,shot,47617,RW,11,2.3647342293709412e-07,
1874553,shot,47617,CF,11,2.3647342293709412e-07,
1874553,shot,47617,LDM,11,2.3647342293709412e-07,
1874553,shot,47617,RB,11,2.3647342293709412e-07,
1874553,shot,47617,RDM,11,2.3647342293709412e-07,
1874553,shot,47617,LW,11,2.3647342293709412e-07,
1874553,shot,47617,AM,11,2.3647342293709412e-07,
1874553,shot,47617,RCB,11,2.3647342293709412e-07,
1874553,shot,47617,LB,11,2.3647342293709412e-07,
1874553,shot,47617,GK,11,2.3647342293709412e-07,
1874553,shot,52748,RCB,8,0.0018092524234780277,
1874553,shot,52748,LW,8,0.0018092524234780277,
1874553,shot,52748,RDM,8,0.0018092524234780277,
1874553,shot,52748,LCB,8,0.0018092524234780277,
1874553,shot,52748,AM,8,0.0018092524234780277,
1874553,shot,52748,GK,8,0.0018092524234780277,
1874553,shot,52748,RDM,8,0.0018092524234780277,
1874553,shot,52748,RW,8,0.0018092524234780277,
1874553,shot,52765,RDM,9,0.0008330427226506366,
1874553,shot,52765,LW,9,0.0008330427226506366,
1874553,shot,52765,AM,9,0.0008330427226506366,
1874553,shot,52765,RCB,9,0.0008330427226506366,
1874553,shot,52765,LCB,9,0.0008330427226506366,
1874553,shot,52765,CF,9,0.0008330427226506366,
1874553,shot,52765,GK,9,0.0008330427226506366,
1874553,shot,52765,RDM,9,0.0008330427226506366,
1874553,shot,52765,RW,9,0.0008330427226506366,
1874553,shot,52778,RDM,9,0.0003112901158891639,
1874553,shot,52778,RCB,9,0.0003112901158891639,
1874553,shot,52778,AM,9,0.0003112901158891639,
1874553,shot,52778,CF,9,0.0003112901158891639,
1874553,shot,52778,LCB,9,0.0003112901158891639,
1874553,shot,52778,RW,9,0.0003112901158891639,
1874553,shot,52778,RDM,9,0.0003112901158891639,
1874553,shot,52778,RB,9,0.0003112901158891639,
1874553,shot,52778,GK,9,0.0003112901158891639,
1874553,shot,52793,RDM,10,0.00017975628267777433,
1874553,shot,52793,LW,10,0.00017975628267777433,
1874553,shot,52793,AM,10,0.00017975628267777433,
1874553,shot,52793,RCB,10,0.00017975628267777433,
1874553,shot,52793,CF,10,0.00017975628267777433,
1874553,shot,52793,LCB,10,0.00017975628267777433,
1874553,shot,52793,GK,10,0.00017975628267777433,
1874553,shot,52793,RDM,10,0.00017975628267777433,
1874553,shot,52793,RB,10,0.00017975628267777433,
1874553,shot,52793,RW,10,0.00017975628267777433,
1874553,shot,52818,RCB,10,0.00015945064766616034,
1874553,shot,52818,LW,10,0.00015945064766616034,
1874553,shot,52818,RDM,10,0.00015945064766616034,
1874553,shot,52818,GK,10,0.00015945064766616034,
1874553,shot,52818,CF,10,0.00015945064766616034,
1874553,shot,52818,RDM,10,0.00015945064766616034,
1874553,shot,52818,AM,10,0.00015945064766616034,
1874553,shot,52818,LCB,10,0.00015945064766616034,
1874553,shot,52818,RB,10,0.00015945064766616034,
1874553,shot,52818,RW,10,0.00015945064766616034,
1874553,shot,52836,LDM,10,0.00034354895952418076,
1874553,shot,52836,LW,10,0.00034354895952418076,
1874553,shot,52836,CF,10,0.00034354895952418076,
1874553,shot,52836,AM,10,0.00034354895952418076,
1874553,shot,52836,LCB,10,0.00034354895952418076,
1874553,shot,52836,RCB,10,0.00034354895952418076,
1874553,shot,52836,RW,10,0.00034354895952418076,
1874553,shot,52836,RB,10,0.00034354895952418076,
1874553,shot,52836,GK,10,0.00034354895952418076,
1874553,shot,52836,RDM,10,0.00034354895952418076,
1874553,shot,54345,RW,10,0.001898761411449369,
1874553,shot,54345,CF,10,0.001898761411449369,
1874553,shot,54345,AM,10,0.001898761411449369,
1874553,shot,54345,LDM,10,0.001898761411449369,
1874553,shot,54345,GK,10,0.001898761411449369,
1874553,shot,54345,RDM,10,0.001898761411449369,
1874553,shot,54345,LW,10,0.001898761411449369,
1874553,shot,54345,RCB,10,0.001898761411449369,
1874553,shot,54345,RB,10,0.001898761411449369,
1874553,shot,54345,LCB,10,0.001898761411449369,
1874553,shot,54395,RW,10,0.3014555794773113,
1874553,shot,54395,CF,10,0.3014555794773113,
1874553,shot,54395,RCB,10,0.3014555794773113,
1874553,shot,54395,LDM,10,0.3014555794773113,
1874553,shot,54395,GK,10,0.3014555794773113,
1874553,shot,54395,RDM,10,0.3014555794773113,
1874553,shot,54395,RB,10,0.3014555794773113,
1874553,shot,54395,AM,10,0.3014555794773113,
1874553,shot,54395,LW,10,0.3014555794773113,
1874553,shot,54395,LCB,10,0.3014555794773113,
1874553,shot,54443,LW,9,0.614703410765436,
1874553,shot,54443,CF,9,0.614703410765436,
1874553,shot,54443,RW,9,0.614703410765436,
1874553,shot,54443,RB,9,0.614703410765436,
1874553,shot,54443,GK,9,0.614703410765436,
1874553,shot,54443,RCB,9,0.614703410765436,
1874553,shot,54443,LDM,9,0.614703410765436,
1874553,shot,54443,RDM,9,0.614703410765436,
1874553,shot,54443,LCB,9,0.614703410765436,
1874553,shot,58224,CF,10,0.0026806354796372386,
1874553,shot,58224,LDM,10,0.0026806354796372386,
1874553,shot,58224,LCB,10,0.0026806354796372386,
1874553,shot,58224,RW,10,0.0026806354796372386,
1874553,shot,58224,RB,10,0.0026806354796372386,
1874553,shot,58224,AM,10,0.0026806354796372386,
1874553,shot,58224,AM,10,0.0026806354796372386,
1874553,shot,58224,LB,10,0.0026806354796372386,
1874553,shot,58224,RCB,10,0.0026806354796372386,
1874553,shot,58224,GK,10,0.0026806354796372386,
1874553,shot,58248,CF,7,3.3431558948824785e-05,
1874553,shot,58248,LCB,7,3.3431558948824785e-05,
1874553,shot,58248,AM,7,3.3431558948824785e-05,
1874553,shot,58248,RB,7,3.3431558948824785e-05,
1874553,shot,58248,AM,7,3.3431558948824785e-05,
1874553,shot,58248,LB,7,3.3431558948824785e-05,
1874553,shot,58248,GK,7,3.3431558948824785e-05,
1874553,shot,58256,CF,8,4.689978717953857e-06,
1874553,shot,58256,LCB,8,4.689978717953857e-06,
1874553,shot,58256,AM,8,4.689978717953857e-06,
1874553,shot,58256,RB,8,4.689978717953857e-06,
1874553,shot,58256,RW,8,4.689978717953857e-06,
1874553,shot,58256,AM,8,4.689978717953857e-06,
1874553,shot,58256,LB,8,4.689978717953857e-06,
1874553,shot,58256,GK,8,4.689978717953857e-06,
1886347,shot,1422,RB,10,0.0025414964097056196,
1886347,shot,1422,RW,10,0.0025414964097056196,
1886347,shot,1422,CF,10,0.0025414964097056196,
1886347,shot,1422,AM,10,0.0025414964097056196,
1886347,shot,1422,LDM,10,0.0025414964097056196,
1886347,shot,1422,RDM,10,0.0025414964097056196,
1886347,shot,1422,LB,10,0.0025414964097056196,
1886347,shot,1422,RCB,10,0.0025414964097056196,
1886347,shot,1422,LCB,10,0.0025414964097056196,
1886347,shot,1422,GK,10,0.0025414964097056196,
1886347,shot,1445,CF,10,0.0007385111696564023,
1886347,shot,1445,RW,10,0.0007385111696564023,
1886347,shot,1445,AM,10,0.0007385111696564023,
1886347,shot,1445,RB,10,0.0007385111696564023,
1886347,shot,1445,LDM,10,0.0007385111696564023,
1886347,shot,1445,RDM,10,0.0007385111696564023,
1886347,shot,1445,LB,10,0.0007385111696564023,
1886347,shot,1445,RCB,10,0.0007385111696564023,
1886347,shot,1445,LCB,10,0.0007385111696564023,
1886347,shot,1445,GK,10,0.0007385111696564023,
1886347,shot,1465,AM,10,8.387283655363185e-05,
1886347,shot,1465,RW,10,8.387283655363185e-05,
1886347,shot,1465,LW,10,8.387283655363185e-05,
1886347,shot,1465,RCB,10,8.387283655363185e-05,
1886347,shot,1465,LDM,10,8.387283655363185e-05,
1886347,shot,1465,RDM,10,8.387283655363185e-05,
1886347,shot,1465,LB,10,8.387283655363185e-05,
1886347,shot,1465,RB,10,8.387283655363185e-05,
1886347,shot,1465,LCB,10,8.387283655363185e-05,
1886347,shot,1465,GK,10,8.387283655363185e-05,
1886347,shot,4183,LW,7,0.0007378315343879919,
1886347,shot,4183,LCB,7,0.0007378315343879919,
1886347,shot,4183,CF,7,0.0007378315343879919,
1886347,shot,4183,GK,7,0.0007378315343879919,
1886347,shot,4183,AM,7,0.0007378315343879919,
1886347,shot,4183,DM,7,0.0007378315343879919,
1886347,shot,4183,RCB,7,0.0007378315343879919,
1886347,shot,4222,LW,9,0.01079918205739011,
1886347,shot,4222,AM,9,0.01079918205739011,
1886347,shot,4222,CF,9,0.01079918205739011,
1886347,shot,4222,LB,9,0.01079918205739011,
1886347,shot,4222,DM,9,0.01079918205739011,
1886347,shot,4222,RCB,9,0.01079918205739011,
1886347,shot,4222,LCB,9,0.01079918205739011,
1886347,shot,4222,RB,9,0.01079918205739011,
1886347,shot,4222,GK,9,0.01079918205739011,
1886347,shot,4235,LW,9,0.012248534210966276,
1886347,shot,4235,AM,9,0.012248534210966276,
1886347,shot,4235,CF,9,0.012248534210966276,
1886347,shot,4235,LB,9,0.012248534210966276,
1886347,shot,4235,DM,9,0.012248534210966276,
1886347,shot,4235,RCB,9,0.012248534210966276,
1886347,shot,4235,LCB,9,0.012248534210966276,
1886347,shot,4235,RB,9,0.012248534210966276,
1886347,shot,4235,GK,9,0.012248534210966276,
1886347,shot,10829,CF,11,3.6950627723389483e-07,
1886347,shot,10829,AM,11,3.6950627723389483e-07,
1886347,shot,10829,RB,11,3.6950627723389483e-07,
1886347,shot,10829,LW,11,3.6950627723389483e-07,
1886347,shot,10829,LDM,11,3.6950627723389483e-07,
1886347,shot,10829,RW,11,3.6950627723389483e-07,
1886347,shot,10829,RDM,11,3.6950627723389483e-07,
1886347,shot,10829,LB,11,3.6950627723389483e-07,
1886347,shot,10829,RCB,11,3.6950627723389483e-07,
1886347,shot,10829,LCB,11,3.6950627723389483e-07,
1886347,shot,10829,GK,11,3.6950627723389483e-07,
1886347,shot,10840,CF,11,1.1321800965042124e-06,
1886347,shot,10840,AM,11,1.1321800965042124e-06,
1886347,shot,10840,RB,11,1.1321800965042124e-06,
1886347,shot,10840,LW,11,1.1321800965042124e-06,
1886347,shot,10840,LDM,11,1.1321800965042124e-06,
1886347,shot,10840,RW,11,1.1321800965042124e-06,
1886347,shot,10840,RDM,11,1.1321800965042124e-06,
1886347,shot,10840,LB,11,1.1321800965042124e-06,
1886347,shot,10840,RCB,11,1.1321800965042124e-06,
1886347,shot,10840,LCB,11,1.1321800965042124e-06,
1886347,shot,10840,GK,11,1.1321800965042124e-06,
1886347,shot,12761,RCB,8,0.00022029960894309877,
1886347,shot,12761,DM,8,0.00022029960894309877,
1886347,shot,12761,LW,8,0.00022029960894309877,
1886347,shot,12761,RW,8,0.00022029960894309877,
1886347,shot,12761,CF,8,0.00022029960894309877,
1886347,shot,12761,AM,8,0.00022029960894309877,
1886347,shot,12761,GK,8,0.00022029960894309877,
1886347,shot,12761,RB,8,0.00022029960894309877,
1886347,shot,16117,CF,11,0.13135376297558424,
1886347,shot,16117,LCB,11,0.13135376297558424,
1886347,shot,16117,LW,11,0.13135376297558424,
1886347,shot,16117,CF,11,0.13135376297558424,
1886347,shot,16117,RW,11,0.13135376297558424,
1886347,shot,16117,AM,11,0.13135376297558424,
1886347,shot,16117,RB,11,0.13135376297558424,
1886347,shot,16117,DM,11,0.13135376297558424,
1886347,shot,16117,LB,11,0.13135376297558424,
1886347,shot,16117,RCB,11,0.13135376297558424,
1886347,shot,16117,GK,11,0.13135376297558424,
1886347,shot,16142,AM,10,0.2015346565597332,
1886347,shot,16142,LCB,10,0.2015346565597332,
1886347,shot,16142,LW,10,0.2015346565597332,
1886347,shot,16142,CF,10,0.2015346565597332,
1886347,shot,16142,RW,10,0.2015346565597332,
1886347,shot,16142,RCB,10,0.2015346565597332,
1886347,shot,16142,CF,10,0.2015346565597332,
1886347,shot,16142,DM,10,0.2015346565597332,
1886347,shot,16142,LB,10,0.2015346565597332,
1886347,shot,16142,GK,10,0.2015346565597332,
1886347,shot,16163,LW,10,0.08049704285504992,
1886347,shot,16163,LCB,10,0.08049704285504992,
1886347,shot,16163,AM,10,0.08049704285504992,
1886347,shot,16163,CF,10,0.08049704285504992,
1886347,shot,16163,RW,10,0.08049704285504992,
1886347,shot,16163,RCB,10,0.08049704285504992,
1886347,shot,16163,DM,10,0.08049704285504992,
1886347,shot,16163,LB,10,0.08049704285504992,
1886347,shot,16163,RB,10,0.08049704285504992,
1886347,shot,16163,GK,10,0.08049704285504992,
1886347,shot,16191,AM,10,0.08111542971609789,
1886347,shot,16191,LCB,10,0.08111542971609789,
1886347,shot,16191,LW,10,0.08111542971609789,
1886347,shot,16191,CF,10,0.08111542971609789,
1886347,shot,16191,RW,10,0.08111542971609789,
1886347,shot,16191,RCB,10,0.08111542971609789,
1886347,shot,16191,DM,10,0.08111542971609789,
1886347,shot,16191,LB,10,0.08111542971609789,
1886347,shot,16191,RB,10,0.08111542971609789,
1886347,shot,16191,GK,10,0.08111542971609789,
1886347,shot,27270,RW,8,2.9520058819505915e-07,
1886347,shot,27270,LW,8,2.9520058819505915e-07,
1886347,shot,27270,RCB,8,2.9520058819505915e-07,
1886347,shot,27270,RDM,8,2.9520058819505915e-07,
1886347,shot,27270,LB,8,2.9520058819505915e-07,
1886347,shot,27270,LCB,8,2.9520058819505915e-07,
1886347,shot,27270,RB,8,2.9520058819505915e-07,
1886347,shot,27270,GK,8,2.9520058819505915e-07,
1886347,shot,27362,LW,10,0.00016262576583577474,
1886347,shot,27362,CF,10,0.00016262576583577474,
1886347,shot,27362,RDM,10,0.00016262576583577474,
1886347,shot,27362,RW,10,0.00016262576583577474,
1886347,shot,27362,LDM,10,0.00016262576583577474,
1886347,shot,27362,LCB,10,0.00016262576583577474,
1886347,shot,27362,LB,10,0.00016262576583577474,
1886347,shot,27362,RCB,10,0.00016262576583577474,
1886347,shot,27362,RB,10,0.00016262576583577474,
1886347,shot,27362,GK,10,0.00016262576583577474,
1886347,shot,32954,RB,9,0.0016431769682844833,
1886347,shot,32954,RW,9,0.0016431769682844833,
1886347,shot,32954,LW,9,0.0016431769682844833,
1886347,shot,32954,LDM,9,0.0016431769682844833,
1886347,shot,32954,AM,9,0.0016431769682844833,
1886347,shot,32954,LB,9,0.0016431769682844833,
1886347,shot,32954,RCB,9,0.0016431769682844833,
1886347,shot,32954,LCB,9,0.0016431769682844833,
1886347,shot,32954,GK,9,0.0016431769682844833,
1886347,shot,32992,CF,9,0.0037039343309776054,
1886347,shot,32992,RB,9,0.0037039343309776054,
1886347,shot,32992,LW,9,0.0037039343309776054,
1886347,shot,32992,LDM,9,0.0037039343309776054,
1886347,shot,32992,RCB,9,0.0037039343309776054,
1886347,shot,32992,AM,9,0.0037039343309776054,
1886347,shot,32992,LB,9,0.0037039343309776054,
1886347,shot,32992,LCB,9,0.0037039343309776054,
1886347,shot,32992,GK,9,0.0037039343309776054,
1886347,shot,33020,RW,11,0.0009091888467557317,
1886347,shot,33020,RCB,11,0.0009091888467557317,
1886347,shot,33020,CF,11,0.0009091888467557317,
1886347,shot,33020,LW,11,0.0009091888467557317,
1886347,shot,33020,RB,11,0.0009091888467557317,
1886347,shot,33020,LDM,11,0.0009091888467557317,
1886347,shot,33020,AM,11,0.0009091888467557317,
1886347,shot,33020,LB,11,0.0009091888467557317,
1886347,shot,33020,RDM,11,0.0009091888467557317,
1886347,shot,33020,LCB,11,0.0009091888467557317,
1886347,shot,33020,GK,11,0.0009091888467557317,
1886347,shot,33039,RW,11,1.5801502212219873e-05,
1886347,shot,33039,LDM,11,1.5801502212219873e-05,
1886347,shot,33039,CF,11,1.5801502212219873e-05,
1886347,shot,33039,LW,11,1.5801502212219873e-05,
1886347,shot,33039,RCB,11,1.5801502212219873e-05,
1886347,shot,33039,RB,11,1.5801502212219873e-05,
1886347,shot,33039,AM,11,1.5801502212219873e-05,
1886347,shot,33039,LB,11,1.5801502212219873e-05,
1886347,shot,33039,RDM,11,1.5801502212219873e-05,
1886347,shot,33039,LCB,11,1.5801502212219873e-05,
1886347,shot,33039,GK,11,1.5801502212219873e-05,
1886347,shot,44365,CF,6,4.403843891295947e-05,
1886347,shot,44365,RB,6,4.403843891295947e-05,
1886347,shot,44365,LW,6,4.403843891295947e-05,
1886347,shot,44365,LDM,6,4.403843891295947e-05,
1886347,shot,44365,GK,6,4.403843891295947e-05,
1886347,shot,44365,AM,6,4.403843891295947e-05,
1886347,shot,44381,CF,8,4.034287237769149e-05,
1886347,shot,44381,LW,8,4.034287237769149e-05,
1886347,shot,44381,RDM,8,4.034287237769149e-05,
1886347,shot,44381,RB,8,4.034287237769149e-05,
1886347,shot,44381,LDM,8,4.034287237769149e-05,
1886347,shot,44381,RCB,8,4.034287237769149e-05,
1886347,shot,44381,AM,8,4.034287237769149e-05,
1886347,shot,44381,GK,8,4.034287237769149e-05,
1886347,shot,44418,RW,9,0.003598975737006314,
1886347,shot,44418,LCB,9,0.003598975737006314,
1886347,shot,44418,AM,9,0.003598975737006314,
1886347,shot,44418,RDM,9,0.003598975737006314,
1886347,shot,44418,LDM,9,0.003598975737006314,
1886347,shot,44418,LB,9,0.003598975737006314,
1886347,shot,44418,RB,9,0.003598975737006314,
1886347,shot,44418,RCB,9,0.003598975737006314,
1886347,shot,44418,GK,9,0.003598975737006314,
1886347,shot,44461,LW,11,0.0004931064595756452,
1886347,shot,44461,RW,11,0.0004931064595756452,
1886347,shot,44461,CF,11,0.0004931064595756452,
1886347,shot,44461,RDM,11,0.0004931064595756452,
1886347,shot,44461,RCB,11,0.0004931064595756452,
1886347,shot,44461,AM,11,0.0004931064595756452,
1886347,shot,44461,LDM,11,0.0004931064595756452,
1886347,shot,44461,LB,11,0.0004931064595756452,
1886347,shot,44461,RB,11,0.0004931064595756452,
1886347,shot,44461,LCB,11,0.0004931064595756452,
1886347,shot,44461,GK,11,0.0004931064595756452,
1886347,shot,46671,LCB,10,0.2023803505705889,
1886347,shot,46671,GK,10,0.2023803505705889,
1886347,shot,46671,RB,10,0.2023803505705889,
1886347,shot,46671,RW,10,0.2023803505705889,
1886347,shot,46671,AM,10,0.2023803505705889,
1886347,shot,46671,LW,10,0.2023803505705889,
1886347,shot,46671,RCB,10,0.2023803505705889,
1886347,shot,46671,DM,10,0.2023803505705889,
1886347,shot,46671,CF,10,0.2023803505705889,
1886347,shot,46671,CF,10,0.2023803505705889,
1886347,goal,50508,LW,11,0.005610541300741655,
1886347,goal,50508,CF,11,0.005610541300741655,
1886347,goal,50508,CF,11,0.005610541300741655,
1886347,goal,50508,LB,11,0.005610541300741655,
1886347,goal,50508,RB,11,0.005610541300741655,
1886347,goal,50508,DM,11,0.005610541300741655,
1886347,goal,50508,GK,11,0.005610541300741655,
1886347,goal,50508,LCB,11,0.005610541300741655,
1886347,goal,50508,AM,11,0.005610541300741655,
1886347,goal,50508,RW,11,0.005610541300741655,
1886347,goal,50508,RCB,11,0.005610541300741655,
1886347,goal,50520,LW,11,0.00487035163236607,
1886347,goal,50520,CF,11,0.00487035163236607,
1886347,goal,50520,CF,11,0.00487035163236607,
1886347,goal,50520,LB,11,0.00487035163236607,
1886347,goal,50520,RB,11,0.00487035163236607,
1886347,goal,50520,DM,11,0.00487035163236607,
1886347,goal,50520,LCB,11,0.00487035163236607,
1886347,goal,50520,GK,11,0.00487035163236607,
1886347,goal,50520,AM,11,0.00487035163236607,
1886347,goal,50520,RW,11,0.00487035163236607,
1886347,goal,50520,RCB,11,0.00487035163236607,
1886347,goal,50545,CF,11,0.019232527800144065,
1886347,goal,50545,LCB,11,0.019232527800144065,
1886347,goal,50545,CF,11,0.019232527800144065,
1886347,goal,50545,LB,11,0.019232527800144065,
1886347,goal,50545,RW,11,0.019232527800144065,
1886347,goal,50545,DM,11,0.019232527800144065,
1886347,goal,50545,LW,11,0.019232527800144065,
1886347,goal,50545,GK,11,0.019232527800144065,
1886347,goal,50545,AM,11,0.019232527800144065,
1886347,goal,50545,RB,11,0.019232527800144065,
1886347,goal,50545,RCB,11,0.019232527800144065,
1886347,goal,50574,CF,11,0.01823675562741219,
1886347,goal,50574,DM,11,0.01823675562741219,
1886347,goal,50574,CF,11,0.01823675562741219,
1886347,goal,50574,LW,11,0.01823675562741219,
1886347,goal,50574,RW,11,0.01823675562741219,
1886347,goal,50574,LCB,11,0.01823675562741219,
1886347,goal,50574,AM,11,0.01823675562741219,
1886347,goal,50574,GK,11,0.01823675562741219,
1886347,goal,50574,LB,11,0.01823675562741219,
1886347,goal,50574,RB,11,0.01823675562741219,
1886347,goal,50574,RCB,11,0.01823675562741219,
1886347,goal,50599,CF,10,0.01931220339461133,
1886347,goal,50599,CF,10,0.01931220339461133,
1886347,goal,50599,AM,10,0.01931220339461133,
1886347,goal,50599,DM,10,0.01931220339461133,
1886347,goal,50599,RW,10,0.01931220339461133,
1886347,goal,50599,LCB,10,0.01931220339461133,
1886347,goal,50599,GK,10,0.01931220339461133,
1886347,goal,50599,LB,10,0.01931220339461133,
1886347,goal,50599,RB,10,0.01931220339461133,
1886347,goal,50599,RCB,10,0.01931220339461133,
1886347,shot,52729,RB,11,0.0029678054611288964,
1886347,shot,52729,LDM,11,0.0029678054611288964,
1886347,shot,52729,CF,11,0.0029678054611288964,
1886347,shot,52729,RDM,11,0.0029678054611288964,
1886347,shot,52729,AM,11,0.0029678054611288964,
1886347,shot,52729,LW,11,0.0029678054611288964,
1886347,shot,52729,LCB,11,0.0029678054611288964,
1886347,shot,52729,AM,11,0.0029678054611288964,
1886347,shot,52729,LB,11,0.0029678054611288964,
1886347,shot,52729,RCB,11,0.0029678054611288964,
1886347,shot,52729,GK,11,0.0029678054611288964,
1886347,shot,52752,RB,10,0.00533486354111607,
1886347,shot,52752,CF,10,0.00533486354111607,
1886347,shot,52752,LW,10,0.00533486354111607,
1886347,shot,52752,AM,10,0.00533486354111607,
1886347,shot,52752,RCB,10,0.00533486354111607,
1886347,shot,52752,RDM,10,0.00533486354111607,
1886347,shot,52752,AM,10,0.00533486354111607,
1886347,shot,52752,LB,10,0.00533486354111607,
1886347,shot,52752,GK,10,0.00533486354111607,
1886347,shot,52752,LCB,10,0.00533486354111607,
1886347,shot,52790,LDM,11,0.016772788483188233,
1886347,shot,52790,CF,11,0.016772788483188233,
1886347,shot,52790,AM,11,0.016772788483188233,
1886347,shot,52790,LW,11,0.016772788483188233,
1886347,shot,52790,AM,11,0.016772788483188233,
1886347,shot,52790,RB,11,0.016772788483188233,
1886347,shot,52790,RDM,11,0.016772788483188233,
1886347,shot,52790,LCB,11,0.016772788483188233,
1886347,shot,52790,LB,11,0.016772788483188233,
1886347,shot,52790,RCB,11,0.016772788483188233,
1886347,shot,52790,GK,11,0.016772788483188233,
1886347,shot,52806,LDM,11,0.0015152932335209643,
1886347,shot,52806,CF,11,0.0015152932335209643,
1886347,shot,52806,AM,11,0.0015152932335209643,
1886347,shot,52806,LW,11,0.0015152932335209643,
1886347,shot,52806,AM,11,0.0015152932335209643,
1886347,shot,52806,RCB,11,0.0015152932335209643,
1886347,shot,52806,RDM,11,0.0015152932335209643,
1886347,shot,52806,LCB,11,0.0015152932335209643,
1886347,shot,52806,LB,11,0.0015152932335209643,
1886347,shot,52806,RB,11,0.0015152932335209643,
1886347,shot,52806,GK,11,0.0015152932335209643,
1886347,shot,58717,AM,11,0.08211311529037532,
1886347,shot,58717,LDM,11,0.08211311529037532,
1886347,shot,58717,LCB,11,0.08211311529037532,
1886347,shot,58717,AM,11,0.08211311529037532,
1886347,shot,58717,CF,11,0.08211311529037532,
1886347,shot,58717,LW,11,0.08211311529037532,
1886347,shot,58717,RDM,11,0.08211311529037532,
1886347,shot,58717,GK,11,0.08211311529037532,
1886347,shot,58717,LB,11,0.08211311529037532,
1886347,shot,58717,RB,11,0.08211311529037532,
1886347,shot,58717,RCB,11,0.08211311529037532,
1886347,shot,58760,RB,10,0.025332823165057052,
1886347,shot,58760,CF,10,0.025332823165057052,
1886347,shot,58760,AM,10,0.025332823165057052,
1886347,shot,58760,AM,10,0.025332823165057052,
1886347,shot,58760,LW,10,0.025332823165057052,
1886347,shot,58760,RCB,10,0.025332823165057052,
1886347,shot,58760,LCB,10,0.025332823165057052,
1886347,shot,58760,LB,10,0.025332823165057052,
1886347,shot,58760,RDM,10,0.025332823165057052,
1886347,shot,58760,GK,10,0.025332823165057052,
1899585,shot,9382,LB,11,0.031693679916983554,
1899585,shot,9382,RW,11,0.031693679916983554,
1899585,shot,9382,LW,11,0.031693679916983554,
1899585,shot,9382,GK,11,0.031693679916983554,
1899585,shot,9382,LCB,11,0.031693679916983554,
1899585,shot,9382,CF,11,0.031693679916983554,
1899585,shot,9382,CF,11,0.031693679916983554,
1899585,shot,9382,LM,11,0.031693679916983554,
1899585,shot,9382,RCB,11,0.031693679916983554,
1899585,shot,9382,RB,11,0.031693679916983554,
1899585,shot,9382,RM,11,0.031693679916983554,
1899585,shot,9466,CF,10,0.04703588402506535,
1899585,shot,9466,CF,10,0.04703588402506535,
1899585,shot,9466,LB,10,0.04703588402506535,
1899585,shot,9466,LCB,10,0.04703588402506535,
1899585,shot,9466,GK,10,0.04703588402506535,
1899585,shot,9466,LW,10,0.04703588402506535,
1899585,shot,9466,LM,10,0.04703588402506535,
1899585,shot,9466,RCB,10,0.04703588402506535,
1899585,shot,9466,RM,10,0.04703588402506535,
1899585,shot,9466,RB,10,0.04703588402506535,
1899585,shot,9471,LCB,10,0.03957540287253885,
1899585,shot,9471,CF,10,0.03957540287253885,
1899585,shot,9471,LB,10,0.03957540287253885,
1899585,shot,9471,CF,10,0.03957540287253885,
1899585,shot,9471,GK,10,0.03957540287253885,
1899585,shot,9471,LW,10,0.03957540287253885,
1899585,shot,9471,LM,10,0.03957540287253885,
1899585,shot,9471,RCB,10,0.03957540287253885,
1899585,shot,9471,RM,10,0.03957540287253885,
1899585,shot,9471,RB,10,0.03957540287253885,
1899585,shot,9481,LW,10,0.022800712710417143,
1899585,shot,9481,LM,10,0.022800712710417143,
1899585,shot,9481,LB,10,0.022800712710417143,
1899585,shot,9481,CF,10,0.022800712710417143,
1899585,shot,9481,LCB,10,0.022800712710417143,
1899585,shot,9481,RCB,10,0.022800712710417143,
1899585,shot,9481,CF,10,0.022800712710417143,
1899585,shot,9481,GK,10,0.022800712710417143,
1899585,shot,9481,RM,10,0.022800712710417143,
1899585,shot,9481,RB,10,0.022800712710417143,
1899585,shot,11359,CF,11,0.07286038703521311,
1899585,shot,11359,CF,11,0.07286038703521311,
1899585,shot,11359,LW,11,0.07286038703521311,
1899585,shot,11359,RM,11,0.07286038703521311,
1899585,shot,11359,LB,11,0.07286038703521311,
1899585,shot,11359,RB,11,0.07286038703521311,
1899585,shot,11359,GK,11,0.07286038703521311,
1899585,shot,11359,LM,11,0.07286038703521311,
1899585,shot,11359,RCB,11,0.07286038703521311,
1899585,shot,11359,RW,11,0.07286038703521311,
1899585,shot,11359,LCB,11,0.07286038703521311,
1899585,shot,11387,CF,11,0.05412963988343533,
1899585,shot,11387,CF,11,0.05412963988343533,
1899585,shot,11387,LW,11,0.05412963988343533,
1899585,shot,11387,GK,11,0.05412963988343533,
1899585,shot,11387,LB,11,0.05412963988343533,
1899585,shot,11387,RW,11,0.05412963988343533,
1899585,shot,11387,RM,11,0.05412963988343533,
1899585,shot,11387,LM,11,0.05412963988343533,
1899585,shot,11387,RCB,11,0.05412963988343533,
1899585,shot,11387,RB,11,0.05412963988343533,
1899585,shot,11387,LCB,11,0.05412963988343533,
1899585,shot,11430,LW,11,0.054675252043874197,
1899585,shot,11430,GK,11,0.054675252043874197,
1899585,shot,11430,CF,11,0.054675252043874197,
1899585,shot,11430,CF,11,0.054675252043874197,
1899585,shot,11430,LB,11,0.054675252043874197,
1899585,shot,11430,RW,11,0.054675252043874197,
1899585,shot,11430,RM,11,0.054675252043874197,
1899585,shot,11430,LM,11,0.054675252043874197,
1899585,shot,11430,RCB,11,0.054675252043874197,
1899585,shot,11430,RB,11,0.054675252043874197,
1899585,shot,11430,LCB,11,0.054675252043874197,
1899585,shot,13566,RW,11,8.208052581916969e-05,
1899585,shot,13566,CF,11,8.208052581916969e-05,
1899585,shot,13566,LW,11,8.208052581916969e-05,
1899585,shot,13566,RCB,11,8.208052581916969e-05,
1899585,shot,13566,LB,11,8.208052581916969e-05,
1899585,shot,13566,RB,11,8.208052581916969e-05,
1899585,shot,13566,CF,11,8.208052581916969e-05,
1899585,shot,13566,LM,11,8.208052581916969e-05,
1899585,shot,13566,LCB,11,8.208052581916969e-05,
1899585,shot,13566,GK,11,8.208052581916969e-05,
1899585,shot,13566,RM,11,8.208052581916969e-05,
1899585,shot,13588,LW,11,0.005252636728172153,
1899585,shot,13588,CF,11,0.005252636728172153,
1899585,shot,13588,CF,11,0.005252636728172153,
1899585,shot,13588,RW,11,0.005252636728172153,
1899585,shot,13588,LB,11,0.005252636728172153,
1899585,shot,13588,RB,11,0.005252636728172153,
1899585,shot,13588,RCB,11,0.005252636728172153,
1899585,shot,13588,LM,11,0.005252636728172153,
1899585,shot,13588,LCB,11,0.005252636728172153,
1899585,shot,13588,GK,11,0.005252636728172153,
1899585,shot,13588,RM,11,0.005252636728172153,
1899585,goal,18073,CF,11,0.0001560884116101532,
1899585,goal,18073,CF,11,0.0001560884116101532,
1899585,goal,18073,LW,11,0.0001560884116101532,
1899585,goal,18073,RW,11,0.0001560884116101532,
1899585,goal,18073,LB,11,0.0001560884116101532,
1899585,goal,18073,RB,11,0.0001560884116101532,
1899585,goal,18073,GK,11,0.0001560884116101532,
1899585,goal,18073,LM,11,0.0001560884116101532,
1899585,goal,18073,LCB,11,0.0001560884116101532,
1899585,goal,18073,RM,11,0.0001560884116101532,
1899585,goal,18073,RCB,11,0.0001560884116101532,
1899585,goal,18093,CF,11,0.0003750547147498243,
1899585,goal,18093,LM,11,0.0003750547147498243,
1899585,goal,18093,LW,11,0.0003750547147498243,
1899585,goal,18093,RW,11,0.0003750547147498243,
1899585,goal,18093,LB,11,0.0003750547147498243,
1899585,goal,18093,RB,11,0.0003750547147498243,
1899585,goal,18093,CF,11,0.0003750547147498243,
1899585,goal,18093,GK,11,0.0003750547147498243,
1899585,goal,18093,LCB,11,0.0003750547147498243,
1899585,goal,18093,RM,11,0.0003750547147498243,
1899585,goal,18093,RCB,11,0.0003750547147498243,
1899585,goal,18110,CF,11,0.00035655099707684217,
1899585,goal,18110,LCB,11,0.00035655099707684217,
1899585,goal,18110,LW,11,0.00035655099707684217,
1899585,goal,18110,RW,11,0.00035655099707684217,
1899585,goal,18110,LB,11,0.00035655099707684217,
1899585,goal,18110,RB,11,0.00035655099707684217,
1899585,goal,18110,LM,11,0.00035655099707684217,
1899585,goal,18110,CF,11,0.00035655099707684217,
1899585,goal,18110,GK,11,0.00035655099707684217,
1899585,goal,18110,RM,11,0.00035655099707684217,
1899585,goal,18110,RCB,11,0.00035655099707684217,
1899585,goal,18136,CF,11,0.010908633538036023,
1899585,goal,18136,GK,11,0.010908633538036023,
1899585,goal,18136,LW,11,0.010908633538036023,
1899585,goal,18136,RB,11,0.010908633538036023,
1899585,goal,18136,LB,11,0.010908633538036023,
1899585,goal,18136,RW,11,0.010908633538036023,
1899585,goal,18136,LM,11,0.010908633538036023,
1899585,goal,18136,RCB,11,0.010908633538036023,
1899585,goal,18136,LCB,11,0.010908633538036023,
1899585,goal,18136,CF,11,0.010908633538036023,
1899585,goal,18136,RM,11,0.010908633538036023,
1899585,goal,18163,LM,10,0.020126366368756008,
1899585,goal,18163,LCB,10,0.020126366368756008,
1899585,goal,18163,LW,10,0.020126366368756008,
1899585,goal,18163,LB,10,0.020126366368756008,
1899585,goal,18163,RW,10,0.020126366368756008,
1899585,goal,18163,CF,10,0.020126366368756008,
1899585,goal,18163,RCB,10,0.020126366368756008,
1899585,goal,18163,GK,10,0.020126366368756008,
1899585,goal,18163,CF,10,0.020126366368756008,
1899585,goal,18163,RM,10,0.020126366368756008,
1899585,shot,23166,RB,10,0.013262409808923731,
1899585,shot,23166,RM,10,0.013262409808923731,
1899585,shot,23166,LW,10,0.013262409808923731,
1899585,shot,23166,CF,10,0.013262409808923731,
1899585,shot,23166,LCB,10,0.013262409808923731,
1899585,shot,23166,RW,10,0.013262409808923731,
1899585,shot,23166,CF,10,0.013262409808923731,
1899585,shot,23166,LB,10,0.013262409808923731,
1899585,shot,23166,RCB,10,0.013262409808923731,
1899585,shot,23166,GK,10,0.013262409808923731,
1899585,shot,23171,RB,10,0.014189129311772113,
1899585,shot,23171,RCB,10,0.014189129311772113,
1899585,shot,23171,LW,10,0.014189129311772113,
1899585,shot,23171,CF,10,0.014189129311772113,
1899585,shot,23171,RM,10,0.014189129311772113,
1899585,shot,23171,RW,10,0.014189129311772113,
1899585,shot,23171,CF,10,0.014189129311772113,
1899585,shot,23171,LB,10,0.014189129311772113,
1899585,shot,23171,GK,10,0.014189129311772113,
1899585,shot,23171,LCB,10,0.014189129311772113,
1899585,shot,23186,RW,10,0.016390131008048297,
1899585,shot,23186,RCB,10,0.016390131008048297,
1899585,shot,23186,LW,10,0.016390131008048297,
1899585,shot,23186,CF,10,0.016390131008048297,
1899585,shot,23186,RM,10,0.016390131008048297,
1899585,shot,23186,RB,10,0.016390131008048297,
1899585,shot,23186,CF,10,0.016390131008048297,
1899585,shot,23186,LB,10,0.016390131008048297,
1899585,shot,23186,GK,10,0.016390131008048297,
1899585,shot,23186,LCB,10,0.016390131008048297,
1899585,shot,24953,LF,11,0.00045424814779578937,
1899585,shot,24953,CF,11,0.00045424814779578937,
1899585,shot,24953,RM,11,0.00045424814779578937,
1899585,shot,24953,LCB,11,0.00045424814779578937,
1899585,shot,24953,RWB,11,0.00045424814779578937,
1899585,shot,24953,RF,11,0.00045424814779578937,
1899585,shot,24953,LM,11,0.00045424814779578937,
1899585,shot,24953,LWB,11,0.00045424814779578937,
1899585,shot,24953,RCB,11,0.00045424814779578937,
1899585,shot,24953,GK,11,0.00045424814779578937,
1899585,shot,24953,CB,11,0.00045424814779578937,
1899585,shot,24980,LF,11,0.00017972562291463474,
1899585,shot,24980,CF,11,0.00017972562291463474,
1899585,shot,24980,RWB,11,0.00017972562291463474,
1899585,shot,24980,LWB,11,0.00017972562291463474,
1899585,shot,24980,RCB,11,0.00017972562291463474,
1899585,shot,24980,RM,11,0.00017972562291463474,
1899585,shot,24980,LM,11,0.00017972562291463474,
1899585,shot,24980,LCB,11,0.00017972562291463474,
1899585,shot,24980,RF,11,0.00017972562291463474,
1899585,shot,24980,GK,11,0.00017972562291463474,
1899585,shot,24980,CB,11,0.00017972562291463474,
1899585,shot,25003,CF,11,8.303263517411266e-05,
1899585,shot,25003,LM,11,8.303263517411266e-05,
1899585,shot,25003,RWB,11,8.303263517411266e-05,
1899585,shot,25003,LF,11,8.303263517411266e-05,
1899585,shot,25003,RCB,11,8.303263517411266e-05,
1899585,shot,25003,RM,11,8.303263517411266e-05,
1899585,shot,25003,CB,11,8.303263517411266e-05,
1899585,shot,25003,LWB,11,8.303263517411266e-05,
1899585,shot,25003,RF,11,8.303263517411266e-05,
1899585,shot,25003,LCB,11,8.303263517411266e-05,
1899585,shot,25003,GK,11,8.303263517411266e-05,
1899585,shot,25014,CF,10,0.00017044275950645806,
1899585,shot,25014,LM,10,0.00017044275950645806,
1899585,shot,25014,LF,10,0.00017044275950645806,
1899585,shot,25014,RM,10,0.00017044275950645806,
1899585,shot,25014,CB,10,0.00017044275950645806,
1899585,shot,25014,RCB,10,0.00017044275950645806,
1899585,shot,25014,LWB,10,0.00017044275950645806,
1899585,shot,25014,RF,10,0.00017044275950645806,
1899585,shot,25014,LCB,10,0.00017044275950645806,
1899585,shot,25014,GK,10,0.00017044275950645806,
1899585,shot,25058,RWB,10,0.00036254434271031484,
1899585,shot,25058,LM,10,0.00036254434271031484,
1899585,shot,25058,RCB,10,0.00036254434271031484,
1899585,shot,25058,LF,10,0.00036254434271031484,
1899585,shot,25058,GK,10,0.00036254434271031484,
1899585,shot,25058,CB,10,0.00036254434271031484,
1899585,shot,25058,LWB,10,0.00036254434271031484,
1899585,shot,25058,RF,10,0.00036254434271031484,
1899585,shot,25058,LCB,10,0.00036254434271031484,
1899585,shot,25058,RM,10,0.00036254434271031484,
1899585,shot,27231,RB,11,0.03415389660960909,
1899585,shot,27231,LW,11,0.03415389660960909,
1899585,shot,27231,LM,11,0.03415389660960909,
1899585,shot,27231,CF,11,0.03415389660960909,
1899585,shot,27231,RM,11,0.03415389660960909,
1899585,shot,27231,RW,11,0.03415389660960909,
1899585,shot,27231,GK,11,0.03415389660960909,
1899585,shot,27231,CF,11,0.03415389660960909,
1899585,shot,27231,LB,11,0.03415389660960909,
1899585,shot,27231,RCB,11,0.03415389660960909,
1899585,shot,27231,LCB,11,0.03415389660960909,
1899585,shot,27260,RB,11,0.05875803914847619,
1899585,shot,27260,CF,11,0.05875803914847619,
1899585,shot,27260,LW,11,0.05875803914847619,
1899585,shot,27260,RCB,11,0.05875803914847619,
1899585,shot,27260,LM,11,0.05875803914847619,
1899585,shot,27260,RW,11,0.05875803914847619,
1899585,shot,27260,CF,11,0.05875803914847619,
1899585,shot,27260,RM,11,0.05875803914847619,
1899585,shot,27260,LB,11,0.05875803914847619,
1899585,shot,27260,GK,11,0.05875803914847619,
1899585,shot,27260,LCB,11,0.05875803914847619,
1899585,shot,27290,RW,9,0.06068706953371335,
1899585,shot,27290,CF,9,0.06068706953371335,
1899585,shot,27290,RCB,9,0.06068706953371335,
1899585,shot,27290,RB,9,0.06068706953371335,
1899585,shot,27290,CF,9,0.06068706953371335,
1899585,shot,27290,LCB,9,0.06068706953371335,
1899585,shot,27290,LB,9,0.06068706953371335,
1899585,shot,27290,GK,9,0.06068706953371335,
1899585,shot,27290,RM,9,0.06068706953371335,
1899585,shot,27300,CF,10,0.09451729601454917,
1899585,shot,27300,CF,10,0.09451729601454917,
1899585,shot,27300,LM,10,0.09451729601454917,
1899585,shot,27300,RW,10,0.09451729601454917,
1899585,shot,27300,LCB,10,0.09451729601454917,
1899585,shot,27300,RB,10,0.09451729601454917,
1899585,shot,27300,RM,10,0.09451729601454917,
1899585,shot,27300,LB,10,0.09451729601454917,
1899585,shot,27300,RCB,10,0.09451729601454917,
1899585,shot,27300,GK,10,0.09451729601454917,
1899585,shot,37171,LW,11,0.20861285775863855,
1899585,shot,37171,RM,11,0.20861285775863855,
1899585,shot,37171,LB,11,0.20861285775863855,
1899585,shot,37171,CF,11,0.20861285775863855,
1899585,shot,37171,GK,11,0.20861285775863855,
1899585,shot,37171,RW,11,0.20861285775863855,
1899585,shot,37171,CF,11,0.20861285775863855,
1899585,shot,37171,RCB,11,0.20861285775863855,
1899585,shot,37171,LM,11,0.20861285775863855,
1899585,shot,37171,RB,11,0.20861285775863855,
1899585,shot,37171,LCB,11,0.20861285775863855,
1899585,shot,37198,RCB,10,0.2622203355504329,
1899585,shot,37198,LCB,10,0.2622203355504329,
1899585,shot,37198,CF,10,0.2622203355504329,
1899585,shot,37198,RM,10,0.2622203355504329,
1899585,shot,37198,RW,10,0.2622203355504329,
1899585,shot,37198,LB,10,0.2622203355504329,
1899585,shot,37198,GK,10,0.2622203355504329,
1899585,shot,37198,CF,10,0.2622203355504329,
1899585,shot,37198,RB,10,0.2622203355504329,
1899585,shot,37198,LM,10,0.2622203355504329,
1899585,shot,37218,RCB,9,0.2203244736931197,
1899585,shot,37218,RM,9,0.2203244736931197,
1899585,shot,37218,CF,9,0.2203244736931197,
1899585,shot,37218,LCB,9,0.2203244736931197,
1899585,shot,37218,RW,9,0.2203244736931197,
1899585,shot,37218,GK,9,0.2203244736931197,
1899585,shot,37218,CF,9,0.2203244736931197,
1899585,shot,37218,RB,9,0.2203244736931197,
1899585,shot,37218,LM,9,0.2203244736931197,
1899585,shot,38402,LWB,10,0.00010319980634600615,
1899585,shot,38402,LM,10,0.00010319980634600615,
1899585,shot,38402,CF,10,0.00010319980634600615,
1899585,shot,38402,LF,10,0.00010319980634600615,
1899585,shot,38402,RWB,10,0.00010319980634600615,
1899585,shot,38402,RF,10,0.00010319980634600615,
1899585,shot,38402,RM,10,0.00010319980634600615,
1899585,shot,38402,LCB,10,0.00010319980634600615,
1899585,shot,38402,RCB,10,0.00010319980634600615,
1899585,shot,38402,GK,10,0.00010319980634600615,
1899585,shot,38439,CF,11,0.004788769897397537,
1899585,shot,38439,RM,11,0.004788769897397537,
1899585,shot,38439,RF,11,0.004788769897397537,
1899585,shot,38439,LF,11,0.004788769897397537,
1899585,shot,38439,RWB,11,0.004788769897397537,
1899585,shot,38439,RCB,11,0.004788769897397537,
1899585,shot,38439,LCB,11,0.004788769897397537,
1899585,shot,38439,LWB,11,0.004788769897397537,
1899585,shot,38439,LM,11,0.004788769897397537,
1899585,shot,38439,GK,11,0.004788769897397537,
1899585,shot,38439,CB,11,0.004788769897397537,
1899585,shot,38473,CF,11,0.01421156356765128,
1899585,shot,38473,LCB,11,0.01421156356765128,
1899585,shot,38473,RF,11,0.01421156356765128,
1899585,shot,38473,LF,11,0.01421156356765128,
1899585,shot,38473,RWB,11,0.01421156356765128,
1899585,shot,38473,LM,11,0.01421156356765128,
1899585,shot,38473,RM,11,0.01421156356765128,
1899585,shot,38473,LWB,11,0.01421156356765128,
1899585,shot,38473,RCB,11,0.01421156356765128,
1899585,shot,38473,GK,11,0.01421156356765128,
1899585,shot,38473,CB,11,0.01421156356765128,
1899585,shot,38494,CF,11,0.005488573467154691,
1899585,shot,38494,LM,11,0.005488573467154691,
1899585,shot,38494,RF,11,0.005488573467154691,
1899585,shot,38494,LF,11,0.005488573467154691,
1899585,shot,38494,RWB,11,0.005488573467154691,
1899585,shot,38494,CB,11,0.005488573467154691,
1899585,shot,38494,RM,11,0.005488573467154691,
1899585,shot,38494,LWB,11,0.005488573467154691,
1899585,shot,38494,RCB,11,0.005488573467154691,
1899585,shot,38494,GK,11,0.005488573467154691,
1899585,shot,38494,LCB,11,0.005488573467154691,
1899585,shot,43173,CF,11,7.407689178078503e-05,
1899585,shot,43173,LM,11,7.407689178078503e-05,
1899585,shot,43173,LCB,11,7.407689178078503e-05,
1899585,shot,43173,LW,11,7.407689178078503e-05,
1899585,shot,43173,LB,11,7.407689178078503e-05,
1899585,shot,43173,RW,11,7.407689178078503e-05,
1899585,shot,43173,RCB,11,7.407689178078503e-05,
1899585,shot,43173,RM,11,7.407689178078503e-05,
1899585,shot,43173,GK,11,7.407689178078503e-05,
1899585,shot,43173,RB,11,7.407689178078503e-05,
1899585,shot,43173,CF,11,7.407689178078503e-05,
1899585,shot,46411,RCB,10,0.04721207297143077,
1899585,shot,46411,CF,10,0.04721207297143077,
1899585,shot,46411,RF,10,0.04721207297143077,
1899585,shot,46411,LM,10,0.04721207297143077,
1899585,shot,46411,LWB,10,0.04721207297143077,
1899585,shot,46411,CB,10,0.04721207297143077,
1899585,shot,46411,CF,10,0.04721207297143077,
1899585,shot,46411,LCB,10,0.04721207297143077,
1899585,shot,46411,LF,10,0.04721207297143077,
1899585,shot,46411,GK,10,0.04721207297143077,
1899585,shot,46488,RF,10,0.6565245629249191,
1899585,shot,46488,CF,10,0.6565245629249191,
1899585,shot,46488,LM,10,0.6565245629249191,
1899585,shot,46488,CF,10,0.6565245629249191,
1899585,shot,46488,LCB,10,0.6565245629249191,
1899585,shot,46488,RCB,10,0.6565245629249191,
1899585,shot,46488,GK,10,0.6565245629249191,
1899585,shot,46488,LWB,10,0.6565245629249191,
1899585,shot,46488,LF,10,0.6565245629249191,
1899585,shot,46488,CB,10,0.6565245629249191,
1899585,shot,46508,RF,10,0.5578435751025768,
1899585,shot,46508,CF,10,0.5578435751025768,
1899585,shot,46508,LM,10,0.5578435751025768,
1899585,shot,46508,CF,10,0.5578435751025768,
1899585,shot,46508,LF,10,0.5578435751025768,
1899585,shot,46508,GK,10,0.5578435751025768,
1899585,shot,46508,LWB,10,0.5578435751025768,
1899585,shot,46508,CB,10,0.5578435751025768,
1899585,shot,46508,LCB,10,0.5578435751025768,
1899585,shot,46508,LF,10,0.5578435751025768,
1899585,shot,55940,CF,11,0.009568946702672668,
1899585,shot,55940,RW,11,0.009568946702672668,
1899585,shot,55940,LM,11,0.009568946702672668,
1899585,shot,55940,RCB,11,0.009568946702672668,
1899585,shot,55940,LCB,11,0.009568946702672668,
1899585,shot,55940,LW,11,0.009568946702672668,
1899585,shot,55940,RM,11,0.009568946702672668,
1899585,shot,55940,LB,11,0.009568946702672668,
1899585,shot,55940,CB,11,0.009568946702672668,
1899585,shot,55940,RB,11,0.009568946702672668,
1899585,shot,55940,GK,11,0.009568946702672668,
1899585,shot,55950,CF,11,0.008590848582111812,
1899585,shot,55950,RM,11,0.008590848582111812,
1899585,shot,55950,LM,11,0.008590848582111812,
1899585,shot,55950,LW,11,0.008590848582111812,
1899585,shot,55950,LCB,11,0.008590848582111812,
1899585,shot,55950,RCB,11,0.008590848582111812,
1899585,shot,55950,RW,11,0.008590848582111812,
1899585,shot,55950,LB,11,0.008590848582111812,
1899585,shot,55950,CB,11,0.008590848582111812,
1899585,shot,55950,RB,11,0.008590848582111812,
1899585,shot,55950,GK,11,0.008590848582111812,
1899585,shot,55966,CF,11,0.0053977166904320886,
1899585,shot,55966,RM,11,0.0053977166904320886,
1899585,shot,55966,LM,11,0.0053977166904320886,
1899585,shot,55966,RCB,11,0.0053977166904320886,
1899585,shot,55966,LCB,11,0.0053977166904320886,
1899585,shot,55966,LW,11,0.0053977166904320886,
1899585,shot,55966,RW,11,0.0053977166904320886,
1899585,shot,55966,LB,11,0.0053977166904320886,
1899585,shot,55966,CB,11,0.0053977166904320886,
1899585,shot,55966,RB,11,0.0053977166904320886,
1899585,shot,55966,GK,11,0.0053977166904320886,
1899585,shot,55992,CF,11,0.004374413408523225,
1899585,shot,55992,RM,11,0.004374413408523225,
1899585,shot,55992,LM,11,0.004374413408523225,
1899585,shot,55992,LW,11,0.004374413408523225,
1899585,shot,55992,LCB,11,0.004374413408523225,
1899585,shot,55992,RCB,11,0.004374413408523225,
1899585,shot,55992,RW,11,0.004374413408523225,
1899585,shot,55992,LB,11,0.004374413408523225,
1899585,shot,55992,CB,11,0.004374413408523225,
1899585,shot,55992,RB,11,0.004374413408523225,
1899585,shot,55992,GK,11,0.004374413408523225,
1899585,shot,56027,RW,11,0.02332781849863121,
1899585,shot,56027,LW,11,0.02332781849863121,
1899585,shot,56027,LM,11,0.02332781849863121,
1899585,shot,56027,RCB,11,0.02332781849863121,
1899585,shot,56027,RM,11,0.02332781849863121,
1899585,shot,56027,CF,11,0.02332781849863121,
1899585,shot,56027,CB,11,0.02332781849863121,
1899585,shot,56027,LB,11,0.02332781849863121,
1899585,shot,56027,LCB,11,0.02332781849863121,
1899585,shot,56027,RB,11,0.02332781849863121,
1899585,shot,56027,GK,11,0.02332781849863121,
1899585,shot,57735,LF,11,0.012155204091216003,
1899585,shot,57735,LM,11,0.012155204091216003,
1899585,shot,57735,CF,11,0.012155204091216003,
1899585,shot,57735,RF,11,0.012155204091216003,
1899585,shot,57735,LWB,11,0.012155204091216003,
1899585,shot,57735,RM,11,0.012155204091216003,
1899585,shot,57735,CB,11,0.012155204091216003,
1899585,shot,57735,LF,11,0.012155204091216003,
1899585,shot,57735,LCB,11,0.012155204091216003,
1899585,shot,57735,RCB,11,0.012155204091216003,
1899585,shot,57735,GK,11,0.012155204091216003,
1899585,shot,57759,LWB,11,0.0022388298400189337,
1899585,shot,57759,LF,11,0.0022388298400189337,
1899585,shot,57759,CF,11,0.0022388298400189337,
1899585,shot,57759,CB,11,0.0022388298400189337,
1899585,shot,57759,LF,11,0.0022388298400189337,
1899585,shot,57759,RM,11,0.0022388298400189337,
1899585,shot,57759,LM,11,0.0022388298400189337,
1899585,shot,57759,RF,11,0.0022388298400189337,
1899585,shot,57759,LCB,11,0.0022388298400189337,
1899585,shot,57759,RCB,11,0.0022388298400189337,
1899585,shot,57759,GK,11,0.0022388298400189337,
1899585,shot,57781,CF,11,0.00013422222307891556,
1899585,shot,57781,RF,11,0.00013422222307891556,
1899585,shot,57781,LF,11,0.00013422222307891556,
1899585,shot,57781,CB,11,0.00013422222307891556,
1899585,shot,57781,LWB,11,0.00013422222307891556,
1899585,shot,57781,RM,11,0.00013422222307891556,
1899585,shot,57781,LM,11,0.00013422222307891556,
1899585,shot,57781,LF,11,0.00013422222307891556,
1899585,shot,57781,LCB,11,0.00013422222307891556,
1899585,shot,57781,RCB,11,0.00013422222307891556,
1899585,shot,57781,GK,11,0.00013422222307891556,
1899585,shot,57799,CF,11,6.726216915854001e-05,
1899585,shot,57799,LF,11,6.726216915854001e-05,
1899585,shot,57799,LF,11,6.726216915854001e-05,
1899585,shot,57799,CB,11,6.726216915854001e-05,
1899585,shot,57799,LWB,11,6.726216915854001e-05,
1899585,shot,57799,RM,11,6.726216915854001e-05,
1899585,shot,57799,LM,11,6.726216915854001e-05,
1899585,shot,57799,RF,11,6.726216915854001e-05,
1899585,shot,57799,LCB,11,6.726216915854001e-05,
1899585,shot,57799,RCB,11,6.726216915854001e-05,
1899585,shot,57799,GK,11,6.726216915854001e-05,
1899585,shot,58184,CB,11,0.018747852114382884,
1899585,shot,58184,RM,11,0.018747852114382884,
1899585,shot,58184,RW,11,0.018747852114382884,
1899585,shot,58184,CF,11,0.018747852114382884,
1899585,shot,58184,RB,11,0.018747852114382884,
1899585,shot,58184,LW,11,0.018747852114382884,
1899585,shot,58184,LM,11,0.018747852114382884,
1899585,shot,58184,LB,11,0.018747852114382884,
1899585,shot,58184,GK,11,0.018747852114382884,
1899585,shot,58184,RCB,11,0.018747852114382884,
1899585,shot,58184,LCB,11,0.018747852114382884,
1899585,shot,58209,RW,11,0.03664988873284436,
1899585,shot,58209,CB,11,0.03664988873284436,
1899585,shot,58209,LCB,11,0.03664988873284436,
1899585,shot,58209,LM,11,0.03664988873284436,
1899585,shot,58209,RB,11,0.03664988873284436,
1899585,shot,58209,LW,11,0.03664988873284436,
1899585,shot,58209,RM,11,0.03664988873284436,
1899585,shot,58209,LB,11,0.03664988873284436,
1899585,shot,58209,RCB,11,0.03664988873284436,
1899585,shot,58209,CF,11,0.03664988873284436,
1899585,shot,58209,GK,11,0.03664988873284436,
1899585,shot,58263,RW,11,0.05445797205944971,
1899585,shot,58263,CB,11,0.05445797205944971,
1899585,shot,58263,LCB,11,0.05445797205944971,
1899585,shot,58263,RM,11,0.05445797205944971,
1899585,shot,58263,RB,11,0.05445797205944971,
1899585,shot,58263,LW,11,0.05445797205944971,
1899585,shot,58263,LM,11,0.05445797205944971,
1899585,shot,58263,LB,11,0.05445797205944971,
1899585,shot,58263,RCB,11,0.05445797205944971,
1899585,shot,58263,CF,11,0.05445797205944971,
1899585,shot,58263,GK,11,0.05445797205944971,
1899585,shot,59779,CF,6,0.00010960430454216943,
1899585,shot,59779,RM,6,0.00010960430454216943,
1899585,shot,59779,RB,6,0.00010960430454216943,
1899585,shot,59779,LM,6,0.00010960430454216943,
1899585,shot,59779,GK,6,0.00010960430454216943,
1899585,shot,59779,RCB,6,0.00010960430454216943,
1899585,shot,59798,LW,6,0.00010010162784724863,
1899585,shot,59798,RW,6,0.00010010162784724863,
1899585,shot,59798,RM,6,0.00010010162784724863,
1899585,shot,59798,LCB,6,0.00010010162784724863,
1899585,shot,59798,GK,6,0.00010010162784724863,
1899585,shot,59798,RCB,6,0.00010010162784724863,
1899585,shot,59861,CF,11,0.003894377360490864,
1899585,shot,59861,LW,11,0.003894377360490864,
1899585,shot,59861,RW,11,0.003894377360490864,
1899585,shot,59861,RCB,11,0.003894377360490864,
1899585,shot,59861,RB,11,0.003894377360490864,
1899585,shot,59861,LCB,11,0.003894377360490864,
1899585,shot,59861,LM,11,0.003894377360490864,
1899585,shot,59861,LB,11,0.003894377360490864,
1899585,shot,59861,CB,11,0.003894377360490864,
1899585,shot,59861,GK,11,0.003894377360490864,
1899585,shot,59861,RM,11,0.003894377360490864,
1925299,shot,5589,CF,10,0.012321671864146313,
1925299,shot,5589,CF,10,0.012321671864146313,
1925299,shot,5589,LW,10,0.012321671864146313,
1925299,shot,5589,LCB,10,0.012321671864146313,
1925299,shot,5589,LM,10,0.012321671864146313,
1925299,shot,5589,RM,10,0.012321671864146313,
1925299,shot,5589,RCB,10,0.012321671864146313,
1925299,shot,5589,LB,10,0.012321671864146313,
1925299,shot,5589,RB,10,0.012321671864146313,
1925299,shot,5589,GK,10,0.012321671864146313,
1925299,shot,5621,LCB,9,0.011447353397002901,
1925299,shot,5621,CF,9,0.011447353397002901,
1925299,shot,5621,LW,9,0.011447353397002901,
1925299,shot,5621,CF,9,0.011447353397002901,
1925299,shot,5621,RB,9,0.011447353397002901,
1925299,shot,5621,RCB,9,0.011447353397002901,
1925299,shot,5621,LB,9,0.011447353397002901,
1925299,shot,5621,RM,9,0.011447353397002901,
1925299,shot,5621,GK,9,0.011447353397002901,
1925299,shot,5639,LM,11,0.019864255694602123,
1925299,shot,5639,CF,11,0.019864255694602123,
1925299,shot,5639,LW,11,0.019864255694602123,
1925299,shot,5639,CF,11,0.019864255694602123,
1925299,shot,5639,RM,11,0.019864255694602123,
1925299,shot,5639,RB,11,0.019864255694602123,
1925299,shot,5639,RW,11,0.019864255694602123,
1925299,shot,5639,RCB,11,0.019864255694602123,
1925299,shot,5639,LB,11,0.019864255694602123,
1925299,shot,5639,GK,11,0.019864255694602123,
1925299,shot,5639,LCB,11,0.019864255694602123,
1925299,shot,5659,LM,11,0.18667186993772247,
1925299,shot,5659,CF,11,0.18667186993772247,
1925299,shot,5659,RM,11,0.18667186993772247,
1925299,shot,5659,CF,11,0.18667186993772247,
1925299,shot,5659,LW,11,0.18667186993772247,
1925299,shot,5659,RB,11,0.18667186993772247,
1925299,shot,5659,RW,11,0.18667186993772247,
1925299,shot,5659,GK,11,0.18667186993772247,
1925299,shot,5659,LB,11,0.18667186993772247,
1925299,shot,5659,RCB,11,0.18667186993772247,
1925299,shot,5659,LCB,11,0.18667186993772247,
1925299,shot,14696,CF,11,0.03267386974167784,
1925299,shot,14696,RW,11,0.03267386974167784,
1925299,shot,14696,RDM,11,0.03267386974167784,
1925299,shot,14696,LW,11,0.03267386974167784,
1925299,shot,14696,AM,11,0.03267386974167784,
1925299,shot,14696,RCB,11,0.03267386974167784,
1925299,shot,14696,LDM,11,0.03267386974167784,
1925299,shot,14696,LB,11,0.03267386974167784,
1925299,shot,14696,RB,11,0.03267386974167784,
1925299,shot,14696,GK,11,0.03267386974167784,
1925299,shot,14696,LCB,11,0.03267386974167784,
1925299,shot,14735,CF,10,0.1308873286993499,
1925299,shot,14735,RW,10,0.1308873286993499,
1925299,shot,14735,RDM,10,0.1308873286993499,
1925299,shot,14735,LW,10,0.1308873286993499,
1925299,shot,14735,AM,10,0.1308873286993499,
1925299,shot,14735,RCB,10,0.1308873286993499,
1925299,shot,14735,LDM,10,0.1308873286993499,
1925299,shot,14735,LB,10,0.1308873286993499,
1925299,shot,14735,GK,10,0.1308873286993499,
1925299,shot,14735,LCB,10,0.1308873286993499,
1925299,shot,14755,CF,11,0.3347836277975816,
1925299,shot,14755,LDM,11,0.3347836277975816,
1925299,shot,14755,RW,11,0.3347836277975816,
1925299,shot,14755,LW,11,0.3347836277975816,
1925299,shot,14755,AM,11,0.3347836277975816,
1925299,shot,14755,RDM,11,0.3347836277975816,
1925299,shot,14755,GK,11,0.3347836277975816,
1925299,shot,14755,LB,11,0.3347836277975816,
1925299,shot,14755,RB,11,0.3347836277975816,
1925299,shot,14755,RCB,11,0.3347836277975816,
1925299,shot,14755,LCB,11,0.3347836277975816,
1925299,shot,14782,CF,11,0.5002310058665633,
1925299,shot,14782,LDM,11,0.5002310058665633,
1925299,shot,14782,RDM,11,0.5002310058665633,
1925299,shot,14782,LW,11,0.5002310058665633,
1925299,shot,14782,AM,11,0.5002310058665633,
1925299,shot,14782,RW,11,0.5002310058665633,
1925299,shot,14782,GK,11,0.5002310058665633,
1925299,shot,14782,LB,11,0.5002310058665633,
1925299,shot,14782,RB,11,0.5002310058665633,
1925299,shot,14782,RCB,11,0.5002310058665633,
1925299,shot,14782,LCB,11,0.5002310058665633,
1925299,shot,15759,CF,10,0.04976901248808519,
1925299,shot,15759,CF,10,0.04976901248808519,
1925299,shot,15759,LW,10,0.04976901248808519,
1925299,shot,15759,LB,10,0.04976901248808519,
1925299,shot,15759,LM,10,0.04976901248808519,
1925299,shot,15759,RM,10,0.04976901248808519,
1925299,shot,15759,RCB,10,0.04976901248808519,
1925299,shot,15759,LCB,10,0.04976901248808519,
1925299,shot,15759,RB,10,0.04976901248808519,
1925299,shot,15759,GK,10,0.04976901248808519,
1925299,shot,15790,LB,9,0.04486295751949853,
1925299,shot,15790,CF,9,0.04486295751949853,
1925299,shot,15790,LW,9,0.04486295751949853,
1925299,shot,15790,CF,9,0.04486295751949853,
1925299,shot,15790,RB,9,0.04486295751949853,
1925299,shot,15790,RCB,9,0.04486295751949853,
1925299,shot,15790,LCB,9,0.04486295751949853,
1925299,shot,15790,RM,9,0.04486295751949853,
1925299,shot,15790,GK,9,0.04486295751949853,
1925299,shot,15808,LB,10,0.055984077383188786,
1925299,shot,15808,CF,10,0.055984077383188786,
1925299,shot,15808,CF,10,0.055984077383188786,
1925299,shot,15808,LW,10,0.055984077383188786,
1925299,shot,15808,RB,10,0.055984077383188786,
1925299,shot,15808,LM,10,0.055984077383188786,
1925299,shot,15808,RCB,10,0.055984077383188786,
1925299,shot,15808,LCB,10,0.055984077383188786,
1925299,shot,15808,RM,10,0.055984077383188786,
1925299,shot,15808,GK,10,0.055984077383188786,
1925299,shot,15829,LM,11,0.11612958419781651,
1925299,shot,15829,CF,11,0.11612958419781651,
1925299,shot,15829,RM,11,0.11612958419781651,
1925299,shot,15829,CF,11,0.11612958419781651,
1925299,shot,15829,LW,11,0.11612958419781651,
1925299,shot,15829,RB,11,0.11612958419781651,
1925299,shot,15829,RW,11,0.11612958419781651,
1925299,shot,15829,RCB,11,0.11612958419781651,
1925299,shot,15829,LCB,11,0.11612958419781651,
1925299,shot,15829,GK,11,0.11612958419781651,
1925299,shot,15829,LB,11,0.11612958419781651,
1925299,shot,17465,RW,9,0.0009263114425452556,
1925299,shot,17465,LW,9,0.0009263114425452556,
1925299,shot,17465,AM,9,0.0009263114425452556,
1925299,shot,17465,LB,9,0.0009263114425452556,
1925299,shot,17465,CF,9,0.0009263114425452556,
1925299,shot,17465,RDM,9,0.0009263114425452556,
1925299,shot,17465,LDM,9,0.0009263114425452556,
1925299,shot,17465,LCB,9,0.0009263114425452556,
1925299,shot,17465,GK,9,0.0009263114425452556,
1925299,shot,17521,AM,11,0.001784423083812522,
1925299,shot,17521,CF,11,0.001784423083812522,
1925299,shot,17521,LB,11,0.001784423083812522,
1925299,shot,17521,RW,11,0.001784423083812522,
1925299,shot,17521,LW,11,0.001784423083812522,
1925299,shot,17521,RDM,11,0.001784423083812522,
1925299,shot,17521,LDM,11,0.001784423083812522,
1925299,shot,17521,LCB,11,0.001784423083812522,
1925299,shot,17521,RB,11,0.001784423083812522,
1925299,shot,17521,GK,11,0.001784423083812522,
1925299,shot,17521,RCB,11,0.001784423083812522,
1925299,shot,17893,LW,11,0.46993003016425916,
1925299,shot,17893,RW,11,0.46993003016425916,
1925299,shot,17893,CF,11,0.46993003016425916,
1925299,shot,17893,LB,11,0.46993003016425916,
1925299,shot,17893,AM,11,0.46993003016425916,
1925299,shot,17893,GK,11,0.46993003016425916,
1925299,shot,17893,RDM,11,0.46993003016425916,
1925299,shot,17893,LDM,11,0.46993003016425916,
1925299,shot,17893,RB,11,0.46993003016425916,
1925299,shot,17893,LCB,11,0.46993003016425916,
1925299,shot,17893,RCB,11,0.46993003016425916,
1925299,shot,17931,CF,10,0.3072694403726151,
1925299,shot,17931,RW,10,0.3072694403726151,
1925299,shot,17931,AM,10,0.3072694403726151,
1925299,shot,17931,LCB,10,0.3072694403726151,
1925299,shot,17931,LW,10,0.3072694403726151,
1925299,shot,17931,GK,10,0.3072694403726151,
1925299,shot,17931,RCB,10,0.3072694403726151,
1925299,shot,17931,RB,10,0.3072694403726151,
1925299,shot,17931,LDM,10,0.3072694403726151,
1925299,shot,17931,RDM,10,0.3072694403726151,
1925299,shot,17971,CF,10,0.17322097963054173,
1925299,shot,17971,AM,10,0.17322097963054173,
1925299,shot,17971,RCB,10,0.17322097963054173,
1925299,shot,17971,LCB,10,0.17322097963054173,
1925299,shot,17971,LW,10,0.17322097963054173,
1925299,shot,17971,RDM,10,0.17322097963054173,
1925299,shot,17971,LB,10,0.17322097963054173,
1925299,shot,17971,RB,10,0.17322097963054173,
1925299,shot,17971,LDM,10,0.17322097963054173,
1925299,shot,17971,GK,10,0.17322097963054173,
1925299,shot,20900,RW,6,0.0016405113831556187,
1925299,shot,20900,GK,6,0.0016405113831556187,
1925299,shot,20900,RB,6,0.0016405113831556187,
1925299,shot,20900,RM,6,0.0016405113831556187,
1925299,shot,20900,LB,6,0.0016405113831556187,
1925299,shot,20900,RCB,6,0.0016405113831556187,
1925299,shot,20923,RW,11,0.013158792891367737,
1925299,shot,20923,CF,11,0.013158792891367737,
1925299,shot,20923,LW,11,0.013158792891367737,
1925299,shot,20923,RM,11,0.013158792891367737,
1925299,shot,20923,RB,11,0.013158792891367737,
1925299,shot,20923,CF,11,0.013158792891367737,
1925299,shot,20923,LM,11,0.013158792891367737,
1925299,shot,20923,LCB,11,0.013158792891367737,
1925299,shot,20923,LB,11,0.013158792891367737,
1925299,shot,20923,RCB,11,0.013158792891367737,
1925299,shot,20923,GK,11,0.013158792891367737,
1925299,shot,20964,RB,11,0.0035120821404757223,
1925299,shot,20964,CF,11,0.0035120821404757223,
1925299,shot,20964,LW,11,0.0035120821404757223,
1925299,shot,20964,RM,11,0.0035120821404757223,
1925299,shot,20964,RW,11,0.0035120821404757223,
1925299,shot,20964,CF,11,0.0035120821404757223,
1925299,shot,20964,LM,11,0.0035120821404757223,
1925299,shot,20964,LCB,11,0.0035120821404757223,
1925299,shot,20964,LB,11,0.0035120821404757223,
1925299,shot,20964,RCB,11,0.0035120821404757223,
1925299,shot,20964,GK,11,0.0035120821404757223,
1925299,shot,20988,RB,10,0.08778872426664472,
1925299,shot,20988,LW,10,0.08778872426664472,
1925299,shot,20988,LM,10,0.08778872426664472,
1925299,shot,20988,RW,10,0.08778872426664472,
1925299,shot,20988,RM,10,0.08778872426664472,
1925299,shot,20988,CF,10,0.08778872426664472,
1925299,shot,20988,LCB,10,0.08778872426664472,
1925299,shot,20988,LB,10,0.08778872426664472,
1925299,shot,20988,RCB,10,0.08778872426664472,
1925299,shot,20988,GK,10,0.08778872426664472,
1925299,shot,28117,LW,7,2.0000498843710346e-05,
1925299,shot,28117,CF,7,2.0000498843710346e-05,
1925299,shot,28117,LB,7,2.0000498843710346e-05,
1925299,shot,28117,RCB,7,2.0000498843710346e-05,
1925299,shot,28117,RB,7,2.0000498843710346e-05,
1925299,shot,28117,LCB,7,2.0000498843710346e-05,
1925299,shot,28117,GK,7,2.0000498843710346e-05,
1925299,shot,28206,CF,9,0.0017522199853504151,
1925299,shot,28206,CF,9,0.0017522199853504151,
1925299,shot,28206,LM,9,0.0017522199853504151,
1925299,shot,28206,RM,9,0.0017522199853504151,
1925299,shot,28206,LCB,9,0.0017522199853504151,
1925299,shot,28206,GK,9,0.0017522199853504151,
1925299,shot,28206,RB,9,0.0017522199853504151,
1925299,shot,28206,LB,9,0.0017522199853504151,
1925299,shot,28206,RCB,9,0.0017522199853504151,
1925299,shot,30069,RW,11,0.04628622882973177,
1925299,shot,30069,CF,11,0.04628622882973177,
1925299,shot,30069,LDM,11,0.04628622882973177,
1925299,shot,30069,LCB,11,0.04628622882973177,
1925299,shot,30069,AM,11,0.04628622882973177,
1925299,shot,30069,RB,11,0.04628622882973177,
1925299,shot,30069,GK,11,0.04628622882973177,
1925299,shot,30069,LB,11,0.04628622882973177,
1925299,shot,30069,LW,11,0.04628622882973177,
1925299,shot,30069,RCB,11,0.04628622882973177,
1925299,shot,30069,RDM,11,0.04628622882973177,
1925299,shot,30086,CF,11,0.059664764523292065,
1925299,shot,30086,RW,11,0.059664764523292065,
1925299,shot,30086,LDM,11,0.059664764523292065,
1925299,shot,30086,LCB,11,0.059664764523292065,
1925299,shot,30086,LW,11,0.059664764523292065,
1925299,shot,30086,RB,11,0.059664764523292065,
1925299,shot,30086,GK,11,0.059664764523292065,
1925299,shot,30086,LB,11,0.059664764523292065,
1925299,shot,30086,AM,11,0.059664764523292065,
1925299,shot,30086,RCB,11,0.059664764523292065,
1925299,shot,30086,RDM,11,0.059664764523292065,
1925299,shot,30109,CF,11,0.1471284794672194,
1925299,shot,30109,RW,11,0.1471284794672194,
1925299,shot,30109,AM,11,0.1471284794672194,
1925299,shot,30109,LB,11,0.1471284794672194,
1925299,shot,30109,LW,11,0.1471284794672194,
1925299,shot,30109,RCB,11,0.1471284794672194,
1925299,shot,30109,GK,11,0.1471284794672194,
1925299,shot,30109,LCB,11,0.1471284794672194,
1925299,shot,30109,RB,11,0.1471284794672194,
1925299,shot,30109,LDM,11,0.1471284794672194,
1925299,shot,30109,RDM,11,0.1471284794672194,
1925299,shot,30125,RW,10,0.2896638892230606,
1925299,shot,30125,CF,10,0.2896638892230606,
1925299,shot,30125,LB,10,0.2896638892230606,
1925299,shot,30125,LW,10,0.2896638892230606,
1925299,shot,30125,RCB,10,0.2896638892230606,
1925299,shot,30125,GK,10,0.2896638892230606,
1925299,shot,30125,LCB,10,0.2896638892230606,
1925299,shot,30125,RB,10,0.2896638892230606,
1925299,shot,30125,LDM,10,0.2896638892230606,
1925299,shot,30125,RDM,10,0.2896638892230606,
1925299,shot,32973,RW,11,0.007579735107467237,
1925299,shot,32973,LDM,11,0.007579735107467237,
1925299,shot,32973,CF,11,0.007579735107467237,
1925299,shot,32973,LB,11,0.007579735107467237,
1925299,shot,32973,LW,11,0.007579735107467237,
1925299,shot,32973,RDM,11,0.007579735107467237,
1925299,shot,32973,LCB,11,0.007579735107467237,
1925299,shot,32973,AM,11,0.007579735107467237,
1925299,shot,32973,RB,11,0.007579735107467237,
1925299,shot,32973,RCB,11,0.007579735107467237,
1925299,shot,32973,GK,11,0.007579735107467237,
1925299,shot,33044,RDM,11,0.0009964051442074996,
1925299,shot,33044,GK,11,0.0009964051442074996,
1925299,shot,33044,CF,11,0.0009964051442074996,
1925299,shot,33044,AM,11,0.0009964051442074996,
1925299,shot,33044,LW,11,0.0009964051442074996,
1925299,shot,33044,RW,11,0.0009964051442074996,
1925299,shot,33044,LDM,11,0.0009964051442074996,
1925299,shot,33044,LB,11,0.0009964051442074996,
1925299,shot,33044,RB,11,0.0009964051442074996,
1925299,shot,33044,RCB,11,0.0009964051442074996,
1925299,shot,33044,LCB,11,0.0009964051442074996,
1925299,shot,33065,CF,11,0.00010911550807967278,
1925299,shot,33065,RCB,11,0.00010911550807967278,
1925299,shot,33065,RDM,11,0.00010911550807967278,
1925299,shot,33065,AM,11,0.00010911550807967278,
1925299,shot,33065,LW,11,0.00010911550807967278,
1925299,shot,33065,RW,11,0.00010911550807967278,
1925299,shot,33065,LDM,11,0.00010911550807967278,
1925299,shot,33065,LB,11,0.00010911550807967278,
1925299,shot,33065,RB,11,0.00010911550807967278,
1925299,shot,33065,GK,11,0.00010911550807967278,
1925299,shot,33065,LCB,11,0.00010911550807967278,
1925299,shot,34414,LB,10,0.04340291068357013,
1925299,shot,34414,LW,10,0.04340291068357013,
1925299,shot,34414,CF,10,0.04340291068357013,
1925299,shot,34414,CF,10,0.04340291068357013,
1925299,shot,34414,RW,10,0.04340291068357013,
1925299,shot,34414,LM,10,0.04340291068357013,
1925299,shot,34414,RM,10,0.04340291068357013,
1925299,shot,34414,LCB,10,0.04340291068357013,
1925299,shot,34414,GK,10,0.04340291068357013,
1925299,shot,34414,RCB,10,0.04340291068357013,
1925299,shot,34488,LW,11,0.15259672656551915,
1925299,shot,34488,LM,11,0.15259672656551915,
1925299,shot,34488,CF,11,0.15259672656551915,
1925299,shot,34488,CF,11,0.15259672656551915,
1925299,shot,34488,RW,11,0.15259672656551915,
1925299,shot,34488,RCB,11,0.15259672656551915,
1925299,shot,34488,RM,11,0.15259672656551915,
1925299,shot,34488,LCB,11,0.15259672656551915,
1925299,shot,34488,LB,11,0.15259672656551915,
1925299,shot,34488,RB,11,0.15259672656551915,
1925299,shot,34488,GK,11,0.15259672656551915,
1925299,shot,34513,LW,11,0.2274946513696755,
1925299,shot,34513,LM,11,0.2274946513696755,
1925299,shot,34513,CF,11,0.2274946513696755,
1925299,shot,34513,CF,11,0.2274946513696755,
1925299,shot,34513,RW,11,0.2274946513696755,
1925299,shot,34513,RCB,11,0.2274946513696755,
1925299,shot,34513,LCB,11,0.2274946513696755,
1925299,shot,34513,RM,11,0.2274946513696755,
1925299,shot,34513,LB,11,0.2274946513696755,
1925299,shot,34513,RB,11,0.2274946513696755,
1925299,shot,34513,GK,11,0.2274946513696755,
1925299,shot,37470,RDM,11,0.29236458150955896,
1925299,shot,37470,RW,11,0.29236458150955896,
1925299,shot,37470,CF,11,0.29236458150955896,
1925299,shot,37470,AM,11,0.29236458150955896,
1925299,shot,37470,RB,11,0.29236458150955896,
1925299,shot,37470,LW,11,0.29236458150955896,
1925299,shot,37470,GK,11,0.29236458150955896,
1925299,shot,37470,LB,11,0.29236458150955896,
1925299,shot,37470,RCB,11,0.29236458150955896,
1925299,shot,37470,LCB,11,0.29236458150955896,
1925299,shot,37470,LDM,11,0.29236458150955896,
1925299,shot,37494,GK,9,0.3769968907710236,
1925299,shot,37494,RW,9,0.3769968907710236,
1925299,shot,37494,CF,9,0.3769968907710236,
1925299,shot,37494,AM,9,0.3769968907710236,
1925299,shot,37494,RB,9,0.3769968907710236,
1925299,shot,37494,LDM,9,0.3769968907710236,
1925299,shot,37494,RDM,9,0.3769968907710236,
1925299,shot,37494,RCB,9,0.3769968907710236,
1925299,shot,37494,LCB,9,0.3769968907710236,
1925299,shot,37528,LDM,9,0.28625073081887653,
1925299,shot,37528,RW,9,0.28625073081887653,
1925299,shot,37528,RCB,9,0.28625073081887653,
1925299,shot,37528,AM,9,0.28625073081887653,
1925299,shot,37528,CF,9,0.28625073081887653,
1925299,shot,37528,LCB,9,0.28625073081887653,
1925299,shot,37528,GK,9,0.28625073081887653,
1925299,shot,37528,RDM,9,0.28625073081887653,
1925299,shot,37528,LW,9,0.28625073081887653,
1925299,shot,38299,LW,10,1.9108128847517685e-05,
1925299,shot,38299,RW,10,1.9108128847517685e-05,
1925299,shot,38299,RDM,10,1.9108128847517685e-05,
1925299,shot,38299,LDM,10,1.9108128847517685e-05,
1925299,shot,38299,AM,10,1.9108128847517685e-05,
1925299,shot,38299,CF,10,1.9108128847517685e-05,
1925299,shot,38299,RCB,10,1.9108128847517685e-05,
1925299,shot,38299,LB,10,1.9108128847517685e-05,
1925299,shot,38299,RB,10,1.9108128847517685e-05,
1925299,shot,38299,GK,10,1.9108128847517685e-05,
1925299,shot,38325,LDM,8,9.826984030620087e-08,
1925299,shot,38325,CF,8,9.826984030620087e-08,
1925299,shot,38325,RDM,8,9.826984030620087e-08,
1925299,shot,38325,LW,8,9.826984030620087e-08,
1925299,shot,38325,RCB,8,9.826984030620087e-08,
1925299,shot,38325,LB,8,9.826984030620087e-08,
1925299,shot,38325,RB,8,9.826984030620087e-08,
1925299,shot,38325,GK,8,9.826984030620087e-08,
1925299,shot,38378,AM,10,1.2778031302251666e-05,
1925299,shot,38378,RDM,10,1.2778031302251666e-05,
1925299,shot,38378,LDM,10,1.2778031302251666e-05,
1925299,shot,38378,LW,10,1.2778031302251666e-05,
1925299,shot,38378,RCB,10,1.2778031302251666e-05,
1925299,shot,38378,CF,10,1.2778031302251666e-05,
1925299,shot,38378,LB,10,1.2778031302251666e-05,
1925299,shot,38378,RB,10,1.2778031302251666e-05,
1925299,shot,38378,LCB,10,1.2778031302251666e-05,
1925299,shot,38378,GK,10,1.2778031302251666e-05,
1925299,shot,38387,AM,10,0.0001158807924769481,
1925299,shot,38387,LCB,10,0.0001158807924769481,
1925299,shot,38387,LDM,10,0.0001158807924769481,
1925299,shot,38387,LW,10,0.0001158807924769481,
1925299,shot,38387,RDM,10,0.0001158807924769481,
1925299,shot,38387,CF,10,0.0001158807924769481,
1925299,shot,38387,LB,10,0.0001158807924769481,
1925299,shot,38387,RB,10,0.0001158807924769481,
1925299,shot,38387,GK,10,0.0001158807924769481,
1925299,shot,38387,RCB,10,0.0001158807924769481,
1925299,shot,38871,LW,11,0.014567962851532116,
1925299,shot,38871,CF,11,0.014567962851532116,
1925299,shot,38871,CF,11,0.014567962851532116,
1925299,shot,38871,LB,11,0.014567962851532116,
1925299,shot,38871,RW,11,0.014567962851532116,
1925299,shot,38871,LM,11,0.014567962851532116,
1925299,shot,38871,RM,11,0.014567962851532116,
1925299,shot,38871,RCB,11,0.014567962851532116,
1925299,shot,38871,LCB,11,0.014567962851532116,
1925299,shot,38871,RB,11,0.014567962851532116,
1925299,shot,38871,GK,11,0.014567962851532116,
1925299,shot,38945,CF,11,0.04153276791944042,
1925299,shot,38945,CF,11,0.04153276791944042,
1925299,shot,38945,RW,11,0.04153276791944042,
1925299,shot,38945,LCB,11,0.04153276791944042,
1925299,shot,38945,LM,11,0.04153276791944042,
1925299,shot,38945,RM,11,0.04153276791944042,
1925299,shot,38945,LW,11,0.04153276791944042,
1925299,shot,38945,GK,11,0.04153276791944042,
1925299,shot,38945,LB,11,0.04153276791944042,
1925299,shot,38945,RB,11,0.04153276791944042,
1925299,shot,38945,RCB,11,0.04153276791944042,
1925299,shot,40294,CF,11,0.025920649771437036,
1925299,shot,40294,RW,11,0.025920649771437036,
1925299,shot,40294,LDM,11,0.025920649771437036,
1925299,shot,40294,LB,11,0.025920649771437036,
1925299,shot,40294,LW,11,0.025920649771437036,
1925299,shot,40294,AM,11,0.025920649771437036,
1925299,shot,40294,RDM,11,0.025920649771437036,
1925299,shot,40294,LCB,11,0.025920649771437036,
1925299,shot,40294,RB,11,0.025920649771437036,
1925299,shot,40294,GK,11,0.025920649771437036,
1925299,shot,40294,RCB,11,0.025920649771437036,
1925299,shot,40334,RW,11,0.21492239233036625,
1925299,shot,40334,CF,11,0.21492239233036625,
1925299,shot,40334,LDM,11,0.21492239233036625,
1925299,shot,40334,AM,11,0.21492239233036625,
1925299,shot,40334,LW,11,0.21492239233036625,
1925299,shot,40334,RDM,11,0.21492239233036625,
1925299,shot,40334,GK,11,0.21492239233036625,
1925299,shot,40334,LB,11,0.21492239233036625,
1925299,shot,40334,RB,11,0.21492239233036625,
1925299,shot,40334,LCB,11,0.21492239233036625,
1925299,shot,40334,RCB,11,0.21492239233036625,
1925299,shot,40363,RDM,11,0.06710009586447734,
1925299,shot,40363,CF,11,0.06710009586447734,
1925299,shot,40363,LDM,11,0.06710009586447734,
1925299,shot,40363,AM,11,0.06710009586447734,
1925299,shot,40363,LW,11,0.06710009586447734,
1925299,shot,40363,RW,11,0.06710009586447734,
1925299,shot,40363,GK,11,0.06710009586447734,
1925299,shot,40363,LB,11,0.06710009586447734,
1925299,shot,40363,RB,11,0.06710009586447734,
1925299,shot,40363,LCB,11,0.06710009586447734,
1925299,shot,40363,RCB,11,0.06710009586447734,
1925299,shot,40381,AM,10,0.03857255747697699,
1925299,shot,40381,GK,10,0.03857255747697699,
1925299,shot,40381,CF,10,0.03857255747697699,
1925299,shot,40381,LW,10,0.03857255747697699,
1925299,shot,40381,RW,10,0.03857255747697699,
1925299,shot,40381,RCB,10,0.03857255747697699,
1925299,shot,40381,LB,10,0.03857255747697699,
1925299,shot,40381,RB,10,0.03857255747697699,
1925299,shot,40381,LCB,10,0.03857255747697699,
1925299,shot,40381,RDM,10,0.03857255747697699,
1925299,goal,44209,RB,8,0.0003490479188554972,
1925299,goal,44209,CF,8,0.0003490479188554972,
1925299,goal,44209,LW,8,0.0003490479188554972,
1925299,goal,44209,LM,8,0.0003490479188554972,
1925299,goal,44209,RM,8,0.0003490479188554972,
1925299,goal,44209,LCB,8,0.0003490479188554972,
1925299,goal,44209,RCB,8,0.0003490479188554972,
1925299,goal,44209,GK,8,0.0003490479188554972,
1925299,goal,44267,CF,11,0.00024653925838320745,
1925299,goal,44267,CF,11,0.00024653925838320745,
1925299,goal,44267,LM,11,0.00024653925838320745,
1925299,goal,44267,LW,11,0.00024653925838320745,
1925299,goal,44267,RB,11,0.00024653925838320745,
1925299,goal,44267,RW,11,0.00024653925838320745,
1925299,goal,44267,RM,11,0.00024653925838320745,
1925299,goal,44267,LCB,11,0.00024653925838320745,
1925299,goal,44267,LB,11,0.00024653925838320745,
1925299,goal,44267,RCB,11,0.00024653925838320745,
1925299,goal,44267,GK,11,0.00024653925838320745,
1925299,goal,44283,CF,10,8.605079439267759e-06,
1925299,goal,44283,CF,10,8.605079439267759e-06,
1925299,goal,44283,LCB,10,8.605079439267759e-06,
1925299,goal,44283,LW,10,8.605079439267759e-06,
1925299,goal,44283,RW,10,8.605079439267759e-06,
1925299,goal,44283,LM,10,8.605079439267759e-06,
1925299,goal,44283,RM,10,8.605079439267759e-06,
1925299,goal,44283,LB,10,8.605079439267759e-06,
1925299,goal,44283,RCB,10,8.605079439267759e-06,
1925299,goal,44283,GK,10,8.605079439267759e-06,
1925299,shot,44303,RW,10,6.329429068430314e-08,
1925299,shot,44303,CF,10,6.329429068430314e-08,
1925299,shot,44303,CF,10,6.329429068430314e-08,
1925299,shot,44303,LW,10,6.329429068430314e-08,
1925299,shot,44303,LM,10,6.329429068430314e-08,
1925299,shot,44303,RM,10,6.329429068430314e-08,
1925299,shot,44303,LCB,10,6.329429068430314e-08,
1925299,shot,44303,LB,10,6.329429068430314e-08,
1925299,shot,44303,RCB,10,6.329429068430314e-08,
1925299,shot,44303,GK,10,6.329429068430314e-08,
1925299,shot,46380,CF,11,0.0074031610665975635,
1925299,shot,46380,RW,11,0.0074031610665975635,
1925299,shot,46380,AM,11,0.0074031610665975635,
1925299,shot,46380,LDM,11,0.0074031610665975635,
1925299,shot,46380,LW,11,0.0074031610665975635,
1925299,shot,46380,RDM,11,0.0074031610665975635,
1925299,shot,46380,GK,11,0.0074031610665975635,
1925299,shot,46380,LB,11,0.0074031610665975635,
1925299,shot,46380,RB,11,0.0074031610665975635,
1925299,shot,46380,RCB,11,0.0074031610665975635,
1925299,shot,46380,LCB,11,0.0074031610665975635,
1925299,shot,46427,RW,10,0.03922807003870766,
1925299,shot,46427,CF,10,0.03922807003870766,
1925299,shot,46427,AM,10,0.03922807003870766,
1925299,shot,46427,LW,10,0.03922807003870766,
1925299,shot,46427,RDM,10,0.03922807003870766,
1925299,shot,46427,RCB,10,0.03922807003870766,
1925299,shot,46427,LB,10,0.03922807003870766,
1925299,shot,46427,RB,10,0.03922807003870766,
1925299,shot,46427,GK,10,0.03922807003870766,
1925299,shot,46427,LCB,10,0.03922807003870766,
1925299,shot,46475,AM,11,0.04242763138700014,
1925299,shot,46475,CF,11,0.04242763138700014,
1925299,shot,46475,RDM,11,0.04242763138700014,
1925299,shot,46475,RW,11,0.04242763138700014,
1925299,shot,46475,LW,11,0.04242763138700014,
1925299,shot,46475,LDM,11,0.04242763138700014,
1925299,shot,46475,RCB,11,0.04242763138700014,
1925299,shot,46475,LB,11,0.04242763138700014,
1925299,shot,46475,RB,11,0.04242763138700014,
1925299,shot,46475,GK,11,0.04242763138700014,
1925299,shot,46475,LCB,11,0.04242763138700014,
1925299,shot,46489,CF,11,0.020318466227053994,
1925299,shot,46489,LDM,11,0.020318466227053994,
1925299,shot,46489,AM,11,0.020318466227053994,
1925299,shot,46489,RW,11,0.020318466227053994,
1925299,shot,46489,LW,11,0.020318466227053994,
1925299,shot,46489,RDM,11,0.020318466227053994,
1925299,shot,46489,RCB,11,0.020318466227053994,
1925299,shot,46489,LB,11,0.020318466227053994,
1925299,shot,46489,RB,11,0.020318466227053994,
1925299,shot,46489,GK,11,0.020318466227053994,
1925299,shot,46489,LCB,11,0.020318466227053994,
1925299,shot,46497,LDM,10,0.0062935000932167395,
1925299,shot,46497,CF,10,0.0062935000932167395,
1925299,shot,46497,RCB,10,0.0062935000932167395,
1925299,shot,46497,RW,10,0.0062935000932167395,
1925299,shot,46497,LW,10,0.0062935000932167395,
1925299,shot,46497,RDM,10,0.0062935000932167395,
1925299,shot,46497,LB,10,0.0062935000932167395,
1925299,shot,46497,RB,10,0.0062935000932167395,
1925299,shot,46497,GK,10,0.0062935000932167395,
1925299,shot,46497,LCB,10,0.0062935000932167395,
1925299,shot,50613,CF,11,0.6436484240747916,
1925299,shot,50613,LCB,11,0.6436484240747916,
1925299,shot,50613,AM,11,0.6436484240747916,
1925299,shot,50613,RW,11,0.6436484240747916,
1925299,shot,50613,LW,11,0.6436484240747916,
1925299,shot,50613,GK,11,0.6436484240747916,
1925299,shot,50613,RCB,11,0.6436484240747916,
1925299,shot,50613,LB,11,0.6436484240747916,
1925299,shot,50613,RB,11,0.6436484240747916,
1925299,shot,50613,LDM,11,0.6436484240747916,
1925299,shot,50613,RDM,11,0.6436484240747916,
1925299,shot,50623,CF,10,0.7952628409857092,
1925299,shot,50623,GK,10,0.7952628409857092,
1925299,shot,50623,AM,10,0.7952628409857092,
1925299,shot,50623,RW,10,0.7952628409857092,
1925299,shot,50623,LW,10,0.7952628409857092,
1925299,shot,50623,LCB,10,0.7952628409857092,
1925299,shot,50623,RCB,10,0.7952628409857092,
1925299,shot,50623,LB,10,0.7952628409857092,
1925299,shot,50623,LDM,10,0.7952628409857092,
1925299,shot,50623,RDM,10,0.7952628409857092,
1925299,shot,55899,AM,11,0.14677363019822093,
1925299,shot,55899,CF,11,0.14677363019822093,
1925299,shot,55899,RW,11,0.14677363019822093,
1925299,shot,55899,RW,11,0.14677363019822093,
1925299,shot,55899,RB,11,0.14677363019822093,
1925299,shot,55899,LCB,11,0.14677363019822093,
1925299,shot,55899,RDM,11,0.14677363019822093,
1925299,shot,55899,LB,11,0.14677363019822093,
1925299,shot,55899,LDM,11,0.14677363019822093,
1925299,shot,55899,RCB,11,0.14677363019822093,
1925299,shot,55899,GK,11,0.14677363019822093,
1925299,shot,55909,AM,11,0.11934000464388522,
1925299,shot,55909,CF,11,0.11934000464388522,
1925299,shot,55909,RW,11,0.11934000464388522,
1925299,shot,55909,RW,11,0.11934000464388522,
1925299,shot,55909,RB,11,0.11934000464388522,
1925299,shot,55909,LCB,11,0.11934000464388522,
1925299,shot,55909,RCB,11,0.11934000464388522,
1925299,shot,55909,LB,11,0.11934000464388522,
1925299,shot,55909,LDM,11,0.11934000464388522,
1925299,shot,55909,RDM,11,0.11934000464388522,
1925299,shot,55909,GK,11,0.11934000464388522,
1925299,shot,55982,CF,9,0.13559419331073477,
1925299,shot,55982,AM,9,0.13559419331073477,
1925299,shot,55982,RW,9,0.13559419331073477,
1925299,shot,55982,RCB,9,0.13559419331073477,
1925299,shot,55982,LB,9,0.13559419331073477,
1925299,shot,55982,RDM,9,0.13559419331073477,
1925299,shot,55982,GK,9,0.13559419331073477,
1925299,shot,55982,RB,9,0.13559419331073477,
1925299,shot,55982,LCB,9,0.13559419331073477,
1925299,shot,58602,LB,11,0.06829560427446354,
1925299,shot,58602,AM,11,0.06829560427446354,
1925299,shot,58602,CF,11,0.06829560427446354,
1925299,shot,58602,RW,11,0.06829560427446354,
1925299,shot,58602,RB,11,0.06829560427446354,
1925299,shot,58602,RDM,11,0.06829560427446354,
1925299,shot,58602,RW,11,0.06829560427446354,
1925299,shot,58602,LDM,11,0.06829560427446354,
1925299,shot,58602,LCB,11,0.06829560427446354,
1925299,shot,58602,RCB,11,0.06829560427446354,
1925299,shot,58602,GK,11,0.06829560427446354,
1925299,shot,58633,CF,11,0.21637671753973775,
1925299,shot,58633,RW,11,0.21637671753973775,
1925299,shot,58633,AM,11,0.21637671753973775,
1925299,shot,58633,LB,11,0.21637671753973775,
1925299,shot,58633,RB,11,0.21637671753973775,
1925299,shot,58633,LCB,11,0.21637671753973775,
1925299,shot,58633,GK,11,0.21637671753973775,
1925299,shot,58633,LDM,11,0.21637671753973775,
1925299,shot,58633,RW,11,0.21637671753973775,
1925299,shot,58633,RCB,11,0.21637671753973775,
1925299,shot,58633,RDM,11,0.21637671753973775,
1925299,shot,58669,RB,10,0.561456972869702,
1925299,shot,58669,GK,10,0.561456972869702,
1925299,shot,58669,CF,10,0.561456972869702,
1925299,shot,58669,LB,10,0.561456972869702,
1925299,shot,58669,AM,10,0.561456972869702,
1925299,shot,58669,RW,10,0.561456972869702,
1925299,shot,58669,RDM,10,0.561456972869702,
1925299,shot,58669,LDM,10,0.561456972869702,
1925299,shot,58669,RCB,10,0.561456972869702,
1925299,shot,58669,LCB,10,0.561456972869702,
1925299,shot,58688,CF,10,0.41436526444618027,
1925299,shot,58688,RCB,10,0.41436526444618027,
1925299,shot,58688,AM,10,0.41436526444618027,
1925299,shot,58688,LB,10,0.41436526444618027,
1925299,shot,58688,RB,10,0.41436526444618027,
1925299,shot,58688,RW,10,0.41436526444618027,
1925299,shot,58688,RDM,10,0.41436526444618027,
1925299,shot,58688,LDM,10,0.41436526444618027,
1925299,shot,58688,GK,10,0.41436526444618027,
1925299,shot,58688,LCB,10,0.41436526444618027,
1927964,goal,405,CF,10,6.881478159288611e-05,
1927964,goal,405,LM,10,6.881478159288611e-05,
1927964,goal,405,RW,10,6.881478159288611e-05,
1927964,goal,405,LW,10,6.881478159288611e-05,
1927964,goal,405,RB,10,6.881478159288611e-05,
1927964,goal,405,GK,10,6.881478159288611e-05,
1927964,goal,405,RM,10,6.881478159288611e-05,
1927964,goal,405,LB,10,6.881478159288611e-05,
1927964,goal,405,LCB,10,6.881478159288611e-05,
1927964,goal,405,RCB,10,6.881478159288611e-05,
1927964,goal,485,LM,10,0.0002267243446890533,
1927964,goal,485,CF,10,0.0002267243446890533,
1927964,goal,485,LCB,10,0.0002267243446890533,
1927964,goal,485,LW,10,0.0002267243446890533,
1927964,goal,485,RB,10,0.0002267243446890533,
1927964,goal,485,RW,10,0.0002267243446890533,
1927964,goal,485,RM,10,0.0002267243446890533,
1927964,goal,485,LB,10,0.0002267243446890533,
1927964,goal,485,GK,10,0.0002267243446890533,
1927964,goal,485,RCB,10,0.0002267243446890533,
1927964,goal,495,LM,10,4.572540938361533e-05,
1927964,goal,495,CF,10,4.572540938361533e-05,
1927964,goal,495,LCB,10,4.572540938361533e-05,
1927964,goal,495,LW,10,4.572540938361533e-05,
1927964,goal,495,RB,10,4.572540938361533e-05,
1927964,goal,495,RW,10,4.572540938361533e-05,
1927964,goal,495,RM,10,4.572540938361533e-05,
1927964,goal,495,LB,10,4.572540938361533e-05,
1927964,goal,495,GK,10,4.572540938361533e-05,
1927964,goal,495,RCB,10,4.572540938361533e-05,
1927964,shot,4618,LM,10,0.009354060519054975,
1927964,shot,4618,CF,10,0.009354060519054975,
1927964,shot,4618,CF,10,0.009354060519054975,
1927964,shot,4618,RCB,10,0.009354060519054975,
1927964,shot,4618,LB,10,0.009354060519054975,
1927964,shot,4618,RW,10,0.009354060519054975,
1927964,shot,4618,LCB,10,0.009354060519054975,
1927964,shot,4618,GK,10,0.009354060519054975,
1927964,shot,4618,LW,10,0.009354060519054975,
1927964,shot,4618,RM,10,0.009354060519054975,
1927964,shot,4627,CF,10,0.009297348755504286,
1927964,shot,4627,CF,10,0.009297348755504286,
1927964,shot,4627,LM,10,0.009297348755504286,
1927964,shot,4627,RCB,10,0.009297348755504286,
1927964,shot,4627,LB,10,0.009297348755504286,
1927964,shot,4627,RW,10,0.009297348755504286,
1927964,shot,4627,LCB,10,0.009297348755504286,
1927964,shot,4627,GK,10,0.009297348755504286,
1927964,shot,4627,LW,10,0.009297348755504286,
1927964,shot,4627,RM,10,0.009297348755504286,
1927964,shot,4663,CF,10,0.047950715096197236,
1927964,shot,4663,CF,10,0.047950715096197236,
1927964,shot,4663,LCB,10,0.047950715096197236,
1927964,shot,4663,RCB,10,0.047950715096197236,
1927964,shot,4663,LB,10,0.047950715096197236,
1927964,shot,4663,RW,10,0.047950715096197236,
1927964,shot,4663,LM,10,0.047950715096197236,
1927964,shot,4663,GK,10,0.047950715096197236,
1927964,shot,4663,RM,10,0.047950715096197236,
1927964,shot,4663,RB,10,0.047950715096197236,
1927964,shot,4713,CF,9,0.03856846711899812,
1927964,shot,4713,CF,9,0.03856846711899812,
1927964,shot,4713,GK,9,0.03856846711899812,
1927964,shot,4713,RW,9,0.03856846711899812,
1927964,shot,4713,RB,9,0.03856846711899812,
1927964,shot,4713,LCB,9,0.03856846711899812,
1927964,shot,4713,LW,9,0.03856846711899812,
1927964,shot,4713,RM,9,0.03856846711899812,
1927964,shot,4713,RCB,9,0.03856846711899812,
1927964,shot,10004,LW,5,1.8418503753441307e-05,
1927964,shot,10004,LB,5,1.8418503753441307e-05,
1927964,shot,10004,LM,5,1.8418503753441307e-05,
1927964,shot,10004,LCB,5,1.8418503753441307e-05,
1927964,shot,10004,GK,5,1.8418503753441307e-05,
1927964,shot,10048,LW,11,0.006262494296604991,
1927964,shot,10048,CF,11,0.006262494296604991,
1927964,shot,10048,CF,11,0.006262494296604991,
1927964,shot,10048,RW,11,0.006262494296604991,
1927964,shot,10048,LB,11,0.006262494296604991,
1927964,shot,10048,RB,11,0.006262494296604991,
1927964,shot,10048,LM,11,0.006262494296604991,
1927964,shot,10048,RM,11,0.006262494296604991,
1927964,shot,10048,LCB,11,0.006262494296604991,
1927964,shot,10048,GK,11,0.006262494296604991,
1927964,shot,10048,RCB,11,0.006262494296604991,
1927964,shot,10059,LW,11,0.017352010366498923,
1927964,shot,10059,CF,11,0.017352010366498923,
1927964,shot,10059,CF,11,0.017352010366498923,
1927964,shot,10059,RW,11,0.017352010366498923,
1927964,shot,10059,LB,11,0.017352010366498923,
1927964,shot,10059,RB,11,0.017352010366498923,
1927964,shot,10059,LM,11,0.017352010366498923,
1927964,shot,10059,RM,11,0.017352010366498923,
1927964,shot,10059,LCB,11,0.017352010366498923,
1927964,shot,10059,GK,11,0.017352010366498923,
1927964,shot,10059,RCB,11,0.017352010366498923,
1927964,shot,10097,CF,11,0.0056299415790701775,
1927964,shot,10097,CF,11,0.0056299415790701775,
1927964,shot,10097,LCB,11,0.0056299415790701775,
1927964,shot,10097,RW,11,0.0056299415790701775,
1927964,shot,10097,LW,11,0.0056299415790701775,
1927964,shot,10097,RB,11,0.0056299415790701775,
1927964,shot,10097,LM,11,0.0056299415790701775,
1927964,shot,10097,RM,11,0.0056299415790701775,
1927964,shot,10097,LB,11,0.0056299415790701775,
1927964,shot,10097,GK,11,0.0056299415790701775,
1927964,shot,10097,RCB,11,0.0056299415790701775,
1927964,shot,15741,CF,9,4.669154553033661e-06,
1927964,shot,15741,LWB,9,4.669154553033661e-06,
1927964,shot,15741,CF,9,4.669154553033661e-06,
1927964,shot,15741,RWB,9,4.669154553033661e-06,
1927964,shot,15741,CB,9,4.669154553033661e-06,
1927964,shot,15741,DM,9,4.669154553033661e-06,
1927964,shot,15741,RCB,9,4.669154553033661e-06,
1927964,shot,15741,LM,9,4.669154553033661e-06,
1927964,shot,15741,GK,9,4.669154553033661e-06,
1927964,shot,15807,LWB,11,2.649516210344997e-07,
1927964,shot,15807,CF,11,2.649516210344997e-07,
1927964,shot,15807,RCB,11,2.649516210344997e-07,
1927964,shot,15807,CF,11,2.649516210344997e-07,
1927964,shot,15807,RWB,11,2.649516210344997e-07,
1927964,shot,15807,LM,11,2.649516210344997e-07,
1927964,shot,15807,DM,11,2.649516210344997e-07,
1927964,shot,15807,LCB,11,2.649516210344997e-07,
1927964,shot,15807,RM,11,2.649516210344997e-07,
1927964,shot,15807,CB,11,2.649516210344997e-07,
1927964,shot,15807,GK,11,2.649516210344997e-07,
1927964,shot,15829,RCB,10,0.002808547183526197,
1927964,shot,15829,CB,10,0.002808547183526197,
1927964,shot,15829,CF,10,0.002808547183526197,
1927964,shot,15829,CF,10,0.002808547183526197,
1927964,shot,15829,RWB,10,0.002808547183526197,
1927964,shot,15829,DM,10,0.002808547183526197,
1927964,shot,15829,LM,10,0.002808547183526197,
1927964,shot,15829,RM,10,0.002808547183526197,
1927964,shot,15829,LCB,10,0.002808547183526197,
1927964,shot,15829,GK,10,0.002808547183526197,
1927964,shot,19780,CF,11,0.003147863511427567,
1927964,shot,19780,CF,11,0.003147863511427567,
1927964,shot,19780,LW,11,0.003147863511427567,
1927964,shot,19780,RB,11,0.003147863511427567,
1927964,shot,19780,LB,11,0.003147863511427567,
1927964,shot,19780,RW,11,0.003147863511427567,
1927964,shot,19780,LM,11,0.003147863511427567,
1927964,shot,19780,RM,11,0.003147863511427567,
1927964,shot,19780,GK,11,0.003147863511427567,
1927964,shot,19780,RCB,11,0.003147863511427567,
1927964,shot,19780,LCB,11,0.003147863511427567,
1927964,shot,19805,LW,11,0.0167221417585747,
1927964,shot,19805,CF,11,0.0167221417585747,
1927964,shot,19805,CF,11,0.0167221417585747,
1927964,shot,19805,RB,11,0.0167221417585747,
1927964,shot,19805,LB,11,0.0167221417585747,
1927964,shot,19805,RW,11,0.0167221417585747,
1927964,shot,19805,LM,11,0.0167221417585747,
1927964,shot,19805,RM,11,0.0167221417585747,
1927964,shot,19805,GK,11,0.0167221417585747,
1927964,shot,19805,RCB,11,0.0167221417585747,
1927964,shot,19805,LCB,11,0.0167221417585747,
1927964,shot,19811,CF,11,0.018446748187071323,
1927964,shot,19811,CF,11,0.018446748187071323,
1927964,shot,19811,LW,11,0.018446748187071323,
1927964,shot,19811,RB,11,0.018446748187071323,
1927964,shot,19811,LB,11,0.018446748187071323,
1927964,shot,19811,RW,11,0.018446748187071323,
1927964,shot,19811,LM,11,0.018446748187071323,
1927964,shot,19811,RM,11,0.018446748187071323,
1927964,shot,19811,GK,11,0.018446748187071323,
1927964,shot,19811,RCB,11,0.018446748187071323,
1927964,shot,19811,LCB,11,0.018446748187071323,
1927964,shot,19842,CF,10,0.054539678230543516,
1927964,shot,19842,LM,10,0.054539678230543516,
1927964,shot,19842,LW,10,0.054539678230543516,
1927964,shot,19842,RB,10,0.054539678230543516,
1927964,shot,19842,LB,10,0.054539678230543516,
1927964,shot,19842,RW,10,0.054539678230543516,
1927964,shot,19842,RM,10,0.054539678230543516,
1927964,shot,19842,GK,10,0.054539678230543516,
1927964,shot,19842,RCB,10,0.054539678230543516,
1927964,shot,19842,LCB,10,0.054539678230543516,
1927964,shot,19865,GK,11,0.008743450266131622,
1927964,shot,19865,CF,11,0.008743450266131622,
1927964,shot,19865,LW,11,0.008743450266131622,
1927964,shot,19865,CF,11,0.008743450266131622,
1927964,shot,19865,LB,11,0.008743450266131622,
1927964,shot,19865,RW,11,0.008743450266131622,
1927964,shot,19865,RB,11,0.008743450266131622,
1927964,shot,19865,RM,11,0.008743450266131622,
1927964,shot,19865,LM,11,0.008743450266131622,
1927964,shot,19865,RCB,11,0.008743450266131622,
1927964,shot,19865,LCB,11,0.008743450266131622,
1927964,shot,27745,CF,10,0.030892785790881484,
1927964,shot,27745,CF,10,0.030892785790881484,
1927964,shot,27745,DM,10,0.030892785790881484,
1927964,shot,27745,LWB,10,0.030892785790881484,
1927964,shot,27745,RWB,10,0.030892785790881484,
1927964,shot,27745,GK,10,0.030892785790881484,
1927964,shot,27745,LCB,10,0.030892785790881484,
1927964,shot,27745,RM,10,0.030892785790881484,
1927964,shot,27745,RCB,10,0.030892785790881484,
1927964,shot,27745,CB,10,0.030892785790881484,
1927964,shot,27773,LM,10,0.017341967745581395,
1927964,shot,27773,CF,10,0.017341967745581395,
1927964,shot,27773,LWB,10,0.017341967745581395,
1927964,shot,27773,RWB,10,0.017341967745581395,
1927964,shot,27773,DM,10,0.017341967745581395,
1927964,shot,27773,GK,10,0.017341967745581395,
1927964,shot,27773,LCB,10,0.017341967745581395,
1927964,shot,27773,RM,10,0.017341967745581395,
1927964,shot,27773,RCB,10,0.017341967745581395,
1927964,shot,27773,CB,10,0.017341967745581395,
1927964,shot,27799,LM,10,0.01387080602288777,
1927964,shot,27799,CF,10,0.01387080602288777,
1927964,shot,27799,LWB,10,0.01387080602288777,
1927964,shot,27799,RWB,10,0.01387080602288777,
1927964,shot,27799,DM,10,0.01387080602288777,
1927964,shot,27799,GK,10,0.01387080602288777,
1927964,shot,27799,LCB,10,0.01387080602288777,
1927964,shot,27799,RM,10,0.01387080602288777,
1927964,shot,27799,RCB,10,0.01387080602288777,
1927964,shot,27799,CB,10,0.01387080602288777,
1927964,shot,27840,LWB,11,0.1407478066319493,
1927964,shot,27840,CF,11,0.1407478066319493,
1927964,shot,27840,CF,11,0.1407478066319493,
1927964,shot,27840,LM,11,0.1407478066319493,
1927964,shot,27840,RWB,11,0.1407478066319493,
1927964,shot,27840,DM,11,0.1407478066319493,
1927964,shot,27840,GK,11,0.1407478066319493,
1927964,shot,27840,LCB,11,0.1407478066319493,
1927964,shot,27840,RM,11,0.1407478066319493,
1927964,shot,27840,RCB,11,0.1407478066319493,
1927964,shot,27840,CB,11,0.1407478066319493,
1927964,shot,31704,LW,11,0.02420479730775386,
1927964,shot,31704,LM,11,0.02420479730775386,
1927964,shot,31704,CF,11,0.02420479730775386,
1927964,shot,31704,LB,11,0.02420479730775386,
1927964,shot,31704,RW,11,0.02420479730775386,
1927964,shot,31704,RM,11,0.02420479730775386,
1927964,shot,31704,RCB,11,0.02420479730775386,
1927964,shot,31704,CF,11,0.02420479730775386,
1927964,shot,31704,RB,11,0.02420479730775386,
1927964,shot,31704,GK,11,0.02420479730775386,
1927964,shot,31704,LCB,11,0.02420479730775386,
1927964,shot,31716,LW,11,0.01121135723393921,
1927964,shot,31716,CF,11,0.01121135723393921,
1927964,shot,31716,CF,11,0.01121135723393921,
1927964,shot,31716,LB,11,0.01121135723393921,
1927964,shot,31716,RW,11,0.01121135723393921,
1927964,shot,31716,RM,11,0.01121135723393921,
1927964,shot,31716,RCB,11,0.01121135723393921,
1927964,shot,31716,LCB,11,0.01121135723393921,
1927964,shot,31716,RB,11,0.01121135723393921,
1927964,shot,31716,GK,11,0.01121135723393921,
1927964,shot,31716,LM,11,0.01121135723393921,
1927964,shot,31754,CF,11,0.04658136256405145,
1927964,shot,31754,LW,11,0.04658136256405145,
1927964,shot,31754,RCB,11,0.04658136256405145,
1927964,shot,31754,LB,11,0.04658136256405145,
1927964,shot,31754,CF,11,0.04658136256405145,
1927964,shot,31754,RM,11,0.04658136256405145,
1927964,shot,31754,RW,11,0.04658136256405145,
1927964,shot,31754,LCB,11,0.04658136256405145,
1927964,shot,31754,RB,11,0.04658136256405145,
1927964,shot,31754,LM,11,0.04658136256405145,
1927964,shot,31754,GK,11,0.04658136256405145,
1927964,shot,31761,CF,11,0.060136022178531826,
1927964,shot,31761,LW,11,0.060136022178531826,
1927964,shot,31761,LM,11,0.060136022178531826,
1927964,shot,31761,LB,11,0.060136022178531826,
1927964,shot,31761,CF,11,0.060136022178531826,
1927964,shot,31761,RM,11,0.060136022178531826,
1927964,shot,31761,RW,11,0.060136022178531826,
1927964,shot,31761,LCB,11,0.060136022178531826,
1927964,shot,31761,RB,11,0.060136022178531826,
1927964,shot,31761,RCB,11,0.060136022178531826,
1927964,shot,31761,GK,11,0.060136022178531826,
1927964,shot,31779,CF,11,0.040120240507612946,
1927964,shot,31779,LW,11,0.040120240507612946,
1927964,shot,31779,RM,11,0.040120240507612946,
1927964,shot,31779,LB,11,0.040120240507612946,
1927964,shot,31779,CF,11,0.040120240507612946,
1927964,shot,31779,LM,11,0.040120240507612946,
1927964,shot,31779,LCB,11,0.040120240507612946,
1927964,shot,31779,RW,11,0.040120240507612946,
1927964,shot,31779,RB,11,0.040120240507612946,
1927964,shot,31779,RCB,11,0.040120240507612946,
1927964,shot,31779,GK,11,0.040120240507612946,
1927964,shot,32980,CF,11,0.013665810001730063,
1927964,shot,32980,LW,11,0.013665810001730063,
1927964,shot,32980,RM,11,0.013665810001730063,
1927964,shot,32980,CF,11,0.013665810001730063,
1927964,shot,32980,RB,11,0.013665810001730063,
1927964,shot,32980,GK,11,0.013665810001730063,
1927964,shot,32980,LM,11,0.013665810001730063,
1927964,shot,32980,LB,11,0.013665810001730063,
1927964,shot,32980,RW,11,0.013665810001730063,
1927964,shot,32980,RCB,11,0.013665810001730063,
1927964,shot,32980,LCB,11,0.013665810001730063,
1927964,shot,32994,CF,11,0.011400908934261352,
1927964,shot,32994,LW,11,0.011400908934261352,
1927964,shot,32994,RM,11,0.011400908934261352,
1927964,shot,32994,LB,11,0.011400908934261352,
1927964,shot,32994,RB,11,0.011400908934261352,
1927964,shot,32994,GK,11,0.011400908934261352,
1927964,shot,32994,LM,11,0.011400908934261352,
1927964,shot,32994,CF,11,0.011400908934261352,
1927964,shot,32994,RW,11,0.011400908934261352,
1927964,shot,32994,RCB,11,0.011400908934261352,
1927964,shot,32994,LCB,11,0.011400908934261352,
1927964,shot,33001,CF,9,0.011258477958415804,
1927964,shot,33001,LM,9,0.011258477958415804,
1927964,shot,33001,RM,9,0.011258477958415804,
1927964,shot,33001,RB,9,0.011258477958415804,
1927964,shot,33001,GK,9,0.011258477958415804,
1927964,shot,33001,CF,9,0.011258477958415804,
1927964,shot,33001,RW,9,0.011258477958415804,
1927964,shot,33001,RCB,9,0.011258477958415804,
1927964,shot,33001,LCB,9,0.011258477958415804,
1927964,shot,33035,CF,9,0.04546373856328701,
1927964,shot,33035,GK,9,0.04546373856328701,
1927964,shot,33035,RM,9,0.04546373856328701,
1927964,shot,33035,RB,9,0.04546373856328701,
1927964,shot,33035,LM,9,0.04546373856328701,
1927964,shot,33035,CF,9,0.04546373856328701,
1927964,shot,33035,RW,9,0.04546373856328701,
1927964,shot,33035,RCB,9,0.04546373856328701,
1927964,shot,33035,LCB,9,0.04546373856328701,
1927964,shot,33069,RB,11,0.47960960790144785,
1927964,shot,33069,CF,11,0.47960960790144785,
1927964,shot,33069,CF,11,0.47960960790144785,
1927964,shot,33069,LB,11,0.47960960790144785,
1927964,shot,33069,RW,11,0.47960960790144785,
1927964,shot,33069,LCB,11,0.47960960790144785,
1927964,shot,33069,LM,11,0.47960960790144785,
1927964,shot,33069,LW,11,0.47960960790144785,
1927964,shot,33069,RM,11,0.47960960790144785,
1927964,shot,33069,RCB,11,0.47960960790144785,
1927964,shot,33069,GK,11,0.47960960790144785,
1927964,shot,33086,CF,11,0.7108576179825241,
1927964,shot,33086,CF,11,0.7108576179825241,
1927964,shot,33086,RW,11,0.7108576179825241,
1927964,shot,33086,LB,11,0.7108576179825241,
1927964,shot,33086,RB,11,0.7108576179825241,
1927964,shot,33086,RM,11,0.7108576179825241,
1927964,shot,33086,LM,11,0.7108576179825241,
1927964,shot,33086,LW,11,0.7108576179825241,
1927964,shot,33086,GK,11,0.7108576179825241,
1927964,shot,33086,RCB,11,0.7108576179825241,
1927964,shot,33086,LCB,11,0.7108576179825241,
1927964,shot,33878,LW,10,0.0024244976669885567,
1927964,shot,33878,CF,10,0.0024244976669885567,
1927964,shot,33878,CF,10,0.0024244976669885567,
1927964,shot,33878,LB,10,0.0024244976669885567,
1927964,shot,33878,RW,10,0.0024244976669885567,
1927964,shot,33878,RCB,10,0.0024244976669885567,
1927964,shot,33878,RM,10,0.0024244976669885567,
1927964,shot,33878,LM,10,0.0024244976669885567,
1927964,shot,33878,RB,10,0.0024244976669885567,
1927964,shot,33878,GK,10,0.0024244976669885567,
1927964,shot,33910,RM,10,0.0005985738409167934,
1927964,shot,33910,CF,10,0.0005985738409167934,
1927964,shot,33910,RW,10,0.0005985738409167934,
1927964,shot,33910,LB,10,0.0005985738409167934,
1927964,shot,33910,LW,10,0.0005985738409167934,
1927964,shot,33910,RCB,10,0.0005985738409167934,
1927964,shot,33910,LM,10,0.0005985738409167934,
1927964,shot,33910,CF,10,0.0005985738409167934,
1927964,shot,33910,RB,10,0.0005985738409167934,
1927964,shot,33910,GK,10,0.0005985738409167934,
1927964,shot,34379,CF,11,0.1500819330749087,
1927964,shot,34379,CF,11,0.1500819330749087,
1927964,shot,34379,LW,11,0.1500819330749087,
1927964,shot,34379,LB,11,0.1500819330749087,
1927964,shot,34379,RB,11,0.1500819330749087,
1927964,shot,34379,GK,11,0.1500819330749087,
1927964,shot,34379,LCB,11,0.1500819330749087,
1927964,shot,34379,RW,11,0.1500819330749087,
1927964,shot,34379,RCB,11,0.1500819330749087,
1927964,shot,34379,LM,11,0.1500819330749087,
1927964,shot,34379,RM,11,0.1500819330749087,
1927964,shot,34401,CF,11,0.12554162230436391,
1927964,shot,34401,CF,11,0.12554162230436391,
1927964,shot,34401,LW,11,0.12554162230436391,
1927964,shot,34401,LB,11,0.12554162230436391,
1927964,shot,34401,RCB,11,0.12554162230436391,
1927964,shot,34401,RM,11,0.12554162230436391,
1927964,shot,34401,LCB,11,0.12554162230436391,
1927964,shot,34401,RW,11,0.12554162230436391,
1927964,shot,34401,RB,11,0.12554162230436391,
1927964,shot,34401,LM,11,0.12554162230436391,
1927964,shot,34401,GK,11,0.12554162230436391,
1927964,shot,35040,CF,11,0.0006205305768442497,
1927964,shot,35040,RW,11,0.0006205305768442497,
1927964,shot,35040,CF,11,0.0006205305768442497,
1927964,shot,35040,LB,11,0.0006205305768442497,
1927964,shot,35040,LW,11,0.0006205305768442497,
1927964,shot,35040,GK,11,0.0006205305768442497,
1927964,shot,35040,LCB,11,0.0006205305768442497,
1927964,shot,35040,RM,11,0.0006205305768442497,
1927964,shot,35040,RB,11,0.0006205305768442497,
1927964,shot,35040,RCB,11,0.0006205305768442497,
1927964,shot,35040,LM,11,0.0006205305768442497,
1927964,shot,35067,CF,11,0.0016343222268479787,
1927964,shot,35067,RW,11,0.0016343222268479787,
1927964,shot,35067,CF,11,0.0016343222268479787,
1927964,shot,35067,LB,11,0.0016343222268479787,
1927964,shot,35067,LW,11,0.0016343222268479787,
1927964,shot,35067,LM,11,0.0016343222268479787,
1927964,shot,35067,GK,11,0.0016343222268479787,
1927964,shot,35067,LCB,11,0.0016343222268479787,
1927964,shot,35067,RB,11,0.0016343222268479787,
1927964,shot,35067,RCB,11,0.0016343222268479787,
1927964,shot,35067,RM,11,0.0016343222268479787,
1927964,shot,35100,CF,10,0.00031524275284920277,
1927964,shot,35100,RW,10,0.00031524275284920277,
1927964,shot,35100,CF,10,0.00031524275284920277,
1927964,shot,35100,LB,10,0.00031524275284920277,
1927964,shot,35100,RM,10,0.00031524275284920277,
1927964,shot,35100,RCB,10,0.00031524275284920277,
1927964,shot,35100,LCB,10,0.00031524275284920277,
1927964,shot,35100,LM,10,0.00031524275284920277,
1927964,shot,35100,LW,10,0.00031524275284920277,
1927964,shot,35100,GK,10,0.00031524275284920277,
1927964,shot,37927,CF,10,9.990596162703363e-09,
1927964,shot,37927,LW,10,9.990596162703363e-09,
1927964,shot,37927,LM,10,9.990596162703363e-09,
1927964,shot,37927,LB,10,9.990596162703363e-09,
1927964,shot,37927,RB,10,9.990596162703363e-09,
1927964,shot,37927,RM,10,9.990596162703363e-09,
1927964,shot,37927,LCB,10,9.990596162703363e-09,
1927964,shot,37927,CF,10,9.990596162703363e-09,
1927964,shot,37927,GK,10,9.990596162703363e-09,
1927964,shot,37927,RCB,10,9.990596162703363e-09,
1927964,shot,37966,CF,11,0.00019552718615902068,
1927964,shot,37966,LB,11,0.00019552718615902068,
1927964,shot,37966,CF,11,0.00019552718615902068,
1927964,shot,37966,LW,11,0.00019552718615902068,
1927964,shot,37966,RW,11,0.00019552718615902068,
1927964,shot,37966,RB,11,0.00019552718615902068,
1927964,shot,37966,LCB,11,0.00019552718615902068,
1927964,shot,37966,LM,11,0.00019552718615902068,
1927964,shot,37966,RM,11,0.00019552718615902068,
1927964,shot,37966,GK,11,0.00019552718615902068,
1927964,shot,37966,RCB,11,0.00019552718615902068,
1927964,shot,38001,LM,11,1.6557743310748365e-05,
1927964,shot,38001,LB,11,1.6557743310748365e-05,
1927964,shot,38001,CF,11,1.6557743310748365e-05,
1927964,shot,38001,LW,11,1.6557743310748365e-05,
1927964,shot,38001,RW,11,1.6557743310748365e-05,
1927964,shot,38001,RB,11,1.6557743310748365e-05,
1927964,shot,38001,LCB,11,1.6557743310748365e-05,
1927964,shot,38001,CF,11,1.6557743310748365e-05,
1927964,shot,38001,RM,11,1.6557743310748365e-05,
1927964,shot,38001,GK,11,1.6557743310748365e-05,
1927964,shot,38001,RCB,11,1.6557743310748365e-05,
1927964,shot,38009,LM,11,4.7534057180245765e-06,
1927964,shot,38009,LB,11,4.7534057180245765e-06,
1927964,shot,38009,CF,11,4.7534057180245765e-06,
1927964,shot,38009,LW,11,4.7534057180245765e-06,
1927964,shot,38009,RW,11,4.7534057180245765e-06,
1927964,shot,38009,RB,11,4.7534057180245765e-06,
1927964,shot,38009,LCB,11,4.7534057180245765e-06,
1927964,shot,38009,CF,11,4.7534057180245765e-06,
1927964,shot,38009,RM,11,4.7534057180245765e-06,
1927964,shot,38009,GK,11,4.7534057180245765e-06,
1927964,shot,38009,RCB,11,4.7534057180245765e-06,
1927964,shot,40595,CF,11,0.0021852149410556865,
1927964,shot,40595,LW,11,0.0021852149410556865,
1927964,shot,40595,CF,11,0.0021852149410556865,
1927964,shot,40595,LB,11,0.0021852149410556865,
1927964,shot,40595,RB,11,0.0021852149410556865,
1927964,shot,40595,RW,11,0.0021852149410556865,
1927964,shot,40595,RM,11,0.0021852149410556865,
1927964,shot,40595,LCB,11,0.0021852149410556865,
1927964,shot,40595,RCB,11,0.0021852149410556865,
1927964,shot,40595,LM,11,0.0021852149410556865,
1927964,shot,40595,GK,11,0.0021852149410556865,
1927964,shot,40633,RB,11,0.017876277168619965,
1927964,shot,40633,LW,11,0.017876277168619965,
1927964,shot,40633,CF,11,0.017876277168619965,
1927964,shot,40633,LB,11,0.017876277168619965,
1927964,shot,40633,RW,11,0.017876277168619965,
1927964,shot,40633,RM,11,0.017876277168619965,
1927964,shot,40633,CF,11,0.017876277168619965,
1927964,shot,40633,GK,11,0.017876277168619965,
1927964,shot,40633,RCB,11,0.017876277168619965,
1927964,shot,40633,LM,11,0.017876277168619965,
1927964,shot,40633,LCB,11,0.017876277168619965,
1927964,shot,40657,RW,11,9.61070058738319e-05,
1927964,shot,40657,CF,11,9.61070058738319e-05,
1927964,shot,40657,LW,11,9.61070058738319e-05,
1927964,shot,40657,LB,11,9.61070058738319e-05,
1927964,shot,40657,RB,11,9.61070058738319e-05,
1927964,shot,40657,RM,11,9.61070058738319e-05,
1927964,shot,40657,CF,11,9.61070058738319e-05,
1927964,shot,40657,GK,11,9.61070058738319e-05,
1927964,shot,40657,RCB,11,9.61070058738319e-05,
1927964,shot,40657,LM,11,9.61070058738319e-05,
1927964,shot,40657,LCB,11,9.61070058738319e-05,
1927964,shot,40685,GK,11,0.00027799468289605627,
1927964,shot,40685,CF,11,0.00027799468289605627,
1927964,shot,40685,CF,11,0.00027799468289605627,
1927964,shot,40685,LB,11,0.00027799468289605627,
1927964,shot,40685,RB,11,0.00027799468289605627,
1927964,shot,40685,RM,11,0.00027799468289605627,
1927964,shot,40685,LW,11,0.00027799468289605627,
1927964,shot,40685,RW,11,0.00027799468289605627,
1927964,shot,40685,LM,11,0.00027799468289605627,
1927964,shot,40685,RCB,11,0.00027799468289605627,
1927964,shot,40685,LCB,11,0.00027799468289605627,
1927964,goal,40734,CF,11,0.09016802846673141,
1927964,goal,40734,CF,11,0.09016802846673141,
1927964,goal,40734,RW,11,0.09016802846673141,
1927964,goal,40734,LB,11,0.09016802846673141,
1927964,goal,40734,RB,11,0.09016802846673141,
1927964,goal,40734,LM,11,0.09016802846673141,
1927964,goal,40734,LW,11,0.09016802846673141,
1927964,goal,40734,LCB,11,0.09016802846673141,
1927964,goal,40734,RM,11,0.09016802846673141,
1927964,goal,40734,RCB,11,0.09016802846673141,
1927964,goal,40734,GK,11,0.09016802846673141,
1927964,goal,40765,CF,10,0.15928576465618077,
1927964,goal,40765,CF,10,0.15928576465618077,
1927964,goal,40765,LM,10,0.15928576465618077,
1927964,goal,40765,LB,10,0.15928576465618077,
1927964,goal,40765,RW,10,0.15928576465618077,
1927964,goal,40765,RCB,10,0.15928576465618077,
1927964,goal,40765,LW,10,0.15928576465618077,
1927964,goal,40765,GK,10,0.15928576465618077,
1927964,goal,40765,RM,10,0.15928576465618077,
1927964,goal,40765,LCB,10,0.15928576465618077,
1927964,goal,40784,CF,10,0.015537298535154639,
1927964,goal,40784,CF,10,0.015537298535154639,
1927964,goal,40784,LM,10,0.015537298535154639,
1927964,goal,40784,LB,10,0.015537298535154639,
1927964,goal,40784,RW,10,0.015537298535154639,
1927964,goal,40784,RCB,10,0.015537298535154639,
1927964,goal,40784,LW,10,0.015537298535154639,
1927964,goal,40784,GK,10,0.015537298535154639,
1927964,goal,40784,RM,10,0.015537298535154639,
1927964,goal,40784,LCB,10,0.015537298535154639,
1927964,goal,40792,CF,10,0.004916597731571458,
1927964,goal,40792,LB,10,0.004916597731571458,
1927964,goal,40792,LM,10,0.004916597731571458,
1927964,goal,40792,CF,10,0.004916597731571458,
1927964,goal,40792,RW,10,0.004916597731571458,
1927964,goal,40792,RCB,10,0.004916597731571458,
1927964,goal,40792,LW,10,0.004916597731571458,
1927964,goal,40792,LCB,10,0.004916597731571458,
1927964,goal,40792,RM,10,0.004916597731571458,
1927964,goal,40792,GK,10,0.004916597731571458,
1927964,shot,42519,LW,8,4.982165921719251e-05,
1927964,shot,42519,LCB,8,4.982165921719251e-05,
1927964,shot,42519,CF,8,4.982165921719251e-05,
1927964,shot,42519,DM,8,4.982165921719251e-05,
1927964,shot,42519,RM,8,4.982165921719251e-05,
1927964,shot,42519,CB,8,4.982165921719251e-05,
1927964,shot,42519,RWB,8,4.982165921719251e-05,
1927964,shot,42519,GK,8,4.982165921719251e-05,
1927964,shot,42578,DM,11,0.002288875805312605,
1927964,shot,42578,CF,11,0.002288875805312605,
1927964,shot,42578,CF,11,0.002288875805312605,
1927964,shot,42578,LW,11,0.002288875805312605,
1927964,shot,42578,RW,11,0.002288875805312605,
1927964,shot,42578,RM,11,0.002288875805312605,
1927964,shot,42578,LCB,11,0.002288875805312605,
1927964,shot,42578,CB,11,0.002288875805312605,
1927964,shot,42578,RWB,11,0.002288875805312605,
1927964,shot,42578,RCB,11,0.002288875805312605,
1927964,shot,42578,GK,11,0.002288875805312605,
1927964,shot,44872,CF,10,0.06590014950548133,
1927964,shot,44872,LCB,10,0.06590014950548133,
1927964,shot,44872,RWB,10,0.06590014950548133,
1927964,shot,44872,LW,10,0.06590014950548133,
1927964,shot,44872,RCB,10,0.06590014950548133,
1927964,shot,44872,DM,10,0.06590014950548133,
1927964,shot,44872,CB,10,0.06590014950548133,
1927964,shot,44872,RM,10,0.06590014950548133,
1927964,shot,44872,GK,10,0.06590014950548133,
1927964,shot,44872,RW,10,0.06590014950548133,
1927964,shot,44887,LW,11,0.10562417769716458,
1927964,shot,44887,CF,11,0.10562417769716458,
1927964,shot,44887,RWB,11,0.10562417769716458,
1927964,shot,44887,LCB,11,0.10562417769716458,
1927964,shot,44887,CF,11,0.10562417769716458,
1927964,shot,44887,GK,11,0.10562417769716458,
1927964,shot,44887,DM,11,0.10562417769716458,
1927964,shot,44887,RW,11,0.10562417769716458,
1927964,shot,44887,RM,11,0.10562417769716458,
1927964,shot,44887,RCB,11,0.10562417769716458,
1927964,shot,44887,CB,11,0.10562417769716458,
1927964,shot,44908,LCB,10,0.03421472669600042,
1927964,shot,44908,CF,10,0.03421472669600042,
1927964,shot,44908,RWB,10,0.03421472669600042,
1927964,shot,44908,LW,10,0.03421472669600042,
1927964,shot,44908,RW,10,0.03421472669600042,
1927964,shot,44908,DM,10,0.03421472669600042,
1927964,shot,44908,GK,10,0.03421472669600042,
1927964,shot,44908,RM,10,0.03421472669600042,
1927964,shot,44908,RCB,10,0.03421472669600042,
1927964,shot,44908,CB,10,0.03421472669600042,
1927964,shot,44950,LCB,9,0.007548540236915676,
1927964,shot,44950,DM,9,0.007548540236915676,
1927964,shot,44950,RWB,9,0.007548540236915676,
1927964,shot,44950,CF,9,0.007548540236915676,
1927964,shot,44950,RM,9,0.007548540236915676,
1927964,shot,44950,RW,9,0.007548540236915676,
1927964,shot,44950,RCB,9,0.007548540236915676,
1927964,shot,44950,GK,9,0.007548540236915676,
1927964,shot,44950,CB,9,0.007548540236915676,
1927964,shot,45212,RB,7,0.0002774936878379899,
1927964,shot,45212,LB,7,0.0002774936878379899,
1927964,shot,45212,RW,7,0.0002774936878379899,
1927964,shot,45212,LM,7,0.0002774936878379899,
1927964,shot,45212,RM,7,0.0002774936878379899,
1927964,shot,45212,RCB,7,0.0002774936878379899,
1927964,shot,45212,GK,7,0.0002774936878379899,
1927964,shot,45257,RB,9,0.012888856978771833,
1927964,shot,45257,CF,9,0.012888856978771833,
1927964,shot,45257,RW,9,0.012888856978771833,
1927964,shot,45257,LM,9,0.012888856978771833,
1927964,shot,45257,RM,9,0.012888856978771833,
1927964,shot,45257,LB,9,0.012888856978771833,
1927964,shot,45257,RCB,9,0.012888856978771833,
1927964,shot,45257,GK,9,0.012888856978771833,
1927964,shot,45257,LCB,9,0.012888856978771833,
1927964,shot,45277,RW,9,0.00411288235595196,
1927964,shot,45277,RM,9,0.00411288235595196,
1927964,shot,45277,CF,9,0.00411288235595196,
1927964,shot,45277,LM,9,0.00411288235595196,
1927964,shot,45277,RCB,9,0.00411288235595196,
1927964,shot,45277,LB,9,0.00411288235595196,
1927964,shot,45277,RB,9,0.00411288235595196,
1927964,shot,45277,GK,9,0.00411288235595196,
1927964,shot,45277,LCB,9,0.00411288235595196,
1927964,shot,45332,CF,11,0.00033893848564529123,
1927964,shot,45332,CF,11,0.00033893848564529123,
1927964,shot,45332,RM,11,0.00033893848564529123,
1927964,shot,45332,LW,11,0.00033893848564529123,
1927964,shot,45332,RW,11,0.00033893848564529123,
1927964,shot,45332,LM,11,0.00033893848564529123,
1927964,shot,45332,RCB,11,0.00033893848564529123,
1927964,shot,45332,LB,11,0.00033893848564529123,
1927964,shot,45332,RB,11,0.00033893848564529123,
1927964,shot,45332,LCB,11,0.00033893848564529123,
1927964,shot,45332,GK,11,0.00033893848564529123,
1927964,shot,45360,CF,10,0.003446573197147105,
1927964,shot,45360,LW,10,0.003446573197147105,
1927964,shot,45360,CF,10,0.003446573197147105,
1927964,shot,45360,LB,10,0.003446573197147105,
1927964,shot,45360,RM,10,0.003446573197147105,
1927964,shot,45360,RCB,10,0.003446573197147105,
1927964,shot,45360,LM,10,0.003446573197147105,
1927964,shot,45360,RB,10,0.003446573197147105,
1927964,shot,45360,LCB,10,0.003446573197147105,
1927964,shot,45360,GK,10,0.003446573197147105,
1927964,shot,45369,LW,11,0.001883373423401055,
1927964,shot,45369,CF,11,0.001883373423401055,
1927964,shot,45369,RCB,11,0.001883373423401055,
1927964,shot,45369,LB,11,0.001883373423401055,
1927964,shot,45369,CF,11,0.001883373423401055,
1927964,shot,45369,RM,11,0.001883373423401055,
1927964,shot,45369,RW,11,0.001883373423401055,
1927964,shot,45369,LM,11,0.001883373423401055,
1927964,shot,45369,RB,11,0.001883373423401055,
1927964,shot,45369,LCB,11,0.001883373423401055,
1927964,shot,45369,GK,11,0.001883373423401055,
1927964,shot,46533,RB,6,1.0749704962680328e-06,
1927964,shot,46533,CF,6,1.0749704962680328e-06,
1927964,shot,46533,LW,6,1.0749704962680328e-06,
1927964,shot,46533,LB,6,1.0749704962680328e-06,
1927964,shot,46533,RCB,6,1.0749704962680328e-06,
1927964,shot,46533,GK,6,1.0749704962680328e-06,
1927964,shot,46588,CF,9,0.00034815135505540066,
1927964,shot,46588,LM,9,0.00034815135505540066,
1927964,shot,46588,RM,9,0.00034815135505540066,
1927964,shot,46588,GK,9,0.00034815135505540066,
1927964,shot,46588,LB,9,0.00034815135505540066,
1927964,shot,46588,LW,9,0.00034815135505540066,
1927964,shot,46588,RB,9,0.00034815135505540066,
1927964,shot,46588,LCB,9,0.00034815135505540066,
1927964,shot,46588,RCB,9,0.00034815135505540066,
1927964,shot,46601,CF,11,0.0003263473708098708,
1927964,shot,46601,LW,11,0.0003263473708098708,
1927964,shot,46601,RW,11,0.0003263473708098708,
1927964,shot,46601,LM,11,0.0003263473708098708,
1927964,shot,46601,RM,11,0.0003263473708098708,
1927964,shot,46601,LCB,11,0.0003263473708098708,
1927964,shot,46601,CF,11,0.0003263473708098708,
1927964,shot,46601,LB,11,0.0003263473708098708,
1927964,shot,46601,RB,11,0.0003263473708098708,
1927964,shot,46601,GK,11,0.0003263473708098708,
1927964,shot,46601,RCB,11,0.0003263473708098708,
1927964,shot,46611,CF,11,0.0005148693693523081,
1927964,shot,46611,LW,11,0.0005148693693523081,
1927964,shot,46611,RW,11,0.0005148693693523081,
1927964,shot,46611,LM,11,0.0005148693693523081,
1927964,shot,46611,RM,11,0.0005148693693523081,
1927964,shot,46611,LCB,11,0.0005148693693523081,
1927964,shot,46611,CF,11,0.0005148693693523081,
1927964,shot,46611,LB,11,0.0005148693693523081,
1927964,shot,46611,RB,11,0.0005148693693523081,
1927964,shot,46611,GK,11,0.0005148693693523081,
1927964,shot,46611,RCB,11,0.0005148693693523081,
1927964,shot,49712,RB,11,0.009174153063276406,
1927964,shot,49712,LB,11,0.009174153063276406,
1927964,shot,49712,CF,11,0.009174153063276406,
1927964,shot,49712,RW,11,0.009174153063276406,
1927964,shot,49712,GK,11,0.009174153063276406,
1927964,shot,49712,CF,11,0.009174153063276406,
1927964,shot,49712,LW,11,0.009174153063276406,
1927964,shot,49712,LM,11,0.009174153063276406,
1927964,shot,49712,RM,11,0.009174153063276406,
1927964,shot,49712,LCB,11,0.009174153063276406,
1927964,shot,49712,RCB,11,0.009174153063276406,
1927964,shot,49754,CF,10,2.2943350219780592e-05,
1927964,shot,49754,RW,10,2.2943350219780592e-05,
1927964,shot,49754,CF,10,2.2943350219780592e-05,
1927964,shot,49754,LW,10,2.2943350219780592e-05,
1927964,shot,49754,RB,10,2.2943350219780592e-05,
1927964,shot,49754,GK,10,2.2943350219780592e-05,
1927964,shot,49754,LM,10,2.2943350219780592e-05,
1927964,shot,49754,RCB,10,2.2943350219780592e-05,
1927964,shot,49754,LCB,10,2.2943350219780592e-05,
1927964,shot,49754,RM,10,2.2943350219780592e-05,
1927964,shot,49793,LB,9,0.00102591165915217,
1927964,shot,49793,CF,9,0.00102591165915217,
1927964,shot,49793,LW,9,0.00102591165915217,
1927964,shot,49793,RB,9,0.00102591165915217,
1927964,shot,49793,GK,9,0.00102591165915217,
1927964,shot,49793,LM,9,0.00102591165915217,
1927964,shot,49793,RM,9,0.00102591165915217,
1927964,shot,49793,LCB,9,0.00102591165915217,
1927964,shot,49793,RCB,9,0.00102591165915217,
1927964,shot,56991,CF,10,0.0007567861172815298,
1927964,shot,56991,LW,10,0.0007567861172815298,
1927964,shot,56991,GK,10,0.0007567861172815298,
1927964,shot,56991,LM,10,0.0007567861172815298,
1927964,shot,56991,RW,10,0.0007567861172815298,
1927964,shot,56991,RM,10,0.0007567861172815298,
1927964,shot,56991,LM,10,0.0007567861172815298,
1927964,shot,56991,RB,10,0.0007567861172815298,
1927964,shot,56991,LCB,10,0.0007567861172815298,
1927964,shot,56991,RCB,10,0.0007567861172815298,
1927964,goal,57144,CF,9,0.4723643971158314,
1927964,goal,57144,GK,9,0.4723643971158314,
1927964,goal,57144,RW,9,0.4723643971158314,
1927964,goal,57144,LW,9,0.4723643971158314,
1927964,goal,57144,LM,9,0.4723643971158314,
1927964,goal,57144,LM,9,0.4723643971158314,
1927964,goal,57144,RM,9,0.4723643971158314,
1927964,goal,57144,LCB,9,0.4723643971158314,
1927964,goal,57144,RCB,9,0.4723643971158314,
1927964,goal,57232,RW,10,0.5431039338004845,
1927964,goal,57232,LCB,10,0.5431039338004845,
1927964,goal,57232,CF,10,0.5431039338004845,
1927964,goal,57232,LW,10,0.5431039338004845,
1927964,goal,57232,LM,10,0.5431039338004845,
1927964,goal,57232,LM,10,0.5431039338004845,
1927964,goal,57232,RM,10,0.5431039338004845,
1927964,goal,57232,RB,10,0.5431039338004845,
1927964,goal,57232,RCB,10,0.5431039338004845,
1927964,goal,57232,GK,10,0.5431039338004845,
1953632,shot,17167,RF,6,0.0009144736232349157,
1953632,shot,17167,LB,6,0.0009144736232349157,
1953632,shot,17167,RB,6,0.0009144736232349157,
1953632,shot,17167,LCB,6,0.0009144736232349157,
1953632,shot,17167,RCB,6,0.0009144736232349157,
1953632,shot,17167,GK,6,0.0009144736232349157,
1953632,shot,17188,RF,11,0.0011915418037871629,
1953632,shot,17188,CF,11,0.0011915418037871629,
1953632,shot,17188,LF,11,0.0011915418037871629,
1953632,shot,17188,RM,11,0.0011915418037871629,
1953632,shot,17188,LM,11,0.0011915418037871629,
1953632,shot,17188,RB,11,0.0011915418037871629,
1953632,shot,17188,DM,11,0.0011915418037871629,
1953632,shot,17188,LB,11,0.0011915418037871629,
1953632,shot,17188,LCB,11,0.0011915418037871629,
1953632,shot,17188,RCB,11,0.0011915418037871629,
1953632,shot,17188,GK,11,0.0011915418037871629,
1953632,shot,17226,RM,11,0.022711965379370893,
1953632,shot,17226,CF,11,0.022711965379370893,
1953632,shot,17226,LF,11,0.022711965379370893,
1953632,shot,17226,RB,11,0.022711965379370893,
1953632,shot,17226,LM,11,0.022711965379370893,
1953632,shot,17226,RF,11,0.022711965379370893,
1953632,shot,17226,DM,11,0.022711965379370893,
1953632,shot,17226,LB,11,0.022711965379370893,
1953632,shot,17226,LCB,11,0.022711965379370893,
1953632,shot,17226,RCB,11,0.022711965379370893,
1953632,shot,17226,GK,11,0.022711965379370893,
1953632,shot,17242,RM,11,0.042354274039226515,
1953632,shot,17242,CF,11,0.042354274039226515,
1953632,shot,17242,LF,11,0.042354274039226515,
1953632,shot,17242,RB,11,0.042354274039226515,
1953632,shot,17242,LM,11,0.042354274039226515,
1953632,shot,17242,RF,11,0.042354274039226515,
1953632,shot,17242,DM,11,0.042354274039226515,
1953632,shot,17242,LB,11,0.042354274039226515,
1953632,shot,17242,LCB,11,0.042354274039226515,
1953632,shot,17242,RCB,11,0.042354274039226515,
1953632,shot,17242,GK,11,0.042354274039226515,
1953632,shot,17266,CF,10,0.010647796964514537,
1953632,shot,17266,RM,10,0.010647796964514537,
1953632,shot,17266,LM,10,0.010647796964514537,
1953632,shot,17266,RB,10,0.010647796964514537,
1953632,shot,17266,RF,10,0.010647796964514537,
1953632,shot,17266,DM,10,0.010647796964514537,
1953632,shot,17266,LCB,10,0.010647796964514537,
1953632,shot,17266,LB,10,0.010647796964514537,
1953632,shot,17266,RCB,10,0.010647796964514537,
1953632,shot,17266,GK,10,0.010647796964514537,
1953632,shot,38658,LW,10,0.07620102021393566,
1953632,shot,38658,RW,10,0.07620102021393566,
1953632,shot,38658,LW,10,0.07620102021393566,
1953632,shot,38658,RWB,10,0.07620102021393566,
1953632,shot,38658,RM,10,0.07620102021393566,
1953632,shot,38658,LM,10,0.07620102021393566,
1953632,shot,38658,GK,10,0.07620102021393566,
1953632,shot,38658,LCB,10,0.07620102021393566,
1953632,shot,38658,RCB,10,0.07620102021393566,
1953632,shot,38658,CB,10,0.07620102021393566,
1953632,shot,38670,LW,10,0.047794863785607454,
1953632,shot,38670,RW,10,0.047794863785607454,
1953632,shot,38670,LW,10,0.047794863785607454,
1953632,shot,38670,RWB,10,0.047794863785607454,
1953632,shot,38670,RM,10,0.047794863785607454,
1953632,shot,38670,LM,10,0.047794863785607454,
1953632,shot,38670,GK,10,0.047794863785607454,
1953632,shot,38670,LCB,10,0.047794863785607454,
1953632,shot,38670,RCB,10,0.047794863785607454,
1953632,shot,38670,CB,10,0.047794863785607454,
1953632,shot,38685,LW,10,0.15568354015519265,
1953632,shot,38685,RW,10,0.15568354015519265,
1953632,shot,38685,LW,10,0.15568354015519265,
1953632,shot,38685,RWB,10,0.15568354015519265,
1953632,shot,38685,RM,10,0.15568354015519265,
1953632,shot,38685,LM,10,0.15568354015519265,
1953632,shot,38685,GK,10,0.15568354015519265,
1953632,shot,38685,LCB,10,0.15568354015519265,
1953632,shot,38685,RCB,10,0.15568354015519265,
1953632,shot,38685,CB,10,0.15568354015519265,
1953632,shot,43707,CF,10,0.04706473625109628,
1953632,shot,43707,LCB,10,0.04706473625109628,
1953632,shot,43707,LF,10,0.04706473625109628,
1953632,shot,43707,LB,10,0.04706473625109628,
1953632,shot,43707,RF,10,0.04706473625109628,
1953632,shot,43707,RB,10,0.04706473625109628,
1953632,shot,43707,DM,10,0.04706473625109628,
1953632,shot,43707,GK,10,0.04706473625109628,
1953632,shot,43707,LM,10,0.04706473625109628,
1953632,shot,43707,RCB,10,0.04706473625109628,
1953632,shot,43736,CF,10,0.020246549754622246,
1953632,shot,43736,GK,10,0.020246549754622246,
1953632,shot,43736,LF,10,0.020246549754622246,
1953632,shot,43736,RM,10,0.020246549754622246,
1953632,shot,43736,LB,10,0.020246549754622246,
1953632,shot,43736,RF,10,0.020246549754622246,
1953632,shot,43736,DM,10,0.020246549754622246,
1953632,shot,43736,LCB,10,0.020246549754622246,
1953632,shot,43736,RB,10,0.020246549754622246,
1953632,shot,43736,RCB,10,0.020246549754622246,
1953632,shot,43794,CF,9,0.005961322488006197,
1953632,shot,43794,LB,9,0.005961322488006197,
1953632,shot,43794,LM,9,0.005961322488006197,
1953632,shot,43794,GK,9,0.005961322488006197,
1953632,shot,43794,RM,9,0.005961322488006197,
1953632,shot,43794,DM,9,0.005961322488006197,
1953632,shot,43794,LCB,9,0.005961322488006197,
1953632,shot,43794,RB,9,0.005961322488006197,
1953632,shot,43794,RCB,9,0.005961322488006197,
1953632,shot,44958,LM,11,0.13309055188055802,
1953632,shot,44958,RW,11,0.13309055188055802,
1953632,shot,44958,CF,11,0.13309055188055802,
1953632,shot,44958,LW,11,0.13309055188055802,
1953632,shot,44958,RWB,11,0.13309055188055802,
1953632,shot,44958,LCB,11,0.13309055188055802,
1953632,shot,44958,RM,11,0.13309055188055802,
1953632,shot,44958,GK,11,0.13309055188055802,
1953632,shot,44958,LW,11,0.13309055188055802,
1953632,shot,44958,RCB,11,0.13309055188055802,
1953632,shot,44958,CB,11,0.13309055188055802,
1953632,shot,44984,LW,11,0.2110999102774006,
1953632,shot,44984,RW,11,0.2110999102774006,
1953632,shot,44984,CF,11,0.2110999102774006,
1953632,shot,44984,LW,11,0.2110999102774006,
1953632,shot,44984,RWB,11,0.2110999102774006,
1953632,shot,44984,LM,11,0.2110999102774006,
1953632,shot,44984,RM,11,0.2110999102774006,
1953632,shot,44984,GK,11,0.2110999102774006,
1953632,shot,44984,LCB,11,0.2110999102774006,
1953632,shot,44984,RCB,11,0.2110999102774006,
1953632,shot,44984,CB,11,0.2110999102774006,
1953632,shot,45038,RW,11,0.44336325581972286,
1953632,shot,45038,LCB,11,0.44336325581972286,
1953632,shot,45038,CF,11,0.44336325581972286,
1953632,shot,45038,LW,11,0.44336325581972286,
1953632,shot,45038,RWB,11,0.44336325581972286,
1953632,shot,45038,RM,11,0.44336325581972286,
1953632,shot,45038,GK,11,0.44336325581972286,
1953632,shot,45038,LM,11,0.44336325581972286,
1953632,shot,45038,LW,11,0.44336325581972286,
1953632,shot,45038,RCB,11,0.44336325581972286,
1953632,shot,45038,CB,11,0.44336325581972286,
1953632,shot,55269,LM,9,0.00033887419175879214,
1953632,shot,55269,CF,9,0.00033887419175879214,
1953632,shot,55269,LF,9,0.00033887419175879214,
1953632,shot,55269,RM,9,0.00033887419175879214,
1953632,shot,55269,LCB,9,0.00033887419175879214,
1953632,shot,55269,RF,9,0.00033887419175879214,
1953632,shot,55269,RCB,9,0.00033887419175879214,
1953632,shot,55269,RCB,9,0.00033887419175879214,
1953632,shot,55269,GK,9,0.00033887419175879214,
1953632,shot,55277,LM,10,0.000544647723646494,
1953632,shot,55277,CF,10,0.000544647723646494,
1953632,shot,55277,LF,10,0.000544647723646494,
1953632,shot,55277,RF,10,0.000544647723646494,
1953632,shot,55277,LCB,10,0.000544647723646494,
1953632,shot,55277,RM,10,0.000544647723646494,
1953632,shot,55277,RCB,10,0.000544647723646494,
1953632,shot,55277,RCB,10,0.000544647723646494,
1953632,shot,55277,RB,10,0.000544647723646494,
1953632,shot,55277,GK,10,0.000544647723646494,
1959846,shot,6,RM,9,0.015335000089025264,
1959846,shot,6,CF,9,0.015335000089025264,
1959846,shot,6,CF,9,0.015335000089025264,
1959846,shot,6,RCB,9,0.015335000089025264,
1959846,shot,6,LM,9,0.015335000089025264,
1959846,shot,6,LB,9,0.015335000089025264,
1959846,shot,6,RB,9,0.015335000089025264,
1959846,shot,6,LCB,9,0.015335000089025264,
1959846,shot,6,GK,9,0.015335000089025264,
1959846,shot,2885,CF,6,4.4338597667544505e-05,
1959846,shot,2885,LW,6,4.4338597667544505e-05,
1959846,shot,2885,LB,6,4.4338597667544505e-05,
1959846,shot,2885,RW,6,4.4338597667544505e-05,
1959846,shot,2885,LCB,6,4.4338597667544505e-05,
1959846,shot,2885,GK,6,4.4338597667544505e-05,
1959846,shot,2916,CF,7,3.304655375852681e-05,
1959846,shot,2916,LW,7,3.304655375852681e-05,
1959846,shot,2916,LB,7,3.304655375852681e-05,
1959846,shot,2916,RW,7,3.304655375852681e-05,
1959846,shot,2916,LCB,7,3.304655375852681e-05,
1959846,shot,2916,GK,7,3.304655375852681e-05,
1959846,shot,2916,RCB,7,3.304655375852681e-05,
1959846,shot,2975,LB,9,0.004820911161256059,
1959846,shot,2975,LW,9,0.004820911161256059,
1959846,shot,2975,RW,9,0.004820911161256059,
1959846,shot,2975,RM,9,0.004820911161256059,
1959846,shot,2975,LM,9,0.004820911161256059,
1959846,shot,2975,LCB,9,0.004820911161256059,
1959846,shot,2975,RB,9,0.004820911161256059,
1959846,shot,2975,GK,9,0.004820911161256059,
1959846,shot,2975,RCB,9,0.004820911161256059,
1959846,goal,3942,CF,8,0.1521878023383128,
1959846,goal,3942,RB,8,0.1521878023383128,
1959846,goal,3942,LW,8,0.1521878023383128,
1959846,goal,3942,RM,8,0.1521878023383128,
1959846,goal,3942,LM,8,0.1521878023383128,
1959846,goal,3942,LB,8,0.1521878023383128,
1959846,goal,3942,RW,8,0.1521878023383128,
1959846,goal,3942,GK,8,0.1521878023383128,
1959846,goal,3968,CF,9,0.02805672938904604,
1959846,goal,3968,LCB,9,0.02805672938904604,
1959846,goal,3968,LW,9,0.02805672938904604,
1959846,goal,3968,RM,9,0.02805672938904604,
1959846,goal,3968,LM,9,0.02805672938904604,
1959846,goal,3968,LB,9,0.02805672938904604,
1959846,goal,3968,RB,9,0.02805672938904604,
1959846,goal,3968,RW,9,0.02805672938904604,
1959846,goal,3968,GK,9,0.02805672938904604,
1959846,goal,4000,CF,11,0.11439072357633519,
1959846,goal,4000,RCB,11,0.11439072357633519,
1959846,goal,4000,CF,11,0.11439072357633519,
1959846,goal,4000,LW,11,0.11439072357633519,
1959846,goal,4000,RM,11,0.11439072357633519,
1959846,goal,4000,LM,11,0.11439072357633519,
1959846,goal,4000,LCB,11,0.11439072357633519,
1959846,goal,4000,GK,11,0.11439072357633519,
1959846,goal,4000,RW,11,0.11439072357633519,
1959846,goal,4000,RB,11,0.11439072357633519,
1959846,goal,4000,LB,11,0.11439072357633519,
1959846,goal,4026,CF,11,0.08186225456219993,
1959846,goal,4026,RCB,11,0.08186225456219993,
1959846,goal,4026,CF,11,0.08186225456219993,
1959846,goal,4026,LW,11,0.08186225456219993,
1959846,goal,4026,RW,11,0.08186225456219993,
1959846,goal,4026,LM,11,0.08186225456219993,
1959846,goal,4026,GK,11,0.08186225456219993,
1959846,goal,4026,LCB,11,0.08186225456219993,
1959846,goal,4026,RM,11,0.08186225456219993,
1959846,goal,4026,RB,11,0.08186225456219993,
1959846,goal,4026,LB,11,0.08186225456219993,
1959846,shot,5245,CF,11,0.0003137481633643321,
1959846,shot,5245,LW,11,0.0003137481633643321,
1959846,shot,5245,CF,11,0.0003137481633643321,
1959846,shot,5245,LB,11,0.0003137481633643321,
1959846,shot,5245,RW,11,0.0003137481633643321,
1959846,shot,5245,RM,11,0.0003137481633643321,
1959846,shot,5245,LM,11,0.0003137481633643321,
1959846,shot,5245,LCB,11,0.0003137481633643321,
1959846,shot,5245,RB,11,0.0003137481633643321,
1959846,shot,5245,RCB,11,0.0003137481633643321,
1959846,shot,5245,GK,11,0.0003137481633643321,
1959846,shot,5272,CF,11,0.0021152789368522277,
1959846,shot,5272,LM,11,0.0021152789368522277,
1959846,shot,5272,CF,11,0.0021152789368522277,
1959846,shot,5272,LW,11,0.0021152789368522277,
1959846,shot,5272,RW,11,0.0021152789368522277,
1959846,shot,5272,RM,11,0.0021152789368522277,
1959846,shot,5272,LCB,11,0.0021152789368522277,
1959846,shot,5272,LB,11,0.0021152789368522277,
1959846,shot,5272,RB,11,0.0021152789368522277,
1959846,shot,5272,RCB,11,0.0021152789368522277,
1959846,shot,5272,GK,11,0.0021152789368522277,
1959846,shot,5284,CF,10,0.011363856581771345,
1959846,shot,5284,CF,10,0.011363856581771345,
1959846,shot,5284,RM,10,0.011363856581771345,
1959846,shot,5284,RW,10,0.011363856581771345,
1959846,shot,5284,GK,10,0.011363856581771345,
1959846,shot,5284,LM,10,0.011363856581771345,
1959846,shot,5284,LB,10,0.011363856581771345,
1959846,shot,5284,RB,10,0.011363856581771345,
1959846,shot,5284,RCB,10,0.011363856581771345,
1959846,shot,5284,LCB,10,0.011363856581771345,
1959846,shot,5318,LW,11,0.001594736455055079,
1959846,shot,5318,CF,11,0.001594736455055079,
1959846,shot,5318,CF,11,0.001594736455055079,
1959846,shot,5318,GK,11,0.001594736455055079,
1959846,shot,5318,RW,11,0.001594736455055079,
1959846,shot,5318,RM,11,0.001594736455055079,
1959846,shot,5318,LM,11,0.001594736455055079,
1959846,shot,5318,LB,11,0.001594736455055079,
1959846,shot,5318,RB,11,0.001594736455055079,
1959846,shot,5318,RCB,11,0.001594736455055079,
1959846,shot,5318,LCB,11,0.001594736455055079,
1959846,shot,6064,CF,10,1.8221998570760182e-05,
1959846,shot,6064,LW,10,1.8221998570760182e-05,
1959846,shot,6064,CF,10,1.8221998570760182e-05,
1959846,shot,6064,LB,10,1.8221998570760182e-05,
1959846,shot,6064,RM,10,1.8221998570760182e-05,
1959846,shot,6064,LM,10,1.8221998570760182e-05,
1959846,shot,6064,LCB,10,1.8221998570760182e-05,
1959846,shot,6064,RB,10,1.8221998570760182e-05,
1959846,shot,6064,RCB,10,1.8221998570760182e-05,
1959846,shot,6064,GK,10,1.8221998570760182e-05,
1959846,shot,6083,RW,10,6.130708021861624e-07,
1959846,shot,6083,LW,10,6.130708021861624e-07,
1959846,shot,6083,CF,10,6.130708021861624e-07,
1959846,shot,6083,LB,10,6.130708021861624e-07,
1959846,shot,6083,RM,10,6.130708021861624e-07,
1959846,shot,6083,LM,10,6.130708021861624e-07,
1959846,shot,6083,LCB,10,6.130708021861624e-07,
1959846,shot,6083,RB,10,6.130708021861624e-07,
1959846,shot,6083,RCB,10,6.130708021861624e-07,
1959846,shot,6083,GK,10,6.130708021861624e-07,
1959846,shot,6109,RW,10,1.1589808711700213e-09,
1959846,shot,6109,RM,10,1.1589808711700213e-09,
1959846,shot,6109,LB,10,1.1589808711700213e-09,
1959846,shot,6109,CF,10,1.1589808711700213e-09,
1959846,shot,6109,CF,10,1.1589808711700213e-09,
1959846,shot,6109,LM,10,1.1589808711700213e-09,
1959846,shot,6109,LCB,10,1.1589808711700213e-09,
1959846,shot,6109,RB,10,1.1589808711700213e-09,
1959846,shot,6109,RCB,10,1.1589808711700213e-09,
1959846,shot,6109,GK,10,1.1589808711700213e-09,
1959846,shot,6127,CF,11,9.501684711281997e-09,
1959846,shot,6127,LW,11,9.501684711281997e-09,
1959846,shot,6127,RM,11,9.501684711281997e-09,
1959846,shot,6127,LB,11,9.501684711281997e-09,
1959846,shot,6127,RW,11,9.501684711281997e-09,
1959846,shot,6127,CF,11,9.501684711281997e-09,
1959846,shot,6127,LM,11,9.501684711281997e-09,
1959846,shot,6127,LCB,11,9.501684711281997e-09,
1959846,shot,6127,RB,11,9.501684711281997e-09,
1959846,shot,6127,RCB,11,9.501684711281997e-09,
1959846,shot,6127,GK,11,9.501684711281997e-09,
1959846,shot,8255,LM,10,0.0003536460828882922,
1959846,shot,8255,CF,10,0.0003536460828882922,
1959846,shot,8255,LW,10,0.0003536460828882922,
1959846,shot,8255,RW,10,0.0003536460828882922,
1959846,shot,8255,RM,10,0.0003536460828882922,
1959846,shot,8255,RCB,10,0.0003536460828882922,
1959846,shot,8255,LB,10,0.0003536460828882922,
1959846,shot,8255,RB,10,0.0003536460828882922,
1959846,shot,8255,LCB,10,0.0003536460828882922,
1959846,shot,8255,GK,10,0.0003536460828882922,
1959846,shot,8282,LM,11,9.183057357286556e-05,
1959846,shot,8282,CF,11,9.183057357286556e-05,
1959846,shot,8282,CF,11,9.183057357286556e-05,
1959846,shot,8282,LW,11,9.183057357286556e-05,
1959846,shot,8282,RW,11,9.183057357286556e-05,
1959846,shot,8282,RM,11,9.183057357286556e-05,
1959846,shot,8282,RCB,11,9.183057357286556e-05,
1959846,shot,8282,LB,11,9.183057357286556e-05,
1959846,shot,8282,RB,11,9.183057357286556e-05,
1959846,shot,8282,LCB,11,9.183057357286556e-05,
1959846,shot,8282,GK,11,9.183057357286556e-05,
1959846,shot,8288,LM,10,9.582418203345149e-05,
1959846,shot,8288,CF,10,9.582418203345149e-05,
1959846,shot,8288,LW,10,9.582418203345149e-05,
1959846,shot,8288,RW,10,9.582418203345149e-05,
1959846,shot,8288,RM,10,9.582418203345149e-05,
1959846,shot,8288,RCB,10,9.582418203345149e-05,
1959846,shot,8288,LB,10,9.582418203345149e-05,
1959846,shot,8288,RB,10,9.582418203345149e-05,
1959846,shot,8288,LCB,10,9.582418203345149e-05,
1959846,shot,8288,GK,10,9.582418203345149e-05,
1959846,goal,9068,CF,9,0.0169834144294629,
1959846,goal,9068,RCB,9,0.0169834144294629,
1959846,goal,9068,LCB,9,0.0169834144294629,
1959846,goal,9068,RM,9,0.0169834144294629,
1959846,goal,9068,RW,9,0.0169834144294629,
1959846,goal,9068,RB,9,0.0169834144294629,
1959846,goal,9068,LW,9,0.0169834144294629,
1959846,goal,9068,LM,9,0.0169834144294629,
1959846,goal,9068,GK,9,0.0169834144294629,
1959846,goal,9106,CF,9,0.010163761061650725,
1959846,goal,9106,CF,9,0.010163761061650725,
1959846,goal,9106,LCB,9,0.010163761061650725,
1959846,goal,9106,RCB,9,0.010163761061650725,
1959846,goal,9106,RW,9,0.010163761061650725,
1959846,goal,9106,RM,9,0.010163761061650725,
1959846,goal,9106,LM,9,0.010163761061650725,
1959846,goal,9106,GK,9,0.010163761061650725,
1959846,goal,9106,RB,9,0.010163761061650725,
1959846,goal,9114,RCB,8,0.011014297409802509,
1959846,goal,9114,CF,8,0.011014297409802509,
1959846,goal,9114,LCB,8,0.011014297409802509,
1959846,goal,9114,RW,8,0.011014297409802509,
1959846,goal,9114,RM,8,0.011014297409802509,
1959846,goal,9114,LM,8,0.011014297409802509,
1959846,goal,9114,GK,8,0.011014297409802509,
1959846,goal,9114,RB,8,0.011014297409802509,
1959846,shot,11010,RW,10,0.028565013010279278,
1959846,shot,11010,CF,10,0.028565013010279278,
1959846,shot,11010,LM,10,0.028565013010279278,
1959846,shot,11010,LW,10,0.028565013010279278,
1959846,shot,11010,CF,10,0.028565013010279278,
1959846,shot,11010,RCB,10,0.028565013010279278,
1959846,shot,11010,RM,10,0.028565013010279278,
1959846,shot,11010,RB,10,0.028565013010279278,
1959846,shot,11010,LCB,10,0.028565013010279278,
1959846,shot,11010,GK,10,0.028565013010279278,
1959846,shot,11019,RW,9,0.0158453671764551,
1959846,shot,11019,CF,9,0.0158453671764551,
1959846,shot,11019,LM,9,0.0158453671764551,
1959846,shot,11019,LW,9,0.0158453671764551,
1959846,shot,11019,RCB,9,0.0158453671764551,
1959846,shot,11019,RM,9,0.0158453671764551,
1959846,shot,11019,RB,9,0.0158453671764551,
1959846,shot,11019,LCB,9,0.0158453671764551,
1959846,shot,11019,GK,9,0.0158453671764551,
1959846,shot,11039,RW,11,0.04065851895177737,
1959846,shot,11039,CF,11,0.04065851895177737,
1959846,shot,11039,LM,11,0.04065851895177737,
1959846,shot,11039,LW,11,0.04065851895177737,
1959846,shot,11039,CF,11,0.04065851895177737,
1959846,shot,11039,RCB,11,0.04065851895177737,
1959846,shot,11039,RM,11,0.04065851895177737,
1959846,shot,11039,LB,11,0.04065851895177737,
1959846,shot,11039,RB,11,0.04065851895177737,
1959846,shot,11039,LCB,11,0.04065851895177737,
1959846,shot,11039,GK,11,0.04065851895177737,
1959846,shot,11083,RW,11,0.02179303529095222,
1959846,shot,11083,CF,11,0.02179303529095222,
1959846,shot,11083,LM,11,0.02179303529095222,
1959846,shot,11083,LW,11,0.02179303529095222,
1959846,shot,11083,CF,11,0.02179303529095222,
1959846,shot,11083,RCB,11,0.02179303529095222,
1959846,shot,11083,RM,11,0.02179303529095222,
1959846,shot,11083,LB,11,0.02179303529095222,
1959846,shot,11083,RB,11,0.02179303529095222,
1959846,shot,11083,LCB,11,0.02179303529095222,
1959846,shot,11083,GK,11,0.02179303529095222,
1959846,shot,12662,CF,7,2.4023000461715324e-06,
1959846,shot,12662,LW,7,2.4023000461715324e-06,
1959846,shot,12662,CF,7,2.4023000461715324e-06,
1959846,shot,12662,LB,7,2.4023000461715324e-06,
1959846,shot,12662,RW,7,2.4023000461715324e-06,
1959846,shot,12662,RM,7,2.4023000461715324e-06,
1959846,shot,12662,GK,7,2.4023000461715324e-06,
1959846,shot,12736,CF,10,4.865122065963408e-06,
1959846,shot,12736,LB,10,4.865122065963408e-06,
1959846,shot,12736,CF,10,4.865122065963408e-06,
1959846,shot,12736,LW,10,4.865122065963408e-06,
1959846,shot,12736,RW,10,4.865122065963408e-06,
1959846,shot,12736,LM,10,4.865122065963408e-06,
1959846,shot,12736,RM,10,4.865122065963408e-06,
1959846,shot,12736,GK,10,4.865122065963408e-06,
1959846,shot,12736,RB,10,4.865122065963408e-06,
1959846,shot,12736,LCB,10,4.865122065963408e-06,
1959846,shot,12757,CF,11,3.550725196158113e-07,
1959846,shot,12757,CF,11,3.550725196158113e-07,
1959846,shot,12757,LW,11,3.550725196158113e-07,
1959846,shot,12757,LB,11,3.550725196158113e-07,
1959846,shot,12757,RW,11,3.550725196158113e-07,
1959846,shot,12757,LM,11,3.550725196158113e-07,
1959846,shot,12757,RM,11,3.550725196158113e-07,
1959846,shot,12757,LCB,11,3.550725196158113e-07,
1959846,shot,12757,RB,11,3.550725196158113e-07,
1959846,shot,12757,RCB,11,3.550725196158113e-07,
1959846,shot,12757,GK,11,3.550725196158113e-07,
1959846,shot,15940,LW,9,0.0024873624767251397,
1959846,shot,15940,CF,9,0.0024873624767251397,
1959846,shot,15940,LB,9,0.0024873624767251397,
1959846,shot,15940,RM,9,0.0024873624767251397,
1959846,shot,15940,LM,9,0.0024873624767251397,
1959846,shot,15940,LCB,9,0.0024873624767251397,
1959846,shot,15940,RB,9,0.0024873624767251397,
1959846,shot,15940,RCB,9,0.0024873624767251397,
1959846,shot,15940,GK,9,0.0024873624767251397,
1959846,shot,15977,LW,10,0.0007877062670696036,
1959846,shot,15977,CF,10,0.0007877062670696036,
1959846,shot,15977,RW,10,0.0007877062670696036,
1959846,shot,15977,LB,10,0.0007877062670696036,
1959846,shot,15977,RM,10,0.0007877062670696036,
1959846,shot,15977,LM,10,0.0007877062670696036,
1959846,shot,15977,LCB,10,0.0007877062670696036,
1959846,shot,15977,RB,10,0.0007877062670696036,
1959846,shot,15977,RCB,10,0.0007877062670696036,
1959846,shot,15977,GK,10,0.0007877062670696036,
1959846,shot,15986,LW,9,0.0008573914647923388,
1959846,shot,15986,CF,9,0.0008573914647923388,
1959846,shot,15986,RM,9,0.0008573914647923388,
1959846,shot,15986,LCB,9,0.0008573914647923388,
1959846,shot,15986,RW,9,0.0008573914647923388,
1959846,shot,15986,LM,9,0.0008573914647923388,
1959846,shot,15986,RB,9,0.0008573914647923388,
1959846,shot,15986,RCB,9,0.0008573914647923388,
1959846,shot,15986,GK,9,0.0008573914647923388,
1959846,shot,15994,LW,9,0.0012796951353386194,
1959846,shot,15994,CF,9,0.0012796951353386194,
1959846,shot,15994,RM,9,0.0012796951353386194,
1959846,shot,15994,LCB,9,0.0012796951353386194,
1959846,shot,15994,RW,9,0.0012796951353386194,
1959846,shot,15994,LM,9,0.0012796951353386194,
1959846,shot,15994,RB,9,0.0012796951353386194,
1959846,shot,15994,RCB,9,0.0012796951353386194,
1959846,shot,15994,GK,9,0.0012796951353386194,
1959846,shot,16023,LB,11,0.0017656821843311452,
1959846,shot,16023,RW,11,0.0017656821843311452,
1959846,shot,16023,LM,11,0.0017656821843311452,
1959846,shot,16023,LW,11,0.0017656821843311452,
1959846,shot,16023,CF,11,0.0017656821843311452,
1959846,shot,16023,CF,11,0.0017656821843311452,
1959846,shot,16023,RCB,11,0.0017656821843311452,
1959846,shot,16023,LCB,11,0.0017656821843311452,
1959846,shot,16023,RB,11,0.0017656821843311452,
1959846,shot,16023,RM,11,0.0017656821843311452,
1959846,shot,16023,GK,11,0.0017656821843311452,
1959846,shot,16032,RCB,10,0.0009672513604288553,
1959846,shot,16032,RW,10,0.0009672513604288553,
1959846,shot,16032,LM,10,0.0009672513604288553,
1959846,shot,16032,LB,10,0.0009672513604288553,
1959846,shot,16032,CF,10,0.0009672513604288553,
1959846,shot,16032,CF,10,0.0009672513604288553,
1959846,shot,16032,LCB,10,0.0009672513604288553,
1959846,shot,16032,RB,10,0.0009672513604288553,
1959846,shot,16032,RM,10,0.0009672513604288553,
1959846,shot,16032,GK,10,0.0009672513604288553,
1959846,shot,20427,LW,5,0.00013511272985411885,
1959846,shot,20427,LB,5,0.00013511272985411885,
1959846,shot,20427,RW,5,0.00013511272985411885,
1959846,shot,20427,RB,5,0.00013511272985411885,
1959846,shot,20427,GK,5,0.00013511272985411885,
1959846,shot,20449,LW,11,0.002114693826561937,
1959846,shot,20449,CF,11,0.002114693826561937,
1959846,shot,20449,CF,11,0.002114693826561937,
1959846,shot,20449,LB,11,0.002114693826561937,
1959846,shot,20449,RW,11,0.002114693826561937,
1959846,shot,20449,RM,11,0.002114693826561937,
1959846,shot,20449,LM,11,0.002114693826561937,
1959846,shot,20449,GK,11,0.002114693826561937,
1959846,shot,20449,RB,11,0.002114693826561937,
1959846,shot,20449,RCB,11,0.002114693826561937,
1959846,shot,20449,LCB,11,0.002114693826561937,
1959846,shot,20482,CF,10,0.0029659054331230986,
1959846,shot,20482,LB,10,0.0029659054331230986,
1959846,shot,20482,CF,10,0.0029659054331230986,
1959846,shot,20482,LW,10,0.0029659054331230986,
1959846,shot,20482,RM,10,0.0029659054331230986,
1959846,shot,20482,LM,10,0.0029659054331230986,
1959846,shot,20482,GK,10,0.0029659054331230986,
1959846,shot,20482,RB,10,0.0029659054331230986,
1959846,shot,20482,RCB,10,0.0029659054331230986,
1959846,shot,20482,LCB,10,0.0029659054331230986,
1959846,shot,20732,LB,10,0.0004748160194839652,
1959846,shot,20732,CF,10,0.0004748160194839652,
1959846,shot,20732,LW,10,0.0004748160194839652,
1959846,shot,20732,RW,10,0.0004748160194839652,
1959846,shot,20732,RM,10,0.0004748160194839652,
1959846,shot,20732,LM,10,0.0004748160194839652,
1959846,shot,20732,LCB,10,0.0004748160194839652,
1959846,shot,20732,RB,10,0.0004748160194839652,
1959846,shot,20732,RCB,10,0.0004748160194839652,
1959846,shot,20732,GK,10,0.0004748160194839652,
1959846,shot,20775,LB,11,0.017727213845276837,
1959846,shot,20775,CF,11,0.017727213845276837,
1959846,shot,20775,RM,11,0.017727213845276837,
1959846,shot,20775,LW,11,0.017727213845276837,
1959846,shot,20775,RW,11,0.017727213845276837,
1959846,shot,20775,CF,11,0.017727213845276837,
1959846,shot,20775,LM,11,0.017727213845276837,
1959846,shot,20775,LCB,11,0.017727213845276837,
1959846,shot,20775,RB,11,0.017727213845276837,
1959846,shot,20775,RCB,11,0.017727213845276837,
1959846,shot,20775,GK,11,0.017727213845276837,
1959846,shot,20787,LW,11,0.015120586844385775,
1959846,shot,20787,CF,11,0.015120586844385775,
1959846,shot,20787,CF,11,0.015120586844385775,
1959846,shot,20787,LB,11,0.015120586844385775,
1959846,shot,20787,RW,11,0.015120586844385775,
1959846,shot,20787,RM,11,0.015120586844385775,
1959846,shot,20787,LM,11,0.015120586844385775,
1959846,shot,20787,LCB,11,0.015120586844385775,
1959846,shot,20787,RB,11,0.015120586844385775,
1959846,shot,20787,RCB,11,0.015120586844385775,
1959846,shot,20787,GK,11,0.015120586844385775,
1959846,shot,20809,LW,11,0.07228491604891084,
1959846,shot,20809,CF,11,0.07228491604891084,
1959846,shot,20809,LM,11,0.07228491604891084,
1959846,shot,20809,LB,11,0.07228491604891084,
1959846,shot,20809,RW,11,0.07228491604891084,
1959846,shot,20809,CF,11,0.07228491604891084,
1959846,shot,20809,RM,11,0.07228491604891084,
1959846,shot,20809,LCB,11,0.07228491604891084,
1959846,shot,20809,RB,11,0.07228491604891084,
1959846,shot,20809,RCB,11,0.07228491604891084,
1959846,shot,20809,GK,11,0.07228491604891084,
1959846,shot,20823,CF,11,0.061717434039656426,
1959846,shot,20823,LW,11,0.061717434039656426,
1959846,shot,20823,LM,11,0.061717434039656426,
1959846,shot,20823,LB,11,0.061717434039656426,
1959846,shot,20823,RW,11,0.061717434039656426,
1959846,shot,20823,CF,11,0.061717434039656426,
1959846,shot,20823,RM,11,0.061717434039656426,
1959846,shot,20823,LCB,11,0.061717434039656426,
1959846,shot,20823,RB,11,0.061717434039656426,
1959846,shot,20823,RCB,11,0.061717434039656426,
1959846,shot,20823,GK,11,0.061717434039656426,
1959846,goal,22102,CF,7,1.6383409717488024e-05,
1959846,goal,22102,RB,7,1.6383409717488024e-05,
1959846,goal,22102,LM,7,1.6383409717488024e-05,
1959846,goal,22102,LCB,7,1.6383409717488024e-05,
1959846,goal,22102,LW,7,1.6383409717488024e-05,
1959846,goal,22102,CF,7,1.6383409717488024e-05,
1959846,goal,22102,GK,7,1.6383409717488024e-05,
1959846,goal,22153,CF,10,0.0009806430642469984,
1959846,goal,22153,LCB,10,0.0009806430642469984,
1959846,goal,22153,RCB,10,0.0009806430642469984,
1959846,goal,22153,LM,10,0.0009806430642469984,
1959846,goal,22153,RM,10,0.0009806430642469984,
1959846,goal,22153,CF,10,0.0009806430642469984,
1959846,goal,22153,LW,10,0.0009806430642469984,
1959846,goal,22153,LB,10,0.0009806430642469984,
1959846,goal,22153,RB,10,0.0009806430642469984,
1959846,goal,22153,GK,10,0.0009806430642469984,
1959846,goal,22163,CF,10,0.001803293022637265,
1959846,goal,22163,LCB,10,0.001803293022637265,
1959846,goal,22163,RCB,10,0.001803293022637265,
1959846,goal,22163,LM,10,0.001803293022637265,
1959846,goal,22163,RM,10,0.001803293022637265,
1959846,goal,22163,CF,10,0.001803293022637265,
1959846,goal,22163,LW,10,0.001803293022637265,
1959846,goal,22163,LB,10,0.001803293022637265,
1959846,goal,22163,RB,10,0.001803293022637265,
1959846,goal,22163,GK,10,0.001803293022637265,
1959846,shot,29351,CF,10,0.08540279844127785,
1959846,shot,29351,CF,10,0.08540279844127785,
1959846,shot,29351,RCB,10,0.08540279844127785,
1959846,shot,29351,LW,10,0.08540279844127785,
1959846,shot,29351,LCB,10,0.08540279844127785,
1959846,shot,29351,RB,10,0.08540279844127785,
1959846,shot,29351,RM,10,0.08540279844127785,
1959846,shot,29351,LM,10,0.08540279844127785,
1959846,shot,29351,GK,10,0.08540279844127785,
1959846,shot,29351,RW,10,0.08540279844127785,
1959846,shot,30152,CF,11,0.00012132781757867596,
1959846,shot,30152,LW,11,0.00012132781757867596,
1959846,shot,30152,CF,11,0.00012132781757867596,
1959846,shot,30152,LB,11,0.00012132781757867596,
1959846,shot,30152,RW,11,0.00012132781757867596,
1959846,shot,30152,RM,11,0.00012132781757867596,
1959846,shot,30152,LM,11,0.00012132781757867596,
1959846,shot,30152,LCB,11,0.00012132781757867596,
1959846,shot,30152,RB,11,0.00012132781757867596,
1959846,shot,30152,RCB,11,0.00012132781757867596,
1959846,shot,30152,GK,11,0.00012132781757867596,
1959846,shot,30182,CF,10,5.528474541421535e-05,
1959846,shot,30182,CF,10,5.528474541421535e-05,
1959846,shot,30182,LB,10,5.528474541421535e-05,
1959846,shot,30182,RW,10,5.528474541421535e-05,
1959846,shot,30182,RM,10,5.528474541421535e-05,
1959846,shot,30182,LM,10,5.528474541421535e-05,
1959846,shot,30182,LCB,10,5.528474541421535e-05,
1959846,shot,30182,RB,10,5.528474541421535e-05,
1959846,shot,30182,RCB,10,5.528474541421535e-05,
1959846,shot,30182,GK,10,5.528474541421535e-05,
1959846,shot,30222,LW,9,3.045025122759003e-05,
1959846,shot,30222,LB,9,3.045025122759003e-05,
1959846,shot,30222,CF,9,3.045025122759003e-05,
1959846,shot,30222,CF,9,3.045025122759003e-05,
1959846,shot,30222,RB,9,3.045025122759003e-05,
1959846,shot,30222,RM,9,3.045025122759003e-05,
1959846,shot,30222,LCB,9,3.045025122759003e-05,
1959846,shot,30222,RCB,9,3.045025122759003e-05,
1959846,shot,30222,GK,9,3.045025122759003e-05,
1959846,shot,30235,LW,9,5.101414388392596e-05,
1959846,shot,30235,CF,9,5.101414388392596e-05,
1959846,shot,30235,LB,9,5.101414388392596e-05,
1959846,shot,30235,CF,9,5.101414388392596e-05,
1959846,shot,30235,RM,9,5.101414388392596e-05,
1959846,shot,30235,RB,9,5.101414388392596e-05,
1959846,shot,30235,LCB,9,5.101414388392596e-05,
1959846,shot,30235,RCB,9,5.101414388392596e-05,
1959846,shot,30235,GK,9,5.101414388392596e-05,
1959846,shot,30243,LB,10,0.0001177823137950791,
1959846,shot,30243,CF,10,0.0001177823137950791,
1959846,shot,30243,LW,10,0.0001177823137950791,
1959846,shot,30243,CF,10,0.0001177823137950791,
1959846,shot,30243,RM,10,0.0001177823137950791,
1959846,shot,30243,RB,10,0.0001177823137950791,
1959846,shot,30243,LCB,10,0.0001177823137950791,
1959846,shot,30243,RW,10,0.0001177823137950791,
1959846,shot,30243,RCB,10,0.0001177823137950791,
1959846,shot,30243,GK,10,0.0001177823137950791,
1959846,shot,31322,CF,11,0.00013191175554632209,
1959846,shot,31322,RW,11,0.00013191175554632209,
1959846,shot,31322,CF,11,0.00013191175554632209,
1959846,shot,31322,LB,11,0.00013191175554632209,
1959846,shot,31322,RB,11,0.00013191175554632209,
1959846,shot,31322,LW,11,0.00013191175554632209,
1959846,shot,31322,LM,11,0.00013191175554632209,
1959846,shot,31322,LCB,11,0.00013191175554632209,
1959846,shot,31322,RM,11,0.00013191175554632209,
1959846,shot,31322,GK,11,0.00013191175554632209,
1959846,shot,31322,RCB,11,0.00013191175554632209,
1959846,shot,31350,CF,11,0.0007216052473790514,
1959846,shot,31350,RW,11,0.0007216052473790514,
1959846,shot,31350,RM,11,0.0007216052473790514,
1959846,shot,31350,LB,11,0.0007216052473790514,
1959846,shot,31350,CF,11,0.0007216052473790514,
1959846,shot,31350,LW,11,0.0007216052473790514,
1959846,shot,31350,LM,11,0.0007216052473790514,
1959846,shot,31350,LCB,11,0.0007216052473790514,
1959846,shot,31350,RB,11,0.0007216052473790514,
1959846,shot,31350,GK,11,0.0007216052473790514,
1959846,shot,31350,RCB,11,0.0007216052473790514,
1959846,shot,37846,RB,10,0.08855505446605291,
1959846,shot,37846,RCB,10,0.08855505446605291,
1959846,shot,37846,LCB,10,0.08855505446605291,
1959846,shot,37846,LW,10,0.08855505446605291,
1959846,shot,37846,GK,10,0.08855505446605291,
1959846,shot,37846,RM,10,0.08855505446605291,
1959846,shot,37846,CF,10,0.08855505446605291,
1959846,shot,37846,LB,10,0.08855505446605291,
1959846,shot,37846,RW,10,0.08855505446605291,
1959846,shot,37846,CF,10,0.08855505446605291,
1959846,shot,38825,CF,10,5.633386674392072e-05,
1959846,shot,38825,CF,10,5.633386674392072e-05,
1959846,shot,38825,LM,10,5.633386674392072e-05,
1959846,shot,38825,LW,10,5.633386674392072e-05,
1959846,shot,38825,RW,10,5.633386674392072e-05,
1959846,shot,38825,RM,10,5.633386674392072e-05,
1959846,shot,38825,RB,10,5.633386674392072e-05,
1959846,shot,38825,LB,10,5.633386674392072e-05,
1959846,shot,38825,GK,10,5.633386674392072e-05,
1959846,shot,38825,LCB,10,5.633386674392072e-05,
1959846,shot,38846,CF,11,2.3172729866555625e-05,
1959846,shot,38846,CF,11,2.3172729866555625e-05,
1959846,shot,38846,LM,11,2.3172729866555625e-05,
1959846,shot,38846,LW,11,2.3172729866555625e-05,
1959846,shot,38846,RW,11,2.3172729866555625e-05,
1959846,shot,38846,RM,11,2.3172729866555625e-05,
1959846,shot,38846,RB,11,2.3172729866555625e-05,
1959846,shot,38846,LB,11,2.3172729866555625e-05,
1959846,shot,38846,GK,11,2.3172729866555625e-05,
1959846,shot,38846,LCB,11,2.3172729866555625e-05,
1959846,shot,38846,RCB,11,2.3172729866555625e-05,
1959846,shot,38865,CF,9,2.274830476800299e-05,
1959846,shot,38865,CF,9,2.274830476800299e-05,
1959846,shot,38865,LM,9,2.274830476800299e-05,
1959846,shot,38865,LW,9,2.274830476800299e-05,
1959846,shot,38865,RW,9,2.274830476800299e-05,
1959846,shot,38865,RCB,9,2.274830476800299e-05,
1959846,shot,38865,LB,9,2.274830476800299e-05,
1959846,shot,38865,LCB,9,2.274830476800299e-05,
1959846,shot,38865,GK,9,2.274830476800299e-05,
1959846,shot,38867,CF,11,2.3181864013715348e-05,
1959846,shot,38867,CF,11,2.3181864013715348e-05,
1959846,shot,38867,RM,11,2.3181864013715348e-05,
1959846,shot,38867,LW,11,2.3181864013715348e-05,
1959846,shot,38867,RW,11,2.3181864013715348e-05,
1959846,shot,38867,LM,11,2.3181864013715348e-05,
1959846,shot,38867,RB,11,2.3181864013715348e-05,
1959846,shot,38867,LB,11,2.3181864013715348e-05,
1959846,shot,38867,GK,11,2.3181864013715348e-05,
1959846,shot,38867,LCB,11,2.3181864013715348e-05,
1959846,shot,38867,RCB,11,2.3181864013715348e-05,
1959846,shot,38906,CF,9,0.00022289111224728297,
1959846,shot,38906,CF,9,0.00022289111224728297,
1959846,shot,38906,RM,9,0.00022289111224728297,
1959846,shot,38906,LW,9,0.00022289111224728297,
1959846,shot,38906,LM,9,0.00022289111224728297,
1959846,shot,38906,RCB,9,0.00022289111224728297,
1959846,shot,38906,LB,9,0.00022289111224728297,
1959846,shot,38906,LCB,9,0.00022289111224728297,
1959846,shot,38906,GK,9,0.00022289111224728297,
1959846,shot,38911,RM,10,0.0002192181521106433,
1959846,shot,38911,CF,10,0.0002192181521106433,
1959846,shot,38911,CF,10,0.0002192181521106433,
1959846,shot,38911,LW,10,0.0002192181521106433,
1959846,shot,38911,LM,10,0.0002192181521106433,
1959846,shot,38911,RB,10,0.0002192181521106433,
1959846,shot,38911,LB,10,0.0002192181521106433,
1959846,shot,38911,GK,10,0.0002192181521106433,
1959846,shot,38911,LCB,10,0.0002192181521106433,
1959846,shot,38911,RCB,10,0.0002192181521106433,
1959846,shot,39941,CF,11,0.013850026767975337,
1959846,shot,39941,CF,11,0.013850026767975337,
1959846,shot,39941,RCB,11,0.013850026767975337,
1959846,shot,39941,LW,11,0.013850026767975337,
1959846,shot,39941,RW,11,0.013850026767975337,
1959846,shot,39941,LM,11,0.013850026767975337,
1959846,shot,39941,RM,11,0.013850026767975337,
1959846,shot,39941,LB,11,0.013850026767975337,
1959846,shot,39941,RB,11,0.013850026767975337,
1959846,shot,39941,LCB,11,0.013850026767975337,
1959846,shot,39941,GK,11,0.013850026767975337,
1959846,shot,39971,CF,11,0.024085534734829852,
1959846,shot,39971,CF,11,0.024085534734829852,
1959846,shot,39971,RM,11,0.024085534734829852,
1959846,shot,39971,LW,11,0.024085534734829852,
1959846,shot,39971,RW,11,0.024085534734829852,
1959846,shot,39971,LM,11,0.024085534734829852,
1959846,shot,39971,LCB,11,0.024085534734829852,
1959846,shot,39971,LB,11,0.024085534734829852,
1959846,shot,39971,RB,11,0.024085534734829852,
1959846,shot,39971,GK,11,0.024085534734829852,
1959846,shot,39971,RCB,11,0.024085534734829852,
1959846,shot,40017,CF,11,0.012546673502437686,
1959846,shot,40017,RM,11,0.012546673502437686,
1959846,shot,40017,RB,11,0.012546673502437686,
1959846,shot,40017,LW,11,0.012546673502437686,
1959846,shot,40017,CF,11,0.012546673502437686,
1959846,shot,40017,LM,11,0.012546673502437686,
1959846,shot,40017,GK,11,0.012546673502437686,
1959846,shot,40017,LB,11,0.012546673502437686,
1959846,shot,40017,RW,11,0.012546673502437686,
1959846,shot,40017,LCB,11,0.012546673502437686,
1959846,shot,40017,RCB,11,0.012546673502437686,
1959846,shot,44934,CF,11,0.0011580616911359687,
1959846,shot,44934,GK,11,0.0011580616911359687,
1959846,shot,44934,CF,11,0.0011580616911359687,
1959846,shot,44934,LW,11,0.0011580616911359687,
1959846,shot,44934,RW,11,0.0011580616911359687,
1959846,shot,44934,RM,11,0.0011580616911359687,
1959846,shot,44934,LM,11,0.0011580616911359687,
1959846,shot,44934,LB,11,0.0011580616911359687,
1959846,shot,44934,RB,11,0.0011580616911359687,
1959846,shot,44934,LCB,11,0.0011580616911359687,
1959846,shot,44934,RCB,11,0.0011580616911359687,
1959846,goal,48261,CF,9,1.9881174206289594e-06,
1959846,goal,48261,LM,9,1.9881174206289594e-06,
1959846,goal,48261,LW,9,1.9881174206289594e-06,
1959846,goal,48261,RW,9,1.9881174206289594e-06,
1959846,goal,48261,LCB,9,1.9881174206289594e-06,
1959846,goal,48261,LB,9,1.9881174206289594e-06,
1959846,goal,48261,RB,9,1.9881174206289594e-06,
1959846,goal,48261,GK,9,1.9881174206289594e-06,
1959846,goal,48261,RCB,9,1.9881174206289594e-06,
1959846,goal,48287,CF,8,0.0002840348875437561,
1959846,goal,48287,RM,8,0.0002840348875437561,
1959846,goal,48287,LB,8,0.0002840348875437561,
1959846,goal,48287,RW,8,0.0002840348875437561,
1959846,goal,48287,GK,8,0.0002840348875437561,
1959846,goal,48287,LW,8,0.0002840348875437561,
1959846,goal,48287,RB,8,0.0002840348875437561,
1959846,goal,48287,RCB,8,0.0002840348875437561,
1959846,goal,48299,CF,9,0.001567202996976951,
1959846,goal,48299,LW,9,0.001567202996976951,
1959846,goal,48299,LB,9,0.001567202996976951,
1959846,goal,48299,RW,9,0.001567202996976951,
1959846,goal,48299,RM,9,0.001567202996976951,
1959846,goal,48299,LCB,9,0.001567202996976951,
1959846,goal,48299,RB,9,0.001567202996976951,
1959846,goal,48299,GK,9,0.001567202996976951,
1959846,goal,48299,RCB,9,0.001567202996976951,
1959846,goal,48330,RW,11,0.01857510782408995,
1959846,goal,48330,CF,11,0.01857510782408995,
1959846,goal,48330,LM,11,0.01857510782408995,
1959846,goal,48330,LB,11,0.01857510782408995,
1959846,goal,48330,CF,11,0.01857510782408995,
1959846,goal,48330,RM,11,0.01857510782408995,
1959846,goal,48330,LW,11,0.01857510782408995,
1959846,goal,48330,LCB,11,0.01857510782408995,
1959846,goal,48330,RB,11,0.01857510782408995,
1959846,goal,48330,GK,11,0.01857510782408995,
1959846,goal,48330,RCB,11,0.01857510782408995,
1959846,goal,48353,RW,11,0.00268924174418637,
1959846,goal,48353,CF,11,0.00268924174418637,
1959846,goal,48353,LM,11,0.00268924174418637,
1959846,goal,48353,LB,11,0.00268924174418637,
1959846,goal,48353,CF,11,0.00268924174418637,
1959846,goal,48353,RM,11,0.00268924174418637,
1959846,goal,48353,LW,11,0.00268924174418637,
1959846,goal,48353,GK,11,0.00268924174418637,
1959846,goal,48353,RB,11,0.00268924174418637,
1959846,goal,48353,LCB,11,0.00268924174418637,
1959846,goal,48353,RCB,11,0.00268924174418637,
1959846,shot,49439,LB,10,0.01176268005311226,
1959846,shot,49439,CF,10,0.01176268005311226,
1959846,shot,49439,LW,10,0.01176268005311226,
1959846,shot,49439,RW,10,0.01176268005311226,
1959846,shot,49439,RM,10,0.01176268005311226,
1959846,shot,49439,GK,10,0.01176268005311226,
1959846,shot,49439,LCB,10,0.01176268005311226,
1959846,shot,49439,RB,10,0.01176268005311226,
1959846,shot,49439,LM,10,0.01176268005311226,
1959846,shot,49439,RCB,10,0.01176268005311226,
1959846,shot,49455,LB,10,0.010488129098889727,
1959846,shot,49455,CF,10,0.010488129098889727,
1959846,shot,49455,LW,10,0.010488129098889727,
1959846,shot,49455,RW,10,0.010488129098889727,
1959846,shot,49455,GK,10,0.010488129098889727,
1959846,shot,49455,RM,10,0.010488129098889727,
1959846,shot,49455,LCB,10,0.010488129098889727,
1959846,shot,49455,RB,10,0.010488129098889727,
1959846,shot,49455,LM,10,0.010488129098889727,
1959846,shot,49455,RCB,10,0.010488129098889727,
1959846,shot,49505,CF,11,0.0016485928491791766,
1959846,shot,49505,LW,11,0.0016485928491791766,
1959846,shot,49505,CF,11,0.0016485928491791766,
1959846,shot,49505,LB,11,0.0016485928491791766,
1959846,shot,49505,RW,11,0.0016485928491791766,
1959846,shot,49505,LM,11,0.0016485928491791766,
1959846,shot,49505,RM,11,0.0016485928491791766,
1959846,shot,49505,LCB,11,0.0016485928491791766,
1959846,shot,49505,RB,11,0.0016485928491791766,
1959846,shot,49505,GK,11,0.0016485928491791766,
1959846,shot,49505,RCB,11,0.0016485928491791766,
1959846,shot,49514,CF,11,0.0005396326346239924,
1959846,shot,49514,LW,11,0.0005396326346239924,
1959846,shot,49514,CF,11,0.0005396326346239924,
1959846,shot,49514,LB,11,0.0005396326346239924,
1959846,shot,49514,RW,11,0.0005396326346239924,
1959846,shot,49514,LM,11,0.0005396326346239924,
1959846,shot,49514,RM,11,0.0005396326346239924,
1959846,shot,49514,LCB,11,0.0005396326346239924,
1959846,shot,49514,RB,11,0.0005396326346239924,
1959846,shot,49514,GK,11,0.0005396326346239924,
1959846,shot,49514,RCB,11,0.0005396326346239924,
1959846,shot,50473,LM,11,1.1985892322442677,
1959846,shot,50473,RM,11,1.1985892322442677,
1959846,shot,50473,CF,11,1.1985892322442677,
1959846,shot,50473,CF,11,1.1985892322442677,
1959846,shot,50473,LW,11,1.1985892322442677,
1959846,shot,50473,LB,11,1.1985892322442677,
1959846,shot,50473,RW,11,1.1985892322442677,
1959846,shot,50473,LCB,11,1.1985892322442677,
1959846,shot,50473,RCB,11,1.1985892322442677,
1959846,shot,50473,GK,11,1.1985892322442677,
1959846,shot,50473,RB,11,1.1985892322442677,
1959846,shot,50490,RW,9,0.8670101613772616,
1959846,shot,50490,RM,9,0.8670101613772616,
1959846,shot,50490,CF,9,0.8670101613772616,
1959846,shot,50490,GK,9,0.8670101613772616,
1959846,shot,50490,LB,9,0.8670101613772616,
1959846,shot,50490,RB,9,0.8670101613772616,
1959846,shot,50490,RCB,9,0.8670101613772616,
1959846,shot,50490,LW,9,0.8670101613772616,
1959846,shot,50490,LM,9,0.8670101613772616,
1959846,shot,54732,CF,10,0.005240166788152764,
1959846,shot,54732,RCB,10,0.005240166788152764,
1959846,shot,54732,LW,10,0.005240166788152764,
1959846,shot,54732,RW,10,0.005240166788152764,
1959846,shot,54732,LM,10,0.005240166788152764,
1959846,shot,54732,CF,10,0.005240166788152764,
1959846,shot,54732,RM,10,0.005240166788152764,
1959846,shot,54732,LCB,10,0.005240166788152764,
1959846,shot,54732,LB,10,0.005240166788152764,
1959846,shot,54732,GK,10,0.005240166788152764,
1959846,shot,54748,LCB,11,0.012295642254298505,
1959846,shot,54748,LM,11,0.012295642254298505,
1959846,shot,54748,LW,11,0.012295642254298505,
1959846,shot,54748,RW,11,0.012295642254298505,
1959846,shot,54748,CF,11,0.012295642254298505,
1959846,shot,54748,CF,11,0.012295642254298505,
1959846,shot,54748,RM,11,0.012295642254298505,
1959846,shot,54748,RCB,11,0.012295642254298505,
1959846,shot,54748,LB,11,0.012295642254298505,
1959846,shot,54748,RB,11,0.012295642254298505,
1959846,shot,54748,GK,11,0.012295642254298505,
1959846,shot,54792,CF,10,0.018247265156910643,
1959846,shot,54792,LM,10,0.018247265156910643,
1959846,shot,54792,LCB,10,0.018247265156910643,
1959846,shot,54792,RW,10,0.018247265156910643,
1959846,shot,54792,LW,10,0.018247265156910643,
1959846,shot,54792,RCB,10,0.018247265156910643,
1959846,shot,54792,RM,10,0.018247265156910643,
1959846,shot,54792,LB,10,0.018247265156910643,
1959846,shot,54792,RB,10,0.018247265156910643,
1959846,shot,54792,GK,10,0.018247265156910643,
1959846,goal,55427,RW,10,2.3444543852011788,
1959846,goal,55427,GK,10,2.3444543852011788,
1959846,goal,55427,RCB,10,2.3444543852011788,
1959846,goal,55427,CF,10,2.3444543852011788,
1959846,goal,55427,LCB,10,2.3444543852011788,
1959846,goal,55427,RB,10,2.3444543852011788,
1959846,goal,55427,LW,10,2.3444543852011788,
1959846,goal,55427,LM,10,2.3444543852011788,
1959846,goal,55427,RM,10,2.3444543852011788,
1959846,goal,55427,LB,10,2.3444543852011788,
1959846,goal,57307,RB,11,0.17680948959458068,
1959846,goal,57307,GK,11,0.17680948959458068,
1959846,goal,57307,RM,11,0.17680948959458068,
1959846,goal,57307,CF,11,0.17680948959458068,
1959846,goal,57307,LW,11,0.17680948959458068,
1959846,goal,57307,RW,11,0.17680948959458068,
1959846,goal,57307,LCB,11,0.17680948959458068,
1959846,goal,57307,CF,11,0.17680948959458068,
1959846,goal,57307,LB,11,0.17680948959458068,
1959846,goal,57307,RCB,11,0.17680948959458068,
1959846,goal,57307,LM,11,0.17680948959458068,
1959846,goal,57380,LW,10,0.01711083350403686,
1959846,goal,57380,RCB,10,0.01711083350403686,
1959846,goal,57380,CF,10,0.01711083350403686,
1959846,goal,57380,RB,10,0.01711083350403686,
1959846,goal,57380,RW,10,0.01711083350403686,
1959846,goal,57380,GK,10,0.01711083350403686,
1959846,goal,57380,LM,10,0.01711083350403686,
1959846,goal,57380,LB,10,0.01711083350403686,
1959846,goal,57380,RM,10,0.01711083350403686,
1959846,goal,57380,LCB,10,0.01711083350403686,
1959846,goal,57387,LW,10,0.009216316184136441,
1959846,goal,57387,RCB,10,0.009216316184136441,
1959846,goal,57387,CF,10,0.009216316184136441,
1959846,goal,57387,RB,10,0.009216316184136441,
1959846,goal,57387,RW,10,0.009216316184136441,
1959846,goal,57387,GK,10,0.009216316184136441,
1959846,goal,57387,LM,10,0.009216316184136441,
1959846,goal,57387,LB,10,0.009216316184136441,
1959846,goal,57387,RM,10,0.009216316184136441,
1959846,goal,57387,LCB,10,0.009216316184136441,
1959846,shot,58227,LW,11,0.008836018534494188,
1959846,shot,58227,CF,11,0.008836018534494188,
1959846,shot,58227,CB,11,0.008836018534494188,
1959846,shot,58227,LM,11,0.008836018534494188,
1959846,shot,58227,RW,11,0.008836018534494188,
1959846,shot,58227,RM,11,0.008836018534494188,
1959846,shot,58227,GK,11,0.008836018534494188,
1959846,shot,58227,LB,11,0.008836018534494188,
1959846,shot,58227,RB,11,0.008836018534494188,
1959846,shot,58227,LCB,11,0.008836018534494188,
1959846,shot,58227,RCB,11,0.008836018534494188,
1959846,shot,58264,RW,11,0.0073002875287108745,
1959846,shot,58264,CF,11,0.0073002875287108745,
1959846,shot,58264,CB,11,0.0073002875287108745,
1959846,shot,58264,LW,11,0.0073002875287108745,
1959846,shot,58264,RB,11,0.0073002875287108745,
1959846,shot,58264,LCB,11,0.0073002875287108745,
1959846,shot,58264,RM,11,0.0073002875287108745,
1959846,shot,58264,LB,11,0.0073002875287108745,
1959846,shot,58264,GK,11,0.0073002875287108745,
1959846,shot,58264,LM,11,0.0073002875287108745,
1959846,shot,58264,RCB,11,0.0073002875287108745,
1959846,shot,58288,LW,11,0.18766191584516942,
1959846,shot,58288,CF,11,0.18766191584516942,
1959846,shot,58288,RB,11,0.18766191584516942,
1959846,shot,58288,LM,11,0.18766191584516942,
1959846,shot,58288,RW,11,0.18766191584516942,
1959846,shot,58288,CB,11,0.18766191584516942,
1959846,shot,58288,RM,11,0.18766191584516942,
1959846,shot,58288,LB,11,0.18766191584516942,
1959846,shot,58288,RCB,11,0.18766191584516942,
1959846,shot,58288,LCB,11,0.18766191584516942,
1959846,shot,58288,GK,11,0.18766191584516942,
1959846,shot,58324,CF,11,0.17265116619138066,
1959846,shot,58324,LW,11,0.17265116619138066,
1959846,shot,58324,RM,11,0.17265116619138066,
1959846,shot,58324,LM,11,0.17265116619138066,
1959846,shot,58324,RW,11,0.17265116619138066,
1959846,shot,58324,CB,11,0.17265116619138066,
1959846,shot,58324,LCB,11,0.17265116619138066,
1959846,shot,58324,LB,11,0.17265116619138066,
1959846,shot,58324,RB,11,0.17265116619138066,
1959846,shot,58324,RCB,11,0.17265116619138066,
1959846,shot,58324,GK,11,0.17265116619138066,
1959846,shot,58351,CF,10,0.2088014321407216,
1959846,shot,58351,GK,10,0.2088014321407216,
1959846,shot,58351,LM,10,0.2088014321407216,
1959846,shot,58351,RW,10,0.2088014321407216,
1959846,shot,58351,CB,10,0.2088014321407216,
1959846,shot,58351,LCB,10,0.2088014321407216,
1959846,shot,58351,LB,10,0.2088014321407216,
1959846,shot,58351,RB,10,0.2088014321407216,
1959846,shot,58351,RM,10,0.2088014321407216,
1959846,shot,58351,RCB,10,0.2088014321407216,
1986691,shot,612,LW,11,0.029973022848145056,
1986691,shot,612,CF,11,0.029973022848145056,
1986691,shot,612,CF,11,0.029973022848145056,
1986691,shot,612,LB,11,0.029973022848145056,
1986691,shot,612,RW,11,0.029973022848145056,
1986691,shot,612,LM,11,0.029973022848145056,
1986691,shot,612,RM,11,0.029973022848145056,
1986691,shot,612,LCB,11,0.029973022848145056,
1986691,shot,612,RB,11,0.029973022848145056,
1986691,shot,612,GK,11,0.029973022848145056,
1986691,shot,612,RCB,11,0.029973022848145056,
1986691,shot,620,LW,11,0.0364969934460768,
1986691,shot,620,CF,11,0.0364969934460768,
1986691,shot,620,CF,11,0.0364969934460768,
1986691,shot,620,LB,11,0.0364969934460768,
1986691,shot,620,RW,11,0.0364969934460768,
1986691,shot,620,LM,11,0.0364969934460768,
1986691,shot,620,RM,11,0.0364969934460768,
1986691,shot,620,LCB,11,0.0364969934460768,
1986691,shot,620,RB,11,0.0364969934460768,
1986691,shot,620,GK,11,0.0364969934460768,
1986691,shot,620,RCB,11,0.0364969934460768,
1986691,shot,644,CF,10,0.09006677271471702,
1986691,shot,644,CF,10,0.09006677271471702,
1986691,shot,644,LB,10,0.09006677271471702,
1986691,shot,644,LW,10,0.09006677271471702,
1986691,shot,644,RW,10,0.09006677271471702,
1986691,shot,644,LM,10,0.09006677271471702,
1986691,shot,644,LCB,10,0.09006677271471702,
1986691,shot,644,RB,10,0.09006677271471702,
1986691,shot,644,GK,10,0.09006677271471702,
1986691,shot,644,RCB,10,0.09006677271471702,
1986691,shot,662,CF,10,0.2546174153799775,
1986691,shot,662,CF,10,0.2546174153799775,
1986691,shot,662,LCB,10,0.2546174153799775,
1986691,shot,662,RW,10,0.2546174153799775,
1986691,shot,662,LM,10,0.2546174153799775,
1986691,shot,662,RM,10,0.2546174153799775,
1986691,shot,662,LB,10,0.2546174153799775,
1986691,shot,662,RB,10,0.2546174153799775,
1986691,shot,662,GK,10,0.2546174153799775,
1986691,shot,662,RCB,10,0.2546174153799775,
1986691,shot,687,CF,10,0.49061094945025424,
1986691,shot,687,LM,10,0.49061094945025424,
1986691,shot,687,CF,10,0.49061094945025424,
1986691,shot,687,RW,10,0.49061094945025424,
1986691,shot,687,GK,10,0.49061094945025424,
1986691,shot,687,RM,10,0.49061094945025424,
1986691,shot,687,LB,10,0.49061094945025424,
1986691,shot,687,RB,10,0.49061094945025424,
1986691,shot,687,LCB,10,0.49061094945025424,
1986691,shot,687,RCB,10,0.49061094945025424,
1986691,shot,10876,LM,11,0.04248359008265283,
1986691,shot,10876,CF,11,0.04248359008265283,
1986691,shot,10876,CF,11,0.04248359008265283,
1986691,shot,10876,RM,11,0.04248359008265283,
1986691,shot,10876,RW,11,0.04248359008265283,
1986691,shot,10876,GK,11,0.04248359008265283,
1986691,shot,10876,LW,11,0.04248359008265283,
1986691,shot,10876,LB,11,0.04248359008265283,
1986691,shot,10876,RB,11,0.04248359008265283,
1986691,shot,10876,LCB,11,0.04248359008265283,
1986691,shot,10876,RCB,11,0.04248359008265283,
1986691,shot,10901,LM,10,0.08039726801988065,
1986691,shot,10901,CF,10,0.08039726801988065,
1986691,shot,10901,CF,10,0.08039726801988065,
1986691,shot,10901,RW,10,0.08039726801988065,
1986691,shot,10901,GK,10,0.08039726801988065,
1986691,shot,10901,LW,10,0.08039726801988065,
1986691,shot,10901,LB,10,0.08039726801988065,
1986691,shot,10901,RB,10,0.08039726801988065,
1986691,shot,10901,LCB,10,0.08039726801988065,
1986691,shot,10901,RCB,10,0.08039726801988065,
1986691,shot,10936,CF,10,0.1504571081580155,
1986691,shot,10936,LM,10,0.1504571081580155,
1986691,shot,10936,GK,10,0.1504571081580155,
1986691,shot,10936,RM,10,0.1504571081580155,
1986691,shot,10936,RW,10,0.1504571081580155,
1986691,shot,10936,LW,10,0.1504571081580155,
1986691,shot,10936,LB,10,0.1504571081580155,
1986691,shot,10936,RB,10,0.1504571081580155,
1986691,shot,10936,LCB,10,0.1504571081580155,
1986691,shot,10936,RCB,10,0.1504571081580155,
1986691,shot,10965,CF,10,0.12268267715601894,
1986691,shot,10965,RB,10,0.12268267715601894,
1986691,shot,10965,RM,10,0.12268267715601894,
1986691,shot,10965,RW,10,0.12268267715601894,
1986691,shot,10965,GK,10,0.12268267715601894,
1986691,shot,10965,CF,10,0.12268267715601894,
1986691,shot,10965,LB,10,0.12268267715601894,
1986691,shot,10965,LM,10,0.12268267715601894,
1986691,shot,10965,LCB,10,0.12268267715601894,
1986691,shot,10965,RCB,10,0.12268267715601894,
1986691,shot,10974,CF,10,0.13648737574444053,
1986691,shot,10974,RB,10,0.13648737574444053,
1986691,shot,10974,RM,10,0.13648737574444053,
1986691,shot,10974,RW,10,0.13648737574444053,
1986691,shot,10974,GK,10,0.13648737574444053,
1986691,shot,10974,LM,10,0.13648737574444053,
1986691,shot,10974,LB,10,0.13648737574444053,
1986691,shot,10974,CF,10,0.13648737574444053,
1986691,shot,10974,LCB,10,0.13648737574444053,
1986691,shot,10974,RCB,10,0.13648737574444053,
1986691,shot,15464,CF,11,0.01577401773316369,
1986691,shot,15464,LM,11,0.01577401773316369,
1986691,shot,15464,CF,11,0.01577401773316369,
1986691,shot,15464,LW,11,0.01577401773316369,
1986691,shot,15464,RW,11,0.01577401773316369,
1986691,shot,15464,RM,11,0.01577401773316369,
1986691,shot,15464,GK,11,0.01577401773316369,
1986691,shot,15464,LB,11,0.01577401773316369,
1986691,shot,15464,RB,11,0.01577401773316369,
1986691,shot,15464,LCB,11,0.01577401773316369,
1986691,shot,15464,RCB,11,0.01577401773316369,
1986691,shot,15498,RW,11,0.038210282997159804,
1986691,shot,15498,CF,11,0.038210282997159804,
1986691,shot,15498,GK,11,0.038210282997159804,
1986691,shot,15498,LW,11,0.038210282997159804,
1986691,shot,15498,CF,11,0.038210282997159804,
1986691,shot,15498,RM,11,0.038210282997159804,
1986691,shot,15498,LM,11,0.038210282997159804,
1986691,shot,15498,LB,11,0.038210282997159804,
1986691,shot,15498,RB,11,0.038210282997159804,
1986691,shot,15498,LCB,11,0.038210282997159804,
1986691,shot,15498,RCB,11,0.038210282997159804,
1986691,shot,15541,RW,11,0.1360422744210193,
1986691,shot,15541,LM,11,0.1360422744210193,
1986691,shot,15541,GK,11,0.1360422744210193,
1986691,shot,15541,LW,11,0.1360422744210193,
1986691,shot,15541,CF,11,0.1360422744210193,
1986691,shot,15541,RM,11,0.1360422744210193,
1986691,shot,15541,LCB,11,0.1360422744210193,
1986691,shot,15541,LB,11,0.1360422744210193,
1986691,shot,15541,RB,11,0.1360422744210193,
1986691,shot,15541,CF,11,0.1360422744210193,
1986691,shot,15541,RCB,11,0.1360422744210193,
1986691,shot,15561,CF,11,0.22133620070709847,
1986691,shot,15561,LM,11,0.22133620070709847,
1986691,shot,15561,GK,11,0.22133620070709847,
1986691,shot,15561,CF,11,0.22133620070709847,
1986691,shot,15561,RW,11,0.22133620070709847,
1986691,shot,15561,RM,11,0.22133620070709847,
1986691,shot,15561,LCB,11,0.22133620070709847,
1986691,shot,15561,LB,11,0.22133620070709847,
1986691,shot,15561,RB,11,0.22133620070709847,
1986691,shot,15561,LW,11,0.22133620070709847,
1986691,shot,15561,RCB,11,0.22133620070709847,
1986691,shot,21979,LW,8,0.0006120310634612402,
1986691,shot,21979,CF,8,0.0006120310634612402,
1986691,shot,21979,LB,8,0.0006120310634612402,
1986691,shot,21979,RW,8,0.0006120310634612402,
1986691,shot,21979,RM,8,0.0006120310634612402,
1986691,shot,21979,LCB,8,0.0006120310634612402,
1986691,shot,21979,RB,8,0.0006120310634612402,
1986691,shot,21979,GK,8,0.0006120310634612402,
1986691,shot,22040,LW,11,1.028794495179172e-06,
1986691,shot,22040,LCB,11,1.028794495179172e-06,
1986691,shot,22040,CF,11,1.028794495179172e-06,
1986691,shot,22040,CF,11,1.028794495179172e-06,
1986691,shot,22040,RW,11,1.028794495179172e-06,
1986691,shot,22040,RM,11,1.028794495179172e-06,
1986691,shot,22040,LB,11,1.028794495179172e-06,
1986691,shot,22040,LM,11,1.028794495179172e-06,
1986691,shot,22040,RB,11,1.028794495179172e-06,
1986691,shot,22040,GK,11,1.028794495179172e-06,
1986691,shot,22040,RCB,11,1.028794495179172e-06,
1986691,shot,24287,CF,11,0.0020428011566772358,
1986691,shot,24287,LCB,11,0.0020428011566772358,
1986691,shot,24287,CF,11,0.0020428011566772358,
1986691,shot,24287,LB,11,0.0020428011566772358,
1986691,shot,24287,RW,11,0.0020428011566772358,
1986691,shot,24287,RM,11,0.0020428011566772358,
1986691,shot,24287,LM,11,0.0020428011566772358,
1986691,shot,24287,LW,11,0.0020428011566772358,
1986691,shot,24287,RB,11,0.0020428011566772358,
1986691,shot,24287,GK,11,0.0020428011566772358,
1986691,shot,24287,RCB,11,0.0020428011566772358,
1986691,shot,24304,LB,11,0.0010710584383201742,
1986691,shot,24304,LM,11,0.0010710584383201742,
1986691,shot,24304,CF,11,0.0010710584383201742,
1986691,shot,24304,CF,11,0.0010710584383201742,
1986691,shot,24304,RW,11,0.0010710584383201742,
1986691,shot,24304,LCB,11,0.0010710584383201742,
1986691,shot,24304,RM,11,0.0010710584383201742,
1986691,shot,24304,LW,11,0.0010710584383201742,
1986691,shot,24304,RB,11,0.0010710584383201742,
1986691,shot,24304,GK,11,0.0010710584383201742,
1986691,shot,24304,RCB,11,0.0010710584383201742,
1986691,shot,24342,RM,11,0.0007301222340497126,
1986691,shot,24342,CF,11,0.0007301222340497126,
1986691,shot,24342,CF,11,0.0007301222340497126,
1986691,shot,24342,LB,11,0.0007301222340497126,
1986691,shot,24342,RW,11,0.0007301222340497126,
1986691,shot,24342,LCB,11,0.0007301222340497126,
1986691,shot,24342,LM,11,0.0007301222340497126,
1986691,shot,24342,LW,11,0.0007301222340497126,
1986691,shot,24342,RB,11,0.0007301222340497126,
1986691,shot,24342,GK,11,0.0007301222340497126,
1986691,shot,24342,RCB,11,0.0007301222340497126,
1986691,shot,24353,CF,11,0.0011516967026613159,
1986691,shot,24353,LW,11,0.0011516967026613159,
1986691,shot,24353,RW,11,0.0011516967026613159,
1986691,shot,24353,LB,11,0.0011516967026613159,
1986691,shot,24353,LCB,11,0.0011516967026613159,
1986691,shot,24353,RM,11,0.0011516967026613159,
1986691,shot,24353,LM,11,0.0011516967026613159,
1986691,shot,24353,CF,11,0.0011516967026613159,
1986691,shot,24353,RB,11,0.0011516967026613159,
1986691,shot,24353,GK,11,0.0011516967026613159,
1986691,shot,24353,RCB,11,0.0011516967026613159,
1986691,shot,24362,CF,11,0.0015809429681704994,
1986691,shot,24362,LW,11,0.0015809429681704994,
1986691,shot,24362,RM,11,0.0015809429681704994,
1986691,shot,24362,LB,11,0.0015809429681704994,
1986691,shot,24362,RW,11,0.0015809429681704994,
1986691,shot,24362,LCB,11,0.0015809429681704994,
1986691,shot,24362,LM,11,0.0015809429681704994,
1986691,shot,24362,CF,11,0.0015809429681704994,
1986691,shot,24362,RB,11,0.0015809429681704994,
1986691,shot,24362,GK,11,0.0015809429681704994,
1986691,shot,24362,RCB,11,0.0015809429681704994,
1986691,shot,28469,CF,10,0.04893317319000253,
1986691,shot,28469,LB,10,0.04893317319000253,
1986691,shot,28469,LW,10,0.04893317319000253,
1986691,shot,28469,CF,10,0.04893317319000253,
1986691,shot,28469,RW,10,0.04893317319000253,
1986691,shot,28469,LM,10,0.04893317319000253,
1986691,shot,28469,LCB,10,0.04893317319000253,
1986691,shot,28469,GK,10,0.04893317319000253,
1986691,shot,28469,RCB,10,0.04893317319000253,
1986691,shot,28469,RM,10,0.04893317319000253,
1986691,shot,28486,LB,10,0.02106131879684972,
1986691,shot,28486,GK,10,0.02106131879684972,
1986691,shot,28486,CF,10,0.02106131879684972,
1986691,shot,28486,CF,10,0.02106131879684972,
1986691,shot,28486,RW,10,0.02106131879684972,
1986691,shot,28486,LM,10,0.02106131879684972,
1986691,shot,28486,LW,10,0.02106131879684972,
1986691,shot,28486,LCB,10,0.02106131879684972,
1986691,shot,28486,RCB,10,0.02106131879684972,
1986691,shot,28486,RM,10,0.02106131879684972,
1986691,shot,28495,LB,8,0.007342120837623288,
1986691,shot,28495,GK,8,0.007342120837623288,
1986691,shot,28495,CF,8,0.007342120837623288,
1986691,shot,28495,RW,8,0.007342120837623288,
1986691,shot,28495,LM,8,0.007342120837623288,
1986691,shot,28495,LCB,8,0.007342120837623288,
1986691,shot,28495,LW,8,0.007342120837623288,
1986691,shot,28495,RCB,8,0.007342120837623288,
1986691,shot,30501,CF,11,0.02912427622014862,
1986691,shot,30501,RM,11,0.02912427622014862,
1986691,shot,30501,RW,11,0.02912427622014862,
1986691,shot,30501,LW,11,0.02912427622014862,
1986691,shot,30501,CF,11,0.02912427622014862,
1986691,shot,30501,LM,11,0.02912427622014862,
1986691,shot,30501,GK,11,0.02912427622014862,
1986691,shot,30501,LB,11,0.02912427622014862,
1986691,shot,30501,RB,11,0.02912427622014862,
1986691,shot,30501,LCB,11,0.02912427622014862,
1986691,shot,30501,RCB,11,0.02912427622014862,
1986691,shot,30528,RW,11,0.018833868186875307,
1986691,shot,30528,GK,11,0.018833868186875307,
1986691,shot,30528,CF,11,0.018833868186875307,
1986691,shot,30528,LW,11,0.018833868186875307,
1986691,shot,30528,CF,11,0.018833868186875307,
1986691,shot,30528,LM,11,0.018833868186875307,
1986691,shot,30528,RM,11,0.018833868186875307,
1986691,shot,30528,LB,11,0.018833868186875307,
1986691,shot,30528,RB,11,0.018833868186875307,
1986691,shot,30528,LCB,11,0.018833868186875307,
1986691,shot,30528,RCB,11,0.018833868186875307,
1986691,shot,30539,RW,11,0.025705022259721377,
1986691,shot,30539,RCB,11,0.025705022259721377,
1986691,shot,30539,CF,11,0.025705022259721377,
1986691,shot,30539,LW,11,0.025705022259721377,
1986691,shot,30539,CF,11,0.025705022259721377,
1986691,shot,30539,LM,11,0.025705022259721377,
1986691,shot,30539,RM,11,0.025705022259721377,
1986691,shot,30539,LB,11,0.025705022259721377,
1986691,shot,30539,RB,11,0.025705022259721377,
1986691,shot,30539,LCB,11,0.025705022259721377,
1986691,shot,30539,GK,11,0.025705022259721377,
1986691,shot,30560,RW,11,0.04706558645896048,
1986691,shot,30560,RCB,11,0.04706558645896048,
1986691,shot,30560,CF,11,0.04706558645896048,
1986691,shot,30560,LW,11,0.04706558645896048,
1986691,shot,30560,CF,11,0.04706558645896048,
1986691,shot,30560,LM,11,0.04706558645896048,
1986691,shot,30560,RM,11,0.04706558645896048,
1986691,shot,30560,LB,11,0.04706558645896048,
1986691,shot,30560,RB,11,0.04706558645896048,
1986691,shot,30560,LCB,11,0.04706558645896048,
1986691,shot,30560,GK,11,0.04706558645896048,
1986691,shot,30592,CF,11,0.018434782244458745,
1986691,shot,30592,RW,11,0.018434782244458745,
1986691,shot,30592,CF,11,0.018434782244458745,
1986691,shot,30592,LM,11,0.018434782244458745,
1986691,shot,30592,RB,11,0.018434782244458745,
1986691,shot,30592,LW,11,0.018434782244458745,
1986691,shot,30592,RM,11,0.018434782244458745,
1986691,shot,30592,LB,11,0.018434782244458745,
1986691,shot,30592,RCB,11,0.018434782244458745,
1986691,shot,30592,LCB,11,0.018434782244458745,
1986691,shot,30592,GK,11,0.018434782244458745,
1986691,shot,33898,CF,10,0.03461613209028698,
1986691,shot,33898,CF,10,0.03461613209028698,
1986691,shot,33898,LM,10,0.03461613209028698,
1986691,shot,33898,LW,10,0.03461613209028698,
1986691,shot,33898,RW,10,0.03461613209028698,
1986691,shot,33898,RM,10,0.03461613209028698,
1986691,shot,33898,GK,10,0.03461613209028698,
1986691,shot,33898,LB,10,0.03461613209028698,
1986691,shot,33898,LCB,10,0.03461613209028698,
1986691,shot,33898,RCB,10,0.03461613209028698,
1986691,shot,33970,LB,11,0.00031653362751427695,
1986691,shot,33970,CF,11,0.00031653362751427695,
1986691,shot,33970,RB,11,0.00031653362751427695,
1986691,shot,33970,LW,11,0.00031653362751427695,
1986691,shot,33970,CF,11,0.00031653362751427695,
1986691,shot,33970,RM,11,0.00031653362751427695,
1986691,shot,33970,LM,11,0.00031653362751427695,
1986691,shot,33970,LCB,11,0.00031653362751427695,
1986691,shot,33970,RW,11,0.00031653362751427695,
1986691,shot,33970,GK,11,0.00031653362751427695,
1986691,shot,33970,RCB,11,0.00031653362751427695,
1986691,shot,33992,LB,9,0.0008088816676499589,
1986691,shot,33992,CF,9,0.0008088816676499589,
1986691,shot,33992,LW,9,0.0008088816676499589,
1986691,shot,33992,CF,9,0.0008088816676499589,
1986691,shot,33992,RM,9,0.0008088816676499589,
1986691,shot,33992,LM,9,0.0008088816676499589,
1986691,shot,33992,LCB,9,0.0008088816676499589,
1986691,shot,33992,GK,9,0.0008088816676499589,
1986691,shot,33992,RCB,9,0.0008088816676499589,
1986691,shot,34940,RW,10,0.08884384195276382,
1986691,shot,34940,CF,10,0.08884384195276382,
1986691,shot,34940,CF,10,0.08884384195276382,
1986691,shot,34940,RB,10,0.08884384195276382,
1986691,shot,34940,RM,10,0.08884384195276382,
1986691,shot,34940,LM,10,0.08884384195276382,
1986691,shot,34940,LB,10,0.08884384195276382,
1986691,shot,34940,RCB,10,0.08884384195276382,
1986691,shot,34940,LCB,10,0.08884384195276382,
1986691,shot,34940,GK,10,0.08884384195276382,
1986691,shot,34949,RW,11,0.08889262667718534,
1986691,shot,34949,LW,11,0.08889262667718534,
1986691,shot,34949,CF,11,0.08889262667718534,
1986691,shot,34949,CF,11,0.08889262667718534,
1986691,shot,34949,RB,11,0.08889262667718534,
1986691,shot,34949,RM,11,0.08889262667718534,
1986691,shot,34949,LM,11,0.08889262667718534,
1986691,shot,34949,LB,11,0.08889262667718534,
1986691,shot,34949,RCB,11,0.08889262667718534,
1986691,shot,34949,LCB,11,0.08889262667718534,
1986691,shot,34949,GK,11,0.08889262667718534,
1986691,shot,34975,RB,11,0.04393770814593079,
1986691,shot,34975,CF,11,0.04393770814593079,
1986691,shot,34975,CF,11,0.04393770814593079,
1986691,shot,34975,LW,11,0.04393770814593079,
1986691,shot,34975,RW,11,0.04393770814593079,
1986691,shot,34975,RM,11,0.04393770814593079,
1986691,shot,34975,LM,11,0.04393770814593079,
1986691,shot,34975,LB,11,0.04393770814593079,
1986691,shot,34975,RCB,11,0.04393770814593079,
1986691,shot,34975,LCB,11,0.04393770814593079,
1986691,shot,34975,GK,11,0.04393770814593079,
1986691,shot,35019,RW,10,0.04212451819505655,
1986691,shot,35019,LM,10,0.04212451819505655,
1986691,shot,35019,CF,10,0.04212451819505655,
1986691,shot,35019,LW,10,0.04212451819505655,
1986691,shot,35019,RB,10,0.04212451819505655,
1986691,shot,35019,RM,10,0.04212451819505655,
1986691,shot,35019,LB,10,0.04212451819505655,
1986691,shot,35019,RCB,10,0.04212451819505655,
1986691,shot,35019,LCB,10,0.04212451819505655,
1986691,shot,35019,GK,10,0.04212451819505655,
1986691,shot,35031,CF,11,0.016502901354659337,
1986691,shot,35031,LM,11,0.016502901354659337,
1986691,shot,35031,RM,11,0.016502901354659337,
1986691,shot,35031,LW,11,0.016502901354659337,
1986691,shot,35031,RW,11,0.016502901354659337,
1986691,shot,35031,GK,11,0.016502901354659337,
1986691,shot,35031,CF,11,0.016502901354659337,
1986691,shot,35031,LB,11,0.016502901354659337,
1986691,shot,35031,RB,11,0.016502901354659337,
1986691,shot,35031,LCB,11,0.016502901354659337,
1986691,shot,35031,RCB,11,0.016502901354659337,
1986691,shot,35835,CF,6,1.7538567845339666e-05,
1986691,shot,35835,RB,6,1.7538567845339666e-05,
1986691,shot,35835,RM,6,1.7538567845339666e-05,
1986691,shot,35835,LB,6,1.7538567845339666e-05,
1986691,shot,35835,RCB,6,1.7538567845339666e-05,
1986691,shot,35835,GK,6,1.7538567845339666e-05,
1986691,shot,35865,CF,7,0.00046502796268640446,
1986691,shot,35865,RM,7,0.00046502796268640446,
1986691,shot,35865,RW,7,0.00046502796268640446,
1986691,shot,35865,RCB,7,0.00046502796268640446,
1986691,shot,35865,LB,7,0.00046502796268640446,
1986691,shot,35865,RB,7,0.00046502796268640446,
1986691,shot,35865,GK,7,0.00046502796268640446,
1986691,shot,35901,CF,10,0.0004821691353663607,
1986691,shot,35901,CF,10,0.0004821691353663607,
1986691,shot,35901,RM,10,0.0004821691353663607,
1986691,shot,35901,LW,10,0.0004821691353663607,
1986691,shot,35901,RB,10,0.0004821691353663607,
1986691,shot,35901,RCB,10,0.0004821691353663607,
1986691,shot,35901,LM,10,0.0004821691353663607,
1986691,shot,35901,LB,10,0.0004821691353663607,
1986691,shot,35901,RW,10,0.0004821691353663607,
1986691,shot,35901,GK,10,0.0004821691353663607,
1986691,shot,35921,CF,10,9.944798159489068e-06,
1986691,shot,35921,CF,10,9.944798159489068e-06,
1986691,shot,35921,RW,10,9.944798159489068e-06,
1986691,shot,35921,LW,10,9.944798159489068e-06,
1986691,shot,35921,RB,10,9.944798159489068e-06,
1986691,shot,35921,RCB,10,9.944798159489068e-06,
1986691,shot,35921,LM,10,9.944798159489068e-06,
1986691,shot,35921,LB,10,9.944798159489068e-06,
1986691,shot,35921,RM,10,9.944798159489068e-06,
1986691,shot,35921,GK,10,9.944798159489068e-06,
1986691,shot,36917,CF,11,0.005244040891112132,
1986691,shot,36917,LCB,11,0.005244040891112132,
1986691,shot,36917,CF,11,0.005244040891112132,
1986691,shot,36917,LW,11,0.005244040891112132,
1986691,shot,36917,RW,11,0.005244040891112132,
1986691,shot,36917,RB,11,0.005244040891112132,
1986691,shot,36917,LM,11,0.005244040891112132,
1986691,shot,36917,LB,11,0.005244040891112132,
1986691,shot,36917,RM,11,0.005244040891112132,
1986691,shot,36917,RCB,11,0.005244040891112132,
1986691,shot,36917,GK,11,0.005244040891112132,
1986691,shot,36939,LW,11,0.00220980404693316,
1986691,shot,36939,LM,11,0.00220980404693316,
1986691,shot,36939,CF,11,0.00220980404693316,
1986691,shot,36939,LB,11,0.00220980404693316,
1986691,shot,36939,RW,11,0.00220980404693316,
1986691,shot,36939,RB,11,0.00220980404693316,
1986691,shot,36939,CF,11,0.00220980404693316,
1986691,shot,36939,LCB,11,0.00220980404693316,
1986691,shot,36939,RM,11,0.00220980404693316,
1986691,shot,36939,RCB,11,0.00220980404693316,
1986691,shot,36939,GK,11,0.00220980404693316,
1986691,shot,39467,CF,10,0.07116673401590848,
1986691,shot,39467,CF,10,0.07116673401590848,
1986691,shot,39467,RCB,10,0.07116673401590848,
1986691,shot,39467,LW,10,0.07116673401590848,
1986691,shot,39467,RB,10,0.07116673401590848,
1986691,shot,39467,LCB,10,0.07116673401590848,
1986691,shot,39467,LM,10,0.07116673401590848,
1986691,shot,39467,RW,10,0.07116673401590848,
1986691,shot,39467,RM,10,0.07116673401590848,
1986691,shot,39467,GK,10,0.07116673401590848,
1986691,shot,39485,CF,11,0.06838526734976756,
1986691,shot,39485,RM,11,0.06838526734976756,
1986691,shot,39485,CF,11,0.06838526734976756,
1986691,shot,39485,LW,11,0.06838526734976756,
1986691,shot,39485,RW,11,0.06838526734976756,
1986691,shot,39485,LCB,11,0.06838526734976756,
1986691,shot,39485,LM,11,0.06838526734976756,
1986691,shot,39485,LB,11,0.06838526734976756,
1986691,shot,39485,RB,11,0.06838526734976756,
1986691,shot,39485,RCB,11,0.06838526734976756,
1986691,shot,39485,GK,11,0.06838526734976756,
1986691,shot,39521,LM,11,0.08734573207256757,
1986691,shot,39521,CF,11,0.08734573207256757,
1986691,shot,39521,CF,11,0.08734573207256757,
1986691,shot,39521,LW,11,0.08734573207256757,
1986691,shot,39521,RW,11,0.08734573207256757,
1986691,shot,39521,GK,11,0.08734573207256757,
1986691,shot,39521,LCB,11,0.08734573207256757,
1986691,shot,39521,LB,11,0.08734573207256757,
1986691,shot,39521,RB,11,0.08734573207256757,
1986691,shot,39521,RM,11,0.08734573207256757,
1986691,shot,39521,RCB,11,0.08734573207256757,
1986691,shot,39553,CF,10,0.1704129128800432,
1986691,shot,39553,LM,10,0.1704129128800432,
1986691,shot,39553,CF,10,0.1704129128800432,
1986691,shot,39553,LW,10,0.1704129128800432,
1986691,shot,39553,RW,10,0.1704129128800432,
1986691,shot,39553,GK,10,0.1704129128800432,
1986691,shot,39553,LCB,10,0.1704129128800432,
1986691,shot,39553,LB,10,0.1704129128800432,
1986691,shot,39553,RB,10,0.1704129128800432,
1986691,shot,39553,RCB,10,0.1704129128800432,
1986691,shot,39558,CF,10,0.19372163008156337,
1986691,shot,39558,LM,10,0.19372163008156337,
1986691,shot,39558,CF,10,0.19372163008156337,
1986691,shot,39558,LW,10,0.19372163008156337,
1986691,shot,39558,RW,10,0.19372163008156337,
1986691,shot,39558,RCB,10,0.19372163008156337,
1986691,shot,39558,LCB,10,0.19372163008156337,
1986691,shot,39558,LB,10,0.19372163008156337,
1986691,shot,39558,RB,10,0.19372163008156337,
1986691,shot,39558,GK,10,0.19372163008156337,
1986691,shot,44384,LM,10,0.049034343524137734,
1986691,shot,44384,LW,10,0.049034343524137734,
1986691,shot,44384,RB,10,0.049034343524137734,
1986691,shot,44384,CF,10,0.049034343524137734,
1986691,shot,44384,RW,10,0.049034343524137734,
1986691,shot,44384,LB,10,0.049034343524137734,
1986691,shot,44384,RM,10,0.049034343524137734,
1986691,shot,44384,GK,10,0.049034343524137734,
1986691,shot,44384,LCB,10,0.049034343524137734,
1986691,shot,44384,RCB,10,0.049034343524137734,
1986691,shot,44419,LM,10,0.021606099578705074,
1986691,shot,44419,RB,10,0.021606099578705074,
1986691,shot,44419,CF,10,0.021606099578705074,
1986691,shot,44419,RW,10,0.021606099578705074,
1986691,shot,44419,LB,10,0.021606099578705074,
1986691,shot,44419,LM,10,0.021606099578705074,
1986691,shot,44419,GK,10,0.021606099578705074,
1986691,shot,44419,RM,10,0.021606099578705074,
1986691,shot,44419,LCB,10,0.021606099578705074,
1986691,shot,44419,RCB,10,0.021606099578705074,
1986691,shot,44435,LW,11,0.005493286956100399,
1986691,shot,44435,LM,11,0.005493286956100399,
1986691,shot,44435,RB,11,0.005493286956100399,
1986691,shot,44435,CF,11,0.005493286956100399,
1986691,shot,44435,RW,11,0.005493286956100399,
1986691,shot,44435,LB,11,0.005493286956100399,
1986691,shot,44435,LM,11,0.005493286956100399,
1986691,shot,44435,GK,11,0.005493286956100399,
1986691,shot,44435,RM,11,0.005493286956100399,
1986691,shot,44435,LCB,11,0.005493286956100399,
1986691,shot,44435,RCB,11,0.005493286956100399,
1986691,shot,50480,RW,11,0.0051802979240416994,
1986691,shot,50480,LW,11,0.0051802979240416994,
1986691,shot,50480,CF,11,0.0051802979240416994,
1986691,shot,50480,LB,11,0.0051802979240416994,
1986691,shot,50480,RW,11,0.0051802979240416994,
1986691,shot,50480,RCB,11,0.0051802979240416994,
1986691,shot,50480,RM,11,0.0051802979240416994,
1986691,shot,50480,RB,11,0.0051802979240416994,
1986691,shot,50480,LM,11,0.0051802979240416994,
1986691,shot,50480,LCB,11,0.0051802979240416994,
1986691,shot,50480,GK,11,0.0051802979240416994,
1986691,shot,50539,CF,11,0.004978527999424083,
1986691,shot,50539,LM,11,0.004978527999424083,
1986691,shot,50539,RW,11,0.004978527999424083,
1986691,shot,50539,LW,11,0.004978527999424083,
1986691,shot,50539,RW,11,0.004978527999424083,
1986691,shot,50539,RCB,11,0.004978527999424083,
1986691,shot,50539,LB,11,0.004978527999424083,
1986691,shot,50539,RB,11,0.004978527999424083,
1986691,shot,50539,RM,11,0.004978527999424083,
1986691,shot,50539,LCB,11,0.004978527999424083,
1986691,shot,50539,GK,11,0.004978527999424083,
1986691,goal,57464,LM,10,0.024966323337945514,
1986691,goal,57464,CF,10,0.024966323337945514,
1986691,goal,57464,LW,10,0.024966323337945514,
1986691,goal,57464,RW,10,0.024966323337945514,
1986691,goal,57464,CF,10,0.024966323337945514,
1986691,goal,57464,RM,10,0.024966323337945514,
1986691,goal,57464,LCB,10,0.024966323337945514,
1986691,goal,57464,RCB,10,0.024966323337945514,
1986691,goal,57464,RB,10,0.024966323337945514,
1986691,goal,57464,GK,10,0.024966323337945514,
1986691,goal,57480,CF,10,0.028413148201067863,
1986691,goal,57480,LCB,10,0.028413148201067863,
1986691,goal,57480,CF,10,0.028413148201067863,
1986691,goal,57480,RW,10,0.028413148201067863,
1986691,goal,57480,RM,10,0.028413148201067863,
1986691,goal,57480,LM,10,0.028413148201067863,
1986691,goal,57480,LW,10,0.028413148201067863,
1986691,goal,57480,RCB,10,0.028413148201067863,
1986691,goal,57480,RB,10,0.028413148201067863,
1986691,goal,57480,GK,10,0.028413148201067863,
1986691,goal,57492,LW,10,0.008055396695719029,
1986691,goal,57492,CF,10,0.008055396695719029,
1986691,goal,57492,CF,10,0.008055396695719029,
1986691,goal,57492,RW,10,0.008055396695719029,
1986691,goal,57492,RM,10,0.008055396695719029,
1986691,goal,57492,LM,10,0.008055396695719029,
1986691,goal,57492,LCB,10,0.008055396695719029,
1986691,goal,57492,RCB,10,0.008055396695719029,
1986691,goal,57492,RB,10,0.008055396695719029,
1986691,goal,57492,GK,10,0.008055396695719029,
1986691,goal,57526,RW,10,0.0006385681807738005,
1986691,goal,57526,CF,10,0.0006385681807738005,
1986691,goal,57526,LB,10,0.0006385681807738005,
1986691,goal,57526,RM,10,0.0006385681807738005,
1986691,goal,57526,LM,10,0.0006385681807738005,
1986691,goal,57526,CF,10,0.0006385681807738005,
1986691,goal,57526,RCB,10,0.0006385681807738005,
1986691,goal,57526,RB,10,0.0006385681807738005,
1986691,goal,57526,LCB,10,0.0006385681807738005,
1986691,goal,57526,GK,10,0.0006385681807738005,
1996435,shot,10034,CF,11,0.009343062787845888,
1996435,shot,10034,LW,11,0.009343062787845888,
1996435,shot,10034,RCB,11,0.009343062787845888,
1996435,shot,10034,RW,11,0.009343062787845888,
1996435,shot,10034,RB,11,0.009343062787845888,
1996435,shot,10034,LDM,11,0.009343062787845888,
1996435,shot,10034,AM,11,0.009343062787845888,
1996435,shot,10034,LCB,11,0.009343062787845888,
1996435,shot,10034,LB,11,0.009343062787845888,
1996435,shot,10034,RDM,11,0.009343062787845888,
1996435,shot,10034,GK,11,0.009343062787845888,
1996435,shot,10053,CF,10,0.0010729138808811146,
1996435,shot,10053,LW,10,0.0010729138808811146,
1996435,shot,10053,AM,10,0.0010729138808811146,
1996435,shot,10053,LDM,10,0.0010729138808811146,
1996435,shot,10053,LCB,10,0.0010729138808811146,
1996435,shot,10053,RDM,10,0.0010729138808811146,
1996435,shot,10053,RW,10,0.0010729138808811146,
1996435,shot,10053,LB,10,0.0010729138808811146,
1996435,shot,10053,RCB,10,0.0010729138808811146,
1996435,shot,10053,GK,10,0.0010729138808811146,
1996435,shot,10060,CF,10,0.0005930724117564981,
1996435,shot,10060,RCB,10,0.0005930724117564981,
1996435,shot,10060,AM,10,0.0005930724117564981,
1996435,shot,10060,RW,10,0.0005930724117564981,
1996435,shot,10060,LCB,10,0.0005930724117564981,
1996435,shot,10060,LW,10,0.0005930724117564981,
1996435,shot,10060,LDM,10,0.0005930724117564981,
1996435,shot,10060,LB,10,0.0005930724117564981,
1996435,shot,10060,RDM,10,0.0005930724117564981,
1996435,shot,10060,GK,10,0.0005930724117564981,
1996435,shot,14458,AM,11,0.0014690326576878815,
1996435,shot,14458,CF,11,0.0014690326576878815,
1996435,shot,14458,LW,11,0.0014690326576878815,
1996435,shot,14458,RW,11,0.0014690326576878815,
1996435,shot,14458,RB,11,0.0014690326576878815,
1996435,shot,14458,RDM,11,0.0014690326576878815,
1996435,shot,14458,LDM,11,0.0014690326576878815,
1996435,shot,14458,LB,11,0.0014690326576878815,
1996435,shot,14458,LCB,11,0.0014690326576878815,
1996435,shot,14458,RCB,11,0.0014690326576878815,
1996435,shot,14458,GK,11,0.0014690326576878815,
1996435,shot,14505,AM,11,1.2533128706883649e-05,
1996435,shot,14505,CF,11,1.2533128706883649e-05,
1996435,shot,14505,RDM,11,1.2533128706883649e-05,
1996435,shot,14505,LDM,11,1.2533128706883649e-05,
1996435,shot,14505,RB,11,1.2533128706883649e-05,
1996435,shot,14505,RW,11,1.2533128706883649e-05,
1996435,shot,14505,LW,11,1.2533128706883649e-05,
1996435,shot,14505,LCB,11,1.2533128706883649e-05,
1996435,shot,14505,LB,11,1.2533128706883649e-05,
1996435,shot,14505,RCB,11,1.2533128706883649e-05,
1996435,shot,14505,GK,11,1.2533128706883649e-05,
1996435,shot,14546,RW,11,2.669697096489315e-05,
1996435,shot,14546,AM,11,2.669697096489315e-05,
1996435,shot,14546,CF,11,2.669697096489315e-05,
1996435,shot,14546,RCB,11,2.669697096489315e-05,
1996435,shot,14546,RB,11,2.669697096489315e-05,
1996435,shot,14546,LCB,11,2.669697096489315e-05,
1996435,shot,14546,LW,11,2.669697096489315e-05,
1996435,shot,14546,LDM,11,2.669697096489315e-05,
1996435,shot,14546,LB,11,2.669697096489315e-05,
1996435,shot,14546,RDM,11,2.669697096489315e-05,
1996435,shot,14546,GK,11,2.669697096489315e-05,
1996435,shot,14894,CF,11,0.0042398113902411515,
1996435,shot,14894,LDM,11,0.0042398113902411515,
1996435,shot,14894,LW,11,0.0042398113902411515,
1996435,shot,14894,LB,11,0.0042398113902411515,
1996435,shot,14894,RW,11,0.0042398113902411515,
1996435,shot,14894,RDM,11,0.0042398113902411515,
1996435,shot,14894,RB,11,0.0042398113902411515,
1996435,shot,14894,RCB,11,0.0042398113902411515,
1996435,shot,14894,LCB,11,0.0042398113902411515,
1996435,shot,14894,AM,11,0.0042398113902411515,
1996435,shot,14894,GK,11,0.0042398113902411515,
1996435,shot,14922,CF,10,0.004352062877348159,
1996435,shot,14922,LDM,10,0.004352062877348159,
1996435,shot,14922,LW,10,0.004352062877348159,
1996435,shot,14922,LB,10,0.004352062877348159,
1996435,shot,14922,RW,10,0.004352062877348159,
1996435,shot,14922,AM,10,0.004352062877348159,
1996435,shot,14922,RDM,10,0.004352062877348159,
1996435,shot,14922,RCB,10,0.004352062877348159,
1996435,shot,14922,LCB,10,0.004352062877348159,
1996435,shot,14922,GK,10,0.004352062877348159,
1996435,shot,15876,CF,9,0.026768073967690362,
1996435,shot,15876,LCB,9,0.026768073967690362,
1996435,shot,15876,LB,9,0.026768073967690362,
1996435,shot,15876,RB,9,0.026768073967690362,
1996435,shot,15876,LDM,9,0.026768073967690362,
1996435,shot,15876,LW,9,0.026768073967690362,
1996435,shot,15876,RDM,9,0.026768073967690362,
1996435,shot,15876,GK,9,0.026768073967690362,
1996435,shot,15876,RCB,9,0.026768073967690362,
1996435,shot,15946,LCB,11,0.004142606748750905,
1996435,shot,15946,CF,11,0.004142606748750905,
1996435,shot,15946,LW,11,0.004142606748750905,
1996435,shot,15946,LB,11,0.004142606748750905,
1996435,shot,15946,AM,11,0.004142606748750905,
1996435,shot,15946,LDM,11,0.004142606748750905,
1996435,shot,15946,RW,11,0.004142606748750905,
1996435,shot,15946,RDM,11,0.004142606748750905,
1996435,shot,15946,GK,11,0.004142606748750905,
1996435,shot,15946,RB,11,0.004142606748750905,
1996435,shot,15946,RCB,11,0.004142606748750905,
1996435,shot,16792,RB,7,6.920979941087344e-06,
1996435,shot,16792,AM,7,6.920979941087344e-06,
1996435,shot,16792,CF,7,6.920979941087344e-06,
1996435,shot,16792,RW,7,6.920979941087344e-06,
1996435,shot,16792,LDM,7,6.920979941087344e-06,
1996435,shot,16792,GK,7,6.920979941087344e-06,
1996435,shot,16792,RCB,7,6.920979941087344e-06,
1996435,shot,16865,RW,10,0.0003428956285770991,
1996435,shot,16865,AM,10,0.0003428956285770991,
1996435,shot,16865,CF,10,0.0003428956285770991,
1996435,shot,16865,LW,10,0.0003428956285770991,
1996435,shot,16865,RB,10,0.0003428956285770991,
1996435,shot,16865,LDM,10,0.0003428956285770991,
1996435,shot,16865,RCB,10,0.0003428956285770991,
1996435,shot,16865,LCB,10,0.0003428956285770991,
1996435,shot,16865,RDM,10,0.0003428956285770991,
1996435,shot,16865,GK,10,0.0003428956285770991,
1996435,shot,18950,CF,10,0.00022713650864954072,
1996435,shot,18950,LW,10,0.00022713650864954072,
1996435,shot,18950,RW,10,0.00022713650864954072,
1996435,shot,18950,RB,10,0.00022713650864954072,
1996435,shot,18950,AM,10,0.00022713650864954072,
1996435,shot,18950,RDM,10,0.00022713650864954072,
1996435,shot,18950,LDM,10,0.00022713650864954072,
1996435,shot,18950,GK,10,0.00022713650864954072,
1996435,shot,18950,LCB,10,0.00022713650864954072,
1996435,shot,18950,RCB,10,0.00022713650864954072,
1996435,shot,18957,LW,8,0.00019165161620319062,
1996435,shot,18957,RW,8,0.00019165161620319062,
1996435,shot,18957,RB,8,0.00019165161620319062,
1996435,shot,18957,AM,8,0.00019165161620319062,
1996435,shot,18957,LDM,8,0.00019165161620319062,
1996435,shot,18957,GK,8,0.00019165161620319062,
1996435,shot,18957,LCB,8,0.00019165161620319062,
1996435,shot,18957,RCB,8,0.00019165161620319062,
1996435,shot,20928,CF,11,0.0015161016995808214,
1996435,shot,20928,LW,11,0.0015161016995808214,
1996435,shot,20928,AM,11,0.0015161016995808214,
1996435,shot,20928,RW,11,0.0015161016995808214,
1996435,shot,20928,RB,11,0.0015161016995808214,
1996435,shot,20928,LDM,11,0.0015161016995808214,
1996435,shot,20928,RDM,11,0.0015161016995808214,
1996435,shot,20928,LCB,11,0.0015161016995808214,
1996435,shot,20928,LB,11,0.0015161016995808214,
1996435,shot,20928,RCB,11,0.0015161016995808214,
1996435,shot,20928,GK,11,0.0015161016995808214,
1996435,shot,20952,CF,11,0.002527216597412083,
1996435,shot,20952,LW,11,0.002527216597412083,
1996435,shot,20952,AM,11,0.002527216597412083,
1996435,shot,20952,RW,11,0.002527216597412083,
1996435,shot,20952,RB,11,0.002527216597412083,
1996435,shot,20952,LDM,11,0.002527216597412083,
1996435,shot,20952,RDM,11,0.002527216597412083,
1996435,shot,20952,LCB,11,0.002527216597412083,
1996435,shot,20952,LB,11,0.002527216597412083,
1996435,shot,20952,RCB,11,0.002527216597412083,
1996435,shot,20952,GK,11,0.002527216597412083,
1996435,shot,20979,CF,11,0.02102807991543489,
1996435,shot,20979,LW,11,0.02102807991543489,
1996435,shot,20979,AM,11,0.02102807991543489,
1996435,shot,20979,RW,11,0.02102807991543489,
1996435,shot,20979,RB,11,0.02102807991543489,
1996435,shot,20979,LDM,11,0.02102807991543489,
1996435,shot,20979,RDM,11,0.02102807991543489,
1996435,shot,20979,LCB,11,0.02102807991543489,
1996435,shot,20979,LB,11,0.02102807991543489,
1996435,shot,20979,RCB,11,0.02102807991543489,
1996435,shot,20979,GK,11,0.02102807991543489,
1996435,goal,21208,CF,9,0.001179604781788557,
1996435,goal,21208,RDM,9,0.001179604781788557,
1996435,goal,21208,LW,9,0.001179604781788557,
1996435,goal,21208,LB,9,0.001179604781788557,
1996435,goal,21208,LDM,9,0.001179604781788557,
1996435,goal,21208,RB,9,0.001179604781788557,
1996435,goal,21208,AM,9,0.001179604781788557,
1996435,goal,21208,LCB,9,0.001179604781788557,
1996435,goal,21208,GK,9,0.001179604781788557,
1996435,goal,21225,LW,11,0.00018489284391069843,
1996435,goal,21225,CF,11,0.00018489284391069843,
1996435,goal,21225,AM,11,0.00018489284391069843,
1996435,goal,21225,LB,11,0.00018489284391069843,
1996435,goal,21225,RW,11,0.00018489284391069843,
1996435,goal,21225,RDM,11,0.00018489284391069843,
1996435,goal,21225,LDM,11,0.00018489284391069843,
1996435,goal,21225,RCB,11,0.00018489284391069843,
1996435,goal,21225,RB,11,0.00018489284391069843,
1996435,goal,21225,LCB,11,0.00018489284391069843,
1996435,goal,21225,GK,11,0.00018489284391069843,
1996435,goal,21242,LW,11,5.382558457444307e-06,
1996435,goal,21242,CF,11,5.382558457444307e-06,
1996435,goal,21242,AM,11,5.382558457444307e-06,
1996435,goal,21242,LB,11,5.382558457444307e-06,
1996435,goal,21242,RB,11,5.382558457444307e-06,
1996435,goal,21242,RDM,11,5.382558457444307e-06,
1996435,goal,21242,LDM,11,5.382558457444307e-06,
1996435,goal,21242,RCB,11,5.382558457444307e-06,
1996435,goal,21242,RW,11,5.382558457444307e-06,
1996435,goal,21242,LCB,11,5.382558457444307e-06,
1996435,goal,21242,GK,11,5.382558457444307e-06,
1996435,goal,21272,LW,11,1.7554359891699797e-07,
1996435,goal,21272,CF,11,1.7554359891699797e-07,
1996435,goal,21272,AM,11,1.7554359891699797e-07,
1996435,goal,21272,LB,11,1.7554359891699797e-07,
1996435,goal,21272,RB,11,1.7554359891699797e-07,
1996435,goal,21272,RDM,11,1.7554359891699797e-07,
1996435,goal,21272,LDM,11,1.7554359891699797e-07,
1996435,goal,21272,RCB,11,1.7554359891699797e-07,
1996435,goal,21272,RW,11,1.7554359891699797e-07,
1996435,goal,21272,LCB,11,1.7554359891699797e-07,
1996435,goal,21272,GK,11,1.7554359891699797e-07,
1996435,goal,21281,LW,11,4.3366076898459063e-07,
1996435,goal,21281,RW,11,4.3366076898459063e-07,
1996435,goal,21281,AM,11,4.3366076898459063e-07,
1996435,goal,21281,LB,11,4.3366076898459063e-07,
1996435,goal,21281,RB,11,4.3366076898459063e-07,
1996435,goal,21281,RDM,11,4.3366076898459063e-07,
1996435,goal,21281,LDM,11,4.3366076898459063e-07,
1996435,goal,21281,RCB,11,4.3366076898459063e-07,
1996435,goal,21281,CF,11,4.3366076898459063e-07,
1996435,goal,21281,LCB,11,4.3366076898459063e-07,
1996435,goal,21281,GK,11,4.3366076898459063e-07,
1996435,shot,25251,RCB,6,0.006158947780470826,
1996435,shot,25251,LB,6,0.006158947780470826,
1996435,shot,25251,AM,6,0.006158947780470826,
1996435,shot,25251,LW,6,0.006158947780470826,
1996435,shot,25251,GK,6,0.006158947780470826,
1996435,shot,25251,LDM,6,0.006158947780470826,
1996435,shot,25319,RCB,11,0.029413853022627046,
1996435,shot,25319,CF,11,0.029413853022627046,
1996435,shot,25319,RW,11,0.029413853022627046,
1996435,shot,25319,LB,11,0.029413853022627046,
1996435,shot,25319,AM,11,0.029413853022627046,
1996435,shot,25319,RDM,11,0.029413853022627046,
1996435,shot,25319,LW,11,0.029413853022627046,
1996435,shot,25319,RB,11,0.029413853022627046,
1996435,shot,25319,GK,11,0.029413853022627046,
1996435,shot,25319,LDM,11,0.029413853022627046,
1996435,shot,25319,LCB,11,0.029413853022627046,
1996435,shot,25339,CF,9,0.02213291360846023,
1996435,shot,25339,RCB,9,0.02213291360846023,
1996435,shot,25339,LB,9,0.02213291360846023,
1996435,shot,25339,AM,9,0.02213291360846023,
1996435,shot,25339,RB,9,0.02213291360846023,
1996435,shot,25339,LW,9,0.02213291360846023,
1996435,shot,25339,LDM,9,0.02213291360846023,
1996435,shot,25339,GK,9,0.02213291360846023,
1996435,shot,25339,LCB,9,0.02213291360846023,
1996435,shot,25348,CF,9,0.017743419783007728,
1996435,shot,25348,RCB,9,0.017743419783007728,
1996435,shot,25348,LB,9,0.017743419783007728,
1996435,shot,25348,AM,9,0.017743419783007728,
1996435,shot,25348,RB,9,0.017743419783007728,
1996435,shot,25348,LW,9,0.017743419783007728,
1996435,shot,25348,LDM,9,0.017743419783007728,
1996435,shot,25348,LCB,9,0.017743419783007728,
1996435,shot,25348,GK,9,0.017743419783007728,
1996435,goal,28168,LW,10,0.012857306150552106,
1996435,goal,28168,CF,10,0.012857306150552106,
1996435,goal,28168,AM,10,0.012857306150552106,
1996435,goal,28168,LB,10,0.012857306150552106,
1996435,goal,28168,RCB,10,0.012857306150552106,
1996435,goal,28168,RDM,10,0.012857306150552106,
1996435,goal,28168,LDM,10,0.012857306150552106,
1996435,goal,28168,LCB,10,0.012857306150552106,
1996435,goal,28168,RB,10,0.012857306150552106,
1996435,goal,28168,GK,10,0.012857306150552106,
1996435,goal,28188,RW,10,0.0015485260879581548,
1996435,goal,28188,LW,10,0.0015485260879581548,
1996435,goal,28188,LB,10,0.0015485260879581548,
1996435,goal,28188,AM,10,0.0015485260879581548,
1996435,goal,28188,RCB,10,0.0015485260879581548,
1996435,goal,28188,RDM,10,0.0015485260879581548,
1996435,goal,28188,LDM,10,0.0015485260879581548,
1996435,goal,28188,LCB,10,0.0015485260879581548,
1996435,goal,28188,RB,10,0.0015485260879581548,
1996435,goal,28188,GK,10,0.0015485260879581548,
1996435,goal,28199,CF,11,0.0008851770529945072,
1996435,goal,28199,RDM,11,0.0008851770529945072,
1996435,goal,28199,LW,11,0.0008851770529945072,
1996435,goal,28199,LB,11,0.0008851770529945072,
1996435,goal,28199,RW,11,0.0008851770529945072,
1996435,goal,28199,RCB,11,0.0008851770529945072,
1996435,goal,28199,AM,11,0.0008851770529945072,
1996435,goal,28199,LDM,11,0.0008851770529945072,
1996435,goal,28199,LCB,11,0.0008851770529945072,
1996435,goal,28199,RB,11,0.0008851770529945072,
1996435,goal,28199,GK,11,0.0008851770529945072,
1996435,shot,29409,CF,11,6.697915139979198e-05,
1996435,shot,29409,RDM,11,6.697915139979198e-05,
1996435,shot,29409,AM,11,6.697915139979198e-05,
1996435,shot,29409,LDM,11,6.697915139979198e-05,
1996435,shot,29409,RW,11,6.697915139979198e-05,
1996435,shot,29409,LCB,11,6.697915139979198e-05,
1996435,shot,29409,LW,11,6.697915139979198e-05,
1996435,shot,29409,GK,11,6.697915139979198e-05,
1996435,shot,29409,LB,11,6.697915139979198e-05,
1996435,shot,29409,RB,11,6.697915139979198e-05,
1996435,shot,29409,RCB,11,6.697915139979198e-05,
1996435,shot,29438,CF,10,0.0007254533789794937,
1996435,shot,29438,RDM,10,0.0007254533789794937,
1996435,shot,29438,LW,10,0.0007254533789794937,
1996435,shot,29438,LB,10,0.0007254533789794937,
1996435,shot,29438,RW,10,0.0007254533789794937,
1996435,shot,29438,GK,10,0.0007254533789794937,
1996435,shot,29438,AM,10,0.0007254533789794937,
1996435,shot,29438,LCB,10,0.0007254533789794937,
1996435,shot,29438,LDM,10,0.0007254533789794937,
1996435,shot,29438,RCB,10,0.0007254533789794937,
1996435,shot,29455,CF,10,0.0024541342590626205,
1996435,shot,29455,RDM,10,0.0024541342590626205,
1996435,shot,29455,AM,10,0.0024541342590626205,
1996435,shot,29455,LB,10,0.0024541342590626205,
1996435,shot,29455,RW,10,0.0024541342590626205,
1996435,shot,29455,GK,10,0.0024541342590626205,
1996435,shot,29455,LW,10,0.0024541342590626205,
1996435,shot,29455,LCB,10,0.0024541342590626205,
1996435,shot,29455,LDM,10,0.0024541342590626205,
1996435,shot,29455,RCB,10,0.0024541342590626205,
1996435,shot,29460,CF,11,0.0021022314123190404,
1996435,shot,29460,RDM,11,0.0021022314123190404,
1996435,shot,29460,AM,11,0.0021022314123190404,
1996435,shot,29460,LB,11,0.0021022314123190404,
1996435,shot,29460,RW,11,0.0021022314123190404,
1996435,shot,29460,GK,11,0.0021022314123190404,
1996435,shot,29460,LW,11,0.0021022314123190404,
1996435,shot,29460,LCB,11,0.0021022314123190404,
1996435,shot,29460,LDM,11,0.0021022314123190404,
1996435,shot,29460,RB,11,0.0021022314123190404,
1996435,shot,29460,RCB,11,0.0021022314123190404,
1996435,shot,29480,CF,11,0.0008182291003418094,
1996435,shot,29480,AM,11,0.0008182291003418094,
1996435,shot,29480,LW,11,0.0008182291003418094,
1996435,shot,29480,LB,11,0.0008182291003418094,
1996435,shot,29480,RW,11,0.0008182291003418094,
1996435,shot,29480,GK,11,0.0008182291003418094,
1996435,shot,29480,RDM,11,0.0008182291003418094,
1996435,shot,29480,LCB,11,0.0008182291003418094,
1996435,shot,29480,LDM,11,0.0008182291003418094,
1996435,shot,29480,RB,11,0.0008182291003418094,
1996435,shot,29480,RCB,11,0.0008182291003418094,
1996435,goal,30348,CF,10,0.0002710400735234959,
1996435,goal,30348,LB,10,0.0002710400735234959,
1996435,goal,30348,LW,10,0.0002710400735234959,
1996435,goal,30348,RDM,10,0.0002710400735234959,
1996435,goal,30348,RW,10,0.0002710400735234959,
1996435,goal,30348,LDM,10,0.0002710400735234959,
1996435,goal,30348,LCB,10,0.0002710400735234959,
1996435,goal,30348,AM,10,0.0002710400735234959,
1996435,goal,30348,RCB,10,0.0002710400735234959,
1996435,goal,30348,GK,10,0.0002710400735234959,
1996435,shot,31903,LW,10,0.006520498212282019,
1996435,shot,31903,CF,10,0.006520498212282019,
1996435,shot,31903,RDM,10,0.006520498212282019,
1996435,shot,31903,RB,10,0.006520498212282019,
1996435,shot,31903,LB,10,0.006520498212282019,
1996435,shot,31903,RW,10,0.006520498212282019,
1996435,shot,31903,LDM,10,0.006520498212282019,
1996435,shot,31903,LCB,10,0.006520498212282019,
1996435,shot,31903,GK,10,0.006520498212282019,
1996435,shot,31903,RCB,10,0.006520498212282019,
1996435,shot,41335,RB,11,0.0017734410917685163,
1996435,shot,41335,CF,11,0.0017734410917685163,
1996435,shot,41335,LW,11,0.0017734410917685163,
1996435,shot,41335,AM,11,0.0017734410917685163,
1996435,shot,41335,RW,11,0.0017734410917685163,
1996435,shot,41335,GK,11,0.0017734410917685163,
1996435,shot,41335,LDM,11,0.0017734410917685163,
1996435,shot,41335,RDM,11,0.0017734410917685163,
1996435,shot,41335,LB,11,0.0017734410917685163,
1996435,shot,41335,RCB,11,0.0017734410917685163,
1996435,shot,41335,LCB,11,0.0017734410917685163,
1996435,shot,41405,AM,11,0.008716397911631805,
1996435,shot,41405,CF,11,0.008716397911631805,
1996435,shot,41405,RW,11,0.008716397911631805,
1996435,shot,41405,LDM,11,0.008716397911631805,
1996435,shot,41405,RCB,11,0.008716397911631805,
1996435,shot,41405,RB,11,0.008716397911631805,
1996435,shot,41405,LW,11,0.008716397911631805,
1996435,shot,41405,RDM,11,0.008716397911631805,
1996435,shot,41405,LB,11,0.008716397911631805,
1996435,shot,41405,GK,11,0.008716397911631805,
1996435,shot,41405,LCB,11,0.008716397911631805,
1996435,shot,45173,LW,8,0.005654267875121852,
1996435,shot,45173,LDM,8,0.005654267875121852,
1996435,shot,45173,LW,8,0.005654267875121852,
1996435,shot,45173,RDM,8,0.005654267875121852,
1996435,shot,45173,LCB,8,0.005654267875121852,
1996435,shot,45173,RCB,8,0.005654267875121852,
1996435,shot,45173,LB,8,0.005654267875121852,
1996435,shot,45173,GK,8,0.005654267875121852,
1996435,shot,45202,LW,11,0.008085266514844333,
1996435,shot,45202,LDM,11,0.008085266514844333,
1996435,shot,45202,CF,11,0.008085266514844333,
1996435,shot,45202,LW,11,0.008085266514844333,
1996435,shot,45202,RB,11,0.008085266514844333,
1996435,shot,45202,RCB,11,0.008085266514844333,
1996435,shot,45202,LCB,11,0.008085266514844333,
1996435,shot,45202,RDM,11,0.008085266514844333,
1996435,shot,45202,LB,11,0.008085266514844333,
1996435,shot,45202,RW,11,0.008085266514844333,
1996435,shot,45202,GK,11,0.008085266514844333,
1996435,shot,45253,LCB,8,0.0011773334581194677,
1996435,shot,45253,LW,8,0.0011773334581194677,
1996435,shot,45253,CF,8,0.0011773334581194677,
1996435,shot,45253,LW,8,0.0011773334581194677,
1996435,shot,45253,RDM,8,0.0011773334581194677,
1996435,shot,45253,LDM,8,0.0011773334581194677,
1996435,shot,45253,RCB,8,0.0011773334581194677,
1996435,shot,45253,GK,8,0.0011773334581194677,
1996435,shot,45259,CF,8,0.0009840629758975368,
1996435,shot,45259,LW,8,0.0009840629758975368,
1996435,shot,45259,LCB,8,0.0009840629758975368,
1996435,shot,45259,LW,8,0.0009840629758975368,
1996435,shot,45259,RDM,8,0.0009840629758975368,
1996435,shot,45259,LDM,8,0.0009840629758975368,
1996435,shot,45259,RCB,8,0.0009840629758975368,
1996435,shot,45259,GK,8,0.0009840629758975368,
1996435,goal,45718,RDM,10,0.0072676531241882255,
1996435,goal,45718,CF,10,0.0072676531241882255,
1996435,goal,45718,LW,10,0.0072676531241882255,
1996435,goal,45718,LB,10,0.0072676531241882255,
1996435,goal,45718,LDM,10,0.0072676531241882255,
1996435,goal,45718,AM,10,0.0072676531241882255,
1996435,goal,45718,RCB,10,0.0072676531241882255,
1996435,goal,45718,LCB,10,0.0072676531241882255,
1996435,goal,45718,RDM,10,0.0072676531241882255,
1996435,goal,45718,GK,10,0.0072676531241882255,
1996435,goal,45775,CF,10,0.036548742014236524,
1996435,goal,45775,RW,10,0.036548742014236524,
1996435,goal,45775,RDM,10,0.036548742014236524,
1996435,goal,45775,AM,10,0.036548742014236524,
1996435,goal,45775,LB,10,0.036548742014236524,
1996435,goal,45775,LDM,10,0.036548742014236524,
1996435,goal,45775,RCB,10,0.036548742014236524,
1996435,goal,45775,LCB,10,0.036548742014236524,
1996435,goal,45775,RDM,10,0.036548742014236524,
1996435,goal,45775,GK,10,0.036548742014236524,
1996435,shot,48695,LW,11,0.021137185005025927,
1996435,shot,48695,CF,11,0.021137185005025927,
1996435,shot,48695,RDM,11,0.021137185005025927,
1996435,shot,48695,LB,11,0.021137185005025927,
1996435,shot,48695,RW,11,0.021137185005025927,
1996435,shot,48695,AM,11,0.021137185005025927,
1996435,shot,48695,RCB,11,0.021137185005025927,
1996435,shot,48695,GK,11,0.021137185005025927,
1996435,shot,48695,LDM,11,0.021137185005025927,
1996435,shot,48695,RDM,11,0.021137185005025927,
1996435,shot,48695,LCB,11,0.021137185005025927,
1996435,shot,48723,CF,9,0.010510793153024651,
1996435,shot,48723,LW,9,0.010510793153024651,
1996435,shot,48723,LB,9,0.010510793153024651,
1996435,shot,48723,RW,9,0.010510793153024651,
1996435,shot,48723,LDM,9,0.010510793153024651,
1996435,shot,48723,RCB,9,0.010510793153024651,
1996435,shot,48723,GK,9,0.010510793153024651,
1996435,shot,48723,RDM,9,0.010510793153024651,
1996435,shot,48723,LCB,9,0.010510793153024651,
1996435,goal,50694,LW,10,0.01568256621687099,
1996435,goal,50694,LB,10,0.01568256621687099,
1996435,goal,50694,RDM,10,0.01568256621687099,
1996435,goal,50694,RW,10,0.01568256621687099,
1996435,goal,50694,CF,10,0.01568256621687099,
1996435,goal,50694,RCB,10,0.01568256621687099,
1996435,goal,50694,GK,10,0.01568256621687099,
1996435,goal,50694,LDM,10,0.01568256621687099,
1996435,goal,50694,RDM,10,0.01568256621687099,
1996435,goal,50694,LCB,10,0.01568256621687099,
1996435,goal,50718,LW,10,0.023022040912193502,
1996435,goal,50718,AM,10,0.023022040912193502,
1996435,goal,50718,RDM,10,0.023022040912193502,
1996435,goal,50718,RW,10,0.023022040912193502,
1996435,goal,50718,CF,10,0.023022040912193502,
1996435,goal,50718,RCB,10,0.023022040912193502,
1996435,goal,50718,GK,10,0.023022040912193502,
1996435,goal,50718,LDM,10,0.023022040912193502,
1996435,goal,50718,RDM,10,0.023022040912193502,
1996435,goal,50718,LCB,10,0.023022040912193502,
1996435,goal,50736,LW,9,0.019932971129183973,
1996435,goal,50736,AM,9,0.019932971129183973,
1996435,goal,50736,RW,9,0.019932971129183973,
1996435,goal,50736,CF,9,0.019932971129183973,
1996435,goal,50736,RCB,9,0.019932971129183973,
1996435,goal,50736,GK,9,0.019932971129183973,
1996435,goal,50736,LDM,9,0.019932971129183973,
1996435,goal,50736,RDM,9,0.019932971129183973,
1996435,goal,50736,LCB,9,0.019932971129183973,
1996435,goal,50762,CF,11,0.0007117866180018199,
1996435,goal,50762,LB,11,0.0007117866180018199,
1996435,goal,50762,AM,11,0.0007117866180018199,
1996435,goal,50762,LDM,11,0.0007117866180018199,
1996435,goal,50762,RW,11,0.0007117866180018199,
1996435,goal,50762,RDM,11,0.0007117866180018199,
1996435,goal,50762,LW,11,0.0007117866180018199,
1996435,goal,50762,RCB,11,0.0007117866180018199,
1996435,goal,50762,GK,11,0.0007117866180018199,
1996435,goal,50762,RDM,11,0.0007117866180018199,
1996435,goal,50762,LCB,11,0.0007117866180018199,
1996435,shot,54215,RB,9,1.644599822994961e-05,
1996435,shot,54215,LDM,9,1.644599822994961e-05,
1996435,shot,54215,CF,9,1.644599822994961e-05,
1996435,shot,54215,RW,9,1.644599822994961e-05,
1996435,shot,54215,GK,9,1.644599822994961e-05,
1996435,shot,54215,RDM,9,1.644599822994961e-05,
1996435,shot,54215,LB,9,1.644599822994961e-05,
1996435,shot,54215,RCB,9,1.644599822994961e-05,
1996435,shot,54215,LCB,9,1.644599822994961e-05,
1996435,shot,54231,CF,10,0.0003944019837984756,
1996435,shot,54231,AM,10,0.0003944019837984756,
1996435,shot,54231,RW,10,0.0003944019837984756,
1996435,shot,54231,LDM,10,0.0003944019837984756,
1996435,shot,54231,RB,10,0.0003944019837984756,
1996435,shot,54231,GK,10,0.0003944019837984756,
1996435,shot,54231,RDM,10,0.0003944019837984756,
1996435,shot,54231,LB,10,0.0003944019837984756,
1996435,shot,54231,RCB,10,0.0003944019837984756,
1996435,shot,54231,LCB,10,0.0003944019837984756,
1996435,shot,54255,CF,11,0.008052334492022743,
1996435,shot,54255,LW,11,0.008052334492022743,
1996435,shot,54255,AM,11,0.008052334492022743,
1996435,shot,54255,LDM,11,0.008052334492022743,
1996435,shot,54255,RB,11,0.008052334492022743,
1996435,shot,54255,RDM,11,0.008052334492022743,
1996435,shot,54255,LCB,11,0.008052334492022743,
1996435,shot,54255,RW,11,0.008052334492022743,
1996435,shot,54255,LB,11,0.008052334492022743,
1996435,shot,54255,RCB,11,0.008052334492022743,
1996435,shot,54255,GK,11,0.008052334492022743,
1996435,shot,54295,CF,11,0.002333123856236543,
1996435,shot,54295,LW,11,0.002333123856236543,
1996435,shot,54295,AM,11,0.002333123856236543,
1996435,shot,54295,LDM,11,0.002333123856236543,
1996435,shot,54295,RB,11,0.002333123856236543,
1996435,shot,54295,RCB,11,0.002333123856236543,
1996435,shot,54295,LCB,11,0.002333123856236543,
1996435,shot,54295,RW,11,0.002333123856236543,
1996435,shot,54295,LB,11,0.002333123856236543,
1996435,shot,54295,RDM,11,0.002333123856236543,
1996435,shot,54295,GK,11,0.002333123856236543,
1996435,shot,56489,CF,11,0.0029758122032520883,
1996435,shot,56489,AM,11,0.0029758122032520883,
1996435,shot,56489,RDM,11,0.0029758122032520883,
1996435,shot,56489,LW,11,0.0029758122032520883,
1996435,shot,56489,RW,11,0.0029758122032520883,
1996435,shot,56489,LCB,11,0.0029758122032520883,
1996435,shot,56489,GK,11,0.0029758122032520883,
1996435,shot,56489,RB,11,0.0029758122032520883,
1996435,shot,56489,LB,11,0.0029758122032520883,
1996435,shot,56489,LDM,11,0.0029758122032520883,
1996435,shot,56489,RCB,11,0.0029758122032520883,
1996435,shot,56556,CF,11,0.04463319872290136,
1996435,shot,56556,LW,11,0.04463319872290136,
1996435,shot,56556,RDM,11,0.04463319872290136,
1996435,shot,56556,AM,11,0.04463319872290136,
1996435,shot,56556,RW,11,0.04463319872290136,
1996435,shot,56556,LDM,11,0.04463319872290136,
1996435,shot,56556,RCB,11,0.04463319872290136,
1996435,shot,56556,RB,11,0.04463319872290136,
1996435,shot,56556,LB,11,0.04463319872290136,
1996435,shot,56556,LCB,11,0.04463319872290136,
1996435,shot,56556,GK,11,0.04463319872290136,
1996435,shot,56565,RB,10,0.03389305519081334,
1996435,shot,56565,CF,10,0.03389305519081334,
1996435,shot,56565,AM,10,0.03389305519081334,
1996435,shot,56565,RW,10,0.03389305519081334,
1996435,shot,56565,LDM,10,0.03389305519081334,
1996435,shot,56565,RCB,10,0.03389305519081334,
1996435,shot,56565,RDM,10,0.03389305519081334,
1996435,shot,56565,LB,10,0.03389305519081334,
1996435,shot,56565,LCB,10,0.03389305519081334,
1996435,shot,56565,GK,10,0.03389305519081334,
1996435,shot,56865,LB,7,6.13849679662744e-08,
1996435,shot,56865,GK,7,6.13849679662744e-08,
1996435,shot,56865,AM,7,6.13849679662744e-08,
1996435,shot,56865,RCB,7,6.13849679662744e-08,
1996435,shot,56865,LCB,7,6.13849679662744e-08,
1996435,shot,56865,RDM,7,6.13849679662744e-08,
1996435,shot,56865,LDM,7,6.13849679662744e-08,
1996435,shot,56878,LW,7,8.335155252757755e-08,
1996435,shot,56878,RW,7,8.335155252757755e-08,
1996435,shot,56878,LB,7,8.335155252757755e-08,
1996435,shot,56878,GK,7,8.335155252757755e-08,
1996435,shot,56878,AM,7,8.335155252757755e-08,
1996435,shot,56878,RCB,7,8.335155252757755e-08,
1996435,shot,56878,LCB,7,8.335155252757755e-08,
1996435,shot,56949,LW,9,0.00028182564946175,
1996435,shot,56949,RDM,9,0.00028182564946175,
1996435,shot,56949,LB,9,0.00028182564946175,
1996435,shot,56949,RW,9,0.00028182564946175,
1996435,shot,56949,LDM,9,0.00028182564946175,
1996435,shot,56949,AM,9,0.00028182564946175,
1996435,shot,56949,RCB,9,0.00028182564946175,
1996435,shot,56949,RDM,9,0.00028182564946175,
1996435,shot,56949,GK,9,0.00028182564946175,
1996436,shot,8568,CF,11,0.015634620911204315,
1996436,shot,8568,LCB,11,0.015634620911204315,
1996436,shot,8568,AM,11,0.015634620911204315,
1996436,shot,8568,LW,11,0.015634620911204315,
1996436,shot,8568,RB,11,0.015634620911204315,
1996436,shot,8568,RM,11,0.015634620911204315,
1996436,shot,8568,RW,11,0.015634620911204315,
1996436,shot,8568,LB,11,0.015634620911204315,
1996436,shot,8568,LM,11,0.015634620911204315,
1996436,shot,8568,RCB,11,0.015634620911204315,
1996436,shot,8568,GK,11,0.015634620911204315,
1996436,shot,8585,CF,11,0.06526751349487042,
1996436,shot,8585,RW,11,0.06526751349487042,
1996436,shot,8585,AM,11,0.06526751349487042,
1996436,shot,8585,LW,11,0.06526751349487042,
1996436,shot,8585,RB,11,0.06526751349487042,
1996436,shot,8585,LCB,11,0.06526751349487042,
1996436,shot,8585,RCB,11,0.06526751349487042,
1996436,shot,8585,LB,11,0.06526751349487042,
1996436,shot,8585,LM,11,0.06526751349487042,
1996436,shot,8585,RM,11,0.06526751349487042,
1996436,shot,8585,GK,11,0.06526751349487042,
1996436,shot,8630,AM,10,0.011469994605228705,
1996436,shot,8630,RW,10,0.011469994605228705,
1996436,shot,8630,CF,10,0.011469994605228705,
1996436,shot,8630,LB,10,0.011469994605228705,
1996436,shot,8630,RB,10,0.011469994605228705,
1996436,shot,8630,RM,10,0.011469994605228705,
1996436,shot,8630,RCB,10,0.011469994605228705,
1996436,shot,8630,LM,10,0.011469994605228705,
1996436,shot,8630,LCB,10,0.011469994605228705,
1996436,shot,8630,GK,10,0.011469994605228705,
1996436,shot,8653,CF,11,0.00473917843429025,
1996436,shot,8653,RW,11,0.00473917843429025,
1996436,shot,8653,RB,11,0.00473917843429025,
1996436,shot,8653,LB,11,0.00473917843429025,
1996436,shot,8653,LM,11,0.00473917843429025,
1996436,shot,8653,LCB,11,0.00473917843429025,
1996436,shot,8653,AM,11,0.00473917843429025,
1996436,shot,8653,LW,11,0.00473917843429025,
1996436,shot,8653,RCB,11,0.00473917843429025,
1996436,shot,8653,RM,11,0.00473917843429025,
1996436,shot,8653,GK,11,0.00473917843429025,
1996436,goal,10962,CF,11,0.004784475250767905,
1996436,goal,10962,AM,11,0.004784475250767905,
1996436,goal,10962,LB,11,0.004784475250767905,
1996436,goal,10962,RCB,11,0.004784475250767905,
1996436,goal,10962,RM,11,0.004784475250767905,
1996436,goal,10962,LW,11,0.004784475250767905,
1996436,goal,10962,LCB,11,0.004784475250767905,
1996436,goal,10962,RW,11,0.004784475250767905,
1996436,goal,10962,RB,11,0.004784475250767905,
1996436,goal,10962,LM,11,0.004784475250767905,
1996436,goal,10962,GK,11,0.004784475250767905,
1996436,goal,10981,RM,9,0.0012071328814651677,
1996436,goal,10981,LW,9,0.0012071328814651677,
1996436,goal,10981,LB,9,0.0012071328814651677,
1996436,goal,10981,RCB,9,0.0012071328814651677,
1996436,goal,10981,LCB,9,0.0012071328814651677,
1996436,goal,10981,RW,9,0.0012071328814651677,
1996436,goal,10981,RB,9,0.0012071328814651677,
1996436,goal,10981,LM,9,0.0012071328814651677,
1996436,goal,10981,GK,9,0.0012071328814651677,
1996436,shot,17546,RM,11,0.01203217435846355,
1996436,shot,17546,CF,11,0.01203217435846355,
1996436,shot,17546,CF,11,0.01203217435846355,
1996436,shot,17546,LW,11,0.01203217435846355,
1996436,shot,17546,RW,11,0.01203217435846355,
1996436,shot,17546,RB,11,0.01203217435846355,
1996436,shot,17546,LM,11,0.01203217435846355,
1996436,shot,17546,GK,11,0.01203217435846355,
1996436,shot,17546,LB,11,0.01203217435846355,
1996436,shot,17546,RB,11,0.01203217435846355,
1996436,shot,17546,RCB,11,0.01203217435846355,
1996436,shot,17567,RM,11,0.00772076298925547,
1996436,shot,17567,CF,11,0.00772076298925547,
1996436,shot,17567,CF,11,0.00772076298925547,
1996436,shot,17567,LW,11,0.00772076298925547,
1996436,shot,17567,RW,11,0.00772076298925547,
1996436,shot,17567,RB,11,0.00772076298925547,
1996436,shot,17567,GK,11,0.00772076298925547,
1996436,shot,17567,LM,11,0.00772076298925547,
1996436,shot,17567,LB,11,0.00772076298925547,
1996436,shot,17567,RB,11,0.00772076298925547,
1996436,shot,17567,RCB,11,0.00772076298925547,
1996436,shot,17577,RM,11,0.007100599333783048,
1996436,shot,17577,CF,11,0.007100599333783048,
1996436,shot,17577,CF,11,0.007100599333783048,
1996436,shot,17577,LW,11,0.007100599333783048,
1996436,shot,17577,RW,11,0.007100599333783048,
1996436,shot,17577,RB,11,0.007100599333783048,
1996436,shot,17577,GK,11,0.007100599333783048,
1996436,shot,17577,LM,11,0.007100599333783048,
1996436,shot,17577,LB,11,0.007100599333783048,
1996436,shot,17577,RB,11,0.007100599333783048,
1996436,shot,17577,RCB,11,0.007100599333783048,
1996436,shot,17589,CF,10,0.008099198457148432,
1996436,shot,17589,RCB,10,0.008099198457148432,
1996436,shot,17589,CF,10,0.008099198457148432,
1996436,shot,17589,LW,10,0.008099198457148432,
1996436,shot,17589,RW,10,0.008099198457148432,
1996436,shot,17589,RB,10,0.008099198457148432,
1996436,shot,17589,LM,10,0.008099198457148432,
1996436,shot,17589,LB,10,0.008099198457148432,
1996436,shot,17589,RB,10,0.008099198457148432,
1996436,shot,17589,GK,10,0.008099198457148432,
1996436,shot,17623,CF,11,0.0597285460684084,
1996436,shot,17623,GK,11,0.0597285460684084,
1996436,shot,17623,CF,11,0.0597285460684084,
1996436,shot,17623,LW,11,0.0597285460684084,
1996436,shot,17623,RW,11,0.0597285460684084,
1996436,shot,17623,RB,11,0.0597285460684084,
1996436,shot,17623,RM,11,0.0597285460684084,
1996436,shot,17623,LM,11,0.0597285460684084,
1996436,shot,17623,LB,11,0.0597285460684084,
1996436,shot,17623,RB,11,0.0597285460684084,
1996436,shot,17623,RCB,11,0.0597285460684084,
1996436,shot,20662,GK,11,0.014462387350655716,
1996436,shot,20662,CF,11,0.014462387350655716,
1996436,shot,20662,CF,11,0.014462387350655716,
1996436,shot,20662,LW,11,0.014462387350655716,
1996436,shot,20662,RW,11,0.014462387350655716,
1996436,shot,20662,RB,11,0.014462387350655716,
1996436,shot,20662,RM,11,0.014462387350655716,
1996436,shot,20662,LM,11,0.014462387350655716,
1996436,shot,20662,LB,11,0.014462387350655716,
1996436,shot,20662,RB,11,0.014462387350655716,
1996436,shot,20662,RCB,11,0.014462387350655716,
1996436,shot,20688,LM,11,0.032176861493331176,
1996436,shot,20688,RM,11,0.032176861493331176,
1996436,shot,20688,RW,11,0.032176861493331176,
1996436,shot,20688,LW,11,0.032176861493331176,
1996436,shot,20688,CF,11,0.032176861493331176,
1996436,shot,20688,RB,11,0.032176861493331176,
1996436,shot,20688,CF,11,0.032176861493331176,
1996436,shot,20688,RCB,11,0.032176861493331176,
1996436,shot,20688,LB,11,0.032176861493331176,
1996436,shot,20688,RB,11,0.032176861493331176,
1996436,shot,20688,GK,11,0.032176861493331176,
1996436,shot,20732,LM,10,0.007015171481591421,
1996436,shot,20732,CF,10,0.007015171481591421,
1996436,shot,20732,CF,10,0.007015171481591421,
1996436,shot,20732,LW,10,0.007015171481591421,
1996436,shot,20732,RB,10,0.007015171481591421,
1996436,shot,20732,RB,10,0.007015171481591421,
1996436,shot,20732,RM,10,0.007015171481591421,
1996436,shot,20732,RCB,10,0.007015171481591421,
1996436,shot,20732,LB,10,0.007015171481591421,
1996436,shot,20732,GK,10,0.007015171481591421,
1996436,shot,20751,RM,11,0.0017013554514620519,
1996436,shot,20751,CF,11,0.0017013554514620519,
1996436,shot,20751,CF,11,0.0017013554514620519,
1996436,shot,20751,LW,11,0.0017013554514620519,
1996436,shot,20751,RW,11,0.0017013554514620519,
1996436,shot,20751,RB,11,0.0017013554514620519,
1996436,shot,20751,LM,11,0.0017013554514620519,
1996436,shot,20751,RCB,11,0.0017013554514620519,
1996436,shot,20751,LB,11,0.0017013554514620519,
1996436,shot,20751,RB,11,0.0017013554514620519,
1996436,shot,20751,GK,11,0.0017013554514620519,
1996436,shot,26121,RB,10,0.050812588707642506,
1996436,shot,26121,RB,10,0.050812588707642506,
1996436,shot,26121,CF,10,0.050812588707642506,
1996436,shot,26121,LB,10,0.050812588707642506,
1996436,shot,26121,RW,10,0.050812588707642506,
1996436,shot,26121,RM,10,0.050812588707642506,
1996436,shot,26121,GK,10,0.050812588707642506,
1996436,shot,26121,LM,10,0.050812588707642506,
1996436,shot,26121,CF,10,0.050812588707642506,
1996436,shot,26121,RCB,10,0.050812588707642506,
1996436,shot,26151,GK,9,0.09171010464323034,
1996436,shot,26151,RB,9,0.09171010464323034,
1996436,shot,26151,CF,9,0.09171010464323034,
1996436,shot,26151,LB,9,0.09171010464323034,
1996436,shot,26151,RW,9,0.09171010464323034,
1996436,shot,26151,RM,9,0.09171010464323034,
1996436,shot,26151,RB,9,0.09171010464323034,
1996436,shot,26151,LM,9,0.09171010464323034,
1996436,shot,26151,RCB,9,0.09171010464323034,
1996436,shot,26171,CF,10,0.09947291488221773,
1996436,shot,26171,GK,10,0.09947291488221773,
1996436,shot,26171,CF,10,0.09947291488221773,
1996436,shot,26171,LB,10,0.09947291488221773,
1996436,shot,26171,RW,10,0.09947291488221773,
1996436,shot,26171,RM,10,0.09947291488221773,
1996436,shot,26171,RB,10,0.09947291488221773,
1996436,shot,26171,LM,10,0.09947291488221773,
1996436,shot,26171,RB,10,0.09947291488221773,
1996436,shot,26171,RCB,10,0.09947291488221773,
1996436,shot,26198,CF,10,0.16093054696302714,
1996436,shot,26198,RB,10,0.16093054696302714,
1996436,shot,26198,LW,10,0.16093054696302714,
1996436,shot,26198,RW,10,0.16093054696302714,
1996436,shot,26198,LB,10,0.16093054696302714,
1996436,shot,26198,RB,10,0.16093054696302714,
1996436,shot,26198,LM,10,0.16093054696302714,
1996436,shot,26198,RM,10,0.16093054696302714,
1996436,shot,26198,GK,10,0.16093054696302714,
1996436,shot,26198,RCB,10,0.16093054696302714,
1996436,shot,28479,CF,10,0.013260242398488513,
1996436,shot,28479,RM,10,0.013260242398488513,
1996436,shot,28479,AM,10,0.013260242398488513,
1996436,shot,28479,LW,10,0.013260242398488513,
1996436,shot,28479,RW,10,0.013260242398488513,
1996436,shot,28479,LM,10,0.013260242398488513,
1996436,shot,28479,LCB,10,0.013260242398488513,
1996436,shot,28479,RB,10,0.013260242398488513,
1996436,shot,28479,GK,10,0.013260242398488513,
1996436,shot,28479,RCB,10,0.013260242398488513,
1996436,shot,28524,AM,11,4.9433637539517766e-05,
1996436,shot,28524,RM,11,4.9433637539517766e-05,
1996436,shot,28524,CF,11,4.9433637539517766e-05,
1996436,shot,28524,LW,11,4.9433637539517766e-05,
1996436,shot,28524,RW,11,4.9433637539517766e-05,
1996436,shot,28524,LM,11,4.9433637539517766e-05,
1996436,shot,28524,LCB,11,4.9433637539517766e-05,
1996436,shot,28524,LB,11,4.9433637539517766e-05,
1996436,shot,28524,RB,11,4.9433637539517766e-05,
1996436,shot,28524,GK,11,4.9433637539517766e-05,
1996436,shot,28524,RCB,11,4.9433637539517766e-05,
1996436,shot,28552,AM,11,2.500713107596289e-07,
1996436,shot,28552,RM,11,2.500713107596289e-07,
1996436,shot,28552,CF,11,2.500713107596289e-07,
1996436,shot,28552,LB,11,2.500713107596289e-07,
1996436,shot,28552,RW,11,2.500713107596289e-07,
1996436,shot,28552,LM,11,2.500713107596289e-07,
1996436,shot,28552,LCB,11,2.500713107596289e-07,
1996436,shot,28552,LW,11,2.500713107596289e-07,
1996436,shot,28552,RB,11,2.500713107596289e-07,
1996436,shot,28552,GK,11,2.500713107596289e-07,
1996436,shot,28552,RCB,11,2.500713107596289e-07,
1996436,shot,29198,LW,11,0.00584633659098345,
1996436,shot,29198,GK,11,0.00584633659098345,
1996436,shot,29198,AM,11,0.00584633659098345,
1996436,shot,29198,LB,11,0.00584633659098345,
1996436,shot,29198,RW,11,0.00584633659098345,
1996436,shot,29198,CF,11,0.00584633659098345,
1996436,shot,29198,RCB,11,0.00584633659098345,
1996436,shot,29198,RM,11,0.00584633659098345,
1996436,shot,29198,RB,11,0.00584633659098345,
1996436,shot,29198,LCB,11,0.00584633659098345,
1996436,shot,29198,LM,11,0.00584633659098345,
1996436,shot,29208,LW,11,0.0018618906173601042,
1996436,shot,29208,GK,11,0.0018618906173601042,
1996436,shot,29208,AM,11,0.0018618906173601042,
1996436,shot,29208,LB,11,0.0018618906173601042,
1996436,shot,29208,RW,11,0.0018618906173601042,
1996436,shot,29208,CF,11,0.0018618906173601042,
1996436,shot,29208,RCB,11,0.0018618906173601042,
1996436,shot,29208,RM,11,0.0018618906173601042,
1996436,shot,29208,LM,11,0.0018618906173601042,
1996436,shot,29208,LCB,11,0.0018618906173601042,
1996436,shot,29208,RB,11,0.0018618906173601042,
1996436,shot,29588,CF,10,0.007588772873819381,
1996436,shot,29588,CF,10,0.007588772873819381,
1996436,shot,29588,RM,10,0.007588772873819381,
1996436,shot,29588,LW,10,0.007588772873819381,
1996436,shot,29588,RW,10,0.007588772873819381,
1996436,shot,29588,LM,10,0.007588772873819381,
1996436,shot,29588,GK,10,0.007588772873819381,
1996436,shot,29588,RB,10,0.007588772873819381,
1996436,shot,29588,LB,10,0.007588772873819381,
1996436,shot,29588,RCB,10,0.007588772873819381,
1996436,shot,29613,CF,11,0.020073226140394747,
1996436,shot,29613,CF,11,0.020073226140394747,
1996436,shot,29613,RB,11,0.020073226140394747,
1996436,shot,29613,LW,11,0.020073226140394747,
1996436,shot,29613,RW,11,0.020073226140394747,
1996436,shot,29613,LM,11,0.020073226140394747,
1996436,shot,29613,RM,11,0.020073226140394747,
1996436,shot,29613,GK,11,0.020073226140394747,
1996436,shot,29613,LB,11,0.020073226140394747,
1996436,shot,29613,RB,11,0.020073226140394747,
1996436,shot,29613,RCB,11,0.020073226140394747,
1996436,shot,29656,CF,11,0.019362297459742866,
1996436,shot,29656,CF,11,0.019362297459742866,
1996436,shot,29656,RB,11,0.019362297459742866,
1996436,shot,29656,LW,11,0.019362297459742866,
1996436,shot,29656,RB,11,0.019362297459742866,
1996436,shot,29656,LM,11,0.019362297459742866,
1996436,shot,29656,RM,11,0.019362297459742866,
1996436,shot,29656,GK,11,0.019362297459742866,
1996436,shot,29656,LB,11,0.019362297459742866,
1996436,shot,29656,RW,11,0.019362297459742866,
1996436,shot,29656,RCB,11,0.019362297459742866,
1996436,shot,29671,CF,10,0.005368833783625071,
1996436,shot,29671,CF,10,0.005368833783625071,
1996436,shot,29671,RB,10,0.005368833783625071,
1996436,shot,29671,LW,10,0.005368833783625071,
1996436,shot,29671,LM,10,0.005368833783625071,
1996436,shot,29671,RM,10,0.005368833783625071,
1996436,shot,29671,GK,10,0.005368833783625071,
1996436,shot,29671,LB,10,0.005368833783625071,
1996436,shot,29671,RW,10,0.005368833783625071,
1996436,shot,29671,RCB,10,0.005368833783625071,
1996436,shot,36045,LB,11,0.0043367748839048025,
1996436,shot,36045,LM,11,0.0043367748839048025,
1996436,shot,36045,CF,11,0.0043367748839048025,
1996436,shot,36045,LW,11,0.0043367748839048025,
1996436,shot,36045,RW,11,0.0043367748839048025,
1996436,shot,36045,RM,11,0.0043367748839048025,
1996436,shot,36045,CF,11,0.0043367748839048025,
1996436,shot,36045,RCB,11,0.0043367748839048025,
1996436,shot,36045,RB,11,0.0043367748839048025,
1996436,shot,36045,GK,11,0.0043367748839048025,
1996436,shot,36045,RB,11,0.0043367748839048025,
1996436,shot,36088,CF,10,0.03920136438188741,
1996436,shot,36088,RCB,10,0.03920136438188741,
1996436,shot,36088,CF,10,0.03920136438188741,
1996436,shot,36088,LW,10,0.03920136438188741,
1996436,shot,36088,RW,10,0.03920136438188741,
1996436,shot,36088,RM,10,0.03920136438188741,
1996436,shot,36088,LM,10,0.03920136438188741,
1996436,shot,36088,RB,10,0.03920136438188741,
1996436,shot,36088,GK,10,0.03920136438188741,
1996436,shot,36088,RB,10,0.03920136438188741,
1996436,shot,36106,CF,10,0.024814175967086908,
1996436,shot,36106,LW,10,0.024814175967086908,
1996436,shot,36106,LM,10,0.024814175967086908,
1996436,shot,36106,RW,10,0.024814175967086908,
1996436,shot,36106,RM,10,0.024814175967086908,
1996436,shot,36106,RCB,10,0.024814175967086908,
1996436,shot,36106,LB,10,0.024814175967086908,
1996436,shot,36106,RB,10,0.024814175967086908,
1996436,shot,36106,GK,10,0.024814175967086908,
1996436,shot,36106,RB,10,0.024814175967086908,
1996436,shot,37240,CF,7,2.8483559732636273e-05,
1996436,shot,37240,AM,7,2.8483559732636273e-05,
1996436,shot,37240,RM,7,2.8483559732636273e-05,
1996436,shot,37240,LW,7,2.8483559732636273e-05,
1996436,shot,37240,LCB,7,2.8483559732636273e-05,
1996436,shot,37240,LB,7,2.8483559732636273e-05,
1996436,shot,37240,GK,7,2.8483559732636273e-05,
1996436,shot,37246,CF,7,3.616915718286109e-05,
1996436,shot,37246,AM,7,3.616915718286109e-05,
1996436,shot,37246,RM,7,3.616915718286109e-05,
1996436,shot,37246,LW,7,3.616915718286109e-05,
1996436,shot,37246,RCB,7,3.616915718286109e-05,
1996436,shot,37246,LCB,7,3.616915718286109e-05,
1996436,shot,37246,GK,7,3.616915718286109e-05,
1996436,shot,37259,AM,7,8.474312944948666e-05,
1996436,shot,37259,RCB,7,8.474312944948666e-05,
1996436,shot,37259,LW,7,8.474312944948666e-05,
1996436,shot,37259,RW,7,8.474312944948666e-05,
1996436,shot,37259,RM,7,8.474312944948666e-05,
1996436,shot,37259,LCB,7,8.474312944948666e-05,
1996436,shot,37259,GK,7,8.474312944948666e-05,
1996436,shot,37310,RB,10,0.0016907727632450408,
1996436,shot,37310,AM,10,0.0016907727632450408,
1996436,shot,37310,CF,10,0.0016907727632450408,
1996436,shot,37310,LW,10,0.0016907727632450408,
1996436,shot,37310,RW,10,0.0016907727632450408,
1996436,shot,37310,RM,10,0.0016907727632450408,
1996436,shot,37310,LM,10,0.0016907727632450408,
1996436,shot,37310,RCB,10,0.0016907727632450408,
1996436,shot,37310,LCB,10,0.0016907727632450408,
1996436,shot,37310,GK,10,0.0016907727632450408,
1996436,shot,37327,AM,11,9.674013843380245e-05,
1996436,shot,37327,LB,11,9.674013843380245e-05,
1996436,shot,37327,CF,11,9.674013843380245e-05,
1996436,shot,37327,LW,11,9.674013843380245e-05,
1996436,shot,37327,RW,11,9.674013843380245e-05,
1996436,shot,37327,RM,11,9.674013843380245e-05,
1996436,shot,37327,LM,11,9.674013843380245e-05,
1996436,shot,37327,LCB,11,9.674013843380245e-05,
1996436,shot,37327,RB,11,9.674013843380245e-05,
1996436,shot,37327,GK,11,9.674013843380245e-05,
1996436,shot,37327,RCB,11,9.674013843380245e-05,
1996436,shot,37339,CF,10,7.219920723725232e-06,
1996436,shot,37339,AM,10,7.219920723725232e-06,
1996436,shot,37339,LM,10,7.219920723725232e-06,
1996436,shot,37339,RW,10,7.219920723725232e-06,
1996436,shot,37339,RM,10,7.219920723725232e-06,
1996436,shot,37339,RCB,10,7.219920723725232e-06,
1996436,shot,37339,LW,10,7.219920723725232e-06,
1996436,shot,37339,RB,10,7.219920723725232e-06,
1996436,shot,37339,LCB,10,7.219920723725232e-06,
1996436,shot,37339,GK,10,7.219920723725232e-06,
1996436,shot,39092,LW,11,0.00595032720067586,
1996436,shot,39092,RM,11,0.00595032720067586,
1996436,shot,39092,CF,11,0.00595032720067586,
1996436,shot,39092,RCB,11,0.00595032720067586,
1996436,shot,39092,RW,11,0.00595032720067586,
1996436,shot,39092,CF,11,0.00595032720067586,
1996436,shot,39092,LB,11,0.00595032720067586,
1996436,shot,39092,LM,11,0.00595032720067586,
1996436,shot,39092,RB,11,0.00595032720067586,
1996436,shot,39092,GK,11,0.00595032720067586,
1996436,shot,39092,RB,11,0.00595032720067586,
1996436,shot,39124,LW,10,0.006364444176598054,
1996436,shot,39124,CF,10,0.006364444176598054,
1996436,shot,39124,LB,10,0.006364444176598054,
1996436,shot,39124,RW,10,0.006364444176598054,
1996436,shot,39124,RM,10,0.006364444176598054,
1996436,shot,39124,RB,10,0.006364444176598054,
1996436,shot,39124,LM,10,0.006364444176598054,
1996436,shot,39124,RB,10,0.006364444176598054,
1996436,shot,39124,GK,10,0.006364444176598054,
1996436,shot,39124,RCB,10,0.006364444176598054,
1996436,shot,39655,CF,10,0.007715912964647255,
1996436,shot,39655,RCB,10,0.007715912964647255,
1996436,shot,39655,CF,10,0.007715912964647255,
1996436,shot,39655,RW,10,0.007715912964647255,
1996436,shot,39655,RM,10,0.007715912964647255,
1996436,shot,39655,LM,10,0.007715912964647255,
1996436,shot,39655,LW,10,0.007715912964647255,
1996436,shot,39655,RB,10,0.007715912964647255,
1996436,shot,39655,RB,10,0.007715912964647255,
1996436,shot,39655,GK,10,0.007715912964647255,
1996436,shot,39724,CF,10,0.11935284912154115,
1996436,shot,39724,CF,10,0.11935284912154115,
1996436,shot,39724,RM,10,0.11935284912154115,
1996436,shot,39724,RW,10,0.11935284912154115,
1996436,shot,39724,RB,10,0.11935284912154115,
1996436,shot,39724,LM,10,0.11935284912154115,
1996436,shot,39724,LW,10,0.11935284912154115,
1996436,shot,39724,RB,10,0.11935284912154115,
1996436,shot,39724,GK,10,0.11935284912154115,
1996436,shot,39724,RCB,10,0.11935284912154115,
1996436,shot,39755,LW,11,0.0690563022346812,
1996436,shot,39755,CF,11,0.0690563022346812,
1996436,shot,39755,CF,11,0.0690563022346812,
1996436,shot,39755,LB,11,0.0690563022346812,
1996436,shot,39755,RW,11,0.0690563022346812,
1996436,shot,39755,RB,11,0.0690563022346812,
1996436,shot,39755,RCB,11,0.0690563022346812,
1996436,shot,39755,LM,11,0.0690563022346812,
1996436,shot,39755,RB,11,0.0690563022346812,
1996436,shot,39755,GK,11,0.0690563022346812,
1996436,shot,39755,RM,11,0.0690563022346812,
1996436,shot,40836,CF,11,0.004268029095214829,
1996436,shot,40836,AM,11,0.004268029095214829,
1996436,shot,40836,GK,11,0.004268029095214829,
1996436,shot,40836,LW,11,0.004268029095214829,
1996436,shot,40836,RB,11,0.004268029095214829,
1996436,shot,40836,RM,11,0.004268029095214829,
1996436,shot,40836,LM,11,0.004268029095214829,
1996436,shot,40836,LB,11,0.004268029095214829,
1996436,shot,40836,RW,11,0.004268029095214829,
1996436,shot,40836,RCB,11,0.004268029095214829,
1996436,shot,40836,LCB,11,0.004268029095214829,
1996436,shot,40882,AM,10,0.00012103671052311696,
1996436,shot,40882,CF,10,0.00012103671052311696,
1996436,shot,40882,LM,10,0.00012103671052311696,
1996436,shot,40882,LW,10,0.00012103671052311696,
1996436,shot,40882,RB,10,0.00012103671052311696,
1996436,shot,40882,RM,10,0.00012103671052311696,
1996436,shot,40882,LCB,10,0.00012103671052311696,
1996436,shot,40882,LB,10,0.00012103671052311696,
1996436,shot,40882,RCB,10,0.00012103671052311696,
1996436,shot,40882,GK,10,0.00012103671052311696,
1996436,shot,40905,LB,11,0.0018027153871583862,
1996436,shot,40905,CF,11,0.0018027153871583862,
1996436,shot,40905,AM,11,0.0018027153871583862,
1996436,shot,40905,LW,11,0.0018027153871583862,
1996436,shot,40905,RW,11,0.0018027153871583862,
1996436,shot,40905,RCB,11,0.0018027153871583862,
1996436,shot,40905,LM,11,0.0018027153871583862,
1996436,shot,40905,LCB,11,0.0018027153871583862,
1996436,shot,40905,RB,11,0.0018027153871583862,
1996436,shot,40905,RM,11,0.0018027153871583862,
1996436,shot,40905,GK,11,0.0018027153871583862,
1996436,shot,40921,CF,11,0.0016388666594232873,
1996436,shot,40921,LCB,11,0.0016388666594232873,
1996436,shot,40921,AM,11,0.0016388666594232873,
1996436,shot,40921,LW,11,0.0016388666594232873,
1996436,shot,40921,RW,11,0.0016388666594232873,
1996436,shot,40921,RCB,11,0.0016388666594232873,
1996436,shot,40921,LM,11,0.0016388666594232873,
1996436,shot,40921,LB,11,0.0016388666594232873,
1996436,shot,40921,RB,11,0.0016388666594232873,
1996436,shot,40921,RM,11,0.0016388666594232873,
1996436,shot,40921,GK,11,0.0016388666594232873,
1996436,shot,44181,LW,11,5.482403147179054e-08,
1996436,shot,44181,CF,11,5.482403147179054e-08,
1996436,shot,44181,CF,11,5.482403147179054e-08,
1996436,shot,44181,LM,11,5.482403147179054e-08,
1996436,shot,44181,RB,11,5.482403147179054e-08,
1996436,shot,44181,LCB,11,5.482403147179054e-08,
1996436,shot,44181,AM,11,5.482403147179054e-08,
1996436,shot,44181,LB,11,5.482403147179054e-08,
1996436,shot,44181,RW,11,5.482403147179054e-08,
1996436,shot,44181,RCB,11,5.482403147179054e-08,
1996436,shot,44181,GK,11,5.482403147179054e-08,
1996436,shot,44220,CF,10,6.191783598310375e-07,
1996436,shot,44220,RB,10,6.191783598310375e-07,
1996436,shot,44220,LB,10,6.191783598310375e-07,
1996436,shot,44220,LW,10,6.191783598310375e-07,
1996436,shot,44220,LCB,10,6.191783598310375e-07,
1996436,shot,44220,LM,10,6.191783598310375e-07,
1996436,shot,44220,AM,10,6.191783598310375e-07,
1996436,shot,44220,RW,10,6.191783598310375e-07,
1996436,shot,44220,RCB,10,6.191783598310375e-07,
1996436,shot,44220,GK,10,6.191783598310375e-07,
1996436,shot,45043,LW,11,0.03315405553468858,
1996436,shot,45043,LB,11,0.03315405553468858,
1996436,shot,45043,RW,11,0.03315405553468858,
1996436,shot,45043,CF,11,0.03315405553468858,
1996436,shot,45043,CF,11,0.03315405553468858,
1996436,shot,45043,RB,11,0.03315405553468858,
1996436,shot,45043,LM,11,0.03315405553468858,
1996436,shot,45043,RCB,11,0.03315405553468858,
1996436,shot,45043,RB,11,0.03315405553468858,
1996436,shot,45043,RM,11,0.03315405553468858,
1996436,shot,45043,GK,11,0.03315405553468858,
1996436,shot,45082,CF,11,0.051312546419628166,
1996436,shot,45082,LW,11,0.051312546419628166,
1996436,shot,45082,RW,11,0.051312546419628166,
1996436,shot,45082,RCB,11,0.051312546419628166,
1996436,shot,45082,CF,11,0.051312546419628166,
1996436,shot,45082,GK,11,0.051312546419628166,
1996436,shot,45082,LB,11,0.051312546419628166,
1996436,shot,45082,LM,11,0.051312546419628166,
1996436,shot,45082,RB,11,0.051312546419628166,
1996436,shot,45082,RM,11,0.051312546419628166,
1996436,shot,45082,RB,11,0.051312546419628166,
1996436,shot,45093,CF,11,0.08150211340754919,
1996436,shot,45093,LW,11,0.08150211340754919,
1996436,shot,45093,RW,11,0.08150211340754919,
1996436,shot,45093,RCB,11,0.08150211340754919,
1996436,shot,45093,CF,11,0.08150211340754919,
1996436,shot,45093,RM,11,0.08150211340754919,
1996436,shot,45093,LB,11,0.08150211340754919,
1996436,shot,45093,LM,11,0.08150211340754919,
1996436,shot,45093,RB,11,0.08150211340754919,
1996436,shot,45093,GK,11,0.08150211340754919,
1996436,shot,45093,RB,11,0.08150211340754919,
1996436,shot,45112,RW,11,0.10749694554476794,
1996436,shot,45112,CF,11,0.10749694554476794,
1996436,shot,45112,GK,11,0.10749694554476794,
1996436,shot,45112,LW,11,0.10749694554476794,
1996436,shot,45112,CF,11,0.10749694554476794,
1996436,shot,45112,RM,11,0.10749694554476794,
1996436,shot,45112,LB,11,0.10749694554476794,
1996436,shot,45112,LM,11,0.10749694554476794,
1996436,shot,45112,RB,11,0.10749694554476794,
1996436,shot,45112,RCB,11,0.10749694554476794,
1996436,shot,45112,RB,11,0.10749694554476794,
1996436,shot,53030,LW,11,0.021987384681117,
1996436,shot,53030,LM,11,0.021987384681117,
1996436,shot,53030,CF,11,0.021987384681117,
1996436,shot,53030,LB,11,0.021987384681117,
1996436,shot,53030,CF,11,0.021987384681117,
1996436,shot,53030,RM,11,0.021987384681117,
1996436,shot,53030,DM,11,0.021987384681117,
1996436,shot,53030,RCB,11,0.021987384681117,
1996436,shot,53030,RB,11,0.021987384681117,
1996436,shot,53030,GK,11,0.021987384681117,
1996436,shot,53030,RB,11,0.021987384681117,
1996436,shot,53076,LM,10,0.017156148886448664,
1996436,shot,53076,RCB,10,0.017156148886448664,
1996436,shot,53076,CF,10,0.017156148886448664,
1996436,shot,53076,LW,10,0.017156148886448664,
1996436,shot,53076,RM,10,0.017156148886448664,
1996436,shot,53076,DM,10,0.017156148886448664,
1996436,shot,53076,LB,10,0.017156148886448664,
1996436,shot,53076,RB,10,0.017156148886448664,
1996436,shot,53076,GK,10,0.017156148886448664,
1996436,shot,53076,RB,10,0.017156148886448664,
1996436,shot,54058,LW,7,0.00023412667464259477,
1996436,shot,54058,DM,7,0.00023412667464259477,
1996436,shot,54058,LB,7,0.00023412667464259477,
1996436,shot,54058,CF,7,0.00023412667464259477,
1996436,shot,54058,LM,7,0.00023412667464259477,
1996436,shot,54058,RCB,7,0.00023412667464259477,
1996436,shot,54058,GK,7,0.00023412667464259477,
1996436,shot,54091,LW,7,0.0005595512514371067,
1996436,shot,54091,DM,7,0.0005595512514371067,
1996436,shot,54091,LM,7,0.0005595512514371067,
1996436,shot,54091,RCB,7,0.0005595512514371067,
1996436,shot,54091,LB,7,0.0005595512514371067,
1996436,shot,54091,RB,7,0.0005595512514371067,
1996436,shot,54091,GK,7,0.0005595512514371067,
1996436,shot,54144,LW,9,0.00028318643613933417,
1996436,shot,54144,RCB,9,0.00028318643613933417,
1996436,shot,54144,CF,9,0.00028318643613933417,
1996436,shot,54144,LM,9,0.00028318643613933417,
1996436,shot,54144,CF,9,0.00028318643613933417,
1996436,shot,54144,RM,9,0.00028318643613933417,
1996436,shot,54144,DM,9,0.00028318643613933417,
1996436,shot,54144,LB,9,0.00028318643613933417,
1996436,shot,54144,GK,9,0.00028318643613933417,
1996436,shot,54156,LM,9,0.00038388495164682067,
1996436,shot,54156,DM,9,0.00038388495164682067,
1996436,shot,54156,CF,9,0.00038388495164682067,
1996436,shot,54156,LW,9,0.00038388495164682067,
1996436,shot,54156,RB,9,0.00038388495164682067,
1996436,shot,54156,RM,9,0.00038388495164682067,
1996436,shot,54156,LB,9,0.00038388495164682067,
1996436,shot,54156,RCB,9,0.00038388495164682067,
1996436,shot,54156,GK,9,0.00038388495164682067,
1996436,shot,55301,CF,11,0.048498052399588126,
1996436,shot,55301,RM,11,0.048498052399588126,
1996436,shot,55301,RB,11,0.048498052399588126,
1996436,shot,55301,LW,11,0.048498052399588126,
1996436,shot,55301,CF,11,0.048498052399588126,
1996436,shot,55301,RCB,11,0.048498052399588126,
1996436,shot,55301,LB,11,0.048498052399588126,
1996436,shot,55301,LM,11,0.048498052399588126,
1996436,shot,55301,RB,11,0.048498052399588126,
1996436,shot,55301,DM,11,0.048498052399588126,
1996436,shot,55301,GK,11,0.048498052399588126,
1996436,shot,55331,CF,10,0.05363101421715773,
1996436,shot,55331,RM,10,0.05363101421715773,
1996436,shot,55331,RB,10,0.05363101421715773,
1996436,shot,55331,LW,10,0.05363101421715773,
1996436,shot,55331,CF,10,0.05363101421715773,
1996436,shot,55331,RCB,10,0.05363101421715773,
1996436,shot,55331,LM,10,0.05363101421715773,
1996436,shot,55331,RB,10,0.05363101421715773,
1996436,shot,55331,DM,10,0.05363101421715773,
1996436,shot,55331,GK,10,0.05363101421715773,
1996436,shot,55373,CF,11,0.0048115419104537965,
1996436,shot,55373,LW,11,0.0048115419104537965,
1996436,shot,55373,RM,11,0.0048115419104537965,
1996436,shot,55373,DM,11,0.0048115419104537965,
1996436,shot,55373,CF,11,0.0048115419104537965,
1996436,shot,55373,RB,11,0.0048115419104537965,
1996436,shot,55373,LM,11,0.0048115419104537965,
1996436,shot,55373,LB,11,0.0048115419104537965,
1996436,shot,55373,RB,11,0.0048115419104537965,
1996436,shot,55373,RCB,11,0.0048115419104537965,
1996436,shot,55373,GK,11,0.0048115419104537965,
1996436,shot,57955,RB,9,0.00012385133987096329,
1996436,shot,57955,CF,9,0.00012385133987096329,
1996436,shot,57955,RB,9,0.00012385133987096329,
1996436,shot,57955,LW,9,0.00012385133987096329,
1996436,shot,57955,CF,9,0.00012385133987096329,
1996436,shot,57955,RM,9,0.00012385133987096329,
1996436,shot,57955,DM,9,0.00012385133987096329,
1996436,shot,57955,GK,9,0.00012385133987096329,
1996436,shot,57955,RCB,9,0.00012385133987096329,
1996436,shot,57999,RB,9,5.213360550984901e-06,
1996436,shot,57999,CF,9,5.213360550984901e-06,
1996436,shot,57999,RM,9,5.213360550984901e-06,
1996436,shot,57999,LW,9,5.213360550984901e-06,
1996436,shot,57999,RB,9,5.213360550984901e-06,
1996436,shot,57999,DM,9,5.213360550984901e-06,
1996436,shot,57999,GK,9,5.213360550984901e-06,
1996436,shot,57999,LB,9,5.213360550984901e-06,
1996436,shot,57999,RCB,9,5.213360550984901e-06,
2006229,shot,24241,RW,8,4.807197125614594e-06,
2006229,shot,24241,CF,8,4.807197125614594e-06,
2006229,shot,24241,LM,8,4.807197125614594e-06,
2006229,shot,24241,RB,8,4.807197125614594e-06,
2006229,shot,24241,LB,8,4.807197125614594e-06,
2006229,shot,24241,CF,8,4.807197125614594e-06,
2006229,shot,24241,LCB,8,4.807197125614594e-06,
2006229,shot,24241,GK,8,4.807197125614594e-06,
2006229,shot,32937,CF,11,0.010184235820973787,
2006229,shot,32937,DM,11,0.010184235820973787,
2006229,shot,32937,CF,11,0.010184235820973787,
2006229,shot,32937,LWB,11,0.010184235820973787,
2006229,shot,32937,RWB,11,0.010184235820973787,
2006229,shot,32937,LM,11,0.010184235820973787,
2006229,shot,32937,RCB,11,0.010184235820973787,
2006229,shot,32937,GK,11,0.010184235820973787,
2006229,shot,32937,LCB,11,0.010184235820973787,
2006229,shot,32937,RM,11,0.010184235820973787,
2006229,shot,32937,CB,11,0.010184235820973787,
2006229,shot,32962,CF,10,0.030741025674133837,
2006229,shot,32962,LWB,10,0.030741025674133837,
2006229,shot,32962,CB,10,0.030741025674133837,
2006229,shot,32962,DM,10,0.030741025674133837,
2006229,shot,32962,RWB,10,0.030741025674133837,
2006229,shot,32962,CF,10,0.030741025674133837,
2006229,shot,32962,RCB,10,0.030741025674133837,
2006229,shot,32962,RM,10,0.030741025674133837,
2006229,shot,32962,LCB,10,0.030741025674133837,
2006229,shot,32962,GK,10,0.030741025674133837,
2006229,shot,32984,CF,11,0.23600276842219362,
2006229,shot,32984,DM,11,0.23600276842219362,
2006229,shot,32984,CF,11,0.23600276842219362,
2006229,shot,32984,LWB,11,0.23600276842219362,
2006229,shot,32984,LM,11,0.23600276842219362,
2006229,shot,32984,GK,11,0.23600276842219362,
2006229,shot,32984,CB,11,0.23600276842219362,
2006229,shot,32984,RM,11,0.23600276842219362,
2006229,shot,32984,LCB,11,0.23600276842219362,
2006229,shot,32984,RWB,11,0.23600276842219362,
2006229,shot,32984,RCB,11,0.23600276842219362,
2006229,shot,32999,LWB,10,0.34624696575285596,
2006229,shot,32999,CB,10,0.34624696575285596,
2006229,shot,32999,CF,10,0.34624696575285596,
2006229,shot,32999,LM,10,0.34624696575285596,
2006229,shot,32999,GK,10,0.34624696575285596,
2006229,shot,32999,DM,10,0.34624696575285596,
2006229,shot,32999,RM,10,0.34624696575285596,
2006229,shot,32999,LCB,10,0.34624696575285596,
2006229,shot,32999,RWB,10,0.34624696575285596,
2006229,shot,32999,RCB,10,0.34624696575285596,
2006229,shot,33608,CF,7,0.0001295608052590518,
2006229,shot,33608,RW,7,0.0001295608052590518,
2006229,shot,33608,RB,7,0.0001295608052590518,
2006229,shot,33608,LM,7,0.0001295608052590518,
2006229,shot,33608,LCB,7,0.0001295608052590518,
2006229,shot,33608,GK,7,0.0001295608052590518,
2006229,shot,33608,RCB,7,0.0001295608052590518,
2006229,shot,33649,LW,10,9.220350838264368e-05,
2006229,shot,33649,CF,10,9.220350838264368e-05,
2006229,shot,33649,RW,10,9.220350838264368e-05,
2006229,shot,33649,CF,10,9.220350838264368e-05,
2006229,shot,33649,LCB,10,9.220350838264368e-05,
2006229,shot,33649,RB,10,9.220350838264368e-05,
2006229,shot,33649,LM,10,9.220350838264368e-05,
2006229,shot,33649,RM,10,9.220350838264368e-05,
2006229,shot,33649,GK,10,9.220350838264368e-05,
2006229,shot,33649,RCB,10,9.220350838264368e-05,
2006229,shot,33659,LW,10,8.684130971727258e-05,
2006229,shot,33659,CF,10,8.684130971727258e-05,
2006229,shot,33659,RW,10,8.684130971727258e-05,
2006229,shot,33659,CF,10,8.684130971727258e-05,
2006229,shot,33659,RM,10,8.684130971727258e-05,
2006229,shot,33659,RB,10,8.684130971727258e-05,
2006229,shot,33659,LCB,10,8.684130971727258e-05,
2006229,shot,33659,LM,10,8.684130971727258e-05,
2006229,shot,33659,GK,10,8.684130971727258e-05,
2006229,shot,33659,RCB,10,8.684130971727258e-05,
2006229,shot,38034,CF,11,0.0001724236395167322,
2006229,shot,38034,CF,11,0.0001724236395167322,
2006229,shot,38034,GK,11,0.0001724236395167322,
2006229,shot,38034,LW,11,0.0001724236395167322,
2006229,shot,38034,RW,11,0.0001724236395167322,
2006229,shot,38034,RM,11,0.0001724236395167322,
2006229,shot,38034,RB,11,0.0001724236395167322,
2006229,shot,38034,LB,11,0.0001724236395167322,
2006229,shot,38034,RCB,11,0.0001724236395167322,
2006229,shot,38034,LCB,11,0.0001724236395167322,
2006229,shot,38034,LM,11,0.0001724236395167322,
2006229,shot,38052,CF,11,0.0002470162139010032,
2006229,shot,38052,CF,11,0.0002470162139010032,
2006229,shot,38052,GK,11,0.0002470162139010032,
2006229,shot,38052,LW,11,0.0002470162139010032,
2006229,shot,38052,RW,11,0.0002470162139010032,
2006229,shot,38052,RM,11,0.0002470162139010032,
2006229,shot,38052,RB,11,0.0002470162139010032,
2006229,shot,38052,LB,11,0.0002470162139010032,
2006229,shot,38052,RCB,11,0.0002470162139010032,
2006229,shot,38052,LCB,11,0.0002470162139010032,
2006229,shot,38052,LM,11,0.0002470162139010032,
2006229,shot,38106,RW,9,0.0012742460197287728,
2006229,shot,38106,RM,9,0.0012742460197287728,
2006229,shot,38106,LB,9,0.0012742460197287728,
2006229,shot,38106,CF,9,0.0012742460197287728,
2006229,shot,38106,LM,9,0.0012742460197287728,
2006229,shot,38106,RB,9,0.0012742460197287728,
2006229,shot,38106,LCB,9,0.0012742460197287728,
2006229,shot,38106,GK,9,0.0012742460197287728,
2006229,shot,38106,RCB,9,0.0012742460197287728,
2006229,shot,38121,RW,10,0.0014702328783616982,
2006229,shot,38121,RM,10,0.0014702328783616982,
2006229,shot,38121,LB,10,0.0014702328783616982,
2006229,shot,38121,LW,10,0.0014702328783616982,
2006229,shot,38121,CF,10,0.0014702328783616982,
2006229,shot,38121,LM,10,0.0014702328783616982,
2006229,shot,38121,RB,10,0.0014702328783616982,
2006229,shot,38121,GK,10,0.0014702328783616982,
2006229,shot,38121,LCB,10,0.0014702328783616982,
2006229,shot,38121,RCB,10,0.0014702328783616982,
2006229,shot,42810,CF,8,5.918636875866725e-05,
2006229,shot,42810,CF,8,5.918636875866725e-05,
2006229,shot,42810,GK,8,5.918636875866725e-05,
2006229,shot,42810,RW,8,5.918636875866725e-05,
2006229,shot,42810,LM,8,5.918636875866725e-05,
2006229,shot,42810,RM,8,5.918636875866725e-05,
2006229,shot,42810,LCB,8,5.918636875866725e-05,
2006229,shot,42810,LB,8,5.918636875866725e-05,
2006229,shot,42832,LM,10,8.432018020672236e-06,
2006229,shot,42832,CF,10,8.432018020672236e-06,
2006229,shot,42832,RM,10,8.432018020672236e-06,
2006229,shot,42832,CF,10,8.432018020672236e-06,
2006229,shot,42832,RW,10,8.432018020672236e-06,
2006229,shot,42832,LB,10,8.432018020672236e-06,
2006229,shot,42832,GK,10,8.432018020672236e-06,
2006229,shot,42832,LCB,10,8.432018020672236e-06,
2006229,shot,42832,RB,10,8.432018020672236e-06,
2006229,shot,42832,RCB,10,8.432018020672236e-06,
2006229,shot,42846,LCB,10,9.776528800527317e-06,
2006229,shot,42846,CF,10,9.776528800527317e-06,
2006229,shot,42846,RM,10,9.776528800527317e-06,
2006229,shot,42846,RW,10,9.776528800527317e-06,
2006229,shot,42846,LB,10,9.776528800527317e-06,
2006229,shot,42846,GK,10,9.776528800527317e-06,
2006229,shot,42846,LM,10,9.776528800527317e-06,
2006229,shot,42846,RB,10,9.776528800527317e-06,
2006229,shot,42846,LW,10,9.776528800527317e-06,
2006229,shot,42846,RCB,10,9.776528800527317e-06,
2006229,shot,42878,LCB,11,0.00019941078766169145,
2006229,shot,42878,CF,11,0.00019941078766169145,
2006229,shot,42878,RM,11,0.00019941078766169145,
2006229,shot,42878,LB,11,0.00019941078766169145,
2006229,shot,42878,RW,11,0.00019941078766169145,
2006229,shot,42878,LM,11,0.00019941078766169145,
2006229,shot,42878,GK,11,0.00019941078766169145,
2006229,shot,42878,CF,11,0.00019941078766169145,
2006229,shot,42878,RB,11,0.00019941078766169145,
2006229,shot,42878,LW,11,0.00019941078766169145,
2006229,shot,42878,RCB,11,0.00019941078766169145,
2006229,shot,42890,GK,11,0.00027934346430326254,
2006229,shot,42890,CF,11,0.00027934346430326254,
2006229,shot,42890,RM,11,0.00027934346430326254,
2006229,shot,42890,LB,11,0.00027934346430326254,
2006229,shot,42890,RW,11,0.00027934346430326254,
2006229,shot,42890,LM,11,0.00027934346430326254,
2006229,shot,42890,LCB,11,0.00027934346430326254,
2006229,shot,42890,CF,11,0.00027934346430326254,
2006229,shot,42890,RB,11,0.00027934346430326254,
2006229,shot,42890,LW,11,0.00027934346430326254,
2006229,shot,42890,RCB,11,0.00027934346430326254,
2006229,shot,42896,CF,11,0.0005343782949259689,
2006229,shot,42896,LM,11,0.0005343782949259689,
2006229,shot,42896,RM,11,0.0005343782949259689,
2006229,shot,42896,LB,11,0.0005343782949259689,
2006229,shot,42896,RW,11,0.0005343782949259689,
2006229,shot,42896,CF,11,0.0005343782949259689,
2006229,shot,42896,GK,11,0.0005343782949259689,
2006229,shot,42896,LW,11,0.0005343782949259689,
2006229,shot,42896,RB,11,0.0005343782949259689,
2006229,shot,42896,LCB,11,0.0005343782949259689,
2006229,shot,42896,RCB,11,0.0005343782949259689,
2006229,shot,49908,CF,10,0.0007899262694585353,
2006229,shot,49908,GK,10,0.0007899262694585353,
2006229,shot,49908,RM,10,0.0007899262694585353,
2006229,shot,49908,LW,10,0.0007899262694585353,
2006229,shot,49908,RW,10,0.0007899262694585353,
2006229,shot,49908,CF,10,0.0007899262694585353,
2006229,shot,49908,RCB,10,0.0007899262694585353,
2006229,shot,49908,LB,10,0.0007899262694585353,
2006229,shot,49908,RB,10,0.0007899262694585353,
2006229,shot,49908,LCB,10,0.0007899262694585353,
2006229,shot,49963,RW,8,0.00017911269315445277,
2006229,shot,49963,RM,8,0.00017911269315445277,
2006229,shot,49963,RB,8,0.00017911269315445277,
2006229,shot,49963,LW,8,0.00017911269315445277,
2006229,shot,49963,RCB,8,0.00017911269315445277,
2006229,shot,49963,LB,8,0.00017911269315445277,
2006229,shot,49963,GK,8,0.00017911269315445277,
2006229,shot,49963,LM,8,0.00017911269315445277,
2006229,shot,49972,RW,9,4.4205718191132366e-05,
2006229,shot,49972,RM,9,4.4205718191132366e-05,
2006229,shot,49972,RB,9,4.4205718191132366e-05,
2006229,shot,49972,LCB,9,4.4205718191132366e-05,
2006229,shot,49972,LW,9,4.4205718191132366e-05,
2006229,shot,49972,LB,9,4.4205718191132366e-05,
2006229,shot,49972,RCB,9,4.4205718191132366e-05,
2006229,shot,49972,LM,9,4.4205718191132366e-05,
2006229,shot,49972,GK,9,4.4205718191132366e-05,
2006229,shot,49989,RW,10,6.358981885105346e-06,
2006229,shot,49989,CF,10,6.358981885105346e-06,
2006229,shot,49989,RM,10,6.358981885105346e-06,
2006229,shot,49989,RB,10,6.358981885105346e-06,
2006229,shot,49989,LM,10,6.358981885105346e-06,
2006229,shot,49989,LW,10,6.358981885105346e-06,
2006229,shot,49989,LB,10,6.358981885105346e-06,
2006229,shot,49989,RCB,10,6.358981885105346e-06,
2006229,shot,49989,LCB,10,6.358981885105346e-06,
2006229,shot,49989,GK,10,6.358981885105346e-06,
2006229,shot,56581,CF,11,0.021417363666132724,
2006229,shot,56581,CF,11,0.021417363666132724,
2006229,shot,56581,RB,11,0.021417363666132724,
2006229,shot,56581,CF,11,0.021417363666132724,
2006229,shot,56581,RW,11,0.021417363666132724,
2006229,shot,56581,RCB,11,0.021417363666132724,
2006229,shot,56581,RM,11,0.021417363666132724,
2006229,shot,56581,LWB,11,0.021417363666132724,
2006229,shot,56581,CB,11,0.021417363666132724,
2006229,shot,56581,GK,11,0.021417363666132724,
2006229,shot,56581,DM,11,0.021417363666132724,
2006229,shot,56604,RB,10,0.02288499422569229,
2006229,shot,56604,RCB,10,0.02288499422569229,
2006229,shot,56604,CF,10,0.02288499422569229,
2006229,shot,56604,LWB,10,0.02288499422569229,
2006229,shot,56604,RW,10,0.02288499422569229,
2006229,shot,56604,CF,10,0.02288499422569229,
2006229,shot,56604,RM,10,0.02288499422569229,
2006229,shot,56604,CB,10,0.02288499422569229,
2006229,shot,56604,GK,10,0.02288499422569229,
2006229,shot,56604,DM,10,0.02288499422569229,
2006229,shot,56629,RB,11,0.08918773173329873,
2006229,shot,56629,GK,11,0.08918773173329873,
2006229,shot,56629,CF,11,0.08918773173329873,
2006229,shot,56629,LWB,11,0.08918773173329873,
2006229,shot,56629,RW,11,0.08918773173329873,
2006229,shot,56629,CF,11,0.08918773173329873,
2006229,shot,56629,CF,11,0.08918773173329873,
2006229,shot,56629,RM,11,0.08918773173329873,
2006229,shot,56629,CB,11,0.08918773173329873,
2006229,shot,56629,RCB,11,0.08918773173329873,
2006229,shot,56629,DM,11,0.08918773173329873,
2006229,shot,56654,CF,10,0.043448973461419654,
2006229,shot,56654,CF,10,0.043448973461419654,
2006229,shot,56654,RB,10,0.043448973461419654,
2006229,shot,56654,LWB,10,0.043448973461419654,
2006229,shot,56654,RW,10,0.043448973461419654,
2006229,shot,56654,RCB,10,0.043448973461419654,
2006229,shot,56654,RM,10,0.043448973461419654,
2006229,shot,56654,CB,10,0.043448973461419654,
2006229,shot,56654,GK,10,0.043448973461419654,
2006229,shot,56654,DM,10,0.043448973461419654,
2006363,shot,3223,LDM,11,0.0016575854512458994,
2006363,shot,3223,CF,11,0.0016575854512458994,
2006363,shot,3223,AM,11,0.0016575854512458994,
2006363,shot,3223,LB,11,0.0016575854512458994,
2006363,shot,3223,RW,11,0.0016575854512458994,
2006363,shot,3223,RDM,11,0.0016575854512458994,
2006363,shot,3223,GK,11,0.0016575854512458994,
2006363,shot,3223,LW,11,0.0016575854512458994,
2006363,shot,3223,RB,11,0.0016575854512458994,
2006363,shot,3223,LCB,11,0.0016575854512458994,
2006363,shot,3223,RCB,11,0.0016575854512458994,
2006363,shot,3256,CF,11,0.0003127164991471352,
2006363,shot,3256,LDM,11,0.0003127164991471352,
2006363,shot,3256,RDM,11,0.0003127164991471352,
2006363,shot,3256,LB,11,0.0003127164991471352,
2006363,shot,3256,RW,11,0.0003127164991471352,
2006363,shot,3256,GK,11,0.0003127164991471352,
2006363,shot,3256,AM,11,0.0003127164991471352,
2006363,shot,3256,LW,11,0.0003127164991471352,
2006363,shot,3256,RB,11,0.0003127164991471352,
2006363,shot,3256,LCB,11,0.0003127164991471352,
2006363,shot,3256,RCB,11,0.0003127164991471352,
2006363,goal,4871,CF,11,0.00014010273924958426,
2006363,goal,4871,LW,11,0.00014010273924958426,
2006363,goal,4871,RW,11,0.00014010273924958426,
2006363,goal,4871,GK,11,0.00014010273924958426,
2006363,goal,4871,RDM,11,0.00014010273924958426,
2006363,goal,4871,AM,11,0.00014010273924958426,
2006363,goal,4871,LDM,11,0.00014010273924958426,
2006363,goal,4871,LB,11,0.00014010273924958426,
2006363,goal,4871,RB,11,0.00014010273924958426,
2006363,goal,4871,LCB,11,0.00014010273924958426,
2006363,goal,4871,RCB,11,0.00014010273924958426,
2006363,shot,13802,RB,11,8.152648136749021e-06,
2006363,shot,13802,LW,11,8.152648136749021e-06,
2006363,shot,13802,CF,11,8.152648136749021e-06,
2006363,shot,13802,LDM,11,8.152648136749021e-06,
2006363,shot,13802,AM,11,8.152648136749021e-06,
2006363,shot,13802,RDM,11,8.152648136749021e-06,
2006363,shot,13802,LCB,11,8.152648136749021e-06,
2006363,shot,13802,LB,11,8.152648136749021e-06,
2006363,shot,13802,RW,11,8.152648136749021e-06,
2006363,shot,13802,GK,11,8.152648136749021e-06,
2006363,shot,13802,RCB,11,8.152648136749021e-06,
2006363,shot,16246,CF,8,0.0005052502477033452,
2006363,shot,16246,RDM,8,0.0005052502477033452,
2006363,shot,16246,LB,8,0.0005052502477033452,
2006363,shot,16246,LDM,8,0.0005052502477033452,
2006363,shot,16246,LW,8,0.0005052502477033452,
2006363,shot,16246,LCB,8,0.0005052502477033452,
2006363,shot,16246,GK,8,0.0005052502477033452,
2006363,shot,16246,RCB,8,0.0005052502477033452,
2006363,shot,16253,RCB,9,0.00034284267376430194,
2006363,shot,16253,CF,9,0.00034284267376430194,
2006363,shot,16253,AM,9,0.00034284267376430194,
2006363,shot,16253,RW,9,0.00034284267376430194,
2006363,shot,16253,LDM,9,0.00034284267376430194,
2006363,shot,16253,RDM,9,0.00034284267376430194,
2006363,shot,16253,RB,9,0.00034284267376430194,
2006363,shot,16253,LCB,9,0.00034284267376430194,
2006363,shot,16253,GK,9,0.00034284267376430194,
2006363,shot,16269,AM,10,0.00022350915718527447,
2006363,shot,16269,CF,10,0.00022350915718527447,
2006363,shot,16269,LDM,10,0.00022350915718527447,
2006363,shot,16269,RW,10,0.00022350915718527447,
2006363,shot,16269,LCB,10,0.00022350915718527447,
2006363,shot,16269,LB,10,0.00022350915718527447,
2006363,shot,16269,RDM,10,0.00022350915718527447,
2006363,shot,16269,RB,10,0.00022350915718527447,
2006363,shot,16269,GK,10,0.00022350915718527447,
2006363,shot,16269,RCB,10,0.00022350915718527447,
2006363,shot,16284,AM,10,0.00035867722945410546,
2006363,shot,16284,CF,10,0.00035867722945410546,
2006363,shot,16284,LDM,10,0.00035867722945410546,
2006363,shot,16284,LW,10,0.00035867722945410546,
2006363,shot,16284,RW,10,0.00035867722945410546,
2006363,shot,16284,GK,10,0.00035867722945410546,
2006363,shot,16284,RDM,10,0.00035867722945410546,
2006363,shot,16284,RB,10,0.00035867722945410546,
2006363,shot,16284,LCB,10,0.00035867722945410546,
2006363,shot,16284,RCB,10,0.00035867722945410546,
2006363,shot,16327,LDM,10,0.027707188356147834,
2006363,shot,16327,CF,10,0.027707188356147834,
2006363,shot,16327,AM,10,0.027707188356147834,
2006363,shot,16327,LW,10,0.027707188356147834,
2006363,shot,16327,RW,10,0.027707188356147834,
2006363,shot,16327,GK,10,0.027707188356147834,
2006363,shot,16327,RDM,10,0.027707188356147834,
2006363,shot,16327,LB,10,0.027707188356147834,
2006363,shot,16327,LCB,10,0.027707188356147834,
2006363,shot,16327,RCB,10,0.027707188356147834,
2006363,shot,16997,CF,10,0.04589356053810429,
2006363,shot,16997,RW,10,0.04589356053810429,
2006363,shot,16997,AM,10,0.04589356053810429,
2006363,shot,16997,LB,10,0.04589356053810429,
2006363,shot,16997,RB,10,0.04589356053810429,
2006363,shot,16997,LDM,10,0.04589356053810429,
2006363,shot,16997,RDM,10,0.04589356053810429,
2006363,shot,16997,RCB,10,0.04589356053810429,
2006363,shot,16997,LCB,10,0.04589356053810429,
2006363,shot,16997,GK,10,0.04589356053810429,
2006363,shot,17016,CF,11,0.11571273613814036,
2006363,shot,17016,LW,11,0.11571273613814036,
2006363,shot,17016,AM,11,0.11571273613814036,
2006363,shot,17016,LB,11,0.11571273613814036,
2006363,shot,17016,RB,11,0.11571273613814036,
2006363,shot,17016,LDM,11,0.11571273613814036,
2006363,shot,17016,RW,11,0.11571273613814036,
2006363,shot,17016,RDM,11,0.11571273613814036,
2006363,shot,17016,RCB,11,0.11571273613814036,
2006363,shot,17016,LCB,11,0.11571273613814036,
2006363,shot,17016,GK,11,0.11571273613814036,
2006363,shot,17077,AM,11,0.06479162089015694,
2006363,shot,17077,LW,11,0.06479162089015694,
2006363,shot,17077,RB,11,0.06479162089015694,
2006363,shot,17077,RW,11,0.06479162089015694,
2006363,shot,17077,CF,11,0.06479162089015694,
2006363,shot,17077,LDM,11,0.06479162089015694,
2006363,shot,17077,LB,11,0.06479162089015694,
2006363,shot,17077,RDM,11,0.06479162089015694,
2006363,shot,17077,RCB,11,0.06479162089015694,
2006363,shot,17077,LCB,11,0.06479162089015694,
2006363,shot,17077,GK,11,0.06479162089015694,
2006363,shot,19502,LB,4,0.00012838862363996658,
2006363,shot,19502,CF,4,0.00012838862363996658,
2006363,shot,19502,LCB,4,0.00012838862363996658,
2006363,shot,19502,GK,4,0.00012838862363996658,
2006363,shot,19513,LB,5,0.0001039206193695838,
2006363,shot,19513,CF,5,0.0001039206193695838,
2006363,shot,19513,RDM,5,0.0001039206193695838,
2006363,shot,19513,LCB,5,0.0001039206193695838,
2006363,shot,19513,GK,5,0.0001039206193695838,
2006363,shot,19542,LB,9,0.0010455515311700422,
2006363,shot,19542,CF,9,0.0010455515311700422,
2006363,shot,19542,RW,9,0.0010455515311700422,
2006363,shot,19542,LW,9,0.0010455515311700422,
2006363,shot,19542,LDM,9,0.0010455515311700422,
2006363,shot,19542,RDM,9,0.0010455515311700422,
2006363,shot,19542,LCB,9,0.0010455515311700422,
2006363,shot,19542,GK,9,0.0010455515311700422,
2006363,shot,19542,RCB,9,0.0010455515311700422,
2006363,shot,19580,LB,10,0.0012043563209053131,
2006363,shot,19580,AM,10,0.0012043563209053131,
2006363,shot,19580,CF,10,0.0012043563209053131,
2006363,shot,19580,RB,10,0.0012043563209053131,
2006363,shot,19580,LDM,10,0.0012043563209053131,
2006363,shot,19580,RDM,10,0.0012043563209053131,
2006363,shot,19580,LCB,10,0.0012043563209053131,
2006363,shot,19580,RW,10,0.0012043563209053131,
2006363,shot,19580,GK,10,0.0012043563209053131,
2006363,shot,19580,RCB,10,0.0012043563209053131,
2006363,shot,19599,AM,9,0.000477733653085822,
2006363,shot,19599,CF,9,0.000477733653085822,
2006363,shot,19599,RW,9,0.000477733653085822,
2006363,shot,19599,RDM,9,0.000477733653085822,
2006363,shot,19599,LDM,9,0.000477733653085822,
2006363,shot,19599,LB,9,0.000477733653085822,
2006363,shot,19599,LCB,9,0.000477733653085822,
2006363,shot,19599,RB,9,0.000477733653085822,
2006363,shot,19599,GK,9,0.000477733653085822,
2006363,shot,19611,RW,9,0.0001641533131984749,
2006363,shot,19611,AM,9,0.0001641533131984749,
2006363,shot,19611,CF,9,0.0001641533131984749,
2006363,shot,19611,LCB,9,0.0001641533131984749,
2006363,shot,19611,LDM,9,0.0001641533131984749,
2006363,shot,19611,LB,9,0.0001641533131984749,
2006363,shot,19611,RDM,9,0.0001641533131984749,
2006363,shot,19611,RB,9,0.0001641533131984749,
2006363,shot,19611,GK,9,0.0001641533131984749,
2006363,shot,21365,CF,11,0.02035057925067572,
2006363,shot,21365,LW,11,0.02035057925067572,
2006363,shot,21365,AM,11,0.02035057925067572,
2006363,shot,21365,LB,11,0.02035057925067572,
2006363,shot,21365,RW,11,0.02035057925067572,
2006363,shot,21365,RDM,11,0.02035057925067572,
2006363,shot,21365,LCB,11,0.02035057925067572,
2006363,shot,21365,LDM,11,0.02035057925067572,
2006363,shot,21365,RB,11,0.02035057925067572,
2006363,shot,21365,GK,11,0.02035057925067572,
2006363,shot,21365,RCB,11,0.02035057925067572,
2006363,shot,21383,CF,10,0.001942698907701397,
2006363,shot,21383,AM,10,0.001942698907701397,
2006363,shot,21383,LB,10,0.001942698907701397,
2006363,shot,21383,RW,10,0.001942698907701397,
2006363,shot,21383,RCB,10,0.001942698907701397,
2006363,shot,21383,RDM,10,0.001942698907701397,
2006363,shot,21383,LDM,10,0.001942698907701397,
2006363,shot,21383,RB,10,0.001942698907701397,
2006363,shot,21383,LCB,10,0.001942698907701397,
2006363,shot,21383,GK,10,0.001942698907701397,
2006363,goal,24115,CF,11,0.0006576294518768866,
2006363,goal,24115,LW,11,0.0006576294518768866,
2006363,goal,24115,AM,11,0.0006576294518768866,
2006363,goal,24115,LB,11,0.0006576294518768866,
2006363,goal,24115,RW,11,0.0006576294518768866,
2006363,goal,24115,RDM,11,0.0006576294518768866,
2006363,goal,24115,LDM,11,0.0006576294518768866,
2006363,goal,24115,LCB,11,0.0006576294518768866,
2006363,goal,24115,RB,11,0.0006576294518768866,
2006363,goal,24115,GK,11,0.0006576294518768866,
2006363,goal,24115,RCB,11,0.0006576294518768866,
2006363,goal,24163,LW,11,0.0063221537637510004,
2006363,goal,24163,LDM,11,0.0063221537637510004,
2006363,goal,24163,RW,11,0.0063221537637510004,
2006363,goal,24163,LB,11,0.0063221537637510004,
2006363,goal,24163,CF,11,0.0063221537637510004,
2006363,goal,24163,AM,11,0.0063221537637510004,
2006363,goal,24163,RDM,11,0.0063221537637510004,
2006363,goal,24163,LCB,11,0.0063221537637510004,
2006363,goal,24163,RB,11,0.0063221537637510004,
2006363,goal,24163,RCB,11,0.0063221537637510004,
2006363,goal,24163,GK,11,0.0063221537637510004,
2006363,shot,29870,AM,9,6.285490931620382e-08,
2006363,shot,29870,LW,9,6.285490931620382e-08,
2006363,shot,29870,CF,9,6.285490931620382e-08,
2006363,shot,29870,LB,9,6.285490931620382e-08,
2006363,shot,29870,LDM,9,6.285490931620382e-08,
2006363,shot,29870,RB,9,6.285490931620382e-08,
2006363,shot,29870,RCB,9,6.285490931620382e-08,
2006363,shot,29870,LCB,9,6.285490931620382e-08,
2006363,shot,29870,GK,9,6.285490931620382e-08,
2006363,shot,29927,RB,9,0.004709318676952939,
2006363,shot,29927,LW,9,0.004709318676952939,
2006363,shot,29927,CF,9,0.004709318676952939,
2006363,shot,29927,LB,9,0.004709318676952939,
2006363,shot,29927,AM,9,0.004709318676952939,
2006363,shot,29927,RDM,9,0.004709318676952939,
2006363,shot,29927,RCB,9,0.004709318676952939,
2006363,shot,29927,LCB,9,0.004709318676952939,
2006363,shot,29927,GK,9,0.004709318676952939,
2006363,shot,29949,RB,10,0.00042214234480681393,
2006363,shot,29949,LDM,10,0.00042214234480681393,
2006363,shot,29949,CF,10,0.00042214234480681393,
2006363,shot,29949,LW,10,0.00042214234480681393,
2006363,shot,29949,AM,10,0.00042214234480681393,
2006363,shot,29949,RDM,10,0.00042214234480681393,
2006363,shot,29949,LCB,10,0.00042214234480681393,
2006363,shot,29949,RCB,10,0.00042214234480681393,
2006363,shot,29949,LB,10,0.00042214234480681393,
2006363,shot,29949,GK,10,0.00042214234480681393,
2006363,shot,29966,RB,10,6.954466300400152e-05,
2006363,shot,29966,CF,10,6.954466300400152e-05,
2006363,shot,29966,LCB,10,6.954466300400152e-05,
2006363,shot,29966,AM,10,6.954466300400152e-05,
2006363,shot,29966,RDM,10,6.954466300400152e-05,
2006363,shot,29966,LDM,10,6.954466300400152e-05,
2006363,shot,29966,RW,10,6.954466300400152e-05,
2006363,shot,29966,RCB,10,6.954466300400152e-05,
2006363,shot,29966,LB,10,6.954466300400152e-05,
2006363,shot,29966,GK,10,6.954466300400152e-05,
2006363,shot,41768,LW,11,0.0004594188453427197,
2006363,shot,41768,LB,11,0.0004594188453427197,
2006363,shot,41768,AM,11,0.0004594188453427197,
2006363,shot,41768,CF,11,0.0004594188453427197,
2006363,shot,41768,RW,11,0.0004594188453427197,
2006363,shot,41768,RDM,11,0.0004594188453427197,
2006363,shot,41768,LDM,11,0.0004594188453427197,
2006363,shot,41768,RCB,11,0.0004594188453427197,
2006363,shot,41768,RB,11,0.0004594188453427197,
2006363,shot,41768,LCB,11,0.0004594188453427197,
2006363,shot,41768,GK,11,0.0004594188453427197,
2006363,shot,41779,LW,10,5.436352133385744e-05,
2006363,shot,41779,LB,10,5.436352133385744e-05,
2006363,shot,41779,AM,10,5.436352133385744e-05,
2006363,shot,41779,RW,10,5.436352133385744e-05,
2006363,shot,41779,RDM,10,5.436352133385744e-05,
2006363,shot,41779,LDM,10,5.436352133385744e-05,
2006363,shot,41779,RCB,10,5.436352133385744e-05,
2006363,shot,41779,RB,10,5.436352133385744e-05,
2006363,shot,41779,LCB,10,5.436352133385744e-05,
2006363,shot,41779,GK,10,5.436352133385744e-05,
2006363,shot,46276,CF,8,0.0002597678935617624,
2006363,shot,46276,AM,8,0.0002597678935617624,
2006363,shot,46276,LB,8,0.0002597678935617624,
2006363,shot,46276,LDM,8,0.0002597678935617624,
2006363,shot,46276,LCB,8,0.0002597678935617624,
2006363,shot,46276,RB,8,0.0002597678935617624,
2006363,shot,46276,GK,8,0.0002597678935617624,
2006363,shot,46276,RCB,8,0.0002597678935617624,
2006363,shot,46348,CF,9,0.00012059355951036025,
2006363,shot,46348,LW,9,0.00012059355951036025,
2006363,shot,46348,LDM,9,0.00012059355951036025,
2006363,shot,46348,RW,9,0.00012059355951036025,
2006363,shot,46348,RCB,9,0.00012059355951036025,
2006363,shot,46348,RDM,9,0.00012059355951036025,
2006363,shot,46348,LB,9,0.00012059355951036025,
2006363,shot,46348,RB,9,0.00012059355951036025,
2006363,shot,46348,GK,9,0.00012059355951036025,
2006363,shot,48599,CF,9,0.00138223751307456,
2006363,shot,48599,AM,9,0.00138223751307456,
2006363,shot,48599,GK,9,0.00138223751307456,
2006363,shot,48599,LB,9,0.00138223751307456,
2006363,shot,48599,LDM,9,0.00138223751307456,
2006363,shot,48599,RW,9,0.00138223751307456,
2006363,shot,48599,RB,9,0.00138223751307456,
2006363,shot,48599,LCB,9,0.00138223751307456,
2006363,shot,48599,RCB,9,0.00138223751307456,
2006363,shot,48605,CF,10,0.0008393616325576352,
2006363,shot,48605,AM,10,0.0008393616325576352,
2006363,shot,48605,GK,10,0.0008393616325576352,
2006363,shot,48605,LB,10,0.0008393616325576352,
2006363,shot,48605,LDM,10,0.0008393616325576352,
2006363,shot,48605,RW,10,0.0008393616325576352,
2006363,shot,48605,RDM,10,0.0008393616325576352,
2006363,shot,48605,RB,10,0.0008393616325576352,
2006363,shot,48605,LCB,10,0.0008393616325576352,
2006363,shot,48605,RCB,10,0.0008393616325576352,
2006363,shot,48662,RW,10,0.011337748541360434,
2006363,shot,48662,RW,10,0.011337748541360434,
2006363,shot,48662,AM,10,0.011337748541360434,
2006363,shot,48662,LB,10,0.011337748541360434,
2006363,shot,48662,CF,10,0.011337748541360434,
2006363,shot,48662,LDM,10,0.011337748541360434,
2006363,shot,48662,LCB,10,0.011337748541360434,
2006363,shot,48662,RB,10,0.011337748541360434,
2006363,shot,48662,GK,10,0.011337748541360434,
2006363,shot,48662,RCB,10,0.011337748541360434,
2006363,shot,48690,RW,8,0.013974560926003774,
2006363,shot,48690,GK,8,0.013974560926003774,
2006363,shot,48690,LB,8,0.013974560926003774,
2006363,shot,48690,AM,8,0.013974560926003774,
2006363,shot,48690,LDM,8,0.013974560926003774,
2006363,shot,48690,RB,8,0.013974560926003774,
2006363,shot,48690,LCB,8,0.013974560926003774,
2006363,shot,48690,RCB,8,0.013974560926003774,
2006363,shot,49505,LCB,11,0.01968823497150749,
2006363,shot,49505,RW,11,0.01968823497150749,
2006363,shot,49505,AM,11,0.01968823497150749,
2006363,shot,49505,LB,11,0.01968823497150749,
2006363,shot,49505,CF,11,0.01968823497150749,
2006363,shot,49505,RW,11,0.01968823497150749,
2006363,shot,49505,LDM,11,0.01968823497150749,
2006363,shot,49505,GK,11,0.01968823497150749,
2006363,shot,49505,RB,11,0.01968823497150749,
2006363,shot,49505,RCB,11,0.01968823497150749,
2006363,shot,49505,RDM,11,0.01968823497150749,
2006363,shot,49552,LCB,11,0.05682080297477326,
2006363,shot,49552,RW,11,0.05682080297477326,
2006363,shot,49552,AM,11,0.05682080297477326,
2006363,shot,49552,LB,11,0.05682080297477326,
2006363,shot,49552,CF,11,0.05682080297477326,
2006363,shot,49552,RW,11,0.05682080297477326,
2006363,shot,49552,LDM,11,0.05682080297477326,
2006363,shot,49552,GK,11,0.05682080297477326,
2006363,shot,49552,RB,11,0.05682080297477326,
2006363,shot,49552,RCB,11,0.05682080297477326,
2006363,shot,49552,RDM,11,0.05682080297477326,
2006363,shot,50051,RW,11,0.0008385506147211835,
2006363,shot,50051,CF,11,0.0008385506147211835,
2006363,shot,50051,AM,11,0.0008385506147211835,
2006363,shot,50051,LB,11,0.0008385506147211835,
2006363,shot,50051,RB,11,0.0008385506147211835,
2006363,shot,50051,RCB,11,0.0008385506147211835,
2006363,shot,50051,LDM,11,0.0008385506147211835,
2006363,shot,50051,LCB,11,0.0008385506147211835,
2006363,shot,50051,RW,11,0.0008385506147211835,
2006363,shot,50051,GK,11,0.0008385506147211835,
2006363,shot,50051,RDM,11,0.0008385506147211835,
2006363,shot,50115,RW,10,0.02802317453355246,
2006363,shot,50115,AM,10,0.02802317453355246,
2006363,shot,50115,LCB,10,0.02802317453355246,
2006363,shot,50115,RB,10,0.02802317453355246,
2006363,shot,50115,RDM,10,0.02802317453355246,
2006363,shot,50115,CF,10,0.02802317453355246,
2006363,shot,50115,LDM,10,0.02802317453355246,
2006363,shot,50115,RW,10,0.02802317453355246,
2006363,shot,50115,GK,10,0.02802317453355246,
2006363,shot,50115,RCB,10,0.02802317453355246,
2006363,shot,50146,RB,11,0.23475872126115646,
2006363,shot,50146,AM,11,0.23475872126115646,
2006363,shot,50146,RCB,11,0.23475872126115646,
2006363,shot,50146,LB,11,0.23475872126115646,
2006363,shot,50146,RW,11,0.23475872126115646,
2006363,shot,50146,RDM,11,0.23475872126115646,
2006363,shot,50146,LDM,11,0.23475872126115646,
2006363,shot,50146,CF,11,0.23475872126115646,
2006363,shot,50146,RW,11,0.23475872126115646,
2006363,shot,50146,LCB,11,0.23475872126115646,
2006363,shot,50146,GK,11,0.23475872126115646,
2006363,shot,50928,CF,8,7.334562273162924e-06,
2006363,shot,50928,RW,8,7.334562273162924e-06,
2006363,shot,50928,AM,8,7.334562273162924e-06,
2006363,shot,50928,LB,8,7.334562273162924e-06,
2006363,shot,50928,RDM,8,7.334562273162924e-06,
2006363,shot,50928,RB,8,7.334562273162924e-06,
2006363,shot,50928,GK,8,7.334562273162924e-06,
2006363,shot,50928,RCB,8,7.334562273162924e-06,
2006363,shot,50947,CF,6,2.116294307283395e-05,
2006363,shot,50947,AM,6,2.116294307283395e-05,
2006363,shot,50947,RDM,6,2.116294307283395e-05,
2006363,shot,50947,RB,6,2.116294307283395e-05,
2006363,shot,50947,GK,6,2.116294307283395e-05,
2006363,shot,50947,RCB,6,2.116294307283395e-05,
2006363,shot,50960,RW,5,7.06142296184154e-05,
2006363,shot,50960,RDM,5,7.06142296184154e-05,
2006363,shot,50960,RB,5,7.06142296184154e-05,
2006363,shot,50960,GK,5,7.06142296184154e-05,
2006363,shot,50960,RCB,5,7.06142296184154e-05,
2006363,shot,50991,RW,11,0.00022519970922478506,
2006363,shot,50991,AM,11,0.00022519970922478506,
2006363,shot,50991,RW,11,0.00022519970922478506,
2006363,shot,50991,LB,11,0.00022519970922478506,
2006363,shot,50991,CF,11,0.00022519970922478506,
2006363,shot,50991,RDM,11,0.00022519970922478506,
2006363,shot,50991,LDM,11,0.00022519970922478506,
2006363,shot,50991,LCB,11,0.00022519970922478506,
2006363,shot,50991,RB,11,0.00022519970922478506,
2006363,shot,50991,GK,11,0.00022519970922478506,
2006363,shot,50991,RCB,11,0.00022519970922478506,
2006363,shot,51007,RW,11,8.223906618196355e-05,
2006363,shot,51007,AM,11,8.223906618196355e-05,
2006363,shot,51007,RW,11,8.223906618196355e-05,
2006363,shot,51007,LB,11,8.223906618196355e-05,
2006363,shot,51007,CF,11,8.223906618196355e-05,
2006363,shot,51007,RDM,11,8.223906618196355e-05,
2006363,shot,51007,LDM,11,8.223906618196355e-05,
2006363,shot,51007,LCB,11,8.223906618196355e-05,
2006363,shot,51007,RB,11,8.223906618196355e-05,
2006363,shot,51007,GK,11,8.223906618196355e-05,
2006363,shot,51007,RCB,11,8.223906618196355e-05,
2006363,goal,56499,LDM,11,0.010335419675608498,
2006363,goal,56499,AM,11,0.010335419675608498,
2006363,goal,56499,CF,11,0.010335419675608498,
2006363,goal,56499,LB,11,0.010335419675608498,
2006363,goal,56499,RDM,11,0.010335419675608498,
2006363,goal,56499,GK,11,0.010335419675608498,
2006363,goal,56499,LCB,11,0.010335419675608498,
2006363,goal,56499,RW,11,0.010335419675608498,
2006363,goal,56499,RW,11,0.010335419675608498,
2006363,goal,56499,RCB,11,0.010335419675608498,
2006363,goal,56499,RB,11,0.010335419675608498,
2006363,goal,56523,CF,11,0.01044437955894875,
2006363,goal,56523,LB,11,0.01044437955894875,
2006363,goal,56523,GK,11,0.01044437955894875,
2006363,goal,56523,RW,11,0.01044437955894875,
2006363,goal,56523,RDM,11,0.01044437955894875,
2006363,goal,56523,AM,11,0.01044437955894875,
2006363,goal,56523,LCB,11,0.01044437955894875,
2006363,goal,56523,LDM,11,0.01044437955894875,
2006363,goal,56523,RW,11,0.01044437955894875,
2006363,goal,56523,RCB,11,0.01044437955894875,
2006363,goal,56523,RB,11,0.01044437955894875,
2006363,goal,56547,CF,11,0.1031352663509861,
2006363,goal,56547,LB,11,0.1031352663509861,
2006363,goal,56547,RDM,11,0.1031352663509861,
2006363,goal,56547,LDM,11,0.1031352663509861,
2006363,goal,56547,RB,11,0.1031352663509861,
2006363,goal,56547,AM,11,0.1031352663509861,
2006363,goal,56547,LCB,11,0.1031352663509861,
2006363,goal,56547,RW,11,0.1031352663509861,
2006363,goal,56547,RW,11,0.1031352663509861,
2006363,goal,56547,GK,11,0.1031352663509861,
2006363,goal,56547,RCB,11,0.1031352663509861,
2006363,goal,56571,RB,10,0.06413023862805461,
2006363,goal,56571,LB,10,0.06413023862805461,
2006363,goal,56571,LDM,10,0.06413023862805461,
2006363,goal,56571,AM,10,0.06413023862805461,
2006363,goal,56571,RDM,10,0.06413023862805461,
2006363,goal,56571,LCB,10,0.06413023862805461,
2006363,goal,56571,RW,10,0.06413023862805461,
2006363,goal,56571,RW,10,0.06413023862805461,
2006363,goal,56571,GK,10,0.06413023862805461,
2006363,goal,56571,RCB,10,0.06413023862805461,
2007448,goal,4079,LW,10,0.01755193259186574,
2007448,goal,4079,CF,10,0.01755193259186574,
2007448,goal,4079,LB,10,0.01755193259186574,
2007448,goal,4079,RW,10,0.01755193259186574,
2007448,goal,4079,RM,10,0.01755193259186574,
2007448,goal,4079,LM,10,0.01755193259186574,
2007448,goal,4079,LCB,10,0.01755193259186574,
2007448,goal,4079,RB,10,0.01755193259186574,
2007448,goal,4079,GK,10,0.01755193259186574,
2007448,goal,4079,RCB,10,0.01755193259186574,
2007448,goal,4107,LW,11,0.007786199023543122,
2007448,goal,4107,CF,11,0.007786199023543122,
2007448,goal,4107,CF,11,0.007786199023543122,
2007448,goal,4107,LB,11,0.007786199023543122,
2007448,goal,4107,RW,11,0.007786199023543122,
2007448,goal,4107,RB,11,0.007786199023543122,
2007448,goal,4107,LM,11,0.007786199023543122,
2007448,goal,4107,LCB,11,0.007786199023543122,
2007448,goal,4107,RM,11,0.007786199023543122,
2007448,goal,4107,GK,11,0.007786199023543122,
2007448,goal,4107,RCB,11,0.007786199023543122,
2007448,goal,4118,LW,10,0.0044537208998315985,
2007448,goal,4118,CF,10,0.0044537208998315985,
2007448,goal,4118,CF,10,0.0044537208998315985,
2007448,goal,4118,LB,10,0.0044537208998315985,
2007448,goal,4118,RW,10,0.0044537208998315985,
2007448,goal,4118,RB,10,0.0044537208998315985,
2007448,goal,4118,LCB,10,0.0044537208998315985,
2007448,goal,4118,RM,10,0.0044537208998315985,
2007448,goal,4118,GK,10,0.0044537208998315985,
2007448,goal,4118,RCB,10,0.0044537208998315985,
2007448,goal,4136,CF,9,0.014611206106943145,
2007448,goal,4136,CF,9,0.014611206106943145,
2007448,goal,4136,LB,9,0.014611206106943145,
2007448,goal,4136,RW,9,0.014611206106943145,
2007448,goal,4136,RB,9,0.014611206106943145,
2007448,goal,4136,LCB,9,0.014611206106943145,
2007448,goal,4136,RM,9,0.014611206106943145,
2007448,goal,4136,GK,9,0.014611206106943145,
2007448,goal,4136,RCB,9,0.014611206106943145,
2007448,shot,12037,LB,10,0.1085570573254294,
2007448,shot,12037,RCB,10,0.1085570573254294,
2007448,shot,12037,CF,10,0.1085570573254294,
2007448,shot,12037,LW,10,0.1085570573254294,
2007448,shot,12037,CF,10,0.1085570573254294,
2007448,shot,12037,RM,10,0.1085570573254294,
2007448,shot,12037,LM,10,0.1085570573254294,
2007448,shot,12037,GK,10,0.1085570573254294,
2007448,shot,12037,LCB,10,0.1085570573254294,
2007448,shot,12037,RB,10,0.1085570573254294,
2007448,shot,12071,CF,11,0.06617792837357384,
2007448,shot,12071,CF,11,0.06617792837357384,
2007448,shot,12071,RCB,11,0.06617792837357384,
2007448,shot,12071,LW,11,0.06617792837357384,
2007448,shot,12071,RW,11,0.06617792837357384,
2007448,shot,12071,GK,11,0.06617792837357384,
2007448,shot,12071,LB,11,0.06617792837357384,
2007448,shot,12071,LM,11,0.06617792837357384,
2007448,shot,12071,RM,11,0.06617792837357384,
2007448,shot,12071,LCB,11,0.06617792837357384,
2007448,shot,12071,RB,11,0.06617792837357384,
2007448,shot,12119,CF,10,0.20346961501431965,
2007448,shot,12119,LM,10,0.20346961501431965,
2007448,shot,12119,CF,10,0.20346961501431965,
2007448,shot,12119,LW,10,0.20346961501431965,
2007448,shot,12119,RW,10,0.20346961501431965,
2007448,shot,12119,RCB,10,0.20346961501431965,
2007448,shot,12119,GK,10,0.20346961501431965,
2007448,shot,12119,LB,10,0.20346961501431965,
2007448,shot,12119,RM,10,0.20346961501431965,
2007448,shot,12119,LCB,10,0.20346961501431965,
2007448,shot,12126,CF,10,0.3069117756905167,
2007448,shot,12126,LCB,10,0.3069117756905167,
2007448,shot,12126,CF,10,0.3069117756905167,
2007448,shot,12126,LW,10,0.3069117756905167,
2007448,shot,12126,RM,10,0.3069117756905167,
2007448,shot,12126,RCB,10,0.3069117756905167,
2007448,shot,12126,LM,10,0.3069117756905167,
2007448,shot,12126,LB,10,0.3069117756905167,
2007448,shot,12126,RW,10,0.3069117756905167,
2007448,shot,12126,GK,10,0.3069117756905167,
2007448,shot,12135,LCB,11,0.35377704030628637,
2007448,shot,12135,CF,11,0.35377704030628637,
2007448,shot,12135,RCB,11,0.35377704030628637,
2007448,shot,12135,LW,11,0.35377704030628637,
2007448,shot,12135,RM,11,0.35377704030628637,
2007448,shot,12135,CF,11,0.35377704030628637,
2007448,shot,12135,LM,11,0.35377704030628637,
2007448,shot,12135,LB,11,0.35377704030628637,
2007448,shot,12135,RW,11,0.35377704030628637,
2007448,shot,12135,GK,11,0.35377704030628637,
2007448,shot,12135,RB,11,0.35377704030628637,
2007448,goal,21641,LW,9,0.001174486072277637,
2007448,goal,21641,CF,9,0.001174486072277637,
2007448,goal,21641,RM,9,0.001174486072277637,
2007448,goal,21641,LB,9,0.001174486072277637,
2007448,goal,21641,RW,9,0.001174486072277637,
2007448,goal,21641,LM,9,0.001174486072277637,
2007448,goal,21641,LCB,9,0.001174486072277637,
2007448,goal,21641,RCB,9,0.001174486072277637,
2007448,goal,21641,GK,9,0.001174486072277637,
2007448,goal,21672,RW,10,0.0003736673884945421,
2007448,goal,21672,LB,10,0.0003736673884945421,
2007448,goal,21672,CF,10,0.0003736673884945421,
2007448,goal,21672,CF,10,0.0003736673884945421,
2007448,goal,21672,LW,10,0.0003736673884945421,
2007448,goal,21672,RM,10,0.0003736673884945421,
2007448,goal,21672,LM,10,0.0003736673884945421,
2007448,goal,21672,LCB,10,0.0003736673884945421,
2007448,goal,21672,RCB,10,0.0003736673884945421,
2007448,goal,21672,GK,10,0.0003736673884945421,
2007448,shot,23738,LW,10,0.04239524146534996,
2007448,shot,23738,CF,10,0.04239524146534996,
2007448,shot,23738,RB,10,0.04239524146534996,
2007448,shot,23738,LB,10,0.04239524146534996,
2007448,shot,23738,CF,10,0.04239524146534996,
2007448,shot,23738,RM,10,0.04239524146534996,
2007448,shot,23738,LM,10,0.04239524146534996,
2007448,shot,23738,GK,10,0.04239524146534996,
2007448,shot,23738,LCB,10,0.04239524146534996,
2007448,shot,23738,RCB,10,0.04239524146534996,
2007448,shot,23767,LW,11,0.20420704112783886,
2007448,shot,23767,CF,11,0.20420704112783886,
2007448,shot,23767,RM,11,0.20420704112783886,
2007448,shot,23767,LB,11,0.20420704112783886,
2007448,shot,23767,CF,11,0.20420704112783886,
2007448,shot,23767,RW,11,0.20420704112783886,
2007448,shot,23767,LM,11,0.20420704112783886,
2007448,shot,23767,GK,11,0.20420704112783886,
2007448,shot,23767,RB,11,0.20420704112783886,
2007448,shot,23767,LCB,11,0.20420704112783886,
2007448,shot,23767,RCB,11,0.20420704112783886,
2007448,shot,23792,LW,10,0.22243450595793812,
2007448,shot,23792,LCB,10,0.22243450595793812,
2007448,shot,23792,RM,10,0.22243450595793812,
2007448,shot,23792,LB,10,0.22243450595793812,
2007448,shot,23792,RW,10,0.22243450595793812,
2007448,shot,23792,CF,10,0.22243450595793812,
2007448,shot,23792,GK,10,0.22243450595793812,
2007448,shot,23792,RB,10,0.22243450595793812,
2007448,shot,23792,LM,10,0.22243450595793812,
2007448,shot,23792,RCB,10,0.22243450595793812,
2007448,shot,23816,LM,8,0.3168866756417956,
2007448,shot,23816,LCB,8,0.3168866756417956,
2007448,shot,23816,LW,8,0.3168866756417956,
2007448,shot,23816,CF,8,0.3168866756417956,
2007448,shot,23816,LB,8,0.3168866756417956,
2007448,shot,23816,RB,8,0.3168866756417956,
2007448,shot,23816,GK,8,0.3168866756417956,
2007448,shot,23816,RCB,8,0.3168866756417956,
2007448,shot,29831,CF,10,0.007219160190510213,
2007448,shot,29831,LW,10,0.007219160190510213,
2007448,shot,29831,CF,10,0.007219160190510213,
2007448,shot,29831,LB,10,0.007219160190510213,
2007448,shot,29831,RW,10,0.007219160190510213,
2007448,shot,29831,RM,10,0.007219160190510213,
2007448,shot,29831,LCB,10,0.007219160190510213,
2007448,shot,29831,GK,10,0.007219160190510213,
2007448,shot,29831,RCB,10,0.007219160190510213,
2007448,shot,29831,RB,10,0.007219160190510213,
2007448,shot,29859,CF,11,0.034806219113837175,
2007448,shot,29859,LW,11,0.034806219113837175,
2007448,shot,29859,CF,11,0.034806219113837175,
2007448,shot,29859,LB,11,0.034806219113837175,
2007448,shot,29859,RW,11,0.034806219113837175,
2007448,shot,29859,LM,11,0.034806219113837175,
2007448,shot,29859,RM,11,0.034806219113837175,
2007448,shot,29859,LCB,11,0.034806219113837175,
2007448,shot,29859,RCB,11,0.034806219113837175,
2007448,shot,29859,GK,11,0.034806219113837175,
2007448,shot,29859,RB,11,0.034806219113837175,
2007448,shot,29896,LW,11,0.0008731032165081339,
2007448,shot,29896,LM,11,0.0008731032165081339,
2007448,shot,29896,CF,11,0.0008731032165081339,
2007448,shot,29896,LB,11,0.0008731032165081339,
2007448,shot,29896,RW,11,0.0008731032165081339,
2007448,shot,29896,RM,11,0.0008731032165081339,
2007448,shot,29896,RCB,11,0.0008731032165081339,
2007448,shot,29896,LCB,11,0.0008731032165081339,
2007448,shot,29896,RB,11,0.0008731032165081339,
2007448,shot,29896,GK,11,0.0008731032165081339,
2007448,shot,29896,CF,11,0.0008731032165081339,
2007448,shot,37326,RW,9,0.07085637682054992,
2007448,shot,37326,CF,9,0.07085637682054992,
2007448,shot,37326,RM,9,0.07085637682054992,
2007448,shot,37326,LB,9,0.07085637682054992,
2007448,shot,37326,RB,9,0.07085637682054992,
2007448,shot,37326,LM,9,0.07085637682054992,
2007448,shot,37326,RCB,9,0.07085637682054992,
2007448,shot,37326,GK,9,0.07085637682054992,
2007448,shot,37326,LCB,9,0.07085637682054992,
2007448,shot,37353,RW,10,0.07211975495765666,
2007448,shot,37353,CF,10,0.07211975495765666,
2007448,shot,37353,CF,10,0.07211975495765666,
2007448,shot,37353,LB,10,0.07211975495765666,
2007448,shot,37353,RB,10,0.07211975495765666,
2007448,shot,37353,RCB,10,0.07211975495765666,
2007448,shot,37353,LM,10,0.07211975495765666,
2007448,shot,37353,RM,10,0.07211975495765666,
2007448,shot,37353,GK,10,0.07211975495765666,
2007448,shot,37353,LCB,10,0.07211975495765666,
2007448,shot,37400,RW,11,0.039120559814605736,
2007448,shot,37400,CF,11,0.039120559814605736,
2007448,shot,37400,CF,11,0.039120559814605736,
2007448,shot,37400,LB,11,0.039120559814605736,
2007448,shot,37400,RB,11,0.039120559814605736,
2007448,shot,37400,GK,11,0.039120559814605736,
2007448,shot,37400,LM,11,0.039120559814605736,
2007448,shot,37400,LW,11,0.039120559814605736,
2007448,shot,37400,RM,11,0.039120559814605736,
2007448,shot,37400,RCB,11,0.039120559814605736,
2007448,shot,37400,LCB,11,0.039120559814605736,
2007448,shot,39013,LW,11,0.00012847836425396075,
2007448,shot,39013,RM,11,0.00012847836425396075,
2007448,shot,39013,CF,11,0.00012847836425396075,
2007448,shot,39013,CF,11,0.00012847836425396075,
2007448,shot,39013,RW,11,0.00012847836425396075,
2007448,shot,39013,RCB,11,0.00012847836425396075,
2007448,shot,39013,LM,11,0.00012847836425396075,
2007448,shot,39013,LB,11,0.00012847836425396075,
2007448,shot,39013,RB,11,0.00012847836425396075,
2007448,shot,39013,GK,11,0.00012847836425396075,
2007448,shot,39013,LCB,11,0.00012847836425396075,
2007448,shot,39022,LW,10,3.833833429631088e-05,
2007448,shot,39022,LM,10,3.833833429631088e-05,
2007448,shot,39022,CF,10,3.833833429631088e-05,
2007448,shot,39022,CF,10,3.833833429631088e-05,
2007448,shot,39022,RW,10,3.833833429631088e-05,
2007448,shot,39022,LCB,10,3.833833429631088e-05,
2007448,shot,39022,LB,10,3.833833429631088e-05,
2007448,shot,39022,RB,10,3.833833429631088e-05,
2007448,shot,39022,RCB,10,3.833833429631088e-05,
2007448,shot,39022,GK,10,3.833833429631088e-05,
2007448,shot,39656,LM,11,0.0009848769927082825,
2007448,shot,39656,CF,11,0.0009848769927082825,
2007448,shot,39656,CF,11,0.0009848769927082825,
2007448,shot,39656,LW,11,0.0009848769927082825,
2007448,shot,39656,RW,11,0.0009848769927082825,
2007448,shot,39656,RM,11,0.0009848769927082825,
2007448,shot,39656,LB,11,0.0009848769927082825,
2007448,shot,39656,LCB,11,0.0009848769927082825,
2007448,shot,39656,RB,11,0.0009848769927082825,
2007448,shot,39656,RCB,11,0.0009848769927082825,
2007448,shot,39656,GK,11,0.0009848769927082825,
2007448,shot,39679,RB,10,7.141812439260074e-05,
2007448,shot,39679,LM,10,7.141812439260074e-05,
2007448,shot,39679,CF,10,7.141812439260074e-05,
2007448,shot,39679,RW,10,7.141812439260074e-05,
2007448,shot,39679,RM,10,7.141812439260074e-05,
2007448,shot,39679,CF,10,7.141812439260074e-05,
2007448,shot,39679,LW,10,7.141812439260074e-05,
2007448,shot,39679,RCB,10,7.141812439260074e-05,
2007448,shot,39679,GK,10,7.141812439260074e-05,
2007448,shot,39679,LCB,10,7.141812439260074e-05,
2007448,shot,39718,CF,10,0.0006001454189276315,
2007448,shot,39718,RM,10,0.0006001454189276315,
2007448,shot,39718,RB,10,0.0006001454189276315,
2007448,shot,39718,LW,10,0.0006001454189276315,
2007448,shot,39718,RW,10,0.0006001454189276315,
2007448,shot,39718,LM,10,0.0006001454189276315,
2007448,shot,39718,CF,10,0.0006001454189276315,
2007448,shot,39718,RCB,10,0.0006001454189276315,
2007448,shot,39718,GK,10,0.0006001454189276315,
2007448,shot,39718,LCB,10,0.0006001454189276315,
2007448,shot,39753,CF,10,0.0022390878571915233,
2007448,shot,39753,CF,10,0.0022390878571915233,
2007448,shot,39753,RM,10,0.0022390878571915233,
2007448,shot,39753,RB,10,0.0022390878571915233,
2007448,shot,39753,RCB,10,0.0022390878571915233,
2007448,shot,39753,LM,10,0.0022390878571915233,
2007448,shot,39753,LB,10,0.0022390878571915233,
2007448,shot,39753,RW,10,0.0022390878571915233,
2007448,shot,39753,GK,10,0.0022390878571915233,
2007448,shot,39753,LCB,10,0.0022390878571915233,
2007448,shot,41118,RW,11,0.0004932687691292624,
2007448,shot,41118,LW,11,0.0004932687691292624,
2007448,shot,41118,RCB,11,0.0004932687691292624,
2007448,shot,41118,CF,11,0.0004932687691292624,
2007448,shot,41118,RB,11,0.0004932687691292624,
2007448,shot,41118,CF,11,0.0004932687691292624,
2007448,shot,41118,LM,11,0.0004932687691292624,
2007448,shot,41118,LB,11,0.0004932687691292624,
2007448,shot,41118,LCB,11,0.0004932687691292624,
2007448,shot,41118,RM,11,0.0004932687691292624,
2007448,shot,41118,GK,11,0.0004932687691292624,
2007448,shot,41171,CF,11,0.0046450283002262595,
2007448,shot,41171,LW,11,0.0046450283002262595,
2007448,shot,41171,RW,11,0.0046450283002262595,
2007448,shot,41171,CF,11,0.0046450283002262595,
2007448,shot,41171,RB,11,0.0046450283002262595,
2007448,shot,41171,LM,11,0.0046450283002262595,
2007448,shot,41171,LCB,11,0.0046450283002262595,
2007448,shot,41171,LB,11,0.0046450283002262595,
2007448,shot,41171,GK,11,0.0046450283002262595,
2007448,shot,41171,RM,11,0.0046450283002262595,
2007448,shot,41171,RCB,11,0.0046450283002262595,
2007448,shot,41196,CF,10,0.0038760404361896667,
2007448,shot,41196,LW,10,0.0038760404361896667,
2007448,shot,41196,RW,10,0.0038760404361896667,
2007448,shot,41196,CF,10,0.0038760404361896667,
2007448,shot,41196,RB,10,0.0038760404361896667,
2007448,shot,41196,RM,10,0.0038760404361896667,
2007448,shot,41196,LCB,10,0.0038760404361896667,
2007448,shot,41196,LB,10,0.0038760404361896667,
2007448,shot,41196,RCB,10,0.0038760404361896667,
2007448,shot,41196,GK,10,0.0038760404361896667,
2007448,shot,50623,CF,10,0.37692806938524775,
2007448,shot,50623,CF,10,0.37692806938524775,
2007448,shot,50623,CF,10,0.37692806938524775,
2007448,shot,50623,RM,10,0.37692806938524775,
2007448,shot,50623,RW,10,0.37692806938524775,
2007448,shot,50623,RCB,10,0.37692806938524775,
2007448,shot,50623,LCB,10,0.37692806938524775,
2007448,shot,50623,LB,10,0.37692806938524775,
2007448,shot,50623,RW,10,0.37692806938524775,
2007448,shot,50623,GK,10,0.37692806938524775,
2007448,shot,50642,CF,11,0.24992711052910366,
2007448,shot,50642,GK,11,0.24992711052910366,
2007448,shot,50642,CF,11,0.24992711052910366,
2007448,shot,50642,RM,11,0.24992711052910366,
2007448,shot,50642,RW,11,0.24992711052910366,
2007448,shot,50642,CF,11,0.24992711052910366,
2007448,shot,50642,LCB,11,0.24992711052910366,
2007448,shot,50642,LB,11,0.24992711052910366,
2007448,shot,50642,LW,11,0.24992711052910366,
2007448,shot,50642,RW,11,0.24992711052910366,
2007448,shot,50642,RCB,11,0.24992711052910366,
2007448,shot,50696,RW,10,0.2761440191505554,
2007448,shot,50696,CF,10,0.2761440191505554,
2007448,shot,50696,CF,10,0.2761440191505554,
2007448,shot,50696,RM,10,0.2761440191505554,
2007448,shot,50696,RW,10,0.2761440191505554,
2007448,shot,50696,CF,10,0.2761440191505554,
2007448,shot,50696,LCB,10,0.2761440191505554,
2007448,shot,50696,LB,10,0.2761440191505554,
2007448,shot,50696,RCB,10,0.2761440191505554,
2007448,shot,50696,GK,10,0.2761440191505554,
2007448,shot,50712,LW,11,0.3174653545545145,
2007448,shot,50712,CF,11,0.3174653545545145,
2007448,shot,50712,CF,11,0.3174653545545145,
2007448,shot,50712,RM,11,0.3174653545545145,
2007448,shot,50712,RW,11,0.3174653545545145,
2007448,shot,50712,CF,11,0.3174653545545145,
2007448,shot,50712,LCB,11,0.3174653545545145,
2007448,shot,50712,LB,11,0.3174653545545145,
2007448,shot,50712,RW,11,0.3174653545545145,
2007448,shot,50712,RCB,11,0.3174653545545145,
2007448,shot,50712,GK,11,0.3174653545545145,
2007448,goal,54697,CF,11,0.006423269722812242,
2007448,goal,54697,CF,11,0.006423269722812242,
2007448,goal,54697,RB,11,0.006423269722812242,
2007448,goal,54697,CF,11,0.006423269722812242,
2007448,goal,54697,RW,11,0.006423269722812242,
2007448,goal,54697,RM,11,0.006423269722812242,
2007448,goal,54697,LCB,11,0.006423269722812242,
2007448,goal,54697,LB,11,0.006423269722812242,
2007448,goal,54697,RCB,11,0.006423269722812242,
2007448,goal,54697,LM,11,0.006423269722812242,
2007448,goal,54697,GK,11,0.006423269722812242,
2007448,goal,54706,CF,11,0.005578094036825469,
2007448,goal,54706,CF,11,0.005578094036825469,
2007448,goal,54706,RB,11,0.005578094036825469,
2007448,goal,54706,CF,11,0.005578094036825469,
2007448,goal,54706,RW,11,0.005578094036825469,
2007448,goal,54706,RM,11,0.005578094036825469,
2007448,goal,54706,RCB,11,0.005578094036825469,
2007448,goal,54706,LB,11,0.005578094036825469,
2007448,goal,54706,LCB,11,0.005578094036825469,
2007448,goal,54706,LM,11,0.005578094036825469,
2007448,goal,54706,GK,11,0.005578094036825469,
2007448,goal,54738,CF,11,0.15548964063227663,
2007448,goal,54738,CF,11,0.15548964063227663,
2007448,goal,54738,RB,11,0.15548964063227663,
2007448,goal,54738,CF,11,0.15548964063227663,
2007448,goal,54738,RW,11,0.15548964063227663,
2007448,goal,54738,RM,11,0.15548964063227663,
2007448,goal,54738,RCB,11,0.15548964063227663,
2007448,goal,54738,LCB,11,0.15548964063227663,
2007448,goal,54738,LB,11,0.15548964063227663,
2007448,goal,54738,LM,11,0.15548964063227663,
2007448,goal,54738,GK,11,0.15548964063227663,
2007448,goal,54772,RW,10,0.27616877134869605,
2007448,goal,54772,RM,10,0.27616877134869605,
2007448,goal,54772,LB,10,0.27616877134869605,
2007448,goal,54772,CF,10,0.27616877134869605,
2007448,goal,54772,GK,10,0.27616877134869605,
2007448,goal,54772,RB,10,0.27616877134869605,
2007448,goal,54772,LCB,10,0.27616877134869605,
2007448,goal,54772,CF,10,0.27616877134869605,
2007448,goal,54772,LM,10,0.27616877134869605,
2007448,goal,54772,RCB,10,0.27616877134869605,
2007448,shot,57257,CF,11,0.003480123626073691,
2007448,shot,57257,CF,11,0.003480123626073691,
2007448,shot,57257,CF,11,0.003480123626073691,
2007448,shot,57257,LB,11,0.003480123626073691,
2007448,shot,57257,RW,11,0.003480123626073691,
2007448,shot,57257,LM,11,0.003480123626073691,
2007448,shot,57257,RM,11,0.003480123626073691,
2007448,shot,57257,LCB,11,0.003480123626073691,
2007448,shot,57257,RB,11,0.003480123626073691,
2007448,shot,57257,RCB,11,0.003480123626073691,
2007448,shot,57257,GK,11,0.003480123626073691,
2007448,shot,57305,CF,9,0.013337307863683553,
2007448,shot,57305,RW,9,0.013337307863683553,
2007448,shot,57305,CF,9,0.013337307863683553,
2007448,shot,57305,RM,9,0.013337307863683553,
2007448,shot,57305,LB,9,0.013337307863683553,
2007448,shot,57305,LCB,9,0.013337307863683553,
2007448,shot,57305,RB,9,0.013337307863683553,
2007448,shot,57305,RCB,9,0.013337307863683553,
2007448,shot,57305,GK,9,0.013337307863683553,
2007448,shot,57318,CF,9,0.008515773615438729,
2007448,shot,57318,CF,9,0.008515773615438729,
2007448,shot,57318,RM,9,0.008515773615438729,
2007448,shot,57318,LB,9,0.008515773615438729,
2007448,shot,57318,LCB,9,0.008515773615438729,
2007448,shot,57318,LM,9,0.008515773615438729,
2007448,shot,57318,RB,9,0.008515773615438729,
2007448,shot,57318,RCB,9,0.008515773615438729,
2007448,shot,57318,GK,9,0.008515773615438729,
2007721,shot,1567,LWB,11,0.004803277114221139,
2007721,shot,1567,CF,11,0.004803277114221139,
2007721,shot,1567,RM,11,0.004803277114221139,
2007721,shot,1567,LW,11,0.004803277114221139,
2007721,shot,1567,RW,11,0.004803277114221139,
2007721,shot,1567,CB,11,0.004803277114221139,
2007721,shot,1567,RCB,11,0.004803277114221139,
2007721,shot,1567,LM,11,0.004803277114221139,
2007721,shot,1567,RWB,11,0.004803277114221139,
2007721,shot,1567,GK,11,0.004803277114221139,
2007721,shot,1567,LCB,11,0.004803277114221139,
2007721,shot,1605,LW,10,0.027676225494287335,
2007721,shot,1605,CF,10,0.027676225494287335,
2007721,shot,1605,RW,10,0.027676225494287335,
2007721,shot,1605,RCB,10,0.027676225494287335,
2007721,shot,1605,LCB,10,0.027676225494287335,
2007721,shot,1605,RM,10,0.027676225494287335,
2007721,shot,1605,LM,10,0.027676225494287335,
2007721,shot,1605,RWB,10,0.027676225494287335,
2007721,shot,1605,GK,10,0.027676225494287335,
2007721,shot,1605,CB,10,0.027676225494287335,
2007721,shot,1635,CF,11,0.004052457196988712,
2007721,shot,1635,LW,11,0.004052457196988712,
2007721,shot,1635,RCB,11,0.004052457196988712,
2007721,shot,1635,LCB,11,0.004052457196988712,
2007721,shot,1635,RM,11,0.004052457196988712,
2007721,shot,1635,LM,11,0.004052457196988712,
2007721,shot,1635,RW,11,0.004052457196988712,
2007721,shot,1635,LWB,11,0.004052457196988712,
2007721,shot,1635,RWB,11,0.004052457196988712,
2007721,shot,1635,GK,11,0.004052457196988712,
2007721,shot,1635,CB,11,0.004052457196988712,
2007721,goal,5336,RW,11,0.03824395307869573,
2007721,goal,5336,CF,11,0.03824395307869573,
2007721,goal,5336,LW,11,0.03824395307869573,
2007721,goal,5336,CF,11,0.03824395307869573,
2007721,goal,5336,LB,11,0.03824395307869573,
2007721,goal,5336,RB,11,0.03824395307869573,
2007721,goal,5336,RCB,11,0.03824395307869573,
2007721,goal,5336,LM,11,0.03824395307869573,
2007721,goal,5336,RM,11,0.03824395307869573,
2007721,goal,5336,GK,11,0.03824395307869573,
2007721,goal,5336,LCB,11,0.03824395307869573,
2007721,goal,5363,RW,11,0.1684183602608888,
2007721,goal,5363,CF,11,0.1684183602608888,
2007721,goal,5363,LW,11,0.1684183602608888,
2007721,goal,5363,CF,11,0.1684183602608888,
2007721,goal,5363,LB,11,0.1684183602608888,
2007721,goal,5363,RB,11,0.1684183602608888,
2007721,goal,5363,GK,11,0.1684183602608888,
2007721,goal,5363,RM,11,0.1684183602608888,
2007721,goal,5363,LM,11,0.1684183602608888,
2007721,goal,5363,RCB,11,0.1684183602608888,
2007721,goal,5363,LCB,11,0.1684183602608888,
2007721,goal,5390,CF,9,0.2011160054614618,
2007721,goal,5390,RCB,9,0.2011160054614618,
2007721,goal,5390,RB,9,0.2011160054614618,
2007721,goal,5390,LB,9,0.2011160054614618,
2007721,goal,5390,LW,9,0.2011160054614618,
2007721,goal,5390,RM,9,0.2011160054614618,
2007721,goal,5390,LCB,9,0.2011160054614618,
2007721,goal,5390,GK,9,0.2011160054614618,
2007721,goal,5390,LM,9,0.2011160054614618,
2007721,goal,5400,GK,10,0.1764915714708765,
2007721,goal,5400,RCB,10,0.1764915714708765,
2007721,goal,5400,CF,10,0.1764915714708765,
2007721,goal,5400,LB,10,0.1764915714708765,
2007721,goal,5400,RW,10,0.1764915714708765,
2007721,goal,5400,LW,10,0.1764915714708765,
2007721,goal,5400,RM,10,0.1764915714708765,
2007721,goal,5400,LCB,10,0.1764915714708765,
2007721,goal,5400,RB,10,0.1764915714708765,
2007721,goal,5400,LM,10,0.1764915714708765,
2007721,shot,12924,CF,11,0.0173665593899087,
2007721,shot,12924,RM,11,0.0173665593899087,
2007721,shot,12924,LB,11,0.0173665593899087,
2007721,shot,12924,RW,11,0.0173665593899087,
2007721,shot,12924,CF,11,0.0173665593899087,
2007721,shot,12924,RB,11,0.0173665593899087,
2007721,shot,12924,RCB,11,0.0173665593899087,
2007721,shot,12924,LM,11,0.0173665593899087,
2007721,shot,12924,LW,11,0.0173665593899087,
2007721,shot,12924,GK,11,0.0173665593899087,
2007721,shot,12924,LCB,11,0.0173665593899087,
2007721,shot,12969,CF,11,0.01800307799619118,
2007721,shot,12969,LM,11,0.01800307799619118,
2007721,shot,12969,LB,11,0.01800307799619118,
2007721,shot,12969,RB,11,0.01800307799619118,
2007721,shot,12969,CF,11,0.01800307799619118,
2007721,shot,12969,RW,11,0.01800307799619118,
2007721,shot,12969,RM,11,0.01800307799619118,
2007721,shot,12969,RCB,11,0.01800307799619118,
2007721,shot,12969,LW,11,0.01800307799619118,
2007721,shot,12969,GK,11,0.01800307799619118,
2007721,shot,12969,LCB,11,0.01800307799619118,
2007721,shot,13021,LM,11,0.13388802589667753,
2007721,shot,13021,RCB,11,0.13388802589667753,
2007721,shot,13021,CF,11,0.13388802589667753,
2007721,shot,13021,RW,11,0.13388802589667753,
2007721,shot,13021,CF,11,0.13388802589667753,
2007721,shot,13021,RB,11,0.13388802589667753,
2007721,shot,13021,RM,11,0.13388802589667753,
2007721,shot,13021,LW,11,0.13388802589667753,
2007721,shot,13021,LB,11,0.13388802589667753,
2007721,shot,13021,GK,11,0.13388802589667753,
2007721,shot,13021,LCB,11,0.13388802589667753,
2007721,shot,15641,LWB,10,0.0044646425426874935,
2007721,shot,15641,LM,10,0.0044646425426874935,
2007721,shot,15641,RW,10,0.0044646425426874935,
2007721,shot,15641,LW,10,0.0044646425426874935,
2007721,shot,15641,CF,10,0.0044646425426874935,
2007721,shot,15641,RM,10,0.0044646425426874935,
2007721,shot,15641,GK,10,0.0044646425426874935,
2007721,shot,15641,LCB,10,0.0044646425426874935,
2007721,shot,15641,RWB,10,0.0044646425426874935,
2007721,shot,15641,CB,10,0.0044646425426874935,
2007721,shot,15670,LW,9,8.473125426682686e-05,
2007721,shot,15670,LWB,9,8.473125426682686e-05,
2007721,shot,15670,CF,9,8.473125426682686e-05,
2007721,shot,15670,LM,9,8.473125426682686e-05,
2007721,shot,15670,RM,9,8.473125426682686e-05,
2007721,shot,15670,GK,9,8.473125426682686e-05,
2007721,shot,15670,LCB,9,8.473125426682686e-05,
2007721,shot,15670,RWB,9,8.473125426682686e-05,
2007721,shot,15670,CB,9,8.473125426682686e-05,
2007721,shot,17787,LCB,11,2.443986436220086e-05,
2007721,shot,17787,CF,11,2.443986436220086e-05,
2007721,shot,17787,LM,11,2.443986436220086e-05,
2007721,shot,17787,LWB,11,2.443986436220086e-05,
2007721,shot,17787,LW,11,2.443986436220086e-05,
2007721,shot,17787,RM,11,2.443986436220086e-05,
2007721,shot,17787,RW,11,2.443986436220086e-05,
2007721,shot,17787,GK,11,2.443986436220086e-05,
2007721,shot,17787,RWB,11,2.443986436220086e-05,
2007721,shot,17787,CB,11,2.443986436220086e-05,
2007721,shot,17787,RCB,11,2.443986436220086e-05,
2007721,shot,17813,LCB,10,0.00013123005772073127,
2007721,shot,17813,CF,10,0.00013123005772073127,
2007721,shot,17813,LM,10,0.00013123005772073127,
2007721,shot,17813,LWB,10,0.00013123005772073127,
2007721,shot,17813,LW,10,0.00013123005772073127,
2007721,shot,17813,RM,10,0.00013123005772073127,
2007721,shot,17813,RW,10,0.00013123005772073127,
2007721,shot,17813,GK,10,0.00013123005772073127,
2007721,shot,17813,CB,10,0.00013123005772073127,
2007721,shot,17813,RCB,10,0.00013123005772073127,
2007721,shot,17842,CF,10,0.0015424183310552278,
2007721,shot,17842,LCB,10,0.0015424183310552278,
2007721,shot,17842,LM,10,0.0015424183310552278,
2007721,shot,17842,LWB,10,0.0015424183310552278,
2007721,shot,17842,LW,10,0.0015424183310552278,
2007721,shot,17842,RWB,10,0.0015424183310552278,
2007721,shot,17842,RW,10,0.0015424183310552278,
2007721,shot,17842,GK,10,0.0015424183310552278,
2007721,shot,17842,CB,10,0.0015424183310552278,
2007721,shot,17842,RCB,10,0.0015424183310552278,
2007721,shot,21781,CF,11,0.025732701207065545,
2007721,shot,21781,LM,11,0.025732701207065545,
2007721,shot,21781,RW,11,0.025732701207065545,
2007721,shot,21781,LW,11,0.025732701207065545,
2007721,shot,21781,RM,11,0.025732701207065545,
2007721,shot,21781,LCB,11,0.025732701207065545,
2007721,shot,21781,GK,11,0.025732701207065545,
2007721,shot,21781,LWB,11,0.025732701207065545,
2007721,shot,21781,RWB,11,0.025732701207065545,
2007721,shot,21781,CB,11,0.025732701207065545,
2007721,shot,21781,RCB,11,0.025732701207065545,
2007721,shot,21811,LWB,9,0.055482632988095026,
2007721,shot,21811,CF,9,0.055482632988095026,
2007721,shot,21811,LM,9,0.055482632988095026,
2007721,shot,21811,LW,9,0.055482632988095026,
2007721,shot,21811,RW,9,0.055482632988095026,
2007721,shot,21811,CB,9,0.055482632988095026,
2007721,shot,21811,LCB,9,0.055482632988095026,
2007721,shot,21811,GK,9,0.055482632988095026,
2007721,shot,21811,RCB,9,0.055482632988095026,
2007721,shot,21845,CF,10,0.013411294932624449,
2007721,shot,21845,LW,10,0.013411294932624449,
2007721,shot,21845,RW,10,0.013411294932624449,
2007721,shot,21845,LCB,10,0.013411294932624449,
2007721,shot,21845,CB,10,0.013411294932624449,
2007721,shot,21845,RM,10,0.013411294932624449,
2007721,shot,21845,LWB,10,0.013411294932624449,
2007721,shot,21845,LM,10,0.013411294932624449,
2007721,shot,21845,GK,10,0.013411294932624449,
2007721,shot,21845,RCB,10,0.013411294932624449,
2007721,shot,21857,LW,10,0.007788065831987772,
2007721,shot,21857,CB,10,0.007788065831987772,
2007721,shot,21857,CF,10,0.007788065831987772,
2007721,shot,21857,LCB,10,0.007788065831987772,
2007721,shot,21857,RW,10,0.007788065831987772,
2007721,shot,21857,RM,10,0.007788065831987772,
2007721,shot,21857,LWB,10,0.007788065831987772,
2007721,shot,21857,LM,10,0.007788065831987772,
2007721,shot,21857,GK,10,0.007788065831987772,
2007721,shot,21857,RCB,10,0.007788065831987772,
2007721,shot,25554,CF,10,0.0011545827398564724,
2007721,shot,25554,RW,10,0.0011545827398564724,
2007721,shot,25554,LM,10,0.0011545827398564724,
2007721,shot,25554,CF,10,0.0011545827398564724,
2007721,shot,25554,LW,10,0.0011545827398564724,
2007721,shot,25554,RB,10,0.0011545827398564724,
2007721,shot,25554,RM,10,0.0011545827398564724,
2007721,shot,25554,RCB,10,0.0011545827398564724,
2007721,shot,25554,GK,10,0.0011545827398564724,
2007721,shot,25554,LCB,10,0.0011545827398564724,
2007721,shot,25585,RM,10,2.321808538652179e-05,
2007721,shot,25585,RCB,10,2.321808538652179e-05,
2007721,shot,25585,LM,10,2.321808538652179e-05,
2007721,shot,25585,CF,10,2.321808538652179e-05,
2007721,shot,25585,LB,10,2.321808538652179e-05,
2007721,shot,25585,LCB,10,2.321808538652179e-05,
2007721,shot,25585,RW,10,2.321808538652179e-05,
2007721,shot,25585,LW,10,2.321808538652179e-05,
2007721,shot,25585,RB,10,2.321808538652179e-05,
2007721,shot,25585,GK,10,2.321808538652179e-05,
2007721,shot,25622,LB,10,6.285270416672158e-05,
2007721,shot,25622,CF,10,6.285270416672158e-05,
2007721,shot,25622,RW,10,6.285270416672158e-05,
2007721,shot,25622,RB,10,6.285270416672158e-05,
2007721,shot,25622,CF,10,6.285270416672158e-05,
2007721,shot,25622,RCB,10,6.285270416672158e-05,
2007721,shot,25622,LM,10,6.285270416672158e-05,
2007721,shot,25622,RM,10,6.285270416672158e-05,
2007721,shot,25622,LCB,10,6.285270416672158e-05,
2007721,shot,25622,GK,10,6.285270416672158e-05,
2007721,shot,26782,LW,9,0.013002610540393433,
2007721,shot,26782,RM,9,0.013002610540393433,
2007721,shot,26782,RW,9,0.013002610540393433,
2007721,shot,26782,CF,9,0.013002610540393433,
2007721,shot,26782,RB,9,0.013002610540393433,
2007721,shot,26782,RCB,9,0.013002610540393433,
2007721,shot,26782,LB,9,0.013002610540393433,
2007721,shot,26782,GK,9,0.013002610540393433,
2007721,shot,26782,LCB,9,0.013002610540393433,
2007721,shot,26801,CF,10,0.013675057901244658,
2007721,shot,26801,LW,10,0.013675057901244658,
2007721,shot,26801,RM,10,0.013675057901244658,
2007721,shot,26801,RW,10,0.013675057901244658,
2007721,shot,26801,CF,10,0.013675057901244658,
2007721,shot,26801,RB,10,0.013675057901244658,
2007721,shot,26801,RCB,10,0.013675057901244658,
2007721,shot,26801,LB,10,0.013675057901244658,
2007721,shot,26801,GK,10,0.013675057901244658,
2007721,shot,26801,LCB,10,0.013675057901244658,
2007721,shot,26817,CF,10,0.02207945416204,
2007721,shot,26817,LW,10,0.02207945416204,
2007721,shot,26817,CF,10,0.02207945416204,
2007721,shot,26817,RW,10,0.02207945416204,
2007721,shot,26817,LM,10,0.02207945416204,
2007721,shot,26817,RB,10,0.02207945416204,
2007721,shot,26817,RCB,10,0.02207945416204,
2007721,shot,26817,RM,10,0.02207945416204,
2007721,shot,26817,GK,10,0.02207945416204,
2007721,shot,26817,LCB,10,0.02207945416204,
2007721,shot,26849,CF,11,0.036007749558637635,
2007721,shot,26849,LW,11,0.036007749558637635,
2007721,shot,26849,CF,11,0.036007749558637635,
2007721,shot,26849,RW,11,0.036007749558637635,
2007721,shot,26849,LM,11,0.036007749558637635,
2007721,shot,26849,RB,11,0.036007749558637635,
2007721,shot,26849,RCB,11,0.036007749558637635,
2007721,shot,26849,LB,11,0.036007749558637635,
2007721,shot,26849,RM,11,0.036007749558637635,
2007721,shot,26849,GK,11,0.036007749558637635,
2007721,shot,26849,LCB,11,0.036007749558637635,
2007721,shot,26855,CF,11,0.03607529489420442,
2007721,shot,26855,LW,11,0.03607529489420442,
2007721,shot,26855,CF,11,0.03607529489420442,
2007721,shot,26855,RW,11,0.03607529489420442,
2007721,shot,26855,LM,11,0.03607529489420442,
2007721,shot,26855,RB,11,0.03607529489420442,
2007721,shot,26855,RCB,11,0.03607529489420442,
2007721,shot,26855,LB,11,0.03607529489420442,
2007721,shot,26855,RM,11,0.03607529489420442,
2007721,shot,26855,GK,11,0.03607529489420442,
2007721,shot,26855,LCB,11,0.03607529489420442,
2007721,shot,26877,LW,10,0.21534677617172188,
2007721,shot,26877,CF,10,0.21534677617172188,
2007721,shot,26877,LM,10,0.21534677617172188,
2007721,shot,26877,RW,10,0.21534677617172188,
2007721,shot,26877,LB,10,0.21534677617172188,
2007721,shot,26877,RB,10,0.21534677617172188,
2007721,shot,26877,RCB,10,0.21534677617172188,
2007721,shot,26877,RM,10,0.21534677617172188,
2007721,shot,26877,GK,10,0.21534677617172188,
2007721,shot,26877,LCB,10,0.21534677617172188,
2007721,shot,28852,CF,11,0.06928283321061328,
2007721,shot,28852,CF,11,0.06928283321061328,
2007721,shot,28852,LW,11,0.06928283321061328,
2007721,shot,28852,RB,11,0.06928283321061328,
2007721,shot,28852,LM,11,0.06928283321061328,
2007721,shot,28852,RW,11,0.06928283321061328,
2007721,shot,28852,RM,11,0.06928283321061328,
2007721,shot,28852,LCB,11,0.06928283321061328,
2007721,shot,28852,LB,11,0.06928283321061328,
2007721,shot,28852,RCB,11,0.06928283321061328,
2007721,shot,28852,GK,11,0.06928283321061328,
2007721,shot,28885,CF,11,0.11838043931692632,
2007721,shot,28885,CF,11,0.11838043931692632,
2007721,shot,28885,RM,11,0.11838043931692632,
2007721,shot,28885,RW,11,0.11838043931692632,
2007721,shot,28885,LM,11,0.11838043931692632,
2007721,shot,28885,RB,11,0.11838043931692632,
2007721,shot,28885,GK,11,0.11838043931692632,
2007721,shot,28885,LW,11,0.11838043931692632,
2007721,shot,28885,LB,11,0.11838043931692632,
2007721,shot,28885,RCB,11,0.11838043931692632,
2007721,shot,28885,LCB,11,0.11838043931692632,
2007721,shot,28898,CF,11,0.10542345554987333,
2007721,shot,28898,CF,11,0.10542345554987333,
2007721,shot,28898,LB,11,0.10542345554987333,
2007721,shot,28898,RW,11,0.10542345554987333,
2007721,shot,28898,LM,11,0.10542345554987333,
2007721,shot,28898,RB,11,0.10542345554987333,
2007721,shot,28898,GK,11,0.10542345554987333,
2007721,shot,28898,LW,11,0.10542345554987333,
2007721,shot,28898,RM,11,0.10542345554987333,
2007721,shot,28898,RCB,11,0.10542345554987333,
2007721,shot,28898,LCB,11,0.10542345554987333,
2007721,shot,28922,CF,10,0.009946545599906036,
2007721,shot,28922,CF,10,0.009946545599906036,
2007721,shot,28922,LB,10,0.009946545599906036,
2007721,shot,28922,RCB,10,0.009946545599906036,
2007721,shot,28922,LM,10,0.009946545599906036,
2007721,shot,28922,LCB,10,0.009946545599906036,
2007721,shot,28922,LW,10,0.009946545599906036,
2007721,shot,28922,RM,10,0.009946545599906036,
2007721,shot,28922,RB,10,0.009946545599906036,
2007721,shot,28922,GK,10,0.009946545599906036,
2007721,shot,28951,LW,10,0.0010477248061318476,
2007721,shot,28951,RCB,10,0.0010477248061318476,
2007721,shot,28951,LB,10,0.0010477248061318476,
2007721,shot,28951,CF,10,0.0010477248061318476,
2007721,shot,28951,LM,10,0.0010477248061318476,
2007721,shot,28951,RW,10,0.0010477248061318476,
2007721,shot,28951,LCB,10,0.0010477248061318476,
2007721,shot,28951,RM,10,0.0010477248061318476,
2007721,shot,28951,RB,10,0.0010477248061318476,
2007721,shot,28951,GK,10,0.0010477248061318476,
2007721,shot,33461,CF,11,0.003388823930989798,
2007721,shot,33461,LCB,11,0.003388823930989798,
2007721,shot,33461,CF,11,0.003388823930989798,
2007721,shot,33461,RW,11,0.003388823930989798,
2007721,shot,33461,LB,11,0.003388823930989798,
2007721,shot,33461,RCB,11,0.003388823930989798,
2007721,shot,33461,RM,11,0.003388823930989798,
2007721,shot,33461,LW,11,0.003388823930989798,
2007721,shot,33461,LM,11,0.003388823930989798,
2007721,shot,33461,RB,11,0.003388823930989798,
2007721,shot,33461,GK,11,0.003388823930989798,
2007721,shot,38478,LM,10,0.0047558418496260885,
2007721,shot,38478,CF,10,0.0047558418496260885,
2007721,shot,38478,RM,10,0.0047558418496260885,
2007721,shot,38478,RW,10,0.0047558418496260885,
2007721,shot,38478,LW,10,0.0047558418496260885,
2007721,shot,38478,RB,10,0.0047558418496260885,
2007721,shot,38478,RCB,10,0.0047558418496260885,
2007721,shot,38478,LB,10,0.0047558418496260885,
2007721,shot,38478,GK,10,0.0047558418496260885,
2007721,shot,38478,LCB,10,0.0047558418496260885,
2007721,shot,38495,LM,10,0.0023971798031082667,
2007721,shot,38495,RM,10,0.0023971798031082667,
2007721,shot,38495,CF,10,0.0023971798031082667,
2007721,shot,38495,RW,10,0.0023971798031082667,
2007721,shot,38495,LW,10,0.0023971798031082667,
2007721,shot,38495,RB,10,0.0023971798031082667,
2007721,shot,38495,RCB,10,0.0023971798031082667,
2007721,shot,38495,LB,10,0.0023971798031082667,
2007721,shot,38495,GK,10,0.0023971798031082667,
2007721,shot,38495,LCB,10,0.0023971798031082667,
2007721,shot,38518,CF,11,0.004434274425034361,
2007721,shot,38518,RM,11,0.004434274425034361,
2007721,shot,38518,LCB,11,0.004434274425034361,
2007721,shot,38518,RW,11,0.004434274425034361,
2007721,shot,38518,LW,11,0.004434274425034361,
2007721,shot,38518,RB,11,0.004434274425034361,
2007721,shot,38518,CF,11,0.004434274425034361,
2007721,shot,38518,LM,11,0.004434274425034361,
2007721,shot,38518,LB,11,0.004434274425034361,
2007721,shot,38518,RCB,11,0.004434274425034361,
2007721,shot,38518,GK,11,0.004434274425034361,
2007721,shot,38534,CF,11,0.005723622021086428,
2007721,shot,38534,CF,11,0.005723622021086428,
2007721,shot,38534,RM,11,0.005723622021086428,
2007721,shot,38534,RW,11,0.005723622021086428,
2007721,shot,38534,LW,11,0.005723622021086428,
2007721,shot,38534,RB,11,0.005723622021086428,
2007721,shot,38534,GK,11,0.005723622021086428,
2007721,shot,38534,LM,11,0.005723622021086428,
2007721,shot,38534,LB,11,0.005723622021086428,
2007721,shot,38534,RCB,11,0.005723622021086428,
2007721,shot,38534,LCB,11,0.005723622021086428,
2007721,shot,38559,CF,11,0.1265332817451077,
2007721,shot,38559,CF,11,0.1265332817451077,
2007721,shot,38559,LM,11,0.1265332817451077,
2007721,shot,38559,RW,11,0.1265332817451077,
2007721,shot,38559,LW,11,0.1265332817451077,
2007721,shot,38559,RB,11,0.1265332817451077,
2007721,shot,38559,GK,11,0.1265332817451077,
2007721,shot,38559,LB,11,0.1265332817451077,
2007721,shot,38559,RM,11,0.1265332817451077,
2007721,shot,38559,RCB,11,0.1265332817451077,
2007721,shot,38559,LCB,11,0.1265332817451077,
2007721,shot,42390,RCB,10,0.04318565025987197,
2007721,shot,42390,LM,10,0.04318565025987197,
2007721,shot,42390,CF,10,0.04318565025987197,
2007721,shot,42390,LWB,10,0.04318565025987197,
2007721,shot,42390,RW,10,0.04318565025987197,
2007721,shot,42390,CB,10,0.04318565025987197,
2007721,shot,42390,LW,10,0.04318565025987197,
2007721,shot,42390,LCB,10,0.04318565025987197,
2007721,shot,42390,GK,10,0.04318565025987197,
2007721,shot,42390,RM,10,0.04318565025987197,
2007721,shot,42418,RWB,10,0.010654649314874158,
2007721,shot,42418,RM,10,0.010654649314874158,
2007721,shot,42418,LWB,10,0.010654649314874158,
2007721,shot,42418,RW,10,0.010654649314874158,
2007721,shot,42418,LM,10,0.010654649314874158,
2007721,shot,42418,LW,10,0.010654649314874158,
2007721,shot,42418,LCB,10,0.010654649314874158,
2007721,shot,42418,RCB,10,0.010654649314874158,
2007721,shot,42418,GK,10,0.010654649314874158,
2007721,shot,42418,CB,10,0.010654649314874158,
2007721,shot,42428,RWB,9,0.004835669380475729,
2007721,shot,42428,RM,9,0.004835669380475729,
2007721,shot,42428,LWB,9,0.004835669380475729,
2007721,shot,42428,RW,9,0.004835669380475729,
2007721,shot,42428,LM,9,0.004835669380475729,
2007721,shot,42428,LW,9,0.004835669380475729,
2007721,shot,42428,RCB,9,0.004835669380475729,
2007721,shot,42428,GK,9,0.004835669380475729,
2007721,shot,42428,CB,9,0.004835669380475729,
2007721,shot,42489,RWB,10,0.003083763018658966,
2007721,shot,42489,LCB,10,0.003083763018658966,
2007721,shot,42489,CF,10,0.003083763018658966,
2007721,shot,42489,RCB,10,0.003083763018658966,
2007721,shot,42489,RM,10,0.003083763018658966,
2007721,shot,42489,LW,10,0.003083763018658966,
2007721,shot,42489,LM,10,0.003083763018658966,
2007721,shot,42489,RW,10,0.003083763018658966,
2007721,shot,42489,GK,10,0.003083763018658966,
2007721,shot,42489,CB,10,0.003083763018658966,
2007721,shot,54156,CF,6,0.00011988055001887335,
2007721,shot,54156,RM,6,0.00011988055001887335,
2007721,shot,54156,LWB,6,0.00011988055001887335,
2007721,shot,54156,RWB,6,0.00011988055001887335,
2007721,shot,54156,RCB,6,0.00011988055001887335,
2007721,shot,54156,GK,6,0.00011988055001887335,
2007721,goal,54188,CF,11,0.0018365339531562083,
2007721,goal,54188,LM,11,0.0018365339531562083,
2007721,goal,54188,LW,11,0.0018365339531562083,
2007721,goal,54188,RW,11,0.0018365339531562083,
2007721,goal,54188,LWB,11,0.0018365339531562083,
2007721,goal,54188,RWB,11,0.0018365339531562083,
2007721,goal,54188,CB,11,0.0018365339531562083,
2007721,goal,54188,RM,11,0.0018365339531562083,
2007721,goal,54188,LCB,11,0.0018365339531562083,
2007721,goal,54188,RCB,11,0.0018365339531562083,
2007721,goal,54188,GK,11,0.0018365339531562083,
2007721,goal,54214,RM,11,0.001403598424413174,
2007721,goal,54214,CF,11,0.001403598424413174,
2007721,goal,54214,LW,11,0.001403598424413174,
2007721,goal,54214,RW,11,0.001403598424413174,
2007721,goal,54214,LWB,11,0.001403598424413174,
2007721,goal,54214,RWB,11,0.001403598424413174,
2007721,goal,54214,CB,11,0.001403598424413174,
2007721,goal,54214,LM,11,0.001403598424413174,
2007721,goal,54214,LCB,11,0.001403598424413174,
2007721,goal,54214,RCB,11,0.001403598424413174,
2007721,goal,54214,GK,11,0.001403598424413174,
2007721,goal,54231,RM,10,0.0001731387429574482,
2007721,goal,54231,CF,10,0.0001731387429574482,
2007721,goal,54231,LW,10,0.0001731387429574482,
2007721,goal,54231,RW,10,0.0001731387429574482,
2007721,goal,54231,RCB,10,0.0001731387429574482,
2007721,goal,54231,LM,10,0.0001731387429574482,
2007721,goal,54231,GK,10,0.0001731387429574482,
2007721,goal,54231,LCB,10,0.0001731387429574482,
2007721,goal,54231,RWB,10,0.0001731387429574482,
2007721,goal,54231,CB,10,0.0001731387429574482,
2007721,goal,54251,RM,9,4.6305804718086795e-06,
2007721,goal,54251,CF,9,4.6305804718086795e-06,
2007721,goal,54251,LW,9,4.6305804718086795e-06,
2007721,goal,54251,RCB,9,4.6305804718086795e-06,
2007721,goal,54251,LM,9,4.6305804718086795e-06,
2007721,goal,54251,CB,9,4.6305804718086795e-06,
2007721,goal,54251,LCB,9,4.6305804718086795e-06,
2007721,goal,54251,RWB,9,4.6305804718086795e-06,
2007721,goal,54251,GK,9,4.6305804718086795e-06,
2007721,goal,54264,RM,9,3.987391666996279e-07,
2007721,goal,54264,LM,9,3.987391666996279e-07,
2007721,goal,54264,LW,9,3.987391666996279e-07,
2007721,goal,54264,RW,9,3.987391666996279e-07,
2007721,goal,54264,RCB,9,3.987391666996279e-07,
2007721,goal,54264,CB,9,3.987391666996279e-07,
2007721,goal,54264,LCB,9,3.987391666996279e-07,
2007721,goal,54264,RWB,9,3.987391666996279e-07,
2007721,goal,54264,GK,9,3.987391666996279e-07,
2010085,shot,11836,LF,10,0.6027897536652094,
2010085,shot,11836,RF,10,0.6027897536652094,
2010085,shot,11836,CF,10,0.6027897536652094,
2010085,shot,11836,DM,10,0.6027897536652094,
2010085,shot,11836,LB,10,0.6027897536652094,
2010085,shot,11836,LM,10,0.6027897536652094,
2010085,shot,11836,RCB,10,0.6027897536652094,
2010085,shot,11836,RM,10,0.6027897536652094,
2010085,shot,11836,LCB,10,0.6027897536652094,
2010085,shot,11836,GK,10,0.6027897536652094,
2010085,shot,11873,LF,11,0.19615068308192773,
2010085,shot,11873,RF,11,0.19615068308192773,
2010085,shot,11873,CF,11,0.19615068308192773,
2010085,shot,11873,LM,11,0.19615068308192773,
2010085,shot,11873,LB,11,0.19615068308192773,
2010085,shot,11873,RB,11,0.19615068308192773,
2010085,shot,11873,DM,11,0.19615068308192773,
2010085,shot,11873,LCB,11,0.19615068308192773,
2010085,shot,11873,RM,11,0.19615068308192773,
2010085,shot,11873,RCB,11,0.19615068308192773,
2010085,shot,11873,GK,11,0.19615068308192773,
2010085,shot,11889,RF,11,0.37472036708107836,
2010085,shot,11889,LF,11,0.37472036708107836,
2010085,shot,11889,CF,11,0.37472036708107836,
2010085,shot,11889,LM,11,0.37472036708107836,
2010085,shot,11889,LB,11,0.37472036708107836,
2010085,shot,11889,RB,11,0.37472036708107836,
2010085,shot,11889,DM,11,0.37472036708107836,
2010085,shot,11889,LCB,11,0.37472036708107836,
2010085,shot,11889,RM,11,0.37472036708107836,
2010085,shot,11889,RCB,11,0.37472036708107836,
2010085,shot,11889,GK,11,0.37472036708107836,
2010085,shot,13770,LF,10,0.10117078717327244,
2010085,shot,13770,RF,10,0.10117078717327244,
2010085,shot,13770,LM,10,0.10117078717327244,
2010085,shot,13770,LB,10,0.10117078717327244,
2010085,shot,13770,RB,10,0.10117078717327244,
2010085,shot,13770,RCB,10,0.10117078717327244,
2010085,shot,13770,DM,10,0.10117078717327244,
2010085,shot,13770,LCB,10,0.10117078717327244,
2010085,shot,13770,RM,10,0.10117078717327244,
2010085,shot,13770,GK,10,0.10117078717327244,
2010085,shot,13822,CF,11,0.14856121250675497,
2010085,shot,13822,RF,11,0.14856121250675497,
2010085,shot,13822,LF,11,0.14856121250675497,
2010085,shot,13822,RM,11,0.14856121250675497,
2010085,shot,13822,LB,11,0.14856121250675497,
2010085,shot,13822,RB,11,0.14856121250675497,
2010085,shot,13822,RCB,11,0.14856121250675497,
2010085,shot,13822,DM,11,0.14856121250675497,
2010085,shot,13822,LCB,11,0.14856121250675497,
2010085,shot,13822,LM,11,0.14856121250675497,
2010085,shot,13822,GK,11,0.14856121250675497,
2010085,shot,13830,CF,11,0.16745225203130745,
2010085,shot,13830,RF,11,0.16745225203130745,
2010085,shot,13830,LF,11,0.16745225203130745,
2010085,shot,13830,RM,11,0.16745225203130745,
2010085,shot,13830,LB,11,0.16745225203130745,
2010085,shot,13830,LM,11,0.16745225203130745,
2010085,shot,13830,RCB,11,0.16745225203130745,
2010085,shot,13830,DM,11,0.16745225203130745,
2010085,shot,13830,LCB,11,0.16745225203130745,
2010085,shot,13830,RB,11,0.16745225203130745,
2010085,shot,13830,GK,11,0.16745225203130745,
2010085,shot,13855,RM,10,0.10877982047247933,
2010085,shot,13855,RF,10,0.10877982047247933,
2010085,shot,13855,LF,10,0.10877982047247933,
2010085,shot,13855,LM,10,0.10877982047247933,
2010085,shot,13855,LB,10,0.10877982047247933,
2010085,shot,13855,GK,10,0.10877982047247933,
2010085,shot,13855,RCB,10,0.10877982047247933,
2010085,shot,13855,LCB,10,0.10877982047247933,
2010085,shot,13855,RB,10,0.10877982047247933,
2010085,shot,13855,DM,10,0.10877982047247933,
2010085,shot,23999,RF,9,0.0014265420351536266,
2010085,shot,23999,LCB,9,0.0014265420351536266,
2010085,shot,23999,LM,9,0.0014265420351536266,
2010085,shot,23999,RM,9,0.0014265420351536266,
2010085,shot,23999,RCB,9,0.0014265420351536266,
2010085,shot,23999,DM,9,0.0014265420351536266,
2010085,shot,23999,LB,9,0.0014265420351536266,
2010085,shot,23999,RB,9,0.0014265420351536266,
2010085,shot,23999,GK,9,0.0014265420351536266,
2010085,shot,24020,RF,11,0.00020016510980006526,
2010085,shot,24020,CF,11,0.00020016510980006526,
2010085,shot,24020,LB,11,0.00020016510980006526,
2010085,shot,24020,RCB,11,0.00020016510980006526,
2010085,shot,24020,LF,11,0.00020016510980006526,
2010085,shot,24020,RM,11,0.00020016510980006526,
2010085,shot,24020,LM,11,0.00020016510980006526,
2010085,shot,24020,LCB,11,0.00020016510980006526,
2010085,shot,24020,DM,11,0.00020016510980006526,
2010085,shot,24020,RB,11,0.00020016510980006526,
2010085,shot,24020,GK,11,0.00020016510980006526,
2010085,shot,24063,RF,10,0.0044770017539492715,
2010085,shot,24063,LM,10,0.0044770017539492715,
2010085,shot,24063,CF,10,0.0044770017539492715,
2010085,shot,24063,GK,10,0.0044770017539492715,
2010085,shot,24063,LB,10,0.0044770017539492715,
2010085,shot,24063,RM,10,0.0044770017539492715,
2010085,shot,24063,RCB,10,0.0044770017539492715,
2010085,shot,24063,DM,10,0.0044770017539492715,
2010085,shot,24063,RB,10,0.0044770017539492715,
2010085,shot,24063,LCB,10,0.0044770017539492715,
2010085,shot,24070,RF,10,0.00913822273741433,
2010085,shot,24070,RCB,10,0.00913822273741433,
2010085,shot,24070,CF,10,0.00913822273741433,
2010085,shot,24070,GK,10,0.00913822273741433,
2010085,shot,24070,LB,10,0.00913822273741433,
2010085,shot,24070,RM,10,0.00913822273741433,
2010085,shot,24070,LM,10,0.00913822273741433,
2010085,shot,24070,DM,10,0.00913822273741433,
2010085,shot,24070,RB,10,0.00913822273741433,
2010085,shot,24070,LCB,10,0.00913822273741433,
2010085,shot,24093,LM,11,0.29366461852082854,
2010085,shot,24093,RF,11,0.29366461852082854,
2010085,shot,24093,CF,11,0.29366461852082854,
2010085,shot,24093,RM,11,0.29366461852082854,
2010085,shot,24093,LB,11,0.29366461852082854,
2010085,shot,24093,RB,11,0.29366461852082854,
2010085,shot,24093,RCB,11,0.29366461852082854,
2010085,shot,24093,DM,11,0.29366461852082854,
2010085,shot,24093,LF,11,0.29366461852082854,
2010085,shot,24093,GK,11,0.29366461852082854,
2010085,shot,24093,LCB,11,0.29366461852082854,
2010085,shot,33210,LM,11,0.2970714343730085,
2010085,shot,33210,CF,11,0.2970714343730085,
2010085,shot,33210,RF,11,0.2970714343730085,
2010085,shot,33210,LB,11,0.2970714343730085,
2010085,shot,33210,LF,11,0.2970714343730085,
2010085,shot,33210,DM,11,0.2970714343730085,
2010085,shot,33210,RB,11,0.2970714343730085,
2010085,shot,33210,LCB,11,0.2970714343730085,
2010085,shot,33210,RCB,11,0.2970714343730085,
2010085,shot,33210,RM,11,0.2970714343730085,
2010085,shot,33210,GK,11,0.2970714343730085,
2010085,shot,33637,RF,11,0.00020079881194750193,
2010085,shot,33637,CF,11,0.00020079881194750193,
2010085,shot,33637,LB,11,0.00020079881194750193,
2010085,shot,33637,LM,11,0.00020079881194750193,
2010085,shot,33637,LF,11,0.00020079881194750193,
2010085,shot,33637,RM,11,0.00020079881194750193,
2010085,shot,33637,RCB,11,0.00020079881194750193,
2010085,shot,33637,DM,11,0.00020079881194750193,
2010085,shot,33637,LCB,11,0.00020079881194750193,
2010085,shot,33637,RB,11,0.00020079881194750193,
2010085,shot,33637,GK,11,0.00020079881194750193,
2010085,shot,33673,RF,10,0.00012826439427957278,
2010085,shot,33673,DM,10,0.00012826439427957278,
2010085,shot,33673,LM,10,0.00012826439427957278,
2010085,shot,33673,LF,10,0.00012826439427957278,
2010085,shot,33673,RM,10,0.00012826439427957278,
2010085,shot,33673,RCB,10,0.00012826439427957278,
2010085,shot,33673,CF,10,0.00012826439427957278,
2010085,shot,33673,LCB,10,0.00012826439427957278,
2010085,shot,33673,RB,10,0.00012826439427957278,
2010085,shot,33673,GK,10,0.00012826439427957278,
2010085,shot,33681,RF,10,0.00019554590893219095,
2010085,shot,33681,DM,10,0.00019554590893219095,
2010085,shot,33681,LM,10,0.00019554590893219095,
2010085,shot,33681,LF,10,0.00019554590893219095,
2010085,shot,33681,RM,10,0.00019554590893219095,
2010085,shot,33681,RCB,10,0.00019554590893219095,
2010085,shot,33681,CF,10,0.00019554590893219095,
2010085,shot,33681,LCB,10,0.00019554590893219095,
2010085,shot,33681,RB,10,0.00019554590893219095,
2010085,shot,33681,GK,10,0.00019554590893219095,
2010085,shot,33705,LM,11,0.0014817712961346452,
2010085,shot,33705,LF,11,0.0014817712961346452,
2010085,shot,33705,CF,11,0.0014817712961346452,
2010085,shot,33705,RF,11,0.0014817712961346452,
2010085,shot,33705,LB,11,0.0014817712961346452,
2010085,shot,33705,RM,11,0.0014817712961346452,
2010085,shot,33705,RCB,11,0.0014817712961346452,
2010085,shot,33705,DM,11,0.0014817712961346452,
2010085,shot,33705,LCB,11,0.0014817712961346452,
2010085,shot,33705,RB,11,0.0014817712961346452,
2010085,shot,33705,GK,11,0.0014817712961346452,
2010085,shot,33870,RM,9,0.0024248910970165473,
2010085,shot,33870,RW,9,0.0024248910970165473,
2010085,shot,33870,LWB,9,0.0024248910970165473,
2010085,shot,33870,RCB,9,0.0024248910970165473,
2010085,shot,33870,LM,9,0.0024248910970165473,
2010085,shot,33870,LW,9,0.0024248910970165473,
2010085,shot,33870,CB,9,0.0024248910970165473,
2010085,shot,33870,RWB,9,0.0024248910970165473,
2010085,shot,33870,GK,9,0.0024248910970165473,
2010085,shot,35818,CF,9,0.00012358358902142885,
2010085,shot,35818,LF,9,0.00012358358902142885,
2010085,shot,35818,RM,9,0.00012358358902142885,
2010085,shot,35818,LB,9,0.00012358358902142885,
2010085,shot,35818,RB,9,0.00012358358902142885,
2010085,shot,35818,DM,9,0.00012358358902142885,
2010085,shot,35818,RCB,9,0.00012358358902142885,
2010085,shot,35818,LCB,9,0.00012358358902142885,
2010085,shot,35818,GK,9,0.00012358358902142885,
2010085,shot,35859,LF,11,0.0031539030437772683,
2010085,shot,35859,DM,11,0.0031539030437772683,
2010085,shot,35859,CF,11,0.0031539030437772683,
2010085,shot,35859,RM,11,0.0031539030437772683,
2010085,shot,35859,LB,11,0.0031539030437772683,
2010085,shot,35859,RB,11,0.0031539030437772683,
2010085,shot,35859,RF,11,0.0031539030437772683,
2010085,shot,35859,LM,11,0.0031539030437772683,
2010085,shot,35859,LCB,11,0.0031539030437772683,
2010085,shot,35859,RCB,11,0.0031539030437772683,
2010085,shot,35859,GK,11,0.0031539030437772683,
2010085,shot,35892,RM,11,0.0005526074706654981,
2010085,shot,35892,DM,11,0.0005526074706654981,
2010085,shot,35892,LF,11,0.0005526074706654981,
2010085,shot,35892,CF,11,0.0005526074706654981,
2010085,shot,35892,LB,11,0.0005526074706654981,
2010085,shot,35892,LM,11,0.0005526074706654981,
2010085,shot,35892,RF,11,0.0005526074706654981,
2010085,shot,35892,RCB,11,0.0005526074706654981,
2010085,shot,35892,LCB,11,0.0005526074706654981,
2010085,shot,35892,RB,11,0.0005526074706654981,
2010085,shot,35892,GK,11,0.0005526074706654981,
2010085,shot,35916,RCB,11,0.002385677817660914,
2010085,shot,35916,DM,11,0.002385677817660914,
2010085,shot,35916,LB,11,0.002385677817660914,
2010085,shot,35916,LM,11,0.002385677817660914,
2010085,shot,35916,LF,11,0.002385677817660914,
2010085,shot,35916,RF,11,0.002385677817660914,
2010085,shot,35916,CF,11,0.002385677817660914,
2010085,shot,35916,RM,11,0.002385677817660914,
2010085,shot,35916,LCB,11,0.002385677817660914,
2010085,shot,35916,RB,11,0.002385677817660914,
2010085,shot,35916,GK,11,0.002385677817660914,
2010085,shot,35933,RB,11,0.0026006901791934527,
2010085,shot,35933,DM,11,0.0026006901791934527,
2010085,shot,35933,LB,11,0.0026006901791934527,
2010085,shot,35933,CF,11,0.0026006901791934527,
2010085,shot,35933,LF,11,0.0026006901791934527,
2010085,shot,35933,RF,11,0.0026006901791934527,
2010085,shot,35933,LM,11,0.0026006901791934527,
2010085,shot,35933,RM,11,0.0026006901791934527,
2010085,shot,35933,LCB,11,0.0026006901791934527,
2010085,shot,35933,RCB,11,0.0026006901791934527,
2010085,shot,35933,GK,11,0.0026006901791934527,
2010085,shot,35944,CF,11,0.00023971838466301039,
2010085,shot,35944,LCB,11,0.00023971838466301039,
2010085,shot,35944,LB,11,0.00023971838466301039,
2010085,shot,35944,RF,11,0.00023971838466301039,
2010085,shot,35944,LF,11,0.00023971838466301039,
2010085,shot,35944,RB,11,0.00023971838466301039,
2010085,shot,35944,RM,11,0.00023971838466301039,
2010085,shot,35944,LM,11,0.00023971838466301039,
2010085,shot,35944,DM,11,0.00023971838466301039,
2010085,shot,35944,RCB,11,0.00023971838466301039,
2010085,shot,35944,GK,11,0.00023971838466301039,
2010085,shot,37033,LF,9,2.511389308995372e-05,
2010085,shot,37033,RF,9,2.511389308995372e-05,
2010085,shot,37033,CF,9,2.511389308995372e-05,
2010085,shot,37033,LM,9,2.511389308995372e-05,
2010085,shot,37033,LB,9,2.511389308995372e-05,
2010085,shot,37033,RM,9,2.511389308995372e-05,
2010085,shot,37033,RCB,9,2.511389308995372e-05,
2010085,shot,37033,LCB,9,2.511389308995372e-05,
2010085,shot,37033,GK,9,2.511389308995372e-05,
2010085,shot,37112,LF,11,0.00021412096446717755,
2010085,shot,37112,RF,11,0.00021412096446717755,
2010085,shot,37112,CF,11,0.00021412096446717755,
2010085,shot,37112,LM,11,0.00021412096446717755,
2010085,shot,37112,LB,11,0.00021412096446717755,
2010085,shot,37112,RM,11,0.00021412096446717755,
2010085,shot,37112,RCB,11,0.00021412096446717755,
2010085,shot,37112,DM,11,0.00021412096446717755,
2010085,shot,37112,LCB,11,0.00021412096446717755,
2010085,shot,37112,RB,11,0.00021412096446717755,
2010085,shot,37112,GK,11,0.00021412096446717755,
2010085,shot,37128,RF,10,2.2268649739122118e-05,
2010085,shot,37128,LB,10,2.2268649739122118e-05,
2010085,shot,37128,CF,10,2.2268649739122118e-05,
2010085,shot,37128,LM,10,2.2268649739122118e-05,
2010085,shot,37128,RM,10,2.2268649739122118e-05,
2010085,shot,37128,RCB,10,2.2268649739122118e-05,
2010085,shot,37128,DM,10,2.2268649739122118e-05,
2010085,shot,37128,LCB,10,2.2268649739122118e-05,
2010085,shot,37128,RB,10,2.2268649739122118e-05,
2010085,shot,37128,GK,10,2.2268649739122118e-05,
2010085,shot,58768,RWB,10,0.0602442644518526,
2010085,shot,58768,GK,10,0.0602442644518526,
2010085,shot,58768,CF,10,0.0602442644518526,
2010085,shot,58768,LW,10,0.0602442644518526,
2010085,shot,58768,RWB,10,0.0602442644518526,
2010085,shot,58768,LM,10,0.0602442644518526,
2010085,shot,58768,LWB,10,0.0602442644518526,
2010085,shot,58768,RDM,10,0.0602442644518526,
2010085,shot,58768,RCB,10,0.0602442644518526,
2010085,shot,58768,LCB,10,0.0602442644518526,
2010085,shot,58789,RDM,10,0.015497997033688031,
2010085,shot,58789,RW,10,0.015497997033688031,
2010085,shot,58789,CF,10,0.015497997033688031,
2010085,shot,58789,LW,10,0.015497997033688031,
2010085,shot,58789,RWB,10,0.015497997033688031,
2010085,shot,58789,LM,10,0.015497997033688031,
2010085,shot,58789,LWB,10,0.015497997033688031,
2010085,shot,58789,LCB,10,0.015497997033688031,
2010085,shot,58789,RCB,10,0.015497997033688031,
2010085,shot,58789,GK,10,0.015497997033688031,
2010085,shot,58823,CF,9,0.040595821919788715,
2010085,shot,58823,LW,9,0.040595821919788715,
2010085,shot,58823,RDM,9,0.040595821919788715,
2010085,shot,58823,LM,9,0.040595821919788715,
2010085,shot,58823,LWB,9,0.040595821919788715,
2010085,shot,58823,LCB,9,0.040595821919788715,
2010085,shot,58823,RWB,9,0.040595821919788715,
2010085,shot,58823,RCB,9,0.040595821919788715,
2010085,shot,58823,GK,9,0.040595821919788715,
2010085,shot,58839,CF,10,0.03323194942987877,
2010085,shot,58839,RCB,10,0.03323194942987877,
2010085,shot,58839,RDM,10,0.03323194942987877,
2010085,shot,58839,RWB,10,0.03323194942987877,
2010085,shot,58839,LM,10,0.03323194942987877,
2010085,shot,58839,LWB,10,0.03323194942987877,
2010085,shot,58839,LW,10,0.03323194942987877,
2010085,shot,58839,RWB,10,0.03323194942987877,
2010085,shot,58839,GK,10,0.03323194942987877,
2010085,shot,58839,LCB,10,0.03323194942987877,
2010085,shot,58861,RWB,9,0.034118041176208314,
2010085,shot,58861,CF,9,0.034118041176208314,
2010085,shot,58861,RCB,9,0.034118041176208314,
2010085,shot,58861,RDM,9,0.034118041176208314,
2010085,shot,58861,LM,9,0.034118041176208314,
2010085,shot,58861,LWB,9,0.034118041176208314,
2010085,shot,58861,LW,9,0.034118041176208314,
2010085,shot,58861,GK,9,0.034118041176208314,
2010085,shot,58861,LCB,9,0.034118041176208314,
2011166,shot,2638,CF,10,0.055692282828907494,
2011166,shot,2638,LW,10,0.055692282828907494,
2011166,shot,2638,AM,10,0.055692282828907494,
2011166,shot,2638,LB,10,0.055692282828907494,
2011166,shot,2638,RB,10,0.055692282828907494,
2011166,shot,2638,RDM,10,0.055692282828907494,
2011166,shot,2638,RW,10,0.055692282828907494,
2011166,shot,2638,RCB,10,0.055692282828907494,
2011166,shot,2638,GK,10,0.055692282828907494,
2011166,shot,2638,LCB,10,0.055692282828907494,
2011166,shot,2659,LDM,11,0.1400422310238713,
2011166,shot,2659,LW,11,0.1400422310238713,
2011166,shot,2659,AM,11,0.1400422310238713,
2011166,shot,2659,CF,11,0.1400422310238713,
2011166,shot,2659,RB,11,0.1400422310238713,
2011166,shot,2659,RCB,11,0.1400422310238713,
2011166,shot,2659,GK,11,0.1400422310238713,
2011166,shot,2659,RW,11,0.1400422310238713,
2011166,shot,2659,RDM,11,0.1400422310238713,
2011166,shot,2659,LCB,11,0.1400422310238713,
2011166,shot,2659,LB,11,0.1400422310238713,
2011166,shot,2678,CF,11,0.23820474675964745,
2011166,shot,2678,LW,11,0.23820474675964745,
2011166,shot,2678,LDM,11,0.23820474675964745,
2011166,shot,2678,LB,11,0.23820474675964745,
2011166,shot,2678,RB,11,0.23820474675964745,
2011166,shot,2678,AM,11,0.23820474675964745,
2011166,shot,2678,GK,11,0.23820474675964745,
2011166,shot,2678,RW,11,0.23820474675964745,
2011166,shot,2678,RDM,11,0.23820474675964745,
2011166,shot,2678,RCB,11,0.23820474675964745,
2011166,shot,2678,LCB,11,0.23820474675964745,
2011166,shot,2714,LW,11,0.2221376199966147,
2011166,shot,2714,AM,11,0.2221376199966147,
2011166,shot,2714,LDM,11,0.2221376199966147,
2011166,shot,2714,CF,11,0.2221376199966147,
2011166,shot,2714,RW,11,0.2221376199966147,
2011166,shot,2714,GK,11,0.2221376199966147,
2011166,shot,2714,RCB,11,0.2221376199966147,
2011166,shot,2714,RB,11,0.2221376199966147,
2011166,shot,2714,RDM,11,0.2221376199966147,
2011166,shot,2714,LCB,11,0.2221376199966147,
2011166,shot,2714,LB,11,0.2221376199966147,
2011166,goal,4130,LW,11,0.15744010544595916,
2011166,goal,4130,CF,11,0.15744010544595916,
2011166,goal,4130,LCB,11,0.15744010544595916,
2011166,goal,4130,LB,11,0.15744010544595916,
2011166,goal,4130,RB,11,0.15744010544595916,
2011166,goal,4130,AM,11,0.15744010544595916,
2011166,goal,4130,RW,11,0.15744010544595916,
2011166,goal,4130,RCB,11,0.15744010544595916,
2011166,goal,4130,RDM,11,0.15744010544595916,
2011166,goal,4130,LDM,11,0.15744010544595916,
2011166,goal,4130,GK,11,0.15744010544595916,
2011166,goal,4155,GK,11,0.24988509417682467,
2011166,goal,4155,CF,11,0.24988509417682467,
2011166,goal,4155,LW,11,0.24988509417682467,
2011166,goal,4155,LB,11,0.24988509417682467,
2011166,goal,4155,RB,11,0.24988509417682467,
2011166,goal,4155,AM,11,0.24988509417682467,
2011166,goal,4155,LDM,11,0.24988509417682467,
2011166,goal,4155,RCB,11,0.24988509417682467,
2011166,goal,4155,RDM,11,0.24988509417682467,
2011166,goal,4155,RW,11,0.24988509417682467,
2011166,goal,4155,LCB,11,0.24988509417682467,
2011166,shot,5146,AM,8,0.003044747379487706,
2011166,shot,5146,RM,8,0.003044747379487706,
2011166,shot,5146,LM,8,0.003044747379487706,
2011166,shot,5146,LB,8,0.003044747379487706,
2011166,shot,5146,LCB,8,0.003044747379487706,
2011166,shot,5146,GK,8,0.003044747379487706,
2011166,shot,5146,RB,8,0.003044747379487706,
2011166,shot,5146,RCB,8,0.003044747379487706,
2011166,shot,5429,AM,10,0.0009896934947143084,
2011166,shot,5429,LB,10,0.0009896934947143084,
2011166,shot,5429,LW,10,0.0009896934947143084,
2011166,shot,5429,CF,10,0.0009896934947143084,
2011166,shot,5429,RCB,10,0.0009896934947143084,
2011166,shot,5429,LDM,10,0.0009896934947143084,
2011166,shot,5429,RW,10,0.0009896934947143084,
2011166,shot,5429,RDM,10,0.0009896934947143084,
2011166,shot,5429,LCB,10,0.0009896934947143084,
2011166,shot,5429,GK,10,0.0009896934947143084,
2011166,goal,8133,LB,7,4.117978633828563e-09,
2011166,goal,8133,CF,7,4.117978633828563e-09,
2011166,goal,8133,RM,7,4.117978633828563e-09,
2011166,goal,8133,DM,7,4.117978633828563e-09,
2011166,goal,8133,LCB,7,4.117978633828563e-09,
2011166,goal,8133,RCB,7,4.117978633828563e-09,
2011166,goal,8133,GK,7,4.117978633828563e-09,
2011166,goal,8200,LB,11,0.010010329256622624,
2011166,goal,8200,RM,11,0.010010329256622624,
2011166,goal,8200,AM,11,0.010010329256622624,
2011166,goal,8200,AM,11,0.010010329256622624,
2011166,goal,8200,RB,11,0.010010329256622624,
2011166,goal,8200,LM,11,0.010010329256622624,
2011166,goal,8200,CF,11,0.010010329256622624,
2011166,goal,8200,DM,11,0.010010329256622624,
2011166,goal,8200,LCB,11,0.010010329256622624,
2011166,goal,8200,RCB,11,0.010010329256622624,
2011166,goal,8200,GK,11,0.010010329256622624,
2011166,goal,8224,LB,11,0.0030757142956141068,
2011166,goal,8224,RM,11,0.0030757142956141068,
2011166,goal,8224,AM,11,0.0030757142956141068,
2011166,goal,8224,AM,11,0.0030757142956141068,
2011166,goal,8224,RB,11,0.0030757142956141068,
2011166,goal,8224,LM,11,0.0030757142956141068,
2011166,goal,8224,CF,11,0.0030757142956141068,
2011166,goal,8224,DM,11,0.0030757142956141068,
2011166,goal,8224,LCB,11,0.0030757142956141068,
2011166,goal,8224,RCB,11,0.0030757142956141068,
2011166,goal,8224,GK,11,0.0030757142956141068,
2011166,goal,8231,CF,10,0.0020357783139275704,
2011166,goal,8231,RM,10,0.0020357783139275704,
2011166,goal,8231,AM,10,0.0020357783139275704,
2011166,goal,8231,AM,10,0.0020357783139275704,
2011166,goal,8231,RB,10,0.0020357783139275704,
2011166,goal,8231,LM,10,0.0020357783139275704,
2011166,goal,8231,DM,10,0.0020357783139275704,
2011166,goal,8231,LCB,10,0.0020357783139275704,
2011166,goal,8231,RCB,10,0.0020357783139275704,
2011166,goal,8231,GK,10,0.0020357783139275704,
2011166,shot,10387,RW,11,0.004443564225685446,
2011166,shot,10387,CF,11,0.004443564225685446,
2011166,shot,10387,AM,11,0.004443564225685446,
2011166,shot,10387,LCB,11,0.004443564225685446,
2011166,shot,10387,RB,11,0.004443564225685446,
2011166,shot,10387,LW,11,0.004443564225685446,
2011166,shot,10387,RCB,11,0.004443564225685446,
2011166,shot,10387,LB,11,0.004443564225685446,
2011166,shot,10387,RDM,11,0.004443564225685446,
2011166,shot,10387,LDM,11,0.004443564225685446,
2011166,shot,10387,GK,11,0.004443564225685446,
2011166,shot,10416,RW,11,0.01710596101305145,
2011166,shot,10416,CF,11,0.01710596101305145,
2011166,shot,10416,AM,11,0.01710596101305145,
2011166,shot,10416,LW,11,0.01710596101305145,
2011166,shot,10416,RB,11,0.01710596101305145,
2011166,shot,10416,LCB,11,0.01710596101305145,
2011166,shot,10416,RCB,11,0.01710596101305145,
2011166,shot,10416,LB,11,0.01710596101305145,
2011166,shot,10416,RDM,11,0.01710596101305145,
2011166,shot,10416,LDM,11,0.01710596101305145,
2011166,shot,10416,GK,11,0.01710596101305145,
2011166,shot,10445,LDM,11,0.008184180934024775,
2011166,shot,10445,CF,11,0.008184180934024775,
2011166,shot,10445,RW,11,0.008184180934024775,
2011166,shot,10445,LW,11,0.008184180934024775,
2011166,shot,10445,RB,11,0.008184180934024775,
2011166,shot,10445,LCB,11,0.008184180934024775,
2011166,shot,10445,RCB,11,0.008184180934024775,
2011166,shot,10445,LB,11,0.008184180934024775,
2011166,shot,10445,RDM,11,0.008184180934024775,
2011166,shot,10445,AM,11,0.008184180934024775,
2011166,shot,10445,GK,11,0.008184180934024775,
2011166,shot,10473,LDM,11,4.555331891078905e-05,
2011166,shot,10473,LW,11,4.555331891078905e-05,
2011166,shot,10473,RCB,11,4.555331891078905e-05,
2011166,shot,10473,CF,11,4.555331891078905e-05,
2011166,shot,10473,RB,11,4.555331891078905e-05,
2011166,shot,10473,LCB,11,4.555331891078905e-05,
2011166,shot,10473,AM,11,4.555331891078905e-05,
2011166,shot,10473,LB,11,4.555331891078905e-05,
2011166,shot,10473,RDM,11,4.555331891078905e-05,
2011166,shot,10473,RW,11,4.555331891078905e-05,
2011166,shot,10473,GK,11,4.555331891078905e-05,
2011166,shot,21223,LB,11,0.03602311228173381,
2011166,shot,21223,GK,11,0.03602311228173381,
2011166,shot,21223,CF,11,0.03602311228173381,
2011166,shot,21223,LW,11,0.03602311228173381,
2011166,shot,21223,RB,11,0.03602311228173381,
2011166,shot,21223,AM,11,0.03602311228173381,
2011166,shot,21223,RW,11,0.03602311228173381,
2011166,shot,21223,LCB,11,0.03602311228173381,
2011166,shot,21223,LDM,11,0.03602311228173381,
2011166,shot,21223,RDM,11,0.03602311228173381,
2011166,shot,21223,RCB,11,0.03602311228173381,
2011166,shot,21983,LCB,7,1.2230701523927011e-06,
2011166,shot,21983,LW,7,1.2230701523927011e-06,
2011166,shot,21983,GK,7,1.2230701523927011e-06,
2011166,shot,21983,AM,7,1.2230701523927011e-06,
2011166,shot,21983,RW,7,1.2230701523927011e-06,
2011166,shot,21983,RB,7,1.2230701523927011e-06,
2011166,shot,21983,LDM,7,1.2230701523927011e-06,
2011166,shot,22018,LW,6,0.00031807200421109965,
2011166,shot,22018,LB,6,0.00031807200421109965,
2011166,shot,22018,LDM,6,0.00031807200421109965,
2011166,shot,22018,LCB,6,0.00031807200421109965,
2011166,shot,22018,GK,6,0.00031807200421109965,
2011166,shot,22018,RB,6,0.00031807200421109965,
2011166,shot,22054,CF,11,0.0021806868785274724,
2011166,shot,22054,LW,11,0.0021806868785274724,
2011166,shot,22054,RW,11,0.0021806868785274724,
2011166,shot,22054,RDM,11,0.0021806868785274724,
2011166,shot,22054,LDM,11,0.0021806868785274724,
2011166,shot,22054,AM,11,0.0021806868785274724,
2011166,shot,22054,RB,11,0.0021806868785274724,
2011166,shot,22054,LB,11,0.0021806868785274724,
2011166,shot,22054,LCB,11,0.0021806868785274724,
2011166,shot,22054,RCB,11,0.0021806868785274724,
2011166,shot,22054,GK,11,0.0021806868785274724,
2011166,shot,23400,AM,10,0.0003920495370339836,
2011166,shot,23400,RW,10,0.0003920495370339836,
2011166,shot,23400,CF,10,0.0003920495370339836,
2011166,shot,23400,RB,10,0.0003920495370339836,
2011166,shot,23400,RDM,10,0.0003920495370339836,
2011166,shot,23400,RCB,10,0.0003920495370339836,
2011166,shot,23400,LDM,10,0.0003920495370339836,
2011166,shot,23400,LCB,10,0.0003920495370339836,
2011166,shot,23400,LB,10,0.0003920495370339836,
2011166,shot,23400,GK,10,0.0003920495370339836,
2011166,shot,23453,RW,11,0.0009229974278545304,
2011166,shot,23453,LW,11,0.0009229974278545304,
2011166,shot,23453,CF,11,0.0009229974278545304,
2011166,shot,23453,RDM,11,0.0009229974278545304,
2011166,shot,23453,RB,11,0.0009229974278545304,
2011166,shot,23453,RCB,11,0.0009229974278545304,
2011166,shot,23453,AM,11,0.0009229974278545304,
2011166,shot,23453,LDM,11,0.0009229974278545304,
2011166,shot,23453,LB,11,0.0009229974278545304,
2011166,shot,23453,LCB,11,0.0009229974278545304,
2011166,shot,23453,GK,11,0.0009229974278545304,
2011166,shot,24135,RCB,11,0.1280162298370994,
2011166,shot,24135,RW,11,0.1280162298370994,
2011166,shot,24135,RDM,11,0.1280162298370994,
2011166,shot,24135,LW,11,0.1280162298370994,
2011166,shot,24135,RB,11,0.1280162298370994,
2011166,shot,24135,LCB,11,0.1280162298370994,
2011166,shot,24135,AM,11,0.1280162298370994,
2011166,shot,24135,CF,11,0.1280162298370994,
2011166,shot,24135,GK,11,0.1280162298370994,
2011166,shot,24135,LDM,11,0.1280162298370994,
2011166,shot,24135,LB,11,0.1280162298370994,
2011166,shot,24203,CF,11,0.21720545096524854,
2011166,shot,24203,GK,11,0.21720545096524854,
2011166,shot,24203,AM,11,0.21720545096524854,
2011166,shot,24203,LW,11,0.21720545096524854,
2011166,shot,24203,RCB,11,0.21720545096524854,
2011166,shot,24203,LDM,11,0.21720545096524854,
2011166,shot,24203,RDM,11,0.21720545096524854,
2011166,shot,24203,RW,11,0.21720545096524854,
2011166,shot,24203,LB,11,0.21720545096524854,
2011166,shot,24203,RB,11,0.21720545096524854,
2011166,shot,24203,LCB,11,0.21720545096524854,
2011166,shot,24209,CF,10,0.20145275825973083,
2011166,shot,24209,RDM,10,0.20145275825973083,
2011166,shot,24209,AM,10,0.20145275825973083,
2011166,shot,24209,LW,10,0.20145275825973083,
2011166,shot,24209,LDM,10,0.20145275825973083,
2011166,shot,24209,GK,10,0.20145275825973083,
2011166,shot,24209,RCB,10,0.20145275825973083,
2011166,shot,24209,LB,10,0.20145275825973083,
2011166,shot,24209,RB,10,0.20145275825973083,
2011166,shot,24209,LCB,10,0.20145275825973083,
2011166,goal,29851,GK,8,1.0399040830493065,
2011166,goal,29851,LB,8,1.0399040830493065,
2011166,goal,29851,RB,8,1.0399040830493065,
2011166,goal,29851,RCB,8,1.0399040830493065,
2011166,goal,29851,RW,8,1.0399040830493065,
2011166,goal,29851,LCB,8,1.0399040830493065,
2011166,goal,29851,LDM,8,1.0399040830493065,
2011166,goal,29851,RDM,8,1.0399040830493065,
2011166,shot,41831,CF,11,0.0059655211731482775,
2011166,shot,41831,AM,11,0.0059655211731482775,
2011166,shot,41831,RW,11,0.0059655211731482775,
2011166,shot,41831,LW,11,0.0059655211731482775,
2011166,shot,41831,RB,11,0.0059655211731482775,
2011166,shot,41831,LDM,11,0.0059655211731482775,
2011166,shot,41831,RCB,11,0.0059655211731482775,
2011166,shot,41831,LB,11,0.0059655211731482775,
2011166,shot,41831,RDM,11,0.0059655211731482775,
2011166,shot,41831,LCB,11,0.0059655211731482775,
2011166,shot,41831,GK,11,0.0059655211731482775,
2011166,shot,41859,CF,11,0.0009430717440044076,
2011166,shot,41859,AM,11,0.0009430717440044076,
2011166,shot,41859,RW,11,0.0009430717440044076,
2011166,shot,41859,LW,11,0.0009430717440044076,
2011166,shot,41859,RB,11,0.0009430717440044076,
2011166,shot,41859,GK,11,0.0009430717440044076,
2011166,shot,41859,RCB,11,0.0009430717440044076,
2011166,shot,41859,LB,11,0.0009430717440044076,
2011166,shot,41859,RDM,11,0.0009430717440044076,
2011166,shot,41859,LDM,11,0.0009430717440044076,
2011166,shot,41859,LCB,11,0.0009430717440044076,
2011166,shot,41925,RB,10,0.0016750397432606587,
2011166,shot,41925,LDM,10,0.0016750397432606587,
2011166,shot,41925,RW,10,0.0016750397432606587,
2011166,shot,41925,LW,10,0.0016750397432606587,
2011166,shot,41925,CF,10,0.0016750397432606587,
2011166,shot,41925,AM,10,0.0016750397432606587,
2011166,shot,41925,RDM,10,0.0016750397432606587,
2011166,shot,41925,RCB,10,0.0016750397432606587,
2011166,shot,41925,GK,10,0.0016750397432606587,
2011166,shot,41925,LCB,10,0.0016750397432606587,
2011166,shot,45430,RB,11,0.1147679541606922,
2011166,shot,45430,AM,11,0.1147679541606922,
2011166,shot,45430,CF,11,0.1147679541606922,
2011166,shot,45430,LW,11,0.1147679541606922,
2011166,shot,45430,RW,11,0.1147679541606922,
2011166,shot,45430,LDM,11,0.1147679541606922,
2011166,shot,45430,RCB,11,0.1147679541606922,
2011166,shot,45430,LB,11,0.1147679541606922,
2011166,shot,45430,GK,11,0.1147679541606922,
2011166,shot,45430,RDM,11,0.1147679541606922,
2011166,shot,45430,LCB,11,0.1147679541606922,
2011166,shot,45480,CF,11,0.24341952066039046,
2011166,shot,45480,AM,11,0.24341952066039046,
2011166,shot,45480,RB,11,0.24341952066039046,
2011166,shot,45480,LW,11,0.24341952066039046,
2011166,shot,45480,RW,11,0.24341952066039046,
2011166,shot,45480,LDM,11,0.24341952066039046,
2011166,shot,45480,RCB,11,0.24341952066039046,
2011166,shot,45480,LCB,11,0.24341952066039046,
2011166,shot,45480,GK,11,0.24341952066039046,
2011166,shot,45480,RDM,11,0.24341952066039046,
2011166,shot,45480,LB,11,0.24341952066039046,
2011166,shot,49661,AM,11,0.06644073527640953,
2011166,shot,49661,RW,11,0.06644073527640953,
2011166,shot,49661,GK,11,0.06644073527640953,
2011166,shot,49661,CF,11,0.06644073527640953,
2011166,shot,49661,RB,11,0.06644073527640953,
2011166,shot,49661,LW,11,0.06644073527640953,
2011166,shot,49661,RCB,11,0.06644073527640953,
2011166,shot,49661,AM,11,0.06644073527640953,
2011166,shot,49661,LDM,11,0.06644073527640953,
2011166,shot,49661,LB,11,0.06644073527640953,
2011166,shot,49661,LCB,11,0.06644073527640953,
2011166,shot,49675,LW,10,0.02611940729677781,
2011166,shot,49675,RW,10,0.02611940729677781,
2011166,shot,49675,AM,10,0.02611940729677781,
2011166,shot,49675,CF,10,0.02611940729677781,
2011166,shot,49675,RB,10,0.02611940729677781,
2011166,shot,49675,LDM,10,0.02611940729677781,
2011166,shot,49675,AM,10,0.02611940729677781,
2011166,shot,49675,RCB,10,0.02611940729677781,
2011166,shot,49675,GK,10,0.02611940729677781,
2011166,shot,49675,LCB,10,0.02611940729677781,
2011166,shot,49684,RB,10,0.014554162255889702,
2011166,shot,49684,RW,10,0.014554162255889702,
2011166,shot,49684,LB,10,0.014554162255889702,
2011166,shot,49684,CF,10,0.014554162255889702,
2011166,shot,49684,AM,10,0.014554162255889702,
2011166,shot,49684,RCB,10,0.014554162255889702,
2011166,shot,49684,AM,10,0.014554162255889702,
2011166,shot,49684,LDM,10,0.014554162255889702,
2011166,shot,49684,GK,10,0.014554162255889702,
2011166,shot,49684,LCB,10,0.014554162255889702,
2011166,shot,49697,RB,11,0.018044189225942697,
2011166,shot,49697,RW,11,0.018044189225942697,
2011166,shot,49697,LB,11,0.018044189225942697,
2011166,shot,49697,CF,11,0.018044189225942697,
2011166,shot,49697,AM,11,0.018044189225942697,
2011166,shot,49697,RCB,11,0.018044189225942697,
2011166,shot,49697,LW,11,0.018044189225942697,
2011166,shot,49697,AM,11,0.018044189225942697,
2011166,shot,49697,LDM,11,0.018044189225942697,
2011166,shot,49697,GK,11,0.018044189225942697,
2011166,shot,49697,LCB,11,0.018044189225942697,
2011166,shot,49711,RB,11,0.03848955912878943,
2011166,shot,49711,LW,11,0.03848955912878943,
2011166,shot,49711,LB,11,0.03848955912878943,
2011166,shot,49711,RW,11,0.03848955912878943,
2011166,shot,49711,AM,11,0.03848955912878943,
2011166,shot,49711,RCB,11,0.03848955912878943,
2011166,shot,49711,CF,11,0.03848955912878943,
2011166,shot,49711,AM,11,0.03848955912878943,
2011166,shot,49711,LDM,11,0.03848955912878943,
2011166,shot,49711,GK,11,0.03848955912878943,
2011166,shot,49711,LCB,11,0.03848955912878943,
2011166,shot,51957,AM,11,0.059156088309832724,
2011166,shot,51957,AM,11,0.059156088309832724,
2011166,shot,51957,CF,11,0.059156088309832724,
2011166,shot,51957,LCB,11,0.059156088309832724,
2011166,shot,51957,RM,11,0.059156088309832724,
2011166,shot,51957,LM,11,0.059156088309832724,
2011166,shot,51957,DM,11,0.059156088309832724,
2011166,shot,51957,GK,11,0.059156088309832724,
2011166,shot,51957,LB,11,0.059156088309832724,
2011166,shot,51957,RB,11,0.059156088309832724,
2011166,shot,51957,RCB,11,0.059156088309832724,
2011166,shot,51996,CF,11,0.10350874543062975,
2011166,shot,51996,AM,11,0.10350874543062975,
2011166,shot,51996,AM,11,0.10350874543062975,
2011166,shot,51996,LB,11,0.10350874543062975,
2011166,shot,51996,RM,11,0.10350874543062975,
2011166,shot,51996,DM,11,0.10350874543062975,
2011166,shot,51996,RCB,11,0.10350874543062975,
2011166,shot,51996,LCB,11,0.10350874543062975,
2011166,shot,51996,LM,11,0.10350874543062975,
2011166,shot,51996,RB,11,0.10350874543062975,
2011166,shot,51996,GK,11,0.10350874543062975,
2011166,shot,52015,RB,11,0.08350705322431401,
2011166,shot,52015,AM,11,0.08350705322431401,
2011166,shot,52015,CF,11,0.08350705322431401,
2011166,shot,52015,LB,11,0.08350705322431401,
2011166,shot,52015,RM,11,0.08350705322431401,
2011166,shot,52015,DM,11,0.08350705322431401,
2011166,shot,52015,AM,11,0.08350705322431401,
2011166,shot,52015,LCB,11,0.08350705322431401,
2011166,shot,52015,LM,11,0.08350705322431401,
2011166,shot,52015,RCB,11,0.08350705322431401,
2011166,shot,52015,GK,11,0.08350705322431401,
2011166,shot,54844,RW,11,0.07796954084455855,
2011166,shot,54844,LCB,11,0.07796954084455855,
2011166,shot,54844,LW,11,0.07796954084455855,
2011166,shot,54844,CF,11,0.07796954084455855,
2011166,shot,54844,RB,11,0.07796954084455855,
2011166,shot,54844,LDM,11,0.07796954084455855,
2011166,shot,54844,AM,11,0.07796954084455855,
2011166,shot,54844,LB,11,0.07796954084455855,
2011166,shot,54844,AM,11,0.07796954084455855,
2011166,shot,54844,GK,11,0.07796954084455855,
2011166,shot,54844,RCB,11,0.07796954084455855,
2011166,shot,54876,LW,10,0.04424546622510234,
2011166,shot,54876,CF,10,0.04424546622510234,
2011166,shot,54876,RW,10,0.04424546622510234,
2011166,shot,54876,LCB,10,0.04424546622510234,
2011166,shot,54876,RB,10,0.04424546622510234,
2011166,shot,54876,AM,10,0.04424546622510234,
2011166,shot,54876,LB,10,0.04424546622510234,
2011166,shot,54876,LDM,10,0.04424546622510234,
2011166,shot,54876,GK,10,0.04424546622510234,
2011166,shot,54876,RCB,10,0.04424546622510234,
2011166,shot,54919,AM,10,0.03392806559923409,
2011166,shot,54919,CF,10,0.03392806559923409,
2011166,shot,54919,LW,10,0.03392806559923409,
2011166,shot,54919,GK,10,0.03392806559923409,
2011166,shot,54919,RB,10,0.03392806559923409,
2011166,shot,54919,AM,10,0.03392806559923409,
2011166,shot,54919,LDM,10,0.03392806559923409,
2011166,shot,54919,LB,10,0.03392806559923409,
2011166,shot,54919,LCB,10,0.03392806559923409,
2011166,shot,54919,RCB,10,0.03392806559923409,
2011166,shot,54938,AM,10,0.15152173890862566,
2011166,shot,54938,CF,10,0.15152173890862566,
2011166,shot,54938,LW,10,0.15152173890862566,
2011166,shot,54938,GK,10,0.15152173890862566,
2011166,shot,54938,RB,10,0.15152173890862566,
2011166,shot,54938,LDM,10,0.15152173890862566,
2011166,shot,54938,AM,10,0.15152173890862566,
2011166,shot,54938,LB,10,0.15152173890862566,
2011166,shot,54938,LCB,10,0.15152173890862566,
2011166,shot,54938,RCB,10,0.15152173890862566,
2011166,shot,57341,AM,10,5.672144194571371e-07,
2011166,shot,57341,CF,10,5.672144194571371e-07,
2011166,shot,57341,LCB,10,5.672144194571371e-07,
2011166,shot,57341,LW,10,5.672144194571371e-07,
2011166,shot,57341,RW,10,5.672144194571371e-07,
2011166,shot,57341,LDM,10,5.672144194571371e-07,
2011166,shot,57341,LB,10,5.672144194571371e-07,
2011166,shot,57341,RB,10,5.672144194571371e-07,
2011166,shot,57341,RCB,10,5.672144194571371e-07,
2011166,shot,57341,GK,10,5.672144194571371e-07,
2011166,shot,57363,AM,10,2.9177325448308537e-06,
2011166,shot,57363,CF,10,2.9177325448308537e-06,
2011166,shot,57363,LCB,10,2.9177325448308537e-06,
2011166,shot,57363,LW,10,2.9177325448308537e-06,
2011166,shot,57363,RW,10,2.9177325448308537e-06,
2011166,shot,57363,RB,10,2.9177325448308537e-06,
2011166,shot,57363,LB,10,2.9177325448308537e-06,
2011166,shot,57363,RCB,10,2.9177325448308537e-06,
2011166,shot,57363,LDM,10,2.9177325448308537e-06,
2011166,shot,57363,GK,10,2.9177325448308537e-06,
2011166,shot,57378,CF,11,0.00043927108084090643,
2011166,shot,57378,LB,11,0.00043927108084090643,
2011166,shot,57378,RW,11,0.00043927108084090643,
2011166,shot,57378,LW,11,0.00043927108084090643,
2011166,shot,57378,LDM,11,0.00043927108084090643,
2011166,shot,57378,RB,11,0.00043927108084090643,
2011166,shot,57378,AM,11,0.00043927108084090643,
2011166,shot,57378,AM,11,0.00043927108084090643,
2011166,shot,57378,RCB,11,0.00043927108084090643,
2011166,shot,57378,LCB,11,0.00043927108084090643,
2011166,shot,57378,GK,11,0.00043927108084090643,
2011166,shot,65555,GK,10,0.014331575660017875,
2011166,shot,65555,RW,10,0.014331575660017875,
2011166,shot,65555,RCB,10,0.014331575660017875,
2011166,shot,65555,LW,10,0.014331575660017875,
2011166,shot,65555,RB,10,0.014331575660017875,
2011166,shot,65555,LDM,10,0.014331575660017875,
2011166,shot,65555,CF,10,0.014331575660017875,
2011166,shot,65555,LB,10,0.014331575660017875,
2011166,shot,65555,RDM,10,0.014331575660017875,
2011166,shot,65555,LCB,10,0.014331575660017875,
2011166,shot,65611,RDM,10,0.0015555799098513185,
2011166,shot,65611,RW,10,0.0015555799098513185,
2011166,shot,65611,CF,10,0.0015555799098513185,
2011166,shot,65611,LB,10,0.0015555799098513185,
2011166,shot,65611,RB,10,0.0015555799098513185,
2011166,shot,65611,LW,10,0.0015555799098513185,
2011166,shot,65611,LDM,10,0.0015555799098513185,
2011166,shot,65611,LCB,10,0.0015555799098513185,
2011166,shot,65611,RCB,10,0.0015555799098513185,
2011166,shot,65611,GK,10,0.0015555799098513185,
2011166,shot,65633,RW,10,0.00083072681511179,
2011166,shot,65633,CF,10,0.00083072681511179,
2011166,shot,65633,RDM,10,0.00083072681511179,
2011166,shot,65633,LB,10,0.00083072681511179,
2011166,shot,65633,RB,10,0.00083072681511179,
2011166,shot,65633,LW,10,0.00083072681511179,
2011166,shot,65633,LDM,10,0.00083072681511179,
2011166,shot,65633,LCB,10,0.00083072681511179,
2011166,shot,65633,RCB,10,0.00083072681511179,
2011166,shot,65633,GK,10,0.00083072681511179,
2013725,shot,14149,CF,6,2.8604163229758445e-06,
2013725,shot,14149,LWB,6,2.8604163229758445e-06,
2013725,shot,14149,RWB,6,2.8604163229758445e-06,
2013725,shot,14149,LM,6,2.8604163229758445e-06,
2013725,shot,14149,LCB,6,2.8604163229758445e-06,
2013725,shot,14149,GK,6,2.8604163229758445e-06,
2013725,shot,14185,CF,4,4.239066091371268e-05,
2013725,shot,14185,LWB,4,4.239066091371268e-05,
2013725,shot,14185,GK,4,4.239066091371268e-05,
2013725,shot,14185,LM,4,4.239066091371268e-05,
2013725,shot,14234,LW,11,0.002132104907979145,
2013725,shot,14234,RM,11,0.002132104907979145,
2013725,shot,14234,RW,11,0.002132104907979145,
2013725,shot,14234,LWB,11,0.002132104907979145,
2013725,shot,14234,RWB,11,0.002132104907979145,
2013725,shot,14234,CF,11,0.002132104907979145,
2013725,shot,14234,LM,11,0.002132104907979145,
2013725,shot,14234,LCB,11,0.002132104907979145,
2013725,shot,14234,GK,11,0.002132104907979145,
2013725,shot,14234,CB,11,0.002132104907979145,
2013725,shot,14234,RCB,11,0.002132104907979145,
2013725,shot,21654,LW,10,0.02925642931392532,
2013725,shot,21654,RW,10,0.02925642931392532,
2013725,shot,21654,CF,10,0.02925642931392532,
2013725,shot,21654,LB,10,0.02925642931392532,
2013725,shot,21654,RB,10,0.02925642931392532,
2013725,shot,21654,RM,10,0.02925642931392532,
2013725,shot,21654,LM,10,0.02925642931392532,
2013725,shot,21654,LCB,10,0.02925642931392532,
2013725,shot,21654,RCB,10,0.02925642931392532,
2013725,shot,21654,GK,10,0.02925642931392532,
2013725,shot,21696,LCB,11,0.006685226918361314,
2013725,shot,21696,CF,11,0.006685226918361314,
2013725,shot,21696,LW,11,0.006685226918361314,
2013725,shot,21696,CF,11,0.006685226918361314,
2013725,shot,21696,LB,11,0.006685226918361314,
2013725,shot,21696,RM,11,0.006685226918361314,
2013725,shot,21696,RW,11,0.006685226918361314,
2013725,shot,21696,LM,11,0.006685226918361314,
2013725,shot,21696,GK,11,0.006685226918361314,
2013725,shot,21696,RB,11,0.006685226918361314,
2013725,shot,21696,RCB,11,0.006685226918361314,
2013725,shot,22423,CF,6,0.001658168054161862,
2013725,shot,22423,RW,6,0.001658168054161862,
2013725,shot,22423,LB,6,0.001658168054161862,
2013725,shot,22423,RB,6,0.001658168054161862,
2013725,shot,22423,RCB,6,0.001658168054161862,
2013725,shot,22423,GK,6,0.001658168054161862,
2013725,shot,22470,CF,11,2.8486335598133892e-06,
2013725,shot,22470,CF,11,2.8486335598133892e-06,
2013725,shot,22470,LW,11,2.8486335598133892e-06,
2013725,shot,22470,RW,11,2.8486335598133892e-06,
2013725,shot,22470,LB,11,2.8486335598133892e-06,
2013725,shot,22470,RB,11,2.8486335598133892e-06,
2013725,shot,22470,RM,11,2.8486335598133892e-06,
2013725,shot,22470,LCB,11,2.8486335598133892e-06,
2013725,shot,22470,LM,11,2.8486335598133892e-06,
2013725,shot,22470,GK,11,2.8486335598133892e-06,
2013725,shot,22470,RCB,11,2.8486335598133892e-06,
2013725,shot,22510,RM,11,1.083457786401848e-10,
2013725,shot,22510,CF,11,1.083457786401848e-10,
2013725,shot,22510,LM,11,1.083457786401848e-10,
2013725,shot,22510,CF,11,1.083457786401848e-10,
2013725,shot,22510,LB,11,1.083457786401848e-10,
2013725,shot,22510,RW,11,1.083457786401848e-10,
2013725,shot,22510,RB,11,1.083457786401848e-10,
2013725,shot,22510,LCB,11,1.083457786401848e-10,
2013725,shot,22510,LW,11,1.083457786401848e-10,
2013725,shot,22510,RCB,11,1.083457786401848e-10,
2013725,shot,22510,GK,11,1.083457786401848e-10,
2013725,shot,23822,LW,9,2.9827918012123517e-05,
2013725,shot,23822,CF,9,2.9827918012123517e-05,
2013725,shot,23822,RW,9,2.9827918012123517e-05,
2013725,shot,23822,LB,9,2.9827918012123517e-05,
2013725,shot,23822,RB,9,2.9827918012123517e-05,
2013725,shot,23822,LM,9,2.9827918012123517e-05,
2013725,shot,23822,LCB,9,2.9827918012123517e-05,
2013725,shot,23822,RCB,9,2.9827918012123517e-05,
2013725,shot,23822,GK,9,2.9827918012123517e-05,
2013725,shot,23906,LW,10,0.001046073721233748,
2013725,shot,23906,CF,10,0.001046073721233748,
2013725,shot,23906,RW,10,0.001046073721233748,
2013725,shot,23906,LCB,10,0.001046073721233748,
2013725,shot,23906,RB,10,0.001046073721233748,
2013725,shot,23906,RM,10,0.001046073721233748,
2013725,shot,23906,LM,10,0.001046073721233748,
2013725,shot,23906,LB,10,0.001046073721233748,
2013725,shot,23906,RCB,10,0.001046073721233748,
2013725,shot,23906,GK,10,0.001046073721233748,
2013725,shot,26221,CF,7,0.0013472871580029395,
2013725,shot,26221,CF,7,0.0013472871580029395,
2013725,shot,26221,LW,7,0.0013472871580029395,
2013725,shot,26221,LB,7,0.0013472871580029395,
2013725,shot,26221,LM,7,0.0013472871580029395,
2013725,shot,26221,RCB,7,0.0013472871580029395,
2013725,shot,26221,GK,7,0.0013472871580029395,
2013725,shot,26256,LW,5,0.0002344644165320842,
2013725,shot,26256,CF,5,0.0002344644165320842,
2013725,shot,26256,RM,5,0.0002344644165320842,
2013725,shot,26256,LB,5,0.0002344644165320842,
2013725,shot,26256,GK,5,0.0002344644165320842,
2013725,shot,26277,LW,9,0.0007382391319143337,
2013725,shot,26277,CF,9,0.0007382391319143337,
2013725,shot,26277,RB,9,0.0007382391319143337,
2013725,shot,26277,LB,9,0.0007382391319143337,
2013725,shot,26277,RM,9,0.0007382391319143337,
2013725,shot,26277,RW,9,0.0007382391319143337,
2013725,shot,26277,LCB,9,0.0007382391319143337,
2013725,shot,26277,RCB,9,0.0007382391319143337,
2013725,shot,26277,GK,9,0.0007382391319143337,
2013725,shot,26278,LW,9,0.0008203533598610134,
2013725,shot,26278,CF,9,0.0008203533598610134,
2013725,shot,26278,RB,9,0.0008203533598610134,
2013725,shot,26278,LB,9,0.0008203533598610134,
2013725,shot,26278,RM,9,0.0008203533598610134,
2013725,shot,26278,RW,9,0.0008203533598610134,
2013725,shot,26278,LCB,9,0.0008203533598610134,
2013725,shot,26278,RCB,9,0.0008203533598610134,
2013725,shot,26278,GK,9,0.0008203533598610134,
2013725,shot,26316,CF,10,0.03503762109689668,
2013725,shot,26316,LM,10,0.03503762109689668,
2013725,shot,26316,LW,10,0.03503762109689668,
2013725,shot,26316,CF,10,0.03503762109689668,
2013725,shot,26316,LB,10,0.03503762109689668,
2013725,shot,26316,RB,10,0.03503762109689668,
2013725,shot,26316,RW,10,0.03503762109689668,
2013725,shot,26316,LCB,10,0.03503762109689668,
2013725,shot,26316,RCB,10,0.03503762109689668,
2013725,shot,26316,GK,10,0.03503762109689668,
2013725,shot,54825,LW,8,1.1818763135862538e-05,
2013725,shot,54825,CB,8,1.1818763135862538e-05,
2013725,shot,54825,LW,8,1.1818763135862538e-05,
2013725,shot,54825,LCB,8,1.1818763135862538e-05,
2013725,shot,54825,LM,8,1.1818763135862538e-05,
2013725,shot,54825,LCB,8,1.1818763135862538e-05,
2013725,shot,54825,RWB,8,1.1818763135862538e-05,
2013725,shot,54825,GK,8,1.1818763135862538e-05,
2013725,shot,54907,LCB,11,0.0019215668967917086,
2013725,shot,54907,LW,11,0.0019215668967917086,
2013725,shot,54907,CF,11,0.0019215668967917086,
2013725,shot,54907,LM,11,0.0019215668967917086,
2013725,shot,54907,RWB,11,0.0019215668967917086,
2013725,shot,54907,LW,11,0.0019215668967917086,
2013725,shot,54907,LCB,11,0.0019215668967917086,
2013725,shot,54907,RM,11,0.0019215668967917086,
2013725,shot,54907,RCB,11,0.0019215668967917086,
2013725,shot,54907,CB,11,0.0019215668967917086,
2013725,shot,54907,GK,11,0.0019215668967917086,
2013725,shot,54915,LCB,11,0.0019122387927742674,
2013725,shot,54915,LW,11,0.0019122387927742674,
2013725,shot,54915,CF,11,0.0019122387927742674,
2013725,shot,54915,LM,11,0.0019122387927742674,
2013725,shot,54915,RWB,11,0.0019122387927742674,
2013725,shot,54915,RM,11,0.0019122387927742674,
2013725,shot,54915,LCB,11,0.0019122387927742674,
2013725,shot,54915,LW,11,0.0019122387927742674,
2013725,shot,54915,RCB,11,0.0019122387927742674,
2013725,shot,54915,CB,11,0.0019122387927742674,
2013725,shot,54915,GK,11,0.0019122387927742674,
2013725,shot,56702,CF,10,0.000773392980701326,
2013725,shot,56702,LM,10,0.000773392980701326,
2013725,shot,56702,RW,10,0.000773392980701326,
2013725,shot,56702,LB,10,0.000773392980701326,
2013725,shot,56702,RB,10,0.000773392980701326,
2013725,shot,56702,RCB,10,0.000773392980701326,
2013725,shot,56702,LW,10,0.000773392980701326,
2013725,shot,56702,GK,10,0.000773392980701326,
2013725,shot,56702,RM,10,0.000773392980701326,
2013725,shot,56702,LCB,10,0.000773392980701326,
2013725,shot,56713,CF,10,0.0008504904389269136,
2013725,shot,56713,CF,10,0.0008504904389269136,
2013725,shot,56713,LM,10,0.0008504904389269136,
2013725,shot,56713,RW,10,0.0008504904389269136,
2013725,shot,56713,LCB,10,0.0008504904389269136,
2013725,shot,56713,RB,10,0.0008504904389269136,
2013725,shot,56713,RCB,10,0.0008504904389269136,
2013725,shot,56713,LW,10,0.0008504904389269136,
2013725,shot,56713,GK,10,0.0008504904389269136,
2013725,shot,56713,RM,10,0.0008504904389269136,
2013725,shot,56722,CF,10,0.0012463483237490339,
2013725,shot,56722,CF,10,0.0012463483237490339,
2013725,shot,56722,LM,10,0.0012463483237490339,
2013725,shot,56722,RW,10,0.0012463483237490339,
2013725,shot,56722,LCB,10,0.0012463483237490339,
2013725,shot,56722,RB,10,0.0012463483237490339,
2013725,shot,56722,RCB,10,0.0012463483237490339,
2013725,shot,56722,LW,10,0.0012463483237490339,
2013725,shot,56722,GK,10,0.0012463483237490339,
2013725,shot,56722,RM,10,0.0012463483237490339,
2013725,shot,56743,CF,11,0.0064106515787639845,
2013725,shot,56743,CF,11,0.0064106515787639845,
2013725,shot,56743,LW,11,0.0064106515787639845,
2013725,shot,56743,RW,11,0.0064106515787639845,
2013725,shot,56743,LCB,11,0.0064106515787639845,
2013725,shot,56743,RB,11,0.0064106515787639845,
2013725,shot,56743,RCB,11,0.0064106515787639845,
2013725,shot,56743,LM,11,0.0064106515787639845,
2013725,shot,56743,GK,11,0.0064106515787639845,
2013725,shot,56743,RM,11,0.0064106515787639845,
2013725,shot,56743,LB,11,0.0064106515787639845,
2013725,shot,57447,CF,11,2.1947318448603074e-05,
2013725,shot,57447,LW,11,2.1947318448603074e-05,
2013725,shot,57447,LW,11,2.1947318448603074e-05,
2013725,shot,57447,LCB,11,2.1947318448603074e-05,
2013725,shot,57447,RCB,11,2.1947318448603074e-05,
2013725,shot,57447,RM,11,2.1947318448603074e-05,
2013725,shot,57447,LM,11,2.1947318448603074e-05,
2013725,shot,57447,LCB,11,2.1947318448603074e-05,
2013725,shot,57447,RWB,11,2.1947318448603074e-05,
2013725,shot,57447,CB,11,2.1947318448603074e-05,
2013725,shot,57447,GK,11,2.1947318448603074e-05,
2013725,shot,63075,LW,11,0.0018720717105323486,
2013725,shot,63075,LW,11,0.0018720717105323486,
2013725,shot,63075,CF,11,0.0018720717105323486,
2013725,shot,63075,LM,11,0.0018720717105323486,
2013725,shot,63075,AM,11,0.0018720717105323486,
2013725,shot,63075,RCB,11,0.0018720717105323486,
2013725,shot,63075,LCB,11,0.0018720717105323486,
2013725,shot,63075,LCB,11,0.0018720717105323486,
2013725,shot,63075,RWB,11,0.0018720717105323486,
2013725,shot,63075,RM,11,0.0018720717105323486,
2013725,shot,63075,GK,11,0.0018720717105323486,
2013725,shot,63093,LW,11,0.0375240569945192,
2013725,shot,63093,LCB,11,0.0375240569945192,
2013725,shot,63093,RWB,11,0.0375240569945192,
2013725,shot,63093,LM,11,0.0375240569945192,
2013725,shot,63093,CF,11,0.0375240569945192,
2013725,shot,63093,RCB,11,0.0375240569945192,
2013725,shot,63093,LW,11,0.0375240569945192,
2013725,shot,63093,LCB,11,0.0375240569945192,
2013725,shot,63093,AM,11,0.0375240569945192,
2013725,shot,63093,RM,11,0.0375240569945192,
2013725,shot,63093,GK,11,0.0375240569945192,
2013725,shot,63103,LW,10,0.014210971960278884,
2013725,shot,63103,CF,10,0.014210971960278884,
2013725,shot,63103,LM,10,0.014210971960278884,
2013725,shot,63103,AM,10,0.014210971960278884,
2013725,shot,63103,GK,10,0.014210971960278884,
2013725,shot,63103,LW,10,0.014210971960278884,
2013725,shot,63103,LCB,10,0.014210971960278884,
2013725,shot,63103,RM,10,0.014210971960278884,
2013725,shot,63103,RCB,10,0.014210971960278884,
2013725,shot,63103,LCB,10,0.014210971960278884,
2013725,shot,63111,LW,10,0.006678840727828059,
2013725,shot,63111,LW,10,0.006678840727828059,
2013725,shot,63111,LM,10,0.006678840727828059,
2013725,shot,63111,AM,10,0.006678840727828059,
2013725,shot,63111,GK,10,0.006678840727828059,
2013725,shot,63111,CF,10,0.006678840727828059,
2013725,shot,63111,LCB,10,0.006678840727828059,
2013725,shot,63111,RM,10,0.006678840727828059,
2013725,shot,63111,RCB,10,0.006678840727828059,
2013725,shot,63111,LCB,10,0.006678840727828059,
2013725,shot,67203,LW,11,0.03393105847177708,
2013725,shot,67203,CF,11,0.03393105847177708,
2013725,shot,67203,CF,11,0.03393105847177708,
2013725,shot,67203,LB,11,0.03393105847177708,
2013725,shot,67203,LM,11,0.03393105847177708,
2013725,shot,67203,RB,11,0.03393105847177708,
2013725,shot,67203,RW,11,0.03393105847177708,
2013725,shot,67203,RCB,11,0.03393105847177708,
2013725,shot,67203,GK,11,0.03393105847177708,
2013725,shot,67203,RM,11,0.03393105847177708,
2013725,shot,67203,LCB,11,0.03393105847177708,
2013725,shot,67242,LB,9,0.05830966337591775,
2013725,shot,67242,LCB,9,0.05830966337591775,
2013725,shot,67242,CF,9,0.05830966337591775,
2013725,shot,67242,LW,9,0.05830966337591775,
2013725,shot,67242,RB,9,0.05830966337591775,
2013725,shot,67242,RM,9,0.05830966337591775,
2013725,shot,67242,GK,9,0.05830966337591775,
2013725,shot,67242,CF,9,0.05830966337591775,
2013725,shot,67242,RCB,9,0.05830966337591775,
2013725,shot,67259,LB,10,0.013073518319238892,
2013725,shot,67259,LW,10,0.013073518319238892,
2013725,shot,67259,GK,10,0.013073518319238892,
2013725,shot,67259,RB,10,0.013073518319238892,
2013725,shot,67259,LM,10,0.013073518319238892,
2013725,shot,67259,CF,10,0.013073518319238892,
2013725,shot,67259,RM,10,0.013073518319238892,
2013725,shot,67259,LCB,10,0.013073518319238892,
2013725,shot,67259,CF,10,0.013073518319238892,
2013725,shot,67259,RCB,10,0.013073518319238892,
2013725,shot,67293,CF,10,0.00612433991492119,
2013725,shot,67293,CF,10,0.00612433991492119,
2013725,shot,67293,LB,10,0.00612433991492119,
2013725,shot,67293,LM,10,0.00612433991492119,
2013725,shot,67293,RB,10,0.00612433991492119,
2013725,shot,67293,LCB,10,0.00612433991492119,
2013725,shot,67293,RM,10,0.00612433991492119,
2013725,shot,67293,GK,10,0.00612433991492119,
2013725,shot,67293,LW,10,0.00612433991492119,
2013725,shot,67293,RCB,10,0.00612433991492119,
2015213,shot,15153,CF,11,0.007295198923780837,
2015213,shot,15153,LW,11,0.007295198923780837,
2015213,shot,15153,CF,11,0.007295198923780837,
2015213,shot,15153,GK,11,0.007295198923780837,
2015213,shot,15153,RW,11,0.007295198923780837,
2015213,shot,15153,RM,11,0.007295198923780837,
2015213,shot,15153,RCB,11,0.007295198923780837,
2015213,shot,15153,LB,11,0.007295198923780837,
2015213,shot,15153,RB,11,0.007295198923780837,
2015213,shot,15153,LM,11,0.007295198923780837,
2015213,shot,15153,LCB,11,0.007295198923780837,
2015213,shot,15182,CF,11,0.09380237477861708,
2015213,shot,15182,LW,11,0.09380237477861708,
2015213,shot,15182,RCB,11,0.09380237477861708,
2015213,shot,15182,CF,11,0.09380237477861708,
2015213,shot,15182,RW,11,0.09380237477861708,
2015213,shot,15182,RM,11,0.09380237477861708,
2015213,shot,15182,GK,11,0.09380237477861708,
2015213,shot,15182,LB,11,0.09380237477861708,
2015213,shot,15182,RB,11,0.09380237477861708,
2015213,shot,15182,LM,11,0.09380237477861708,
2015213,shot,15182,LCB,11,0.09380237477861708,
2015213,shot,18056,RB,11,0.0873861351394479,
2015213,shot,18056,CF,11,0.0873861351394479,
2015213,shot,18056,CF,11,0.0873861351394479,
2015213,shot,18056,LW,11,0.0873861351394479,
2015213,shot,18056,RW,11,0.0873861351394479,
2015213,shot,18056,RM,11,0.0873861351394479,
2015213,shot,18056,LM,11,0.0873861351394479,
2015213,shot,18056,LB,11,0.0873861351394479,
2015213,shot,18056,GK,11,0.0873861351394479,
2015213,shot,18056,LCB,11,0.0873861351394479,
2015213,shot,18056,RCB,11,0.0873861351394479,
2015213,shot,18112,RW,11,0.06813868296569613,
2015213,shot,18112,CF,11,0.06813868296569613,
2015213,shot,18112,CF,11,0.06813868296569613,
2015213,shot,18112,LW,11,0.06813868296569613,
2015213,shot,18112,RB,11,0.06813868296569613,
2015213,shot,18112,GK,11,0.06813868296569613,
2015213,shot,18112,LM,11,0.06813868296569613,
2015213,shot,18112,LB,11,0.06813868296569613,
2015213,shot,18112,RM,11,0.06813868296569613,
2015213,shot,18112,LCB,11,0.06813868296569613,
2015213,shot,18112,RCB,11,0.06813868296569613,
2015213,shot,23394,CF,10,0.001120300577046,
2015213,shot,23394,LM,10,0.001120300577046,
2015213,shot,23394,CF,10,0.001120300577046,
2015213,shot,23394,LW,10,0.001120300577046,
2015213,shot,23394,RW,10,0.001120300577046,
2015213,shot,23394,RM,10,0.001120300577046,
2015213,shot,23394,RB,10,0.001120300577046,
2015213,shot,23394,LB,10,0.001120300577046,
2015213,shot,23394,RCB,10,0.001120300577046,
2015213,shot,23394,GK,10,0.001120300577046,
2015213,shot,23431,CF,10,2.567925497036916e-05,
2015213,shot,23431,CF,10,2.567925497036916e-05,
2015213,shot,23431,LW,10,2.567925497036916e-05,
2015213,shot,23431,LM,10,2.567925497036916e-05,
2015213,shot,23431,RW,10,2.567925497036916e-05,
2015213,shot,23431,LCB,10,2.567925497036916e-05,
2015213,shot,23431,LB,10,2.567925497036916e-05,
2015213,shot,23431,RM,10,2.567925497036916e-05,
2015213,shot,23431,RCB,10,2.567925497036916e-05,
2015213,shot,23431,GK,10,2.567925497036916e-05,
2015213,shot,24679,CF,10,0.0006535017167711082,
2015213,shot,24679,LW,10,0.0006535017167711082,
2015213,shot,24679,CF,10,0.0006535017167711082,
2015213,shot,24679,LB,10,0.0006535017167711082,
2015213,shot,24679,RM,10,0.0006535017167711082,
2015213,shot,24679,GK,10,0.0006535017167711082,
2015213,shot,24679,LM,10,0.0006535017167711082,
2015213,shot,24679,RB,10,0.0006535017167711082,
2015213,shot,24679,RCB,10,0.0006535017167711082,
2015213,shot,24679,LCB,10,0.0006535017167711082,
2015213,shot,24753,RB,11,0.0042439485798097774,
2015213,shot,24753,CF,11,0.0042439485798097774,
2015213,shot,24753,CF,11,0.0042439485798097774,
2015213,shot,24753,LW,11,0.0042439485798097774,
2015213,shot,24753,RW,11,0.0042439485798097774,
2015213,shot,24753,RM,11,0.0042439485798097774,
2015213,shot,24753,LM,11,0.0042439485798097774,
2015213,shot,24753,LB,11,0.0042439485798097774,
2015213,shot,24753,RCB,11,0.0042439485798097774,
2015213,shot,24753,GK,11,0.0042439485798097774,
2015213,shot,24753,LCB,11,0.0042439485798097774,
2015213,shot,40998,CF,11,0.0012863952329317339,
2015213,shot,40998,CF,11,0.0012863952329317339,
2015213,shot,40998,RB,11,0.0012863952329317339,
2015213,shot,40998,LW,11,0.0012863952329317339,
2015213,shot,40998,RW,11,0.0012863952329317339,
2015213,shot,40998,LM,11,0.0012863952329317339,
2015213,shot,40998,LCB,11,0.0012863952329317339,
2015213,shot,40998,RB,11,0.0012863952329317339,
2015213,shot,40998,RM,11,0.0012863952329317339,
2015213,shot,40998,GK,11,0.0012863952329317339,
2015213,shot,40998,RCB,11,0.0012863952329317339,
2015213,shot,41020,RB,9,0.01412689311956881,
2015213,shot,41020,LW,9,0.01412689311956881,
2015213,shot,41020,CF,9,0.01412689311956881,
2015213,shot,41020,CF,9,0.01412689311956881,
2015213,shot,41020,RW,9,0.01412689311956881,
2015213,shot,41020,LM,9,0.01412689311956881,
2015213,shot,41020,LCB,9,0.01412689311956881,
2015213,shot,41020,GK,9,0.01412689311956881,
2015213,shot,41020,RCB,9,0.01412689311956881,
2015213,shot,41031,LW,11,0.050612297006822196,
2015213,shot,41031,LM,11,0.050612297006822196,
2015213,shot,41031,CF,11,0.050612297006822196,
2015213,shot,41031,RB,11,0.050612297006822196,
2015213,shot,41031,RW,11,0.050612297006822196,
2015213,shot,41031,RB,11,0.050612297006822196,
2015213,shot,41031,CF,11,0.050612297006822196,
2015213,shot,41031,LCB,11,0.050612297006822196,
2015213,shot,41031,RM,11,0.050612297006822196,
2015213,shot,41031,GK,11,0.050612297006822196,
2015213,shot,41031,RCB,11,0.050612297006822196,
2015213,shot,43662,RW,8,1.4810823715356422e-07,
2015213,shot,43662,CF,8,1.4810823715356422e-07,
2015213,shot,43662,LW,8,1.4810823715356422e-07,
2015213,shot,43662,RB,8,1.4810823715356422e-07,
2015213,shot,43662,RM,8,1.4810823715356422e-07,
2015213,shot,43662,RB,8,1.4810823715356422e-07,
2015213,shot,43662,RCB,8,1.4810823715356422e-07,
2015213,shot,43662,GK,8,1.4810823715356422e-07,
2015213,shot,43707,RW,8,4.27190723347181e-05,
2015213,shot,43707,CF,8,4.27190723347181e-05,
2015213,shot,43707,RB,8,4.27190723347181e-05,
2015213,shot,43707,RM,8,4.27190723347181e-05,
2015213,shot,43707,LM,8,4.27190723347181e-05,
2015213,shot,43707,RB,8,4.27190723347181e-05,
2015213,shot,43707,RCB,8,4.27190723347181e-05,
2015213,shot,43707,GK,8,4.27190723347181e-05,
2015213,shot,43721,RW,7,8.975334975220924e-05,
2015213,shot,43721,CF,7,8.975334975220924e-05,
2015213,shot,43721,RB,7,8.975334975220924e-05,
2015213,shot,43721,RM,7,8.975334975220924e-05,
2015213,shot,43721,RB,7,8.975334975220924e-05,
2015213,shot,43721,RCB,7,8.975334975220924e-05,
2015213,shot,43721,GK,7,8.975334975220924e-05,
2015213,shot,43762,RB,10,0.004101404658471248,
2015213,shot,43762,CF,10,0.004101404658471248,
2015213,shot,43762,RM,10,0.004101404658471248,
2015213,shot,43762,LW,10,0.004101404658471248,
2015213,shot,43762,RW,10,0.004101404658471248,
2015213,shot,43762,LM,10,0.004101404658471248,
2015213,shot,43762,CF,10,0.004101404658471248,
2015213,shot,43762,RCB,10,0.004101404658471248,
2015213,shot,43762,LCB,10,0.004101404658471248,
2015213,shot,43762,GK,10,0.004101404658471248,
2015213,shot,44326,CF,9,1.5678040942315157e-07,
2015213,shot,44326,RW,9,1.5678040942315157e-07,
2015213,shot,44326,LW,9,1.5678040942315157e-07,
2015213,shot,44326,RB,9,1.5678040942315157e-07,
2015213,shot,44326,RM,9,1.5678040942315157e-07,
2015213,shot,44326,LB,9,1.5678040942315157e-07,
2015213,shot,44326,RCB,9,1.5678040942315157e-07,
2015213,shot,44326,GK,9,1.5678040942315157e-07,
2015213,shot,44326,LCB,9,1.5678040942315157e-07,
2015213,shot,44363,RW,7,4.7780254227651456e-05,
2015213,shot,44363,LW,7,4.7780254227651456e-05,
2015213,shot,44363,RM,7,4.7780254227651456e-05,
2015213,shot,44363,LM,7,4.7780254227651456e-05,
2015213,shot,44363,LB,7,4.7780254227651456e-05,
2015213,shot,44363,RCB,7,4.7780254227651456e-05,
2015213,shot,44363,GK,7,4.7780254227651456e-05,
2015213,shot,44407,LW,11,0.00010833845951989252,
2015213,shot,44407,CF,11,0.00010833845951989252,
2015213,shot,44407,RW,11,0.00010833845951989252,
2015213,shot,44407,CF,11,0.00010833845951989252,
2015213,shot,44407,RB,11,0.00010833845951989252,
2015213,shot,44407,RM,11,0.00010833845951989252,
2015213,shot,44407,LM,11,0.00010833845951989252,
2015213,shot,44407,LB,11,0.00010833845951989252,
2015213,shot,44407,RCB,11,0.00010833845951989252,
2015213,shot,44407,GK,11,0.00010833845951989252,
2015213,shot,44407,LCB,11,0.00010833845951989252,
2015213,shot,47963,CF,11,0.002191699696205573,
2015213,shot,47963,CF,11,0.002191699696205573,
2015213,shot,47963,RB,11,0.002191699696205573,
2015213,shot,47963,LW,11,0.002191699696205573,
2015213,shot,47963,RW,11,0.002191699696205573,
2015213,shot,47963,LM,11,0.002191699696205573,
2015213,shot,47963,RM,11,0.002191699696205573,
2015213,shot,47963,RB,11,0.002191699696205573,
2015213,shot,47963,RCB,11,0.002191699696205573,
2015213,shot,47963,GK,11,0.002191699696205573,
2015213,shot,47963,LCB,11,0.002191699696205573,
2015213,shot,48015,LW,11,8.93136724378225e-06,
2015213,shot,48015,LM,11,8.93136724378225e-06,
2015213,shot,48015,RB,11,8.93136724378225e-06,
2015213,shot,48015,CF,11,8.93136724378225e-06,
2015213,shot,48015,CF,11,8.93136724378225e-06,
2015213,shot,48015,RCB,11,8.93136724378225e-06,
2015213,shot,48015,RM,11,8.93136724378225e-06,
2015213,shot,48015,RB,11,8.93136724378225e-06,
2015213,shot,48015,RW,11,8.93136724378225e-06,
2015213,shot,48015,GK,11,8.93136724378225e-06,
2015213,shot,48015,LCB,11,8.93136724378225e-06,
2015213,shot,54415,LW,11,3.5118005834180346e-05,
2015213,shot,54415,CF,11,3.5118005834180346e-05,
2015213,shot,54415,CF,11,3.5118005834180346e-05,
2015213,shot,54415,GK,11,3.5118005834180346e-05,
2015213,shot,54415,RW,11,3.5118005834180346e-05,
2015213,shot,54415,LM,11,3.5118005834180346e-05,
2015213,shot,54415,RM,11,3.5118005834180346e-05,
2015213,shot,54415,RB,11,3.5118005834180346e-05,
2015213,shot,54415,LCB,11,3.5118005834180346e-05,
2015213,shot,54415,RCB,11,3.5118005834180346e-05,
2015213,shot,54415,RB,11,3.5118005834180346e-05,
2015213,shot,54449,RM,11,0.002144360696102664,
2015213,shot,54449,CF,11,0.002144360696102664,
2015213,shot,54449,CF,11,0.002144360696102664,
2015213,shot,54449,LW,11,0.002144360696102664,
2015213,shot,54449,RW,11,0.002144360696102664,
2015213,shot,54449,LM,11,0.002144360696102664,
2015213,shot,54449,GK,11,0.002144360696102664,
2015213,shot,54449,RB,11,0.002144360696102664,
2015213,shot,54449,LCB,11,0.002144360696102664,
2015213,shot,54449,RCB,11,0.002144360696102664,
2015213,shot,54449,RB,11,0.002144360696102664,
2015213,shot,54478,RM,11,0.012846091495660383,
2015213,shot,54478,RB,11,0.012846091495660383,
2015213,shot,54478,CF,11,0.012846091495660383,
2015213,shot,54478,LW,11,0.012846091495660383,
2015213,shot,54478,RW,11,0.012846091495660383,
2015213,shot,54478,LM,11,0.012846091495660383,
2015213,shot,54478,CF,11,0.012846091495660383,
2015213,shot,54478,GK,11,0.012846091495660383,
2015213,shot,54478,LCB,11,0.012846091495660383,
2015213,shot,54478,RCB,11,0.012846091495660383,
2015213,shot,54478,RB,11,0.012846091495660383,
2015213,goal,70524,RB,11,0.05538699335509512,
2015213,goal,70524,LW,11,0.05538699335509512,
2015213,goal,70524,RM,11,0.05538699335509512,
2015213,goal,70524,LB,11,0.05538699335509512,
2015213,goal,70524,RB,11,0.05538699335509512,
2015213,goal,70524,LCB,11,0.05538699335509512,
2015213,goal,70524,CF,11,0.05538699335509512,
2015213,goal,70524,CF,11,0.05538699335509512,
2015213,goal,70524,RW,11,0.05538699335509512,
2015213,goal,70524,RCB,11,0.05538699335509512,
2015213,goal,70524,GK,11,0.05538699335509512,
2015213,goal,70531,RW,11,0.06278122921408684,
2015213,goal,70531,LW,11,0.06278122921408684,
2015213,goal,70531,RM,11,0.06278122921408684,
2015213,goal,70531,LB,11,0.06278122921408684,
2015213,goal,70531,RB,11,0.06278122921408684,
2015213,goal,70531,LCB,11,0.06278122921408684,
2015213,goal,70531,CF,11,0.06278122921408684,
2015213,goal,70531,CF,11,0.06278122921408684,
2015213,goal,70531,RB,11,0.06278122921408684,
2015213,goal,70531,RCB,11,0.06278122921408684,
2015213,goal,70531,GK,11,0.06278122921408684,
2015213,goal,70563,RW,11,0.07434389972293988,
2015213,goal,70563,CF,11,0.07434389972293988,
2015213,goal,70563,CF,11,0.07434389972293988,
2015213,goal,70563,LB,11,0.07434389972293988,
2015213,goal,70563,RB,11,0.07434389972293988,
2015213,goal,70563,LCB,11,0.07434389972293988,
2015213,goal,70563,LW,11,0.07434389972293988,
2015213,goal,70563,RM,11,0.07434389972293988,
2015213,goal,70563,RB,11,0.07434389972293988,
2015213,goal,70563,RCB,11,0.07434389972293988,
2015213,goal,70563,GK,11,0.07434389972293988,
2015213,goal,70572,RW,11,0.06699539350615,
2015213,goal,70572,CF,11,0.06699539350615,
2015213,goal,70572,CF,11,0.06699539350615,
2015213,goal,70572,LB,11,0.06699539350615,
2015213,goal,70572,RB,11,0.06699539350615,
2015213,goal,70572,LCB,11,0.06699539350615,
2015213,goal,70572,LW,11,0.06699539350615,
2015213,goal,70572,RM,11,0.06699539350615,
2015213,goal,70572,RB,11,0.06699539350615,
2015213,goal,70572,RCB,11,0.06699539350615,
2015213,goal,70572,GK,11,0.06699539350615,
2015213,goal,70598,RW,10,0.0161637549438656,
2015213,goal,70598,LW,10,0.0161637549438656,
2015213,goal,70598,CF,10,0.0161637549438656,
2015213,goal,70598,LB,10,0.0161637549438656,
2015213,goal,70598,RB,10,0.0161637549438656,
2015213,goal,70598,RM,10,0.0161637549438656,
2015213,goal,70598,LCB,10,0.0161637549438656,
2015213,goal,70598,RB,10,0.0161637549438656,
2015213,goal,70598,RCB,10,0.0161637549438656,
2015213,goal,70598,GK,10,0.0161637549438656,
2016236,goal,2479,RW,11,0.4484455114110923,
2016236,goal,2479,AM,11,0.4484455114110923,
2016236,goal,2479,RCB,11,0.4484455114110923,
2016236,goal,2479,LB,11,0.4484455114110923,
2016236,goal,2479,RB,11,0.4484455114110923,
2016236,goal,2479,CF,11,0.4484455114110923,
2016236,goal,2479,LW,11,0.4484455114110923,
2016236,goal,2479,LDM,11,0.4484455114110923,
2016236,goal,2479,GK,11,0.4484455114110923,
2016236,goal,2479,LCB,11,0.4484455114110923,
2016236,goal,2479,RDM,11,0.4484455114110923,
2016236,goal,2519,CF,10,0.29929984758536105,
2016236,goal,2519,LW,10,0.29929984758536105,
2016236,goal,2519,RW,10,0.29929984758536105,
2016236,goal,2519,AM,10,0.29929984758536105,
2016236,goal,2519,RB,10,0.29929984758536105,
2016236,goal,2519,RCB,10,0.29929984758536105,
2016236,goal,2519,LCB,10,0.29929984758536105,
2016236,goal,2519,GK,10,0.29929984758536105,
2016236,goal,2519,LDM,10,0.29929984758536105,
2016236,goal,2519,RDM,10,0.29929984758536105,
2016236,goal,2534,CF,10,0.22473821692858761,
2016236,goal,2534,LW,10,0.22473821692858761,
2016236,goal,2534,GK,10,0.22473821692858761,
2016236,goal,2534,LDM,10,0.22473821692858761,
2016236,goal,2534,RW,10,0.22473821692858761,
2016236,goal,2534,RCB,10,0.22473821692858761,
2016236,goal,2534,LB,10,0.22473821692858761,
2016236,goal,2534,RB,10,0.22473821692858761,
2016236,goal,2534,LCB,10,0.22473821692858761,
2016236,goal,2534,RDM,10,0.22473821692858761,
2016236,shot,4203,RB,5,4.6261929078525325e-05,
2016236,shot,4203,LM,5,4.6261929078525325e-05,
2016236,shot,4203,RM,5,4.6261929078525325e-05,
2016236,shot,4203,RCB,5,4.6261929078525325e-05,
2016236,shot,4203,GK,5,4.6261929078525325e-05,
2016236,shot,4211,CF,7,1.6100948613843186e-05,
2016236,shot,4211,RB,7,1.6100948613843186e-05,
2016236,shot,4211,LM,7,1.6100948613843186e-05,
2016236,shot,4211,RM,7,1.6100948613843186e-05,
2016236,shot,4211,LB,7,1.6100948613843186e-05,
2016236,shot,4211,RCB,7,1.6100948613843186e-05,
2016236,shot,4211,GK,7,1.6100948613843186e-05,
2016236,shot,4231,CF,8,1.0487605003569262e-06,
2016236,shot,4231,RW,8,1.0487605003569262e-06,
2016236,shot,4231,RB,8,1.0487605003569262e-06,
2016236,shot,4231,LM,8,1.0487605003569262e-06,
2016236,shot,4231,RM,8,1.0487605003569262e-06,
2016236,shot,4231,LB,8,1.0487605003569262e-06,
2016236,shot,4231,RCB,8,1.0487605003569262e-06,
2016236,shot,4231,GK,8,1.0487605003569262e-06,
2016236,shot,4301,CF,11,0.0037157179420162947,
2016236,shot,4301,CF,11,0.0037157179420162947,
2016236,shot,4301,LW,11,0.0037157179420162947,
2016236,shot,4301,LM,11,0.0037157179420162947,
2016236,shot,4301,RW,11,0.0037157179420162947,
2016236,shot,4301,RB,11,0.0037157179420162947,
2016236,shot,4301,RM,11,0.0037157179420162947,
2016236,shot,4301,LCB,11,0.0037157179420162947,
2016236,shot,4301,LB,11,0.0037157179420162947,
2016236,shot,4301,RCB,11,0.0037157179420162947,
2016236,shot,4301,GK,11,0.0037157179420162947,
2016236,shot,6086,RW,11,0.0007046194631717289,
2016236,shot,6086,CF,11,0.0007046194631717289,
2016236,shot,6086,CF,11,0.0007046194631717289,
2016236,shot,6086,LW,11,0.0007046194631717289,
2016236,shot,6086,RB,11,0.0007046194631717289,
2016236,shot,6086,GK,11,0.0007046194631717289,
2016236,shot,6086,LM,11,0.0007046194631717289,
2016236,shot,6086,RM,11,0.0007046194631717289,
2016236,shot,6086,LB,11,0.0007046194631717289,
2016236,shot,6086,RCB,11,0.0007046194631717289,
2016236,shot,6086,LCB,11,0.0007046194631717289,
2016236,shot,6101,RB,10,0.0023521197211317955,
2016236,shot,6101,CF,10,0.0023521197211317955,
2016236,shot,6101,LW,10,0.0023521197211317955,
2016236,shot,6101,RW,10,0.0023521197211317955,
2016236,shot,6101,GK,10,0.0023521197211317955,
2016236,shot,6101,LM,10,0.0023521197211317955,
2016236,shot,6101,RM,10,0.0023521197211317955,
2016236,shot,6101,LB,10,0.0023521197211317955,
2016236,shot,6101,RCB,10,0.0023521197211317955,
2016236,shot,6101,LCB,10,0.0023521197211317955,
2016236,shot,6126,RW,9,0.00017614206432237033,
2016236,shot,6126,RM,9,0.00017614206432237033,
2016236,shot,6126,LW,9,0.00017614206432237033,
2016236,shot,6126,RB,9,0.00017614206432237033,
2016236,shot,6126,GK,9,0.00017614206432237033,
2016236,shot,6126,CF,9,0.00017614206432237033,
2016236,shot,6126,LM,9,0.00017614206432237033,
2016236,shot,6126,LB,9,0.00017614206432237033,
2016236,shot,6126,RCB,9,0.00017614206432237033,
2016236,shot,6142,RCB,10,2.839422747746062e-05,
2016236,shot,6142,CF,10,2.839422747746062e-05,
2016236,shot,6142,CF,10,2.839422747746062e-05,
2016236,shot,6142,LW,10,2.839422747746062e-05,
2016236,shot,6142,RW,10,2.839422747746062e-05,
2016236,shot,6142,RM,10,2.839422747746062e-05,
2016236,shot,6142,GK,10,2.839422747746062e-05,
2016236,shot,6142,LM,10,2.839422747746062e-05,
2016236,shot,6142,LB,10,2.839422747746062e-05,
2016236,shot,6142,RB,10,2.839422747746062e-05,
2016236,shot,8159,CF,10,0.005348606240290374,
2016236,shot,8159,RM,10,0.005348606240290374,
2016236,shot,8159,CF,10,0.005348606240290374,
2016236,shot,8159,RW,10,0.005348606240290374,
2016236,shot,8159,GK,10,0.005348606240290374,
2016236,shot,8159,LM,10,0.005348606240290374,
2016236,shot,8159,LCB,10,0.005348606240290374,
2016236,shot,8159,LB,10,0.005348606240290374,
2016236,shot,8159,RCB,10,0.005348606240290374,
2016236,shot,8159,RB,10,0.005348606240290374,
2016236,shot,8173,CF,10,0.0012880953210328819,
2016236,shot,8173,CF,10,0.0012880953210328819,
2016236,shot,8173,GK,10,0.0012880953210328819,
2016236,shot,8173,RW,10,0.0012880953210328819,
2016236,shot,8173,RM,10,0.0012880953210328819,
2016236,shot,8173,LM,10,0.0012880953210328819,
2016236,shot,8173,LCB,10,0.0012880953210328819,
2016236,shot,8173,LB,10,0.0012880953210328819,
2016236,shot,8173,RCB,10,0.0012880953210328819,
2016236,shot,8173,RB,10,0.0012880953210328819,
2016236,shot,10181,LB,7,0.00011077134447880024,
2016236,shot,10181,CF,7,0.00011077134447880024,
2016236,shot,10181,RM,7,0.00011077134447880024,
2016236,shot,10181,LM,7,0.00011077134447880024,
2016236,shot,10181,RB,7,0.00011077134447880024,
2016236,shot,10181,LCB,7,0.00011077134447880024,
2016236,shot,10181,GK,7,0.00011077134447880024,
2016236,shot,10215,CF,10,0.0006160867473999888,
2016236,shot,10215,LW,10,0.0006160867473999888,
2016236,shot,10215,RW,10,0.0006160867473999888,
2016236,shot,10215,LB,10,0.0006160867473999888,
2016236,shot,10215,RM,10,0.0006160867473999888,
2016236,shot,10215,LM,10,0.0006160867473999888,
2016236,shot,10215,RB,10,0.0006160867473999888,
2016236,shot,10215,LCB,10,0.0006160867473999888,
2016236,shot,10215,RB,10,0.0006160867473999888,
2016236,shot,10215,GK,10,0.0006160867473999888,
2016236,shot,10248,CF,10,0.047950818725794785,
2016236,shot,10248,LW,10,0.047950818725794785,
2016236,shot,10248,RW,10,0.047950818725794785,
2016236,shot,10248,LB,10,0.047950818725794785,
2016236,shot,10248,RM,10,0.047950818725794785,
2016236,shot,10248,LM,10,0.047950818725794785,
2016236,shot,10248,RB,10,0.047950818725794785,
2016236,shot,10248,LCB,10,0.047950818725794785,
2016236,shot,10248,RB,10,0.047950818725794785,
2016236,shot,10248,GK,10,0.047950818725794785,
2016236,shot,10279,CF,10,0.02830660709529483,
2016236,shot,10279,CF,10,0.02830660709529483,
2016236,shot,10279,RW,10,0.02830660709529483,
2016236,shot,10279,LM,10,0.02830660709529483,
2016236,shot,10279,RB,10,0.02830660709529483,
2016236,shot,10279,RM,10,0.02830660709529483,
2016236,shot,10279,GK,10,0.02830660709529483,
2016236,shot,10279,LB,10,0.02830660709529483,
2016236,shot,10279,RB,10,0.02830660709529483,
2016236,shot,10279,LCB,10,0.02830660709529483,
2016236,shot,11978,GK,11,0.07670256476805093,
2016236,shot,11978,CF,11,0.07670256476805093,
2016236,shot,11978,RDM,11,0.07670256476805093,
2016236,shot,11978,LW,11,0.07670256476805093,
2016236,shot,11978,RW,11,0.07670256476805093,
2016236,shot,11978,LDM,11,0.07670256476805093,
2016236,shot,11978,LB,11,0.07670256476805093,
2016236,shot,11978,AM,11,0.07670256476805093,
2016236,shot,11978,RB,11,0.07670256476805093,
2016236,shot,11978,LCB,11,0.07670256476805093,
2016236,shot,11978,RCB,11,0.07670256476805093,
2016236,shot,12006,LDM,10,0.21140274782082197,
2016236,shot,12006,RDM,10,0.21140274782082197,
2016236,shot,12006,GK,10,0.21140274782082197,
2016236,shot,12006,LW,10,0.21140274782082197,
2016236,shot,12006,RW,10,0.21140274782082197,
2016236,shot,12006,AM,10,0.21140274782082197,
2016236,shot,12006,LB,10,0.21140274782082197,
2016236,shot,12006,RB,10,0.21140274782082197,
2016236,shot,12006,LCB,10,0.21140274782082197,
2016236,shot,12006,RCB,10,0.21140274782082197,
2016236,shot,12038,RCB,10,0.23993576492021257,
2016236,shot,12038,LW,10,0.23993576492021257,
2016236,shot,12038,CF,10,0.23993576492021257,
2016236,shot,12038,LDM,10,0.23993576492021257,
2016236,shot,12038,RDM,10,0.23993576492021257,
2016236,shot,12038,AM,10,0.23993576492021257,
2016236,shot,12038,LB,10,0.23993576492021257,
2016236,shot,12038,RB,10,0.23993576492021257,
2016236,shot,12038,LCB,10,0.23993576492021257,
2016236,shot,12038,GK,10,0.23993576492021257,
2016236,shot,12054,RW,11,0.4163391566282478,
2016236,shot,12054,LW,11,0.4163391566282478,
2016236,shot,12054,CF,11,0.4163391566282478,
2016236,shot,12054,LDM,11,0.4163391566282478,
2016236,shot,12054,GK,11,0.4163391566282478,
2016236,shot,12054,RDM,11,0.4163391566282478,
2016236,shot,12054,AM,11,0.4163391566282478,
2016236,shot,12054,LB,11,0.4163391566282478,
2016236,shot,12054,RB,11,0.4163391566282478,
2016236,shot,12054,LCB,11,0.4163391566282478,
2016236,shot,12054,RCB,11,0.4163391566282478,
2016236,shot,12984,LB,10,0.19575091990008173,
2016236,shot,12984,CF,10,0.19575091990008173,
2016236,shot,12984,LCB,10,0.19575091990008173,
2016236,shot,12984,LW,10,0.19575091990008173,
2016236,shot,12984,CF,10,0.19575091990008173,
2016236,shot,12984,LM,10,0.19575091990008173,
2016236,shot,12984,RM,10,0.19575091990008173,
2016236,shot,12984,RB,10,0.19575091990008173,
2016236,shot,12984,GK,10,0.19575091990008173,
2016236,shot,12984,RW,10,0.19575091990008173,
2016236,shot,13029,CF,10,0.017950148726000748,
2016236,shot,13029,LW,10,0.017950148726000748,
2016236,shot,13029,RM,10,0.017950148726000748,
2016236,shot,13029,LB,10,0.017950148726000748,
2016236,shot,13029,CF,10,0.017950148726000748,
2016236,shot,13029,LCB,10,0.017950148726000748,
2016236,shot,13029,RB,10,0.017950148726000748,
2016236,shot,13029,RB,10,0.017950148726000748,
2016236,shot,13029,LM,10,0.017950148726000748,
2016236,shot,13029,GK,10,0.017950148726000748,
2016236,shot,13048,CF,10,0.0010843770381231627,
2016236,shot,13048,LW,10,0.0010843770381231627,
2016236,shot,13048,LB,10,0.0010843770381231627,
2016236,shot,13048,LM,10,0.0010843770381231627,
2016236,shot,13048,RB,10,0.0010843770381231627,
2016236,shot,13048,RB,10,0.0010843770381231627,
2016236,shot,13048,LCB,10,0.0010843770381231627,
2016236,shot,13048,RM,10,0.0010843770381231627,
2016236,shot,13048,RW,10,0.0010843770381231627,
2016236,shot,13048,GK,10,0.0010843770381231627,
2016236,shot,13051,CF,10,0.0008940354465509547,
2016236,shot,13051,LW,10,0.0008940354465509547,
2016236,shot,13051,LB,10,0.0008940354465509547,
2016236,shot,13051,LM,10,0.0008940354465509547,
2016236,shot,13051,RB,10,0.0008940354465509547,
2016236,shot,13051,RB,10,0.0008940354465509547,
2016236,shot,13051,LCB,10,0.0008940354465509547,
2016236,shot,13051,RM,10,0.0008940354465509547,
2016236,shot,13051,RW,10,0.0008940354465509547,
2016236,shot,13051,GK,10,0.0008940354465509547,
2016236,shot,13074,CF,11,5.579209328425974e-05,
2016236,shot,13074,CF,11,5.579209328425974e-05,
2016236,shot,13074,LW,11,5.579209328425974e-05,
2016236,shot,13074,LM,11,5.579209328425974e-05,
2016236,shot,13074,RB,11,5.579209328425974e-05,
2016236,shot,13074,LB,11,5.579209328425974e-05,
2016236,shot,13074,RB,11,5.579209328425974e-05,
2016236,shot,13074,LCB,11,5.579209328425974e-05,
2016236,shot,13074,RM,11,5.579209328425974e-05,
2016236,shot,13074,RW,11,5.579209328425974e-05,
2016236,shot,13074,GK,11,5.579209328425974e-05,
2016236,goal,19591,LW,9,0.005343560352435505,
2016236,goal,19591,CF,9,0.005343560352435505,
2016236,goal,19591,LB,9,0.005343560352435505,
2016236,goal,19591,RW,9,0.005343560352435505,
2016236,goal,19591,RM,9,0.005343560352435505,
2016236,goal,19591,LM,9,0.005343560352435505,
2016236,goal,19591,RB,9,0.005343560352435505,
2016236,goal,19591,LCB,9,0.005343560352435505,
2016236,goal,19591,GK,9,0.005343560352435505,
2016236,goal,19602,LW,10,0.0075472394275542705,
2016236,goal,19602,CF,10,0.0075472394275542705,
2016236,goal,19602,CF,10,0.0075472394275542705,
2016236,goal,19602,LB,10,0.0075472394275542705,
2016236,goal,19602,RW,10,0.0075472394275542705,
2016236,goal,19602,RM,10,0.0075472394275542705,
2016236,goal,19602,LM,10,0.0075472394275542705,
2016236,goal,19602,RB,10,0.0075472394275542705,
2016236,goal,19602,LCB,10,0.0075472394275542705,
2016236,goal,19602,GK,10,0.0075472394275542705,
2016236,goal,19637,CF,10,0.05468783623267877,
2016236,goal,19637,LW,10,0.05468783623267877,
2016236,goal,19637,CF,10,0.05468783623267877,
2016236,goal,19637,LB,10,0.05468783623267877,
2016236,goal,19637,RW,10,0.05468783623267877,
2016236,goal,19637,RM,10,0.05468783623267877,
2016236,goal,19637,LM,10,0.05468783623267877,
2016236,goal,19637,RB,10,0.05468783623267877,
2016236,goal,19637,LCB,10,0.05468783623267877,
2016236,goal,19637,GK,10,0.05468783623267877,
2016236,goal,19653,CF,11,0.020536511561764354,
2016236,goal,19653,LW,11,0.020536511561764354,
2016236,goal,19653,CF,11,0.020536511561764354,
2016236,goal,19653,LB,11,0.020536511561764354,
2016236,goal,19653,RW,11,0.020536511561764354,
2016236,goal,19653,RM,11,0.020536511561764354,
2016236,goal,19653,LM,11,0.020536511561764354,
2016236,goal,19653,RB,11,0.020536511561764354,
2016236,goal,19653,LCB,11,0.020536511561764354,
2016236,goal,19653,RB,11,0.020536511561764354,
2016236,goal,19653,GK,11,0.020536511561764354,
2016236,shot,31292,LCB,10,0.15095890638831855,
2016236,shot,31292,RCB,10,0.15095890638831855,
2016236,shot,31292,CF,10,0.15095890638831855,
2016236,shot,31292,RW,10,0.15095890638831855,
2016236,shot,31292,LW,10,0.15095890638831855,
2016236,shot,31292,RB,10,0.15095890638831855,
2016236,shot,31292,LB,10,0.15095890638831855,
2016236,shot,31292,RDM,10,0.15095890638831855,
2016236,shot,31292,GK,10,0.15095890638831855,
2016236,shot,31292,LDM,10,0.15095890638831855,
2016236,shot,31347,AM,11,0.147267584529583,
2016236,shot,31347,LCB,11,0.147267584529583,
2016236,shot,31347,RCB,11,0.147267584529583,
2016236,shot,31347,RW,11,0.147267584529583,
2016236,shot,31347,LW,11,0.147267584529583,
2016236,shot,31347,CF,11,0.147267584529583,
2016236,shot,31347,RDM,11,0.147267584529583,
2016236,shot,31347,LB,11,0.147267584529583,
2016236,shot,31347,RB,11,0.147267584529583,
2016236,shot,31347,GK,11,0.147267584529583,
2016236,shot,31347,LDM,11,0.147267584529583,
2016236,shot,31527,LB,9,8.725185215758245e-05,
2016236,shot,31527,CF,9,8.725185215758245e-05,
2016236,shot,31527,RW,9,8.725185215758245e-05,
2016236,shot,31527,LW,9,8.725185215758245e-05,
2016236,shot,31527,LM,9,8.725185215758245e-05,
2016236,shot,31527,RB,9,8.725185215758245e-05,
2016236,shot,31527,RM,9,8.725185215758245e-05,
2016236,shot,31527,GK,9,8.725185215758245e-05,
2016236,shot,31527,RB,9,8.725185215758245e-05,
2016236,shot,31567,LW,10,8.920224519890738e-06,
2016236,shot,31567,CF,10,8.920224519890738e-06,
2016236,shot,31567,LM,10,8.920224519890738e-06,
2016236,shot,31567,LB,10,8.920224519890738e-06,
2016236,shot,31567,RB,10,8.920224519890738e-06,
2016236,shot,31567,RM,10,8.920224519890738e-06,
2016236,shot,31567,GK,10,8.920224519890738e-06,
2016236,shot,31567,RB,10,8.920224519890738e-06,
2016236,shot,31567,RW,10,8.920224519890738e-06,
2016236,shot,31567,LCB,10,8.920224519890738e-06,
2016236,shot,31595,LW,9,0.00025714266955451293,
2016236,shot,31595,LM,9,0.00025714266955451293,
2016236,shot,31595,CF,9,0.00025714266955451293,
2016236,shot,31595,LB,9,0.00025714266955451293,
2016236,shot,31595,LCB,9,0.00025714266955451293,
2016236,shot,31595,RM,9,0.00025714266955451293,
2016236,shot,31595,RB,9,0.00025714266955451293,
2016236,shot,31595,RB,9,0.00025714266955451293,
2016236,shot,31595,GK,9,0.00025714266955451293,
2016236,shot,54602,CF,10,0.03338726770216547,
2016236,shot,54602,LW,10,0.03338726770216547,
2016236,shot,54602,LW,10,0.03338726770216547,
2016236,shot,54602,LB,10,0.03338726770216547,
2016236,shot,54602,RB,10,0.03338726770216547,
2016236,shot,54602,RM,10,0.03338726770216547,
2016236,shot,54602,RB,10,0.03338726770216547,
2016236,shot,54602,LM,10,0.03338726770216547,
2016236,shot,54602,GK,10,0.03338726770216547,
2016236,shot,54602,LCB,10,0.03338726770216547,
2016236,shot,54619,LW,11,0.11415224516490349,
2016236,shot,54619,LW,11,0.11415224516490349,
2016236,shot,54619,CF,11,0.11415224516490349,
2016236,shot,54619,LB,11,0.11415224516490349,
2016236,shot,54619,RB,11,0.11415224516490349,
2016236,shot,54619,RM,11,0.11415224516490349,
2016236,shot,54619,CF,11,0.11415224516490349,
2016236,shot,54619,RB,11,0.11415224516490349,
2016236,shot,54619,LM,11,0.11415224516490349,
2016236,shot,54619,GK,11,0.11415224516490349,
2016236,shot,54619,LCB,11,0.11415224516490349,
2016236,shot,58212,RB,7,5.025451065258664e-05,
2016236,shot,58212,RDM,7,5.025451065258664e-05,
2016236,shot,58212,LW,7,5.025451065258664e-05,
2016236,shot,58212,AM,7,5.025451065258664e-05,
2016236,shot,58212,LW,7,5.025451065258664e-05,
2016236,shot,58212,RDM,7,5.025451065258664e-05,
2016236,shot,58212,GK,7,5.025451065258664e-05,
2016236,shot,58260,RB,9,0.0022289034008516053,
2016236,shot,58260,AM,9,0.0022289034008516053,
2016236,shot,58260,LDM,9,0.0022289034008516053,
2016236,shot,58260,RW,9,0.0022289034008516053,
2016236,shot,58260,RDM,9,0.0022289034008516053,
2016236,shot,58260,LW,9,0.0022289034008516053,
2016236,shot,58260,RDM,9,0.0022289034008516053,
2016236,shot,58260,GK,9,0.0022289034008516053,
2016236,shot,58260,LCB,9,0.0022289034008516053,
2016236,shot,58272,RW,11,0.00027057216576172115,
2016236,shot,58272,AM,11,0.00027057216576172115,
2016236,shot,58272,CF,11,0.00027057216576172115,
2016236,shot,58272,LDM,11,0.00027057216576172115,
2016236,shot,58272,RB,11,0.00027057216576172115,
2016236,shot,58272,RDM,11,0.00027057216576172115,
2016236,shot,58272,LW,11,0.00027057216576172115,
2016236,shot,58272,LW,11,0.00027057216576172115,
2016236,shot,58272,RDM,11,0.00027057216576172115,
2016236,shot,58272,GK,11,0.00027057216576172115,
2016236,shot,58272,LCB,11,0.00027057216576172115,
2016236,goal,60799,LDM,11,0.01903274708899624,
2016236,goal,60799,CF,11,0.01903274708899624,
2016236,goal,60799,RW,11,0.01903274708899624,
2016236,goal,60799,LW,11,0.01903274708899624,
2016236,goal,60799,RB,11,0.01903274708899624,
2016236,goal,60799,LCB,11,0.01903274708899624,
2016236,goal,60799,AM,11,0.01903274708899624,
2016236,goal,60799,LW,11,0.01903274708899624,
2016236,goal,60799,RDM,11,0.01903274708899624,
2016236,goal,60799,RDM,11,0.01903274708899624,
2016236,goal,60799,GK,11,0.01903274708899624,
2016236,goal,60824,CF,11,0.012098769646865591,
2016236,goal,60824,LW,11,0.012098769646865591,
2016236,goal,60824,RW,11,0.012098769646865591,
2016236,goal,60824,LDM,11,0.012098769646865591,
2016236,goal,60824,RB,11,0.012098769646865591,
2016236,goal,60824,RDM,11,0.012098769646865591,
2016236,goal,60824,AM,11,0.012098769646865591,
2016236,goal,60824,LW,11,0.012098769646865591,
2016236,goal,60824,RDM,11,0.012098769646865591,
2016236,goal,60824,LCB,11,0.012098769646865591,
2016236,goal,60824,GK,11,0.012098769646865591,
2016236,goal,60855,LDM,9,0.11645404958674357,
2016236,goal,60855,RW,9,0.11645404958674357,
2016236,goal,60855,LW,9,0.11645404958674357,
2016236,goal,60855,RDM,9,0.11645404958674357,
2016236,goal,60855,RDM,9,0.11645404958674357,
2016236,goal,60855,AM,9,0.11645404958674357,
2016236,goal,60855,LW,9,0.11645404958674357,
2016236,goal,60855,LCB,9,0.11645404958674357,
2016236,goal,60855,GK,9,0.11645404958674357,
2016236,goal,60886,AM,10,0.05898511043289525,
2016236,goal,60886,CF,10,0.05898511043289525,
2016236,goal,60886,LW,10,0.05898511043289525,
2016236,goal,60886,RDM,10,0.05898511043289525,
2016236,goal,60886,RDM,10,0.05898511043289525,
2016236,goal,60886,LDM,10,0.05898511043289525,
2016236,goal,60886,LW,10,0.05898511043289525,
2016236,goal,60886,RB,10,0.05898511043289525,
2016236,goal,60886,LCB,10,0.05898511043289525,
2016236,goal,60886,GK,10,0.05898511043289525,
2016236,shot,61816,CF,11,5.845629618736859e-06,
2016236,shot,61816,RDM,11,5.845629618736859e-06,
2016236,shot,61816,RDM,11,5.845629618736859e-06,
2016236,shot,61816,LW,11,5.845629618736859e-06,
2016236,shot,61816,RW,11,5.845629618736859e-06,
2016236,shot,61816,LCB,11,5.845629618736859e-06,
2016236,shot,61816,AM,11,5.845629618736859e-06,
2016236,shot,61816,LW,11,5.845629618736859e-06,
2016236,shot,61816,RB,11,5.845629618736859e-06,
2016236,shot,61816,GK,11,5.845629618736859e-06,
2016236,shot,61816,LDM,11,5.845629618736859e-06,
2016236,shot,61826,CF,10,4.159600428607797e-06,
2016236,shot,61826,RDM,10,4.159600428607797e-06,
2016236,shot,61826,LDM,10,4.159600428607797e-06,
2016236,shot,61826,RW,10,4.159600428607797e-06,
2016236,shot,61826,LCB,10,4.159600428607797e-06,
2016236,shot,61826,AM,10,4.159600428607797e-06,
2016236,shot,61826,LW,10,4.159600428607797e-06,
2016236,shot,61826,RB,10,4.159600428607797e-06,
2016236,shot,61826,GK,10,4.159600428607797e-06,
2016236,shot,61826,RDM,10,4.159600428607797e-06,
2016236,shot,61842,LW,10,5.41482503808271e-06,
2016236,shot,61842,LDM,10,5.41482503808271e-06,
2016236,shot,61842,AM,10,5.41482503808271e-06,
2016236,shot,61842,RW,10,5.41482503808271e-06,
2016236,shot,61842,RDM,10,5.41482503808271e-06,
2016236,shot,61842,LCB,10,5.41482503808271e-06,
2016236,shot,61842,LW,10,5.41482503808271e-06,
2016236,shot,61842,RB,10,5.41482503808271e-06,
2016236,shot,61842,GK,10,5.41482503808271e-06,
2016236,shot,61842,RDM,10,5.41482503808271e-06,
2016236,shot,65717,GK,10,0.01947774496970649,
2016236,shot,65717,LW,10,0.01947774496970649,
2016236,shot,65717,RM,10,0.01947774496970649,
2016236,shot,65717,LCB,10,0.01947774496970649,
2016236,shot,65717,RW,10,0.01947774496970649,
2016236,shot,65717,LM,10,0.01947774496970649,
2016236,shot,65717,CF,10,0.01947774496970649,
2016236,shot,65717,CF,10,0.01947774496970649,
2016236,shot,65717,LB,10,0.01947774496970649,
2016236,shot,65717,RB,10,0.01947774496970649,
2016236,shot,65735,GK,9,0.06903632816540793,
2016236,shot,65735,LW,9,0.06903632816540793,
2016236,shot,65735,LCB,9,0.06903632816540793,
2016236,shot,65735,RW,9,0.06903632816540793,
2016236,shot,65735,LM,9,0.06903632816540793,
2016236,shot,65735,RM,9,0.06903632816540793,
2016236,shot,65735,LB,9,0.06903632816540793,
2016236,shot,65735,RB,9,0.06903632816540793,
2016236,shot,65735,RB,9,0.06903632816540793,
2016236,shot,69942,LCB,10,0.06261151149564678,
2016236,shot,69942,LDM,10,0.06261151149564678,
2016236,shot,69942,AM,10,0.06261151149564678,
2016236,shot,69942,LW,10,0.06261151149564678,
2016236,shot,69942,RB,10,0.06261151149564678,
2016236,shot,69942,RW,10,0.06261151149564678,
2016236,shot,69942,CF,10,0.06261151149564678,
2016236,shot,69942,LW,10,0.06261151149564678,
2016236,shot,69942,GK,10,0.06261151149564678,
2016236,shot,69942,RDM,10,0.06261151149564678,
2017461,shot,2590,RW,11,0.006716923119310064,
2017461,shot,2590,CF,11,0.006716923119310064,
2017461,shot,2590,LDM,11,0.006716923119310064,
2017461,shot,2590,LW,11,0.006716923119310064,
2017461,shot,2590,RB,11,0.006716923119310064,
2017461,shot,2590,RDM,11,0.006716923119310064,
2017461,shot,2590,AM,11,0.006716923119310064,
2017461,shot,2590,LB,11,0.006716923119310064,
2017461,shot,2590,RCB,11,0.006716923119310064,
2017461,shot,2590,LCB,11,0.006716923119310064,
2017461,shot,2590,GK,11,0.006716923119310064,
2017461,shot,2623,RW,11,0.0010287560432603738,
2017461,shot,2623,LDM,11,0.0010287560432603738,
2017461,shot,2623,CF,11,0.0010287560432603738,
2017461,shot,2623,LW,11,0.0010287560432603738,
2017461,shot,2623,RB,11,0.0010287560432603738,
2017461,shot,2623,RDM,11,0.0010287560432603738,
2017461,shot,2623,AM,11,0.0010287560432603738,
2017461,shot,2623,LB,11,0.0010287560432603738,
2017461,shot,2623,GK,11,0.0010287560432603738,
2017461,shot,2623,LCB,11,0.0010287560432603738,
2017461,shot,2623,RCB,11,0.0010287560432603738,
2017461,shot,2669,RDM,10,0.0028195470187862086,
2017461,shot,2669,AM,10,0.0028195470187862086,
2017461,shot,2669,RB,10,0.0028195470187862086,
2017461,shot,2669,CF,10,0.0028195470187862086,
2017461,shot,2669,GK,10,0.0028195470187862086,
2017461,shot,2669,LB,10,0.0028195470187862086,
2017461,shot,2669,LDM,10,0.0028195470187862086,
2017461,shot,2669,RW,10,0.0028195470187862086,
2017461,shot,2669,LCB,10,0.0028195470187862086,
2017461,shot,2669,RCB,10,0.0028195470187862086,
2017461,shot,6525,RCB,9,0.068251470365186,
2017461,shot,6525,RDM,9,0.068251470365186,
2017461,shot,6525,CF,9,0.068251470365186,
2017461,shot,6525,RB,9,0.068251470365186,
2017461,shot,6525,RW,9,0.068251470365186,
2017461,shot,6525,LW,9,0.068251470365186,
2017461,shot,6525,GK,9,0.068251470365186,
2017461,shot,6525,LDM,9,0.068251470365186,
2017461,shot,6525,LCB,9,0.068251470365186,
2017461,shot,6539,GK,9,0.11357790545005829,
2017461,shot,6539,RDM,9,0.11357790545005829,
2017461,shot,6539,CF,9,0.11357790545005829,
2017461,shot,6539,AM,9,0.11357790545005829,
2017461,shot,6539,RB,9,0.11357790545005829,
2017461,shot,6539,RW,9,0.11357790545005829,
2017461,shot,6539,RCB,9,0.11357790545005829,
2017461,shot,6539,LDM,9,0.11357790545005829,
2017461,shot,6539,LCB,9,0.11357790545005829,
2017461,shot,6545,GK,10,0.13035045717195617,
2017461,shot,6545,RDM,10,0.13035045717195617,
2017461,shot,6545,CF,10,0.13035045717195617,
2017461,shot,6545,AM,10,0.13035045717195617,
2017461,shot,6545,RB,10,0.13035045717195617,
2017461,shot,6545,RW,10,0.13035045717195617,
2017461,shot,6545,LB,10,0.13035045717195617,
2017461,shot,6545,RCB,10,0.13035045717195617,
2017461,shot,6545,LDM,10,0.13035045717195617,
2017461,shot,6545,LCB,10,0.13035045717195617,
2017461,shot,6590,CF,11,0.07713635451972072,
2017461,shot,6590,RDM,11,0.07713635451972072,
2017461,shot,6590,RCB,11,0.07713635451972072,
2017461,shot,6590,AM,11,0.07713635451972072,
2017461,shot,6590,GK,11,0.07713635451972072,
2017461,shot,6590,RW,11,0.07713635451972072,
2017461,shot,6590,LB,11,0.07713635451972072,
2017461,shot,6590,LW,11,0.07713635451972072,
2017461,shot,6590,RB,11,0.07713635451972072,
2017461,shot,6590,LDM,11,0.07713635451972072,
2017461,shot,6590,LCB,11,0.07713635451972072,
2017461,shot,6618,RCB,9,0.38494455084428314,
2017461,shot,6618,RDM,9,0.38494455084428314,
2017461,shot,6618,CF,9,0.38494455084428314,
2017461,shot,6618,LW,9,0.38494455084428314,
2017461,shot,6618,RB,9,0.38494455084428314,
2017461,shot,6618,LDM,9,0.38494455084428314,
2017461,shot,6618,LB,9,0.38494455084428314,
2017461,shot,6618,GK,9,0.38494455084428314,
2017461,shot,6618,LCB,9,0.38494455084428314,
2017461,shot,6624,LB,11,0.38643967714407446,
2017461,shot,6624,RDM,11,0.38643967714407446,
2017461,shot,6624,CF,11,0.38643967714407446,
2017461,shot,6624,LW,11,0.38643967714407446,
2017461,shot,6624,RB,11,0.38643967714407446,
2017461,shot,6624,LDM,11,0.38643967714407446,
2017461,shot,6624,RW,11,0.38643967714407446,
2017461,shot,6624,AM,11,0.38643967714407446,
2017461,shot,6624,RCB,11,0.38643967714407446,
2017461,shot,6624,LCB,11,0.38643967714407446,
2017461,shot,6624,GK,11,0.38643967714407446,
2017461,shot,7005,AM,9,0.028313530438809166,
2017461,shot,7005,RDM,9,0.028313530438809166,
2017461,shot,7005,RB,9,0.028313530438809166,
2017461,shot,7005,LB,9,0.028313530438809166,
2017461,shot,7005,LDM,9,0.028313530438809166,
2017461,shot,7005,LW,9,0.028313530438809166,
2017461,shot,7005,GK,9,0.028313530438809166,
2017461,shot,7005,LCB,9,0.028313530438809166,
2017461,shot,7005,RCB,9,0.028313530438809166,
2017461,shot,7040,RW,11,0.1344198529697267,
2017461,shot,7040,AM,11,0.1344198529697267,
2017461,shot,7040,RCB,11,0.1344198529697267,
2017461,shot,7040,LW,11,0.1344198529697267,
2017461,shot,7040,RB,11,0.1344198529697267,
2017461,shot,7040,LB,11,0.1344198529697267,
2017461,shot,7040,LDM,11,0.1344198529697267,
2017461,shot,7040,CF,11,0.1344198529697267,
2017461,shot,7040,GK,11,0.1344198529697267,
2017461,shot,7040,LCB,11,0.1344198529697267,
2017461,shot,7040,RDM,11,0.1344198529697267,
2017461,shot,7069,RW,10,0.22426482252633803,
2017461,shot,7069,AM,10,0.22426482252633803,
2017461,shot,7069,RDM,10,0.22426482252633803,
2017461,shot,7069,RB,10,0.22426482252633803,
2017461,shot,7069,CF,10,0.22426482252633803,
2017461,shot,7069,LDM,10,0.22426482252633803,
2017461,shot,7069,LB,10,0.22426482252633803,
2017461,shot,7069,GK,10,0.22426482252633803,
2017461,shot,7069,LCB,10,0.22426482252633803,
2017461,shot,7069,RCB,10,0.22426482252633803,
2017461,shot,9252,LW,11,0.0003759189835152994,
2017461,shot,9252,CF,11,0.0003759189835152994,
2017461,shot,9252,RM,11,0.0003759189835152994,
2017461,shot,9252,LB,11,0.0003759189835152994,
2017461,shot,9252,RW,11,0.0003759189835152994,
2017461,shot,9252,CF,11,0.0003759189835152994,
2017461,shot,9252,LM,11,0.0003759189835152994,
2017461,shot,9252,RCB,11,0.0003759189835152994,
2017461,shot,9252,LCB,11,0.0003759189835152994,
2017461,shot,9252,RB,11,0.0003759189835152994,
2017461,shot,9252,GK,11,0.0003759189835152994,
2017461,shot,9334,CF,9,0.0037783760332532283,
2017461,shot,9334,RCB,9,0.0037783760332532283,
2017461,shot,9334,RM,9,0.0037783760332532283,
2017461,shot,9334,LW,9,0.0037783760332532283,
2017461,shot,9334,RW,9,0.0037783760332532283,
2017461,shot,9334,LM,9,0.0037783760332532283,
2017461,shot,9334,LCB,9,0.0037783760332532283,
2017461,shot,9334,RB,9,0.0037783760332532283,
2017461,shot,9334,GK,9,0.0037783760332532283,
2017461,shot,10805,RDM,8,3.854412568017283e-08,
2017461,shot,10805,AM,8,3.854412568017283e-08,
2017461,shot,10805,LDM,8,3.854412568017283e-08,
2017461,shot,10805,RW,8,3.854412568017283e-08,
2017461,shot,10805,LCB,8,3.854412568017283e-08,
2017461,shot,10805,CF,8,3.854412568017283e-08,
2017461,shot,10805,LB,8,3.854412568017283e-08,
2017461,shot,10805,GK,8,3.854412568017283e-08,
2017461,shot,10846,LW,7,4.301545980139488e-06,
2017461,shot,10846,RDM,7,4.301545980139488e-06,
2017461,shot,10846,AM,7,4.301545980139488e-06,
2017461,shot,10846,RW,7,4.301545980139488e-06,
2017461,shot,10846,CF,7,4.301545980139488e-06,
2017461,shot,10846,LCB,7,4.301545980139488e-06,
2017461,shot,10846,GK,7,4.301545980139488e-06,
2017461,shot,10904,AM,11,0.0019840871195195894,
2017461,shot,10904,LW,11,0.0019840871195195894,
2017461,shot,10904,RDM,11,0.0019840871195195894,
2017461,shot,10904,LCB,11,0.0019840871195195894,
2017461,shot,10904,RW,11,0.0019840871195195894,
2017461,shot,10904,CF,11,0.0019840871195195894,
2017461,shot,10904,LDM,11,0.0019840871195195894,
2017461,shot,10904,LB,11,0.0019840871195195894,
2017461,shot,10904,RB,11,0.0019840871195195894,
2017461,shot,10904,GK,11,0.0019840871195195894,
2017461,shot,10904,RCB,11,0.0019840871195195894,
2017461,shot,13904,CF,10,0.00025466962409656225,
2017461,shot,13904,LDM,10,0.00025466962409656225,
2017461,shot,13904,RCB,10,0.00025466962409656225,
2017461,shot,13904,LW,10,0.00025466962409656225,
2017461,shot,13904,RW,10,0.00025466962409656225,
2017461,shot,13904,RDM,10,0.00025466962409656225,
2017461,shot,13904,LB,10,0.00025466962409656225,
2017461,shot,13904,RB,10,0.00025466962409656225,
2017461,shot,13904,LCB,10,0.00025466962409656225,
2017461,shot,13904,GK,10,0.00025466962409656225,
2017461,shot,13927,LW,11,0.00044626327417762306,
2017461,shot,13927,LDM,11,0.00044626327417762306,
2017461,shot,13927,RDM,11,0.00044626327417762306,
2017461,shot,13927,CF,11,0.00044626327417762306,
2017461,shot,13927,RW,11,0.00044626327417762306,
2017461,shot,13927,AM,11,0.00044626327417762306,
2017461,shot,13927,RCB,11,0.00044626327417762306,
2017461,shot,13927,LB,11,0.00044626327417762306,
2017461,shot,13927,RB,11,0.00044626327417762306,
2017461,shot,13927,LCB,11,0.00044626327417762306,
2017461,shot,13927,GK,11,0.00044626327417762306,
2017461,shot,15304,CF,4,8.399245219020063e-06,
2017461,shot,15304,GK,4,8.399245219020063e-06,
2017461,shot,15304,RDM,4,8.399245219020063e-06,
2017461,shot,15304,AM,4,8.399245219020063e-06,
2017461,shot,15381,RDM,11,0.00042129661031019055,
2017461,shot,15381,LW,11,0.00042129661031019055,
2017461,shot,15381,CF,11,0.00042129661031019055,
2017461,shot,15381,LCB,11,0.00042129661031019055,
2017461,shot,15381,RW,11,0.00042129661031019055,
2017461,shot,15381,AM,11,0.00042129661031019055,
2017461,shot,15381,LDM,11,0.00042129661031019055,
2017461,shot,15381,LB,11,0.00042129661031019055,
2017461,shot,15381,RB,11,0.00042129661031019055,
2017461,shot,15381,RCB,11,0.00042129661031019055,
2017461,shot,15381,GK,11,0.00042129661031019055,
2017461,shot,15389,RDM,10,0.0005147884345934338,
2017461,shot,15389,LDM,10,0.0005147884345934338,
2017461,shot,15389,CF,10,0.0005147884345934338,
2017461,shot,15389,RW,10,0.0005147884345934338,
2017461,shot,15389,AM,10,0.0005147884345934338,
2017461,shot,15389,LCB,10,0.0005147884345934338,
2017461,shot,15389,LB,10,0.0005147884345934338,
2017461,shot,15389,RB,10,0.0005147884345934338,
2017461,shot,15389,RCB,10,0.0005147884345934338,
2017461,shot,15389,GK,10,0.0005147884345934338,
2017461,shot,15521,CF,9,1.56887834870882e-05,
2017461,shot,15521,CF,9,1.56887834870882e-05,
2017461,shot,15521,LM,9,1.56887834870882e-05,
2017461,shot,15521,RW,9,1.56887834870882e-05,
2017461,shot,15521,RM,9,1.56887834870882e-05,
2017461,shot,15521,LCB,9,1.56887834870882e-05,
2017461,shot,15521,LB,9,1.56887834870882e-05,
2017461,shot,15521,RB,9,1.56887834870882e-05,
2017461,shot,15521,GK,9,1.56887834870882e-05,
2017461,shot,15564,LW,10,1.0297088263062418e-05,
2017461,shot,15564,CF,10,1.0297088263062418e-05,
2017461,shot,15564,RM,10,1.0297088263062418e-05,
2017461,shot,15564,RCB,10,1.0297088263062418e-05,
2017461,shot,15564,RW,10,1.0297088263062418e-05,
2017461,shot,15564,CF,10,1.0297088263062418e-05,
2017461,shot,15564,LM,10,1.0297088263062418e-05,
2017461,shot,15564,LCB,10,1.0297088263062418e-05,
2017461,shot,15564,LB,10,1.0297088263062418e-05,
2017461,shot,15564,GK,10,1.0297088263062418e-05,
2017461,shot,22849,RM,10,0.005284835419232085,
2017461,shot,22849,CF,10,0.005284835419232085,
2017461,shot,22849,RW,10,0.005284835419232085,
2017461,shot,22849,LW,10,0.005284835419232085,
2017461,shot,22849,CF,10,0.005284835419232085,
2017461,shot,22849,RCB,10,0.005284835419232085,
2017461,shot,22849,LM,10,0.005284835419232085,
2017461,shot,22849,GK,10,0.005284835419232085,
2017461,shot,22849,LB,10,0.005284835419232085,
2017461,shot,22849,LCB,10,0.005284835419232085,
2017461,shot,22888,CF,10,0.02560676703020155,
2017461,shot,22888,LCB,10,0.02560676703020155,
2017461,shot,22888,LM,10,0.02560676703020155,
2017461,shot,22888,LW,10,0.02560676703020155,
2017461,shot,22888,CF,10,0.02560676703020155,
2017461,shot,22888,RW,10,0.02560676703020155,
2017461,shot,22888,RM,10,0.02560676703020155,
2017461,shot,22888,RCB,10,0.02560676703020155,
2017461,shot,22888,LB,10,0.02560676703020155,
2017461,shot,22888,GK,10,0.02560676703020155,
2017461,shot,28462,RW,11,0.0050699851189354534,
2017461,shot,28462,CF,11,0.0050699851189354534,
2017461,shot,28462,CF,11,0.0050699851189354534,
2017461,shot,28462,RCB,11,0.0050699851189354534,
2017461,shot,28462,RB,11,0.0050699851189354534,
2017461,shot,28462,LW,11,0.0050699851189354534,
2017461,shot,28462,LB,11,0.0050699851189354534,
2017461,shot,28462,LM,11,0.0050699851189354534,
2017461,shot,28462,LCB,11,0.0050699851189354534,
2017461,shot,28462,RM,11,0.0050699851189354534,
2017461,shot,28462,GK,11,0.0050699851189354534,
2017461,shot,28510,CF,9,0.005200543597245378,
2017461,shot,28510,RM,9,0.005200543597245378,
2017461,shot,28510,LM,9,0.005200543597245378,
2017461,shot,28510,RB,9,0.005200543597245378,
2017461,shot,28510,LB,9,0.005200543597245378,
2017461,shot,28510,RCB,9,0.005200543597245378,
2017461,shot,28510,LCB,9,0.005200543597245378,
2017461,shot,28510,LW,9,0.005200543597245378,
2017461,shot,28510,GK,9,0.005200543597245378,
2017461,goal,50907,RW,10,0.0483927336047975,
2017461,goal,50907,LCB,10,0.0483927336047975,
2017461,goal,50907,CF,10,0.0483927336047975,
2017461,goal,50907,LW,10,0.0483927336047975,
2017461,goal,50907,CF,10,0.0483927336047975,
2017461,goal,50907,LM,10,0.0483927336047975,
2017461,goal,50907,RM,10,0.0483927336047975,
2017461,goal,50907,GK,10,0.0483927336047975,
2017461,goal,50907,RB,10,0.0483927336047975,
2017461,goal,50907,RCB,10,0.0483927336047975,
2017461,goal,50928,CF,10,0.03754939899449598,
2017461,goal,50928,LCB,10,0.03754939899449598,
2017461,goal,50928,RW,10,0.03754939899449598,
2017461,goal,50928,LW,10,0.03754939899449598,
2017461,goal,50928,CF,10,0.03754939899449598,
2017461,goal,50928,GK,10,0.03754939899449598,
2017461,goal,50928,RCB,10,0.03754939899449598,
2017461,goal,50928,LM,10,0.03754939899449598,
2017461,goal,50928,RB,10,0.03754939899449598,
2017461,goal,50928,RM,10,0.03754939899449598,
2017461,shot,52352,LM,7,3.2148039932111565e-07,
2017461,shot,52352,RW,7,3.2148039932111565e-07,
2017461,shot,52352,RB,7,3.2148039932111565e-07,
2017461,shot,52352,GK,7,3.2148039932111565e-07,
2017461,shot,52352,LB,7,3.2148039932111565e-07,
2017461,shot,52352,RCB,7,3.2148039932111565e-07,
2017461,shot,52352,LCB,7,3.2148039932111565e-07,
2017461,shot,52367,LM,10,8.53919813287553e-07,
2017461,shot,52367,CF,10,8.53919813287553e-07,
2017461,shot,52367,RW,10,8.53919813287553e-07,
2017461,shot,52367,LW,10,8.53919813287553e-07,
2017461,shot,52367,RB,10,8.53919813287553e-07,
2017461,shot,52367,RM,10,8.53919813287553e-07,
2017461,shot,52367,GK,10,8.53919813287553e-07,
2017461,shot,52367,LB,10,8.53919813287553e-07,
2017461,shot,52367,RCB,10,8.53919813287553e-07,
2017461,shot,52367,LCB,10,8.53919813287553e-07,
2017461,shot,52404,CF,11,0.005605191583367355,
2017461,shot,52404,LW,11,0.005605191583367355,
2017461,shot,52404,RCB,11,0.005605191583367355,
2017461,shot,52404,LM,11,0.005605191583367355,
2017461,shot,52404,RW,11,0.005605191583367355,
2017461,shot,52404,RM,11,0.005605191583367355,
2017461,shot,52404,CF,11,0.005605191583367355,
2017461,shot,52404,LCB,11,0.005605191583367355,
2017461,shot,52404,LB,11,0.005605191583367355,
2017461,shot,52404,RB,11,0.005605191583367355,
2017461,shot,52404,GK,11,0.005605191583367355,
2017461,shot,52426,CF,11,0.0003996550873994019,
2017461,shot,52426,LW,11,0.0003996550873994019,
2017461,shot,52426,RCB,11,0.0003996550873994019,
2017461,shot,52426,LM,11,0.0003996550873994019,
2017461,shot,52426,RW,11,0.0003996550873994019,
2017461,shot,52426,RM,11,0.0003996550873994019,
2017461,shot,52426,CF,11,0.0003996550873994019,
2017461,shot,52426,LCB,11,0.0003996550873994019,
2017461,shot,52426,LB,11,0.0003996550873994019,
2017461,shot,52426,RB,11,0.0003996550873994019,
2017461,shot,52426,GK,11,0.0003996550873994019,
2017461,shot,52448,CF,11,6.419214687184899e-05,
2017461,shot,52448,CF,11,6.419214687184899e-05,
2017461,shot,52448,RCB,11,6.419214687184899e-05,
2017461,shot,52448,LM,11,6.419214687184899e-05,
2017461,shot,52448,RW,11,6.419214687184899e-05,
2017461,shot,52448,LW,11,6.419214687184899e-05,
2017461,shot,52448,RM,11,6.419214687184899e-05,
2017461,shot,52448,LCB,11,6.419214687184899e-05,
2017461,shot,52448,LB,11,6.419214687184899e-05,
2017461,shot,52448,RB,11,6.419214687184899e-05,
2017461,shot,52448,GK,11,6.419214687184899e-05,
2017461,shot,52493,CF,10,0.0034872188803409033,
2017461,shot,52493,CF,10,0.0034872188803409033,
2017461,shot,52493,RCB,10,0.0034872188803409033,
2017461,shot,52493,RW,10,0.0034872188803409033,
2017461,shot,52493,LM,10,0.0034872188803409033,
2017461,shot,52493,RM,10,0.0034872188803409033,
2017461,shot,52493,GK,10,0.0034872188803409033,
2017461,shot,52493,LB,10,0.0034872188803409033,
2017461,shot,52493,RB,10,0.0034872188803409033,
2017461,shot,52493,LCB,10,0.0034872188803409033,
2017461,shot,59270,LB,10,0.08381529668444401,
2017461,shot,59270,CF,10,0.08381529668444401,
2017461,shot,59270,LCB,10,0.08381529668444401,
2017461,shot,59270,RB,10,0.08381529668444401,
2017461,shot,59270,LW,10,0.08381529668444401,
2017461,shot,59270,LW,10,0.08381529668444401,
2017461,shot,59270,AM,10,0.08381529668444401,
2017461,shot,59270,GK,10,0.08381529668444401,
2017461,shot,59270,RDM,10,0.08381529668444401,
2017461,shot,59270,RCB,10,0.08381529668444401,
2017461,shot,68756,CF,11,0.19555726402941376,
2017461,shot,68756,LCB,11,0.19555726402941376,
2017461,shot,68756,RDM,11,0.19555726402941376,
2017461,shot,68756,GK,11,0.19555726402941376,
2017461,shot,68756,RW,11,0.19555726402941376,
2017461,shot,68756,RCB,11,0.19555726402941376,
2017461,shot,68756,AM,11,0.19555726402941376,
2017461,shot,68756,LW,11,0.19555726402941376,
2017461,shot,68756,LB,11,0.19555726402941376,
2017461,shot,68756,RB,11,0.19555726402941376,
2017461,shot,68756,LDM,11,0.19555726402941376,
2017461,shot,68780,RDM,8,0.10476906071472825,
2017461,shot,68780,LB,8,0.10476906071472825,
2017461,shot,68780,GK,8,0.10476906071472825,
2017461,shot,68780,RW,8,0.10476906071472825,
2017461,shot,68780,LDM,8,0.10476906071472825,
2017461,shot,68780,LCB,8,0.10476906071472825,
2017461,shot,68780,LW,8,0.10476906071472825,
2017461,shot,68780,RCB,8,0.10476906071472825,
2017461,shot,68814,CF,8,0.03088648360599054,
2017461,shot,68814,LCB,8,0.03088648360599054,
2017461,shot,68814,LDM,8,0.03088648360599054,
2017461,shot,68814,RW,8,0.03088648360599054,
2017461,shot,68814,GK,8,0.03088648360599054,
2017461,shot,68814,RDM,8,0.03088648360599054,
2017461,shot,68814,AM,8,0.03088648360599054,
2017461,shot,68814,RCB,8,0.03088648360599054,
2017461,shot,69768,CF,9,0.0007810868334299824,
2017461,shot,69768,RDM,9,0.0007810868334299824,
2017461,shot,69768,LCB,9,0.0007810868334299824,
2017461,shot,69768,AM,9,0.0007810868334299824,
2017461,shot,69768,LB,9,0.0007810868334299824,
2017461,shot,69768,RW,9,0.0007810868334299824,
2017461,shot,69768,LW,9,0.0007810868334299824,
2017461,shot,69768,GK,9,0.0007810868334299824,
2017461,shot,69768,LDM,9,0.0007810868334299824,
2017461,shot,69791,CF,10,0.0007663875037011413,
2017461,shot,69791,RW,10,0.0007663875037011413,
2017461,shot,69791,AM,10,0.0007663875037011413,
2017461,shot,69791,LB,10,0.0007663875037011413,
2017461,shot,69791,RB,10,0.0007663875037011413,
2017461,shot,69791,LCB,10,0.0007663875037011413,
2017461,shot,69791,LW,10,0.0007663875037011413,
2017461,shot,69791,GK,10,0.0007663875037011413,
2017461,shot,69791,LDM,10,0.0007663875037011413,
2017461,shot,69791,RCB,10,0.0007663875037011413,
2017461,shot,69829,CF,11,5.928830268652543e-05,
2017461,shot,69829,RCB,11,5.928830268652543e-05,
2017461,shot,69829,RDM,11,5.928830268652543e-05,
2017461,shot,69829,AM,11,5.928830268652543e-05,
2017461,shot,69829,LB,11,5.928830268652543e-05,
2017461,shot,69829,RB,11,5.928830268652543e-05,
2017461,shot,69829,RW,11,5.928830268652543e-05,
2017461,shot,69829,LW,11,5.928830268652543e-05,
2017461,shot,69829,LCB,11,5.928830268652543e-05,
2017461,shot,69829,LDM,11,5.928830268652543e-05,
2017461,shot,69829,GK,11,5.928830268652543e-05,
2017461,shot,69846,CF,10,3.8714570739148734e-05,
2017461,shot,69846,RCB,10,3.8714570739148734e-05,
2017461,shot,69846,RDM,10,3.8714570739148734e-05,
2017461,shot,69846,AM,10,3.8714570739148734e-05,
2017461,shot,69846,RB,10,3.8714570739148734e-05,
2017461,shot,69846,RW,10,3.8714570739148734e-05,
2017461,shot,69846,LW,10,3.8714570739148734e-05,
2017461,shot,69846,LCB,10,3.8714570739148734e-05,
2017461,shot,69846,LDM,10,3.8714570739148734e-05,
2017461,shot,69846,GK,10,3.8714570739148734e-05,
2017461,shot,69858,CF,10,4.3726192611268346e-05,
2017461,shot,69858,RCB,10,4.3726192611268346e-05,
2017461,shot,69858,LDM,10,4.3726192611268346e-05,
2017461,shot,69858,LB,10,4.3726192611268346e-05,
2017461,shot,69858,RB,10,4.3726192611268346e-05,
2017461,shot,69858,RW,10,4.3726192611268346e-05,
2017461,shot,69858,LW,10,4.3726192611268346e-05,
2017461,shot,69858,LCB,10,4.3726192611268346e-05,
2017461,shot,69858,AM,10,4.3726192611268346e-05,
2017461,shot,69858,GK,10,4.3726192611268346e-05,
